Q reference-posthoc 0 (0, 2, 4, 6) 11.906835229630682
/var/lib/cots-lamcts/jobs/optv1-transformer-only-meta-10k-20260910-1819/src/validation/opt10_pretrain_completion_run.py:42: UserWarning: enable_nested_tensor is True, but self.use_nested_tensor is False because encoder_layer.norm_first was True
  self.enc=nn.TransformerEncoder(el,layers,norm=nn.LayerNorm(d));self.recon=nn.Linear(d,B.FIELDS)
Q init-s17 5 (42, 18, 26, 43) 198.2346101031899
Q init-s17 24 (0, 44, 3, 39) 76.27408426546016
Q init-s17 3 (65, 30, 45, 44) 97.14363205201201
Q init-s17 23 (3, 12, 68, 24) 156.10170186265998
Q init-s17 69 (24, 62, 16, 68) 94.55897654111172
Q init-s17 19 (40, 45, 15, 34) 229.19553525117652
Q init-s17 22 (30, 1, 70, 22) 96.68905728209786
Q init-s17 26 (37, 60, 0, 25) 51.145393507191706
Q init-s17 62 (18, 54, 35, 28) 186.5940475716605
Q init-s17 50 (36, 62, 23, 11) 42.606041771452965
Q init-s17 1 (32, 40, 54, 26) 163.30471620742955
Q init-s17 16 (56, 40, 58, 17) 103.65800211583569
Q init-s17 49 (55, 30, 65, 47) 105.94475489384702
Q init-s17 91 (29, 19, 40, 53) 425.8999588311438
Q init-s17 34 (71, 16, 40, 14) 116.67018484098655
Q init-s17 48 (2, 51, 3, 67) 130.70566271045774
Q init-s17 2 (2, 15, 32, 27) 2391.8522247719043
Q init-s17 45 (37, 62, 2, 32) 46.32661422315007
Q init-s17 17 (11, 47, 17, 47) 66.10315173739521
Q init-s17 35 (57, 32, 55, 57) 76.23853709731206
Q init-s17 47 (38, 39, 32, 11) 78.82999053646724
Q init-s17 53 (23, 58, 70, 9) 70.15727912732675
Q init-s17 41 (15, 0, 31, 40) 134.94730144982222
Q init-s17 46 (2, 45, 66, 65) 101.4354264615259
Q init-s17 74 (58, 42, 1, 32) 136.7455920908039
Q init-s17 73 (43, 49, 48, 26) 40.09380633914334
Q init-s17 61 (1, 61, 27, 50) 259.23637112087107
Q init-s17 72 (15, 56, 45, 25) 109.14544954969956
Q init-s17 0 (53, 60, 7, 11) 155.62744057006842
Q init-s17 71 (58, 46, 11, 35) 168.02398438008308
Q init-s17 70 (1, 45, 60, 0) 31.36365530362526
Q init-s17 20 (53, 47, 48, 39) 79.69042640194384
Q init-s17 18 (16, 37, 59, 20) 131.37266054318187
Q init-s17 88 (35, 3, 39, 29) 1484.1125463987566
Q init-s17 85 (44, 67, 50, 48) 86.48212240024752
Q init-s17 60 (53, 54, 30, 24) 80.63910462988761
Q init-s17 84 (59, 48, 46, 50) 41.49015605922069
Q init-s17 59 (32, 19, 34, 26) 117.31930071550977
Q init-s17 44 (37, 31, 14, 18) 140.9919206267863
Q init-s17 32 (12, 60, 61, 29) 190.15421973813224
Q init-s17 58 (2, 32, 17, 31) 49.8207624646379
Q init-s17 83 (50, 63, 27, 60) 155.26981402045016
Q init-s17 82 (11, 6, 67, 9) 49.279368850553155
Q init-s17 57 (27, 5, 45, 37) 93.80554708937215
Q init-s17 86 (46, 43, 28, 10) 106.39101213957866
Q init-s17 56 (13, 50, 58, 37) 160.11868026568644
Q init-s17 81 (43, 37, 45, 41) 411.1893925449774
Q init-s17 55 (8, 58, 30, 11) 60.408235145625
Q init-s17 68 (30, 59, 43, 41) 68.92350551610774
Q init-s17 8 (46, 40, 53, 43) 116.60513415799379
Q init-s17 54 (22, 29, 31, 48) 94.40209743549526
Q init-s17 4 (6, 53, 3, 1) 36.23452497038776
Q init-s17 43 (41, 17, 3, 65) 49.74384464453187
Q init-s17 7 (49, 59, 29, 2) 104.68014810785999
Q init-s17 33 (32, 45, 17, 37) 45.285825068809736
Q init-s17 65 (29, 27, 18, 7) 159.98367091336996
Q init-s17 31 (62, 26, 0, 46) 65.34830322308629
Q init-s17 9 (35, 0, 50, 12) 322.6326091465428
Q init-s17 42 (47, 39, 21, 6) 134.72574396976748
Q init-s17 10 (34, 11, 41, 33) 60.37343003231818
Q init-s17 30 (67, 0, 47, 21) 44.872344808827215
Q init-s17 21 (66, 8, 36, 65) 60.0101904711403
Q init-s17 29 (42, 6, 25, 17) 53.058261761917926
Q init-s17 11 (29, 40, 10, 32) 74.8787072914369
Q init-s17 28 (54, 1, 21, 16) 136.99068040534024
Q init-s17 15 (19, 25, 61, 71) 39.16483588653191
Q init-s17 36 (65, 42, 37, 50) 526.3250468348704
Q init-s17 14 (17, 25, 46, 62) 84.73782064136219
Q init-s17 27 (29, 39, 56, 36) 41.73341873518222
Q init-s17 6 (11, 6, 50, 71) 42.7497238476047
Q init-s17 67 (2, 28, 58, 62) 130.77057483607328
Q init-s17 80 (22, 0, 26, 69) 337.5017497701153
Q init-s17 40 (6, 21, 40, 25) 79.21545122299155
Q init-s17 66 (7, 3, 47, 63) 73.35146030644914
Q init-s17 79 (44, 18, 44, 27) 101.63899386964066
Q init-s17 64 (69, 29, 67, 33) 297.8114346865592
Q init-s17 63 (48, 12, 48, 0) 73.58868222244564
Q init-s17 13 (24, 28, 58, 14) 43.64706233648576
Q init-s17 78 (69, 12, 70, 38) 53.37351642358012
Q init-s17 39 (7, 36, 14, 0) 90.06021633422661
Q init-s17 77 (16, 64, 7, 42) 374.7434092673408
Q init-s17 38 (52, 17, 19, 31) 43.411108516617624
Q init-s17 76 (2, 4, 15, 44) 917.5689935616708
Q init-s17 51 (28, 56, 43, 34) 102.17181920643502
Q init-s17 89 (8, 3, 62, 65) 50.78227761255484
Q init-s17 12 (51, 66, 15, 58) 108.97525436329202
Q init-s17 52 (27, 39, 64, 66) 36.28658791502771
Q init-s17 37 (14, 52, 14, 44) 39.64915594377625
Q init-s17 75 (28, 15, 60, 23) 48.92542588317928
Q init-s17 25 (44, 51, 7, 35) 1745.8578636937568
Q init-s17 94 (35, 70, 7, 42) 68.3574155426922
Q init-s17 92 (71, 64, 50, 71) 164.25648506977709
Q init-s17 87 (45, 16, 42, 15) 71.7634749307085
Q init-s17 93 (4, 6, 11, 32) 42.17048474677831
Q init-s17 90 (5, 44, 47, 24) 53.00667955979954
Q init-s17 95 (34, 57, 41, 27) 334.37736418580744
/var/lib/cots-lamcts/jobs/optv1-transformer-only-meta-10k-20260910-1819/src/validation/_optv1_transformer_only_lamcts_runtime.py:440: DeprecationWarning: Conversion of an array with ndim > 0 to a scalar is deprecated, and will error in future. Ensure you extract a single element from your array before performing this operation. (Deprecated NumPy 1.25.)
  s = pool[int(i)]
Q round1-s17 0 (20, 19, 71, 24) 48.23386259797518
Q round1-s17 6 (21, 34, 55, 0) 47.443226375525626
Q round1-s17 11 (13, 5, 21, 21) 146.1486862074113
Q round1-s17 5 (69, 41, 18, 48) 60.017288054413974
Q round1-s17 1 (15, 16, 34, 44) 98.54177576110692
Q round1-s17 10 (21, 54, 66, 36) 139.98566157408345
Q round1-s17 7 (9, 6, 57, 40) 97.21924811303482
Q round1-s17 2 (14, 39, 54, 2) 303.3028867214672
Q round1-s17 4 (50, 67, 21, 23) 330.8691222228191
Q round1-s17 3 (49, 0, 40, 60) 97.54102605526272
Q round1-s17 12 (66, 55, 8, 6) 57.14942435508011
Q round1-s17 9 (68, 51, 14, 25) 50.570382579116355
Q round1-s17 8 (18, 30, 12, 32) 88.71996792443136
Q round1-s17 13 (0, 59, 68, 35) 161.40256010971822
Q round1-s17 14 (45, 19, 57, 21) 182.71610734840203
Q round1-s17 15 (8, 62, 70, 57) 84.36930275808402
ROUND 1 n 112 bestJ 31.36365530362526 best (1, 45, 60, 0) eligible 26208
Q round2-s17 4 (23, 45, 47, 6) 84.31768350924439
Q round2-s17 1 (32, 31, 41, 63) 90.45787977854471
Q round2-s17 5 (48, 65, 47, 42) 202.08505968563085
Q round2-s17 3 (27, 30, 2, 4) 453.895047675683
Q round2-s17 8 (1, 48, 21, 7) 131.49143062747459
Q round2-s17 6 (9, 47, 60, 31) 73.42887939587256
Q round2-s17 9 (60, 49, 65, 70) 64.16867625585012
Q round2-s17 2 (19, 38, 0, 22) 60.03622080110988
Q round2-s17 0 (64, 27, 7, 20) 60.502164552592895
Q round2-s17 7 (11, 57, 24, 55) 56.27187105214885
Q round2-s17 12 (28, 37, 55, 39) 47.70246189451258
Q round2-s17 10 (4, 7, 14, 18) 75.22078536517739
Q round2-s17 13 (24, 11, 51, 60) 161.2964155120057
Q round2-s17 14 (38, 34, 14, 3) 69.11009576314137
Q round2-s17 11 (55, 8, 51, 47) 95.25116137043071
Q round2-s17 15 (64, 24, 20, 71) 76.19540032364007
ROUND 2 n 128 bestJ 31.36365530362526 best (1, 45, 60, 0) eligible 21327
Q round3-s17 2 (25, 44, 58, 6) 49.22126584611547
Q round3-s17 5 (63, 1, 59, 57) 53.43599837142687
Q round3-s17 1 (21, 30, 55, 35) 41.428674078177046
Q round3-s17 7 (25, 21, 61, 24) 52.00385604791717
Q round3-s17 11 (18, 16, 19, 44) 100.3739648421646
Q round3-s17 3 (39, 36, 17, 44) 44.809077587583054
Q round3-s17 4 (20, 62, 53, 51) 248.9926727755502
Q round3-s17 12 (49, 62, 28, 13) 102.83023679038453
Q round3-s17 10 (60, 65, 68, 25) 39.555590539264735
Q round3-s17 8 (32, 19, 56, 27) 246.11785559734562
Q round3-s17 0 (39, 52, 21, 8) 41.35238193958987
Q round3-s17 6 (18, 37, 64, 39) 62.74477220303078
Q round3-s17 9 (67, 27, 16, 65) 57.11779849103287
Q round3-s17 14 (52, 42, 42, 59) 153.29979910146673
Q round3-s17 13 (56, 14, 70, 46) 78.43531082997579
Q round3-s17 15 (48, 43, 63, 3) 4693.410189094399
ROUND 3 n 144 bestJ 31.36365530362526 best (1, 45, 60, 0) eligible 19636
Q round4-s17 9 (16, 43, 36, 31) 53.88213278375522
Q round4-s17 2 (66, 66, 70, 9) 60.23967305494937
Q round4-s17 6 (22, 31, 33, 40) 149.66149077502575
Q round4-s17 1 (49, 45, 2, 26) 290.38063504125904
Q round4-s17 8 (4, 55, 71, 50) 74.07795972111727
Q round4-s17 5 (4, 57, 43, 51) 98.07053496930654
Q round4-s17 3 (11, 38, 22, 35) 45.72152747094773
Q round4-s17 0 (25, 68, 53, 55) 42.927255661045166
Q round4-s17 7 (43, 6, 51, 43) 91.91948121856421
Q round4-s17 4 (1, 24, 51, 9) 58.200270336868414
Q round4-s17 10 (18, 66, 8, 45) 98.09041548262003
Q round4-s17 11 (2, 71, 68, 0) 62.17953958272828
Q round4-s17 15 (16, 69, 55, 26) 108.05916004351415
Q round4-s17 12 (41, 16, 53, 69) 167.6558698027836
Q round4-s17 14 (56, 28, 59, 26) 107.46500589092119
Q round4-s17 13 (23, 54, 48, 71) 126.09246601607857
ROUND 4 n 160 bestJ 31.36365530362526 best (1, 45, 60, 0) eligible 20273
Q round5-s17 3 (33, 61, 53, 64) 55.507853465561936
Q round5-s17 6 (63, 5, 34, 63) 48.489036056706276
Q round5-s17 11 (55, 31, 17, 68) 123.70418802940127
Q round5-s17 8 (50, 32, 8, 37) 102.2455863236153
Q round5-s17 2 (13, 15, 5, 32) 41.73845184768829
Q round5-s17 0 (27, 9, 45, 6) 53.347902421074195
Q round5-s17 10 (70, 5, 31, 31) 86.49967703855259
Q round5-s17 5 (27, 47, 50, 46) 47.58988724895078
Q round5-s17 4 (15, 68, 34, 60) 94.05441876583866
Q round5-s17 12 (12, 48, 12, 61) 71.96127372733949
Q round5-s17 1 (27, 10, 37, 29) 103.13896026823103
Q round5-s17 7 (17, 22, 52, 31) 86.28897850522159
Q round5-s17 9 (56, 9, 28, 11) 96.45281970933178
Q round5-s17 14 (41, 67, 49, 45) 46.86714869291898
Q round5-s17 13 (38, 36, 2, 64) 45.55213904047221
Q round5-s17 15 (27, 6, 58, 18) 428.05662825639416
ROUND 5 n 176 bestJ 31.36365530362526 best (1, 45, 60, 0) eligible 11546
Q round6-s17 7 (20, 69, 0, 65) 46.14565937643796
Q round6-s17 4 (38, 20, 53, 30) 45.13708644126491
Q round6-s17 1 (37, 35, 24, 61) 70.50748161413199
Q round6-s17 6 (46, 15, 48, 29) 238.50781824956076
Q round6-s17 10 (37, 62, 39, 34) 78.90270221736863
Q round6-s17 5 (11, 25, 57, 1) 47.18619758004319
Q round6-s17 3 (29, 42, 41, 30) 50.61894555667034
Q round6-s17 8 (43, 53, 34, 41) 138.12988158333982
Q round6-s17 9 (5, 0, 29, 56) 56.41451184395423
Q round6-s17 12 (10, 41, 34, 34) 156.07098813548959
Q round6-s17 2 (44, 59, 13, 48) 1119.1995222273213
Q round6-s17 0 (47, 29, 44, 55) 50.23478664884604
Q round6-s17 11 (9, 7, 70, 32) 103.19410232402375
Q round6-s17 14 (18, 63, 41, 24) 51.28010163090416
Q round6-s17 15 (36, 70, 6, 23) 80.62301047582139
Q round6-s17 13 (60, 63, 41, 9) 56.546808388135474
ROUND 6 n 192 bestJ 31.36365530362526 best (1, 45, 60, 0) eligible 8589
Q round7-s17 6 (34, 46, 52, 23) 46.693484910556876
Q round7-s17 11 (14, 56, 70, 50) 230.60538916677854
Q round7-s17 0 (19, 49, 24, 11) 91.99768174601985
Q round7-s17 13 (69, 45, 17, 27) 184.2540419248372
Q round7-s17 2 (66, 27, 32, 50) 97.27406434411546
Q round7-s17 8 (27, 19, 30, 40) 51.10549485360051
Q round7-s17 5 (22, 39, 15, 37) 183.1232120131798
Q round7-s17 12 (60, 3, 56, 44) 271.71238186499767
Q round7-s17 3 (40, 49, 20, 12) 51.593420075733135
Q round7-s17 10 (7, 9, 59, 15) 70.28728711221346
Q round7-s17 4 (22, 28, 21, 52) 115.77506930207939
Q round7-s17 7 (8, 70, 60, 33) 84.94038869476469
Q round7-s17 1 (35, 30, 39, 27) 55.87412943593217
Q round7-s17 9 (2, 18, 44, 45) 150.60992531023513
Q round7-s17 15 (1, 11, 17, 25) 43.31809389014356
Q round7-s17 14 (62, 71, 35, 65) 122.40747081249732
ROUND 7 n 208 bestJ 31.36365530362526 best (1, 45, 60, 0) eligible 8701
Q round8-s17 5 (53, 45, 39, 15) 33.07535935349509
Q round8-s17 8 (58, 57, 69, 63) 97.02361565192271
Q round8-s17 0 (23, 2, 4, 38) 57.08987971689422
Q round8-s17 2 (47, 21, 4, 42) 97.48803724934714
Q round8-s17 1 (58, 8, 58, 13) 152.29596646920984
Q round8-s17 7 (11, 37, 55, 49) 44.52215799154535
Q round8-s17 4 (32, 51, 41, 12) 132.01218182989896
Q round8-s17 10 (35, 12, 18, 46) 240.26651222380812
Q round8-s17 6 (70, 50, 59, 8) 50.74814655736781
Q round8-s17 3 (5, 37, 11, 18) 214.74071495984765
Q round8-s17 11 (66, 17, 19, 35) 100.50506477207647
Q round8-s17 9 (62, 15, 4, 2) 155.6197226331903
Q round8-s17 14 (7, 23, 7, 69) 243.80081395908724
Q round8-s17 12 (28, 34, 9, 51) 116.87081392502375
Q round8-s17 13 (68, 66, 49, 31) 46.54823809065172
Q round8-s17 15 (3, 22, 61, 1) 52.82231551660901
ROUND 8 n 224 bestJ 31.36365530362526 best (1, 45, 60, 0) eligible 6868
Q round9-s17 11 (22, 52, 9, 13) 38.93153647370875
Q round9-s17 6 (52, 66, 60, 2) 116.36201421735167
Q round9-s17 4 (2, 55, 40, 39) 57.68378925353663
Q round9-s17 1 (56, 5, 13, 25) 53.520443986261405
Q round9-s17 10 (44, 47, 48, 25) 62.99300401876338
Q round9-s17 0 (67, 48, 31, 69) 45.58655826669933
Q round9-s17 2 (59, 26, 53, 36) 93.52326509669071
Q round9-s17 5 (53, 12, 5, 53) 102.10716934712798
Q round9-s17 13 (40, 6, 70, 56) 102.06623928050206
Q round9-s17 3 (43, 18, 28, 71) 1200.1698760829827
Q round9-s17 7 (65, 12, 1, 57) 46.40113914713561
Q round9-s17 8 (63, 20, 16, 26) 36.538719306970336
Q round9-s17 15 (61, 12, 39, 38) 49.16225508333518
Q round9-s17 14 (18, 68, 6, 26) 1329.3349464045064
Q round9-s17 12 (26, 63, 19, 31) 74.47962648380776
Q round9-s17 9 (40, 68, 11, 18) 116.94125830094525
ROUND 9 n 240 bestJ 31.36365530362526 best (1, 45, 60, 0) eligible 11248
Q round10-s17 0 (4, 47, 51, 33) 62.49792925502312
Q round10-s17 9 (20, 46, 27, 25) 41.506128551939064
Q round10-s17 4 (13, 14, 65, 34) 58.50555486719659
Q round10-s17 14 (55, 19, 7, 22) 75.14138665385556
Q round10-s17 6 (3, 43, 45, 40) 149.40914055743048
Q round10-s17 7 (60, 38, 48, 1) 66.5786350391825
Q round10-s17 15 (48, 71, 56, 9) 99.38793325336083
Q round10-s17 2 (37, 13, 41, 33) 33.82677215885446
Q round10-s17 3 (33, 54, 57, 68) 77.43184146490577
Q round10-s17 1 (48, 29, 46, 49) 62.57514755896653
Q round10-s17 8 (21, 64, 68, 9) 54.099681038250814
Q round10-s17 13 (20, 70, 7, 64) 76.35081555395993
Q round10-s17 10 (39, 45, 53, 50) 135.11858511616248
Q round10-s17 5 (26, 1, 1, 49) 52.96453310127659
Q round10-s17 12 (58, 17, 63, 52) 66.91315592953254
Q round10-s17 11 (21, 5, 12, 12) 90.62045496138403
ROUND 10 n 256 bestJ 31.36365530362526 best (1, 45, 60, 0) eligible 11376
Q round11-s17 0 (36, 58, 40, 48) 42.47573941394849
Q round11-s17 4 (31, 30, 51, 48) 81.14950625287827
Q round11-s17 3 (19, 21, 54, 9) 53.94315204858583
Q round11-s17 6 (47, 21, 24, 27) 45.68257832239601
Q round11-s17 10 (7, 23, 50, 69) 311.6938256282904
Q round11-s17 1 (30, 17, 58, 29) 198.5820745737149
Q round11-s17 7 (4, 62, 21, 70) 44.972149598231454
Q round11-s17 9 (57, 45, 58, 6) 48.852891351289955
Q round11-s17 2 (42, 0, 17, 5) 113.85506099965582
Q round11-s17 5 (26, 6, 69, 51) 207.5352863081024
Q round11-s17 13 (29, 60, 29, 59) 110.06595781016075
Q round11-s17 11 (71, 12, 43, 4) 197.44407616780936
Q round11-s17 8 (10, 37, 70, 16) 47.273703643437415
Q round11-s17 14 (34, 32, 58, 14) 133.388459778035
Q round11-s17 12 (43, 27, 21, 7) 649.8332745711674
Q round11-s17 15 (47, 18, 23, 10) 122.10656043109354
ROUND 11 n 272 bestJ 31.36365530362526 best (1, 45, 60, 0) eligible 10456
Q round12-s17 8 (26, 51, 32, 15) 62.25756758699949
Q round12-s17 2 (18, 22, 1, 42) 68.93889074724208
Q round12-s17 5 (42, 2, 62, 41) 89.36329011745305
Q round12-s17 0 (69, 70, 38, 68) 35.815089950283635
Q round12-s17 7 (45, 59, 9, 12) 4324.872345208905
Q round12-s17 1 (38, 61, 51, 15) 35.07703565934844
Q round12-s17 6 (59, 55, 11, 29) 448.5385491509157
Q round12-s17 12 (69, 23, 44, 52) 132.66190671099474
Q round12-s17 3 (13, 19, 10, 22) 288.7301261241286
Q round12-s17 13 (61, 4, 14, 70) 60.19254617716217
Q round12-s17 9 (25, 22, 51, 60) 51.26964295337234
Q round12-s17 11 (23, 28, 63, 68) 42.59632560832268
Q round12-s17 4 (54, 25, 37, 0) 134.18122260438594
Q round12-s17 10 (42, 61, 10, 36) 114.25631717080614
Q round12-s17 14 (44, 1, 9, 44) 55.94702275398049
Q round12-s17 15 (2, 33, 22, 22) 64.78379360579395
ROUND 12 n 288 bestJ 31.36365530362526 best (1, 45, 60, 0) eligible 11185
Q round13-s17 4 (33, 67, 22, 7) 72.96562520807176
Q round13-s17 9 (71, 2, 15, 8) 103.33978135327112
Q round13-s17 6 (2, 23, 21, 8) 84.75861507694532
Q round13-s17 8 (19, 21, 3, 11) 115.6494912457269
Q round13-s17 2 (68, 21, 20, 68) 77.19964320386495
Q round13-s17 12 (60, 10, 61, 32) 573.1944803205453
Q round13-s17 0 (60, 56, 38, 50) 48.285559228024596
Q round13-s17 14 (11, 53, 70, 50) 204.28103292215863
Q round13-s17 5 (55, 53, 62, 49) 66.38205486877655
Q round13-s17 3 (31, 15, 69, 65) 144.62699692319075
Q round13-s17 7 (20, 19, 32, 4) 152.19183178557
Q round13-s17 1 (25, 30, 55, 53) 191.64708133203902
Q round13-s17 10 (13, 25, 28, 67) 217.93626188705653
Q round13-s17 13 (13, 21, 14, 33) 38.48509167770934
Q round13-s17 15 (65, 30, 46, 41) 90.73375871864593
Q round13-s17 11 (65, 34, 9, 41) 53.286629577470386
ROUND 13 n 304 bestJ 31.36365530362526 best (1, 45, 60, 0) eligible 9500
Q round14-s17 4 (26, 63, 23, 50) 45.811785502238315
Q round14-s17 9 (44, 54, 60, 16) 40.540271963336856
Q round14-s17 7 (69, 11, 38, 7) 54.83930867539383
Q round14-s17 0 (17, 5, 44, 41) 26.86918574613337
Q round14-s17 13 (3, 15, 23, 8) 70.85390895360075
Q round14-s17 8 (55, 28, 48, 27) 52.237232338101386
Q round14-s17 12 (44, 6, 13, 69) 40.04021575653545
Q round14-s17 2 (11, 56, 52, 56) 69.01767384708717
Q round14-s17 5 (65, 2, 26, 8) 146.5331188722359
Q round14-s17 1 (13, 41, 29, 35) 640.3193850353672
Q round14-s17 10 (63, 46, 0, 33) 113.5091444097275
Q round14-s17 3 (39, 36, 55, 54) 78.740810522068
Q round14-s17 6 (1, 5, 60, 5) 131.27922992224853
Q round14-s17 14 (25, 71, 71, 11) 101.71879439330016
Q round14-s17 11 (56, 63, 29, 1) 95.53909775217731
Q round14-s17 15 (24, 49, 21, 47) 117.90620351412285
ROUND 14 n 320 bestJ 26.86918574613337 best (17, 5, 44, 41) eligible 5758
Q round15-s17 1 (64, 41, 13, 36) 83.92518372430585
Q round15-s17 8 (13, 28, 46, 56) 50.688081418390375
Q round15-s17 7 (39, 52, 17, 15) 70.44326525926577
Q round15-s17 15 (20, 5, 50, 12) 125.90170322719773
Q round15-s17 14 (38, 19, 29, 7) 55.320229656072435
Q round15-s17 5 (12, 69, 66, 35) 109.24783388798014
Q round15-s17 4 (25, 16, 42, 0) 134.88810871772748
Q round15-s17 10 (71, 57, 30, 9) 68.3338855041677
Q round15-s17 6 (52, 59, 2, 4) 113.27713833683991
Q round15-s17 9 (18, 11, 55, 49) 56.031294934358556
Q round15-s17 0 (55, 12, 55, 29) 72.56842116319861
Q round15-s17 13 (35, 60, 58, 12) 92.48519885132599
Q round15-s17 2 (63, 28, 36, 0) 44.132226583843014
Q round15-s17 12 (15, 19, 25, 16) 59.228848110494496
Q round15-s17 3 (65, 0, 63, 46) 93.06455874343393
Q round15-s17 11 (21, 37, 71, 14) 52.19443038150674
ROUND 15 n 336 bestJ 26.86918574613337 best (17, 5, 44, 41) eligible 6933
Q round16-s17 14 (52, 41, 61, 31) 61.81133924203286
Q round16-s17 3 (33, 61, 44, 49) 25.89888350254029
Q round16-s17 7 (41, 32, 25, 5) 114.63264982841113
Q round16-s17 10 (44, 25, 42, 16) 67.9564348145505
Q round16-s17 2 (13, 27, 62, 12) 1518.758275319242
Q round16-s17 1 (28, 65, 43, 67) 104.85266075223502
Q round16-s17 5 (45, 6, 27, 61) 209.04770662222316
Q round16-s17 6 (71, 70, 37, 17) 135.86461058476272
Q round16-s17 9 (20, 26, 47, 14) 46.0874026878354
Q round16-s17 4 (34, 17, 58, 13) 279.6578410091271
Q round16-s17 0 (17, 42, 59, 48) 67.80197473289365
Q round16-s17 11 (60, 22, 25, 62) 67.42129508438323
Q round16-s17 13 (28, 6, 48, 71) 77.6419690248723
Q round16-s17 12 (34, 17, 47, 68) 43.156830799315486
Q round16-s17 8 (21, 9, 61, 33) 45.43205792969211
Q round16-s17 15 (28, 21, 69, 37) 84.31183207025403
ROUND 16 n 352 bestJ 25.89888350254029 best (33, 61, 44, 49) eligible 6845
Q round17-s17 6 (31, 56, 17, 4) 91.69995324421038
Q round17-s17 3 (10, 68, 1, 53) 565.1781664916666
Q round17-s17 2 (62, 8, 7, 28) 115.62246500846165
Q round17-s17 4 (41, 68, 41, 48) 61.100136804614685
Q round17-s17 8 (22, 62, 71, 26) 245.9531272794069
Q round17-s17 1 (45, 24, 6, 44) 38.92665839658457
Q round17-s17 0 (49, 37, 68, 14) 59.536384300397614
Q round17-s17 7 (46, 58, 13, 2) 83.99706246384912
Q round17-s17 9 (64, 46, 5, 41) 120.65045049837227
Q round17-s17 5 (18, 53, 28, 29) 115.26929665333815
Q round17-s17 11 (2, 58, 3, 21) 169.92530667823053
Q round17-s17 10 (30, 55, 71, 56) 137.75020689933655
Q round17-s17 13 (52, 58, 36, 71) 57.09463833054877
Q round17-s17 12 (46, 6, 51, 4) 81.24191751971728
Q round17-s17 14 (43, 58, 20, 37) 90.81927397516208
Q round17-s17 15 (40, 36, 70, 33) 71.68555743269891
ROUND 17 n 368 bestJ 25.89888350254029 best (33, 61, 44, 49) eligible 6989
Q round18-s17 2 (59, 16, 71, 22) 66.93024808497323
Q round18-s17 9 (15, 30, 23, 25) 107.29898446754166
Q round18-s17 13 (14, 27, 63, 18) 54.01474703640289
Q round18-s17 14 (13, 64, 18, 71) 62.64142651018703
Q round18-s17 3 (66, 41, 33, 30) 53.66547084520162
Q round18-s17 12 (13, 12, 4, 10) 113.56382515211155
Q round18-s17 5 (67, 58, 31, 66) 132.73377518852163
Q round18-s17 7 (4, 12, 67, 35) 77.58168155171315
Q round18-s17 1 (13, 7, 36, 64) 48.3289996073632
Q round18-s17 6 (62, 12, 57, 51) 319.90250762915844
Q round18-s17 8 (3, 45, 50, 4) 144.88480743778752
Q round18-s17 4 (40, 29, 7, 4) 52.59878855322128
Q round18-s17 0 (59, 64, 1, 34) 33.8354113709679
Q round18-s17 10 (49, 10, 52, 39) 35.48998292106434
Q round18-s17 11 (53, 32, 10, 69) 266.5799119586064
Q round18-s17 15 (17, 20, 20, 6) 38.43128382633614
ROUND 18 n 384 bestJ 25.89888350254029 best (33, 61, 44, 49) eligible 8295
Q round19-s17 6 (53, 49, 65, 33) 58.59015843231334
Q round19-s17 1 (16, 61, 64, 63) 81.03688019899484
Q round19-s17 0 (29, 64, 57, 12) 67.47882505715461
Q round19-s17 4 (39, 52, 61, 3) 2260.594506382327
Q round19-s17 11 (8, 6, 20, 69) 372.1016817896323
Q round19-s17 7 (3, 5, 7, 24) 48.69100579398777
Q round19-s17 13 (71, 39, 55, 57) 106.866607157843
Q round19-s17 3 (23, 41, 62, 0) 105.6122861907607
Q round19-s17 9 (59, 19, 16, 43) 106.8902941707702
Q round19-s17 12 (25, 41, 21, 28) 79.60860393950597
Q round19-s17 10 (4, 70, 48, 63) 69.16254016286534
Q round19-s17 5 (9, 35, 65, 2) 89.10803036281327
Q round19-s17 2 (24, 31, 59, 61) 116.90130804669212
Q round19-s17 8 (0, 9, 66, 58) 201.28253071932903
Q round19-s17 15 (67, 45, 64, 1) 53.530184725636225
Q round19-s17 14 (22, 12, 54, 36) 48.001439277715946
ROUND 19 n 400 bestJ 25.89888350254029 best (33, 61, 44, 49) eligible 7977
Q round20-s17 13 (27, 14, 50, 71) 49.67612318476831
Q round20-s17 4 (31, 54, 57, 45) 230.45501313291865
Q round20-s17 0 (57, 2, 28, 9) 78.75693829719175
Q round20-s17 9 (58, 1, 69, 18) 162.34783642155045
Q round20-s17 6 (14, 0, 47, 2) 226.96020044628003
Q round20-s17 3 (41, 49, 9, 65) 65.7387865280612
Q round20-s17 8 (71, 43, 3, 66) 108.27294352466832
Q round20-s17 5 (38, 16, 61, 65) 114.21975560680845
Q round20-s17 2 (63, 50, 55, 53) 58.37850720025886
Q round20-s17 7 (62, 40, 27, 44) 48.05393088597936
Q round20-s17 1 (11, 45, 58, 49) 128.875276388999
Q round20-s17 11 (6, 11, 15, 24) 65.61226626401617
Q round20-s17 10 (10, 60, 9, 41) 55.47237847631124
Q round20-s17 15 (40, 68, 37, 32) 42.53888280648312
Q round20-s17 12 (37, 45, 42, 38) 222.3675362846669
Q round20-s17 14 (23, 12, 46, 39) 82.53822933343923
ROUND 20 n 416 bestJ 25.89888350254029 best (33, 61, 44, 49) eligible 7997
Q round21-s17 1 (43, 62, 47, 21) 40.90283320034198
Q round21-s17 4 (28, 9, 15, 29) 52.9218853093022
Q round21-s17 5 (24, 37, 34, 60) 55.62916214591689
Q round21-s17 3 (11, 24, 31, 38) 60.562981208791136
Q round21-s17 7 (13, 23, 55, 53) 81.35638213760832
Q round21-s17 2 (66, 65, 47, 37) 48.867627770370845
Q round21-s17 6 (8, 9, 19, 7) 54.637913892349246
Q round21-s17 0 (20, 46, 11, 57) 43.420887936015
Q round21-s17 12 (11, 46, 66, 38) 49.30710868693654
Q round21-s17 8 (15, 10, 11, 21) 333.2454371046153
Q round21-s17 11 (62, 67, 48, 15) 65.76666595063763
Q round21-s17 13 (23, 38, 70, 32) 105.66684253342143
Q round21-s17 9 (29, 19, 32, 66) 119.14647917228756
Q round21-s17 14 (21, 51, 11, 47) 153.31395997533284
Q round21-s17 10 (9, 53, 58, 4) 276.4635460241549
Q round21-s17 15 (40, 40, 41, 44) 94.72909953484817
ROUND 21 n 432 bestJ 25.89888350254029 best (33, 61, 44, 49) eligible 7788
Q round22-s17 3 (24, 28, 45, 1) 42.34962894420128
Q round22-s17 11 (39, 65, 16, 32) 91.75199486923258
Q round22-s17 9 (60, 50, 50, 34) 234.821904022669
Q round22-s17 8 (49, 13, 42, 56) 47.38745206266411
Q round22-s17 1 (40, 48, 29, 70) 122.59840800715024
Q round22-s17 4 (21, 52, 17, 29) 212.62555370350705
Q round22-s17 13 (26, 8, 50, 42) 191.48191982445184
Q round22-s17 0 (38, 68, 47, 50) 48.63590791806385
Q round22-s17 5 (37, 11, 28, 42) 121.18609119293538
Q round22-s17 14 (16, 9, 66, 0) 119.23292238366386
Q round22-s17 12 (15, 70, 24, 29) 212.19356121818214
Q round22-s17 6 (12, 71, 46, 60) 44.018529755371524
Q round22-s17 2 (9, 18, 35, 61) 631.2896891177367
Q round22-s17 7 (46, 22, 42, 42) 317.29362707403834
Q round22-s17 10 (57, 70, 7, 35) 80.86004238772485
Q round22-s17 15 (26, 39, 34, 71) 109.14152644831525
ROUND 22 n 448 bestJ 25.89888350254029 best (33, 61, 44, 49) eligible 8833
Q round23-s17 7 (15, 22, 69, 51) 127.56436980565249
Q round23-s17 0 (53, 37, 47, 39) 54.33666490091924
Q round23-s17 13 (54, 46, 40, 21) 222.82511441106877
Q round23-s17 10 (64, 54, 50, 44) 128.73936634361422
Q round23-s17 8 (41, 66, 60, 37) 105.44548021741159
Q round23-s17 5 (51, 54, 18, 57) 91.76205050741224
Q round23-s17 3 (22, 2, 49, 59) 43.67453803394299
Q round23-s17 12 (19, 1, 47, 21) 44.5822546611331
Q round23-s17 6 (61, 40, 57, 5) 62.51013804096704
Q round23-s17 1 (33, 56, 50, 5) 98.28179861163144
Q round23-s17 2 (48, 20, 27, 17) 67.71053792570933
Q round23-s17 4 (59, 16, 37, 70) 50.705329107619455
Q round23-s17 9 (54, 64, 58, 17) 143.2676237293219
Q round23-s17 14 (19, 64, 62, 54) 56.113066004267985
Q round23-s17 15 (25, 37, 15, 59) 47.268420937013
Q round23-s17 11 (37, 25, 10, 25) 37.07146023497818
ROUND 23 n 464 bestJ 25.89888350254029 best (33, 61, 44, 49) eligible 7896
Q round24-s17 11 (24, 1, 41, 8) 97.74771172442067
Q round24-s17 7 (10, 61, 10, 7) 201.27756599611016
Q round24-s17 3 (1, 47, 69, 29) 473.19292675741536
Q round24-s17 1 (41, 11, 10, 27) 100.15743880496741
Q round24-s17 10 (29, 63, 42, 29) 3976.2185015986843
Q round24-s17 4 (31, 30, 39, 36) 111.70473830594482
Q round24-s17 8 (27, 68, 38, 30) 47.48086836277579
Q round24-s17 0 (14, 13, 67, 70) 40.771419761983594
Q round24-s17 2 (47, 15, 15, 10) 329.05176615966104
Q round24-s17 9 (57, 8, 51, 43) 106.71991401565543
Q round24-s17 5 (57, 62, 48, 7) 87.4977510278065
Q round24-s17 6 (45, 8, 25, 12) 64.32628679459813
Q round24-s17 12 (64, 7, 3, 31) 72.1177177611844
Q round24-s17 13 (67, 38, 0, 29) 34.8600172607573
Q round24-s17 14 (58, 7, 41, 11) 92.57596565020465
Q round24-s17 15 (34, 57, 34, 10) 126.96212039768184
ROUND 24 n 480 bestJ 25.89888350254029 best (33, 61, 44, 49) eligible 7939
Q round25-s17 3 (26, 39, 8, 3) 963.5891601863339
Q round25-s17 6 (19, 40, 45, 41) 56.76862807425107
Q round25-s17 5 (58, 9, 49, 1) 55.413269591342534
Q round25-s17 11 (26, 59, 63, 17) 58.61395581447758
Q round25-s17 9 (32, 56, 52, 9) 40.246587527026016
Q round25-s17 2 (1, 22, 63, 6) 109.15099360666463
Q round25-s17 4 (19, 39, 8, 47) 54.94442219166876
Q round25-s17 7 (7, 17, 34, 65) 133.5283911099578
Q round25-s17 13 (27, 26, 58, 23) 94.01915980082724
Q round25-s17 8 (11, 29, 16, 46) 46.887440843425516
Q round25-s17 10 (37, 63, 49, 49) 66.51932088217522
Q round25-s17 1 (10, 21, 30, 51) 123.83639864709043
Q round25-s17 12 (30, 69, 13, 29) 76.18738915964828
Q round25-s17 0 (32, 45, 36, 25) 28.05022828430836
Q round25-s17 14 (11, 15, 25, 62) 55.17294116924946
Q round25-s17 15 (15, 16, 45, 58) 315.13027512382945
ROUND 25 n 496 bestJ 25.89888350254029 best (33, 61, 44, 49) eligible 5038
Q round26-s17 11 (2, 25, 16, 37) 41.93107726280993
Q round26-s17 0 (60, 58, 70, 65) 45.07362677008108
Q round26-s17 4 (25, 10, 5, 47) 36.765131668536874
Q round26-s17 10 (47, 48, 62, 58) 527.9566896027351
Q round26-s17 7 (50, 43, 26, 14) 114.33485587208548
Q round26-s17 1 (36, 61, 32, 66) 165.8772178318919
Q round26-s17 2 (63, 26, 24, 27) 88.92553295188777
Q round26-s17 9 (69, 45, 18, 50) 244.60859764544594
Q round26-s17 8 (37, 34, 10, 8) 182.34462342421358
Q round26-s17 5 (54, 57, 58, 31) 126.29885784998189
Q round26-s17 6 (15, 4, 58, 56) 56.470520434188515
Q round26-s17 3 (40, 48, 58, 8) 149.39713012969037
Q round26-s17 15 (19, 30, 7, 71) 76.17928022846787
Q round26-s17 14 (18, 8, 8, 68) 170.53161752460218
Q round26-s17 12 (4, 5, 68, 52) 80.108672702307
Q round26-s17 13 (17, 44, 41, 0) 57.49832265142396
ROUND 26 n 512 bestJ 25.89888350254029 best (33, 61, 44, 49) eligible 1475
Q round27-s17 1 (47, 59, 43, 26) 101.88509639841705
Q round27-s17 2 (29, 49, 43, 23) 46.62486941906422
Q round27-s17 7 (47, 61, 18, 15) 129.59949553722376
Q round27-s17 5 (71, 14, 35, 33) 89.13905668993353
Q round27-s17 8 (1, 60, 71, 57) 64.27920175294099
Q round27-s17 4 (11, 35, 28, 47) 65.18242155462097
Q round27-s17 0 (45, 29, 14, 57) 37.59642685726213
Q round27-s17 3 (7, 50, 43, 46) 39.09721567005439
Q round27-s17 6 (58, 19, 53, 63) 259.193639068467
Q round27-s17 11 (34, 1, 42, 25) 161.9867906420888
Q round27-s17 12 (45, 53, 4, 19) 111.54408359867686
Q round27-s17 10 (59, 31, 33, 44) 53.956170183611796
Q round27-s17 9 (67, 23, 12, 13) 126.98139566245136
Q round27-s17 13 (44, 65, 60, 66) 5303.668101435261
Q round27-s17 14 (23, 36, 10, 47) 67.84247230490722
Q round27-s17 15 (52, 28, 39, 38) 44.0705406553249
ROUND 27 n 528 bestJ 25.89888350254029 best (33, 61, 44, 49) eligible 7420
Q round28-s17 1 (57, 13, 24, 24) 55.283146920264514
Q round28-s17 7 (38, 17, 45, 55) 110.04402326719969
Q round28-s17 2 (63, 43, 69, 6) 55.55745471921144
Q round28-s17 11 (38, 70, 49, 16) 91.6035604262407
Q round28-s17 0 (27, 38, 17, 61) 39.77301708454135
Q round28-s17 8 (46, 41, 63, 70) 107.9206120983756
Q round28-s17 6 (53, 31, 4, 0) 36.2328578726542
Q round28-s17 5 (7, 30, 71, 3) 114.66079621742018
Q round28-s17 3 (23, 16, 14, 16) 124.83434247945969
Q round28-s17 9 (71, 32, 10, 30) 116.12092805060082
Q round28-s17 10 (68, 51, 23, 43) 189.67764402780026
Q round28-s17 4 (31, 10, 14, 18) 103.33204771128119
Q round28-s17 12 (51, 10, 13, 69) 125.35244981403551
Q round28-s17 14 (35, 20, 30, 66) 255.66227315440088
Q round28-s17 13 (9, 45, 20, 25) 30.660447017748275
Q round28-s17 15 (41, 39, 25, 16) 83.84825857398548
ROUND 28 n 544 bestJ 25.89888350254029 best (33, 61, 44, 49) eligible 8676
Q round29-s17 5 (20, 1, 40, 35) 56.20835179720097
Q round29-s17 0 (40, 37, 36, 1) 46.97975186902659
Q round29-s17 7 (68, 58, 16, 13) 364.0834234083207
Q round29-s17 11 (10, 6, 35, 62) 52.68433248439378
Q round29-s17 3 (56, 38, 12, 47) 56.970883247720806
Q round29-s17 1 (0, 43, 64, 1) 50.7864811588871
Q round29-s17 6 (63, 65, 23, 20) 89.23706415007072
Q round29-s17 10 (32, 35, 31, 50) 50.460871918240514
Q round29-s17 2 (27, 8, 43, 22) 49.427386174781084
Q round29-s17 4 (46, 7, 3, 49) 100.97368475268836
Q round29-s17 9 (14, 28, 0, 69) 46.1291310812106
Q round29-s17 8 (5, 51, 48, 16) 58.62842728468751
Q round29-s17 12 (51, 12, 28, 50) 112.1830600448247
Q round29-s17 13 (6, 49, 59, 66) 118.08983892711649
Q round29-s17 15 (60, 24, 47, 51) 42.86853569492498
Q round29-s17 14 (28, 45, 16, 40) 42.7289808059172
ROUND 29 n 560 bestJ 25.89888350254029 best (33, 61, 44, 49) eligible 7446
Q round30-s17 5 (23, 5, 57, 71) 74.95052427645336
Q round30-s17 1 (65, 21, 36, 63) 25.2512893770356
Q round30-s17 8 (33, 16, 38, 33) 79.7237095027215
Q round30-s17 4 (5, 64, 71, 38) 65.9300110778342
Q round30-s17 2 (54, 70, 60, 47) 92.76632504246359
Q round30-s17 11 (69, 13, 52, 12) 108.34508458972682
Q round30-s17 7 (54, 55, 20, 66) 215.99329330285659
Q round30-s17 3 (59, 19, 52, 39) 202.27332229734023
Q round30-s17 0 (65, 44, 54, 13) 38.29361969354622
Q round30-s17 9 (6, 64, 23, 47) 122.5357226798737
Q round30-s17 6 (5, 34, 39, 67) 137.1358198877321
Q round30-s17 13 (61, 62, 4, 27) 714.7563605859859
Q round30-s17 10 (2, 40, 67, 15) 76.2677799350594
Q round30-s17 12 (46, 8, 46, 6) 129.29339589972162
Q round30-s17 15 (29, 67, 13, 33) 213.18821939467549
Q round30-s17 14 (21, 32, 61, 61) 173.93441546871048
ROUND 30 n 576 bestJ 25.2512893770356 best (65, 21, 36, 63) eligible 8828
Q round31-s17 8 (5, 32, 34, 7) 68.88550059302102
Q round31-s17 1 (10, 50, 34, 24) 107.53899696929534
Q round31-s17 2 (53, 42, 55, 58) 198.66610262640413
Q round31-s17 4 (5, 3, 50, 55) 115.9711351465194
Q round31-s17 10 (39, 2, 11, 40) 64.62260951102127
Q round31-s17 0 (48, 4, 49, 34) 40.7086220239182
Q round31-s17 6 (32, 25, 17, 13) 121.83464547705465
Q round31-s17 3 (57, 32, 63, 49) 69.94385775445119
Q round31-s17 5 (4, 51, 0, 42) 117.4689027943547
Q round31-s17 11 (69, 36, 34, 63) 459.3084241010959
Q round31-s17 9 (54, 65, 46, 63) 100.7992457372182
Q round31-s17 7 (13, 63, 65, 71) 68.39545648245836
Q round31-s17 12 (37, 19, 4, 29) 94.36661864303976
Q round31-s17 14 (6, 51, 51, 67) 92.88830887950667
Q round31-s17 15 (24, 1, 49, 21) 133.03051892319343
Q round31-s17 13 (70, 32, 35, 28) 47.07702430182283
ROUND 31 n 592 bestJ 25.2512893770356 best (65, 21, 36, 63) eligible 7965
Q round32-s17 0 (38, 69, 60, 64) 31.674953799751467
Q round32-s17 3 (71, 9, 33, 54) 93.63405830721717
Q round32-s17 7 (3, 8, 42, 64) 451.2472473274505
Q round32-s17 5 (22, 16, 12, 8) 120.50694564333922
Q round32-s17 2 (52, 38, 66, 10) 66139.28921117107
Q round32-s17 6 (25, 51, 44, 35) 94.16057454783684
Q round32-s17 1 (57, 38, 59, 71) 42.84055352516916
Q round32-s17 4 (0, 71, 7, 20) 116.382695942886
Q round32-s17 14 (48, 45, 13, 59) 146.76324665561177
Q round32-s17 9 (64, 35, 33, 51) 448.0361043533452
Q round32-s17 15 (36, 67, 5, 12) 88.9312248766723
Q round32-s17 10 (12, 20, 24, 43) 162.56439034848538
Q round32-s17 13 (67, 4, 62, 20) 427.62422881489425
Q round32-s17 8 (1, 54, 50, 12) 125.58659148820537
Q round32-s17 11 (28, 50, 63, 1) 50.44822087422811
Q round32-s17 12 (22, 26, 6, 67) 42.54228878869873
ROUND 32 n 608 bestJ 25.2512893770356 best (65, 21, 36, 63) eligible 7703
Q round33-s17 15 (21, 47, 0, 52) 41.356817721906545
Q round33-s17 4 (14, 20, 29, 68) 225.58089134373114
Q round33-s17 8 (10, 39, 63, 8) 55.041055460486106
Q round33-s17 7 (66, 36, 70, 36) 77.54820036651037
Q round33-s17 10 (5, 37, 5, 8) 417.67270139185376
Q round33-s17 1 (60, 39, 40, 51) 49.385930814432285
Q round33-s17 12 (46, 43, 7, 12) 53.921818804015594
Q round33-s17 11 (65, 20, 8, 50) 39.88757427852736
Q round33-s17 5 (59, 11, 53, 13) 89.11413827504437
Q round33-s17 3 (20, 67, 38, 43) 117.56604134287147
Q round33-s17 6 (36, 20, 6, 29) 47.00575480783521
Q round33-s17 14 (19, 35, 41, 50) 134.84953737920083
Q round33-s17 13 (4, 71, 66, 5) 121.678126263331
Q round33-s17 9 (36, 71, 39, 64) 83.07894809257496
Q round33-s17 2 (19, 15, 16, 7) 69.31340365180785
Q round33-s17 0 (62, 21, 44, 63) 22.760062170296987
ROUND 33 n 624 bestJ 22.760062170296987 best (62, 21, 44, 63) eligible 7427
Q round34-s17 3 (64, 7, 18, 59) 96.72020395023492
Q round34-s17 13 (2, 62, 21, 20) 144.4819497452104
Q round34-s17 7 (60, 25, 8, 3) 52.53060833318037
Q round34-s17 14 (45, 35, 66, 49) 173.06646419480163
Q round34-s17 6 (21, 47, 20, 7) 43.19950224026052
Q round34-s17 15 (61, 55, 47, 5) 106.57294087634843
Q round34-s17 10 (63, 36, 54, 14) 78.37044877656025
Q round34-s17 8 (64, 33, 8, 37) 138.19709020633323
Q round34-s17 9 (8, 42, 57, 69) 66.62390695533878
Q round34-s17 5 (67, 55, 5, 40) 44.82801866318145
Q round34-s17 12 (41, 35, 49, 49) 48.08115346491251
Q round34-s17 4 (12, 59, 62, 65) 51.28186522264351
Q round34-s17 11 (11, 70, 24, 29) 47.721494979246664
Q round34-s17 1 (65, 48, 71, 5) 161.96448084202714
Q round34-s17 0 (14, 29, 28, 49) 47.74663949280108
Q round34-s17 2 (8, 23, 55, 24) 169.52885034164757
ROUND 34 n 640 bestJ 22.760062170296987 best (62, 21, 44, 63) eligible 8679
Q round35-s17 4 (2, 27, 71, 39) 56.7997987668721
Q round35-s17 8 (63, 43, 24, 39) 54.47880908185025
Q round35-s17 14 (18, 11, 24, 45) 183.40253782999622
Q round35-s17 6 (61, 71, 48, 55) 89.16239705732734
Q round35-s17 11 (8, 44, 37, 8) 38.146705546666965
Q round35-s17 10 (37, 10, 33, 54) 46.89720368544871
Q round35-s17 15 (53, 26, 46, 66) 268.25820303709423
Q round35-s17 7 (36, 63, 29, 63) 60.09050630509779
Q round35-s17 2 (23, 2, 9, 31) 64.05951334881824
Q round35-s17 12 (52, 18, 28, 43) 116.20535925537192
Q round35-s17 3 (11, 22, 68, 59) 471.1771255631244
Q round35-s17 9 (38, 48, 59, 10) 99.94360981567552
Q round35-s17 5 (51, 48, 29, 69) 420.2948121541959
Q round35-s17 13 (65, 45, 47, 18) 88.99116133528443
Q round35-s17 0 (14, 21, 68, 70) 49.999805959391104
Q round35-s17 1 (9, 47, 32, 16) 106.16240697635355
ROUND 35 n 656 bestJ 22.760062170296987 best (62, 21, 44, 63) eligible 8998
Q round36-s17 5 (24, 0, 32, 19) 83.78393195795375
Q round36-s17 2 (7, 42, 48, 11) 49.13378812425379
Q round36-s17 9 (69, 19, 59, 29) 100.74524339659764
Q round36-s17 10 (53, 52, 6, 30) 61.148124093565556
Q round36-s17 12 (13, 27, 40, 55) 52.41158754244702
Q round36-s17 7 (45, 49, 0, 13) 50.5345598310914
Q round36-s17 6 (21, 56, 53, 31) 41.6068759525567
Q round36-s17 15 (19, 68, 66, 35) 105.07953257347003
Q round36-s17 1 (15, 25, 54, 0) 91.84567556944585
Q round36-s17 14 (47, 2, 33, 38) 70.35817215318026
Q round36-s17 13 (35, 45, 38, 70) 47.55248955966261
Q round36-s17 3 (28, 71, 70, 26) 66.56208393896233
Q round36-s17 4 (14, 48, 54, 53) 190.998307998491
Q round36-s17 11 (9, 34, 36, 24) 35.534667052282124
Q round36-s17 0 (49, 29, 28, 71) 33.35183056574604
Q round36-s17 8 (25, 65, 52, 9) 49.0177852461179
ROUND 36 n 672 bestJ 22.760062170296987 best (62, 21, 44, 63) eligible 7711
Q round37-s17 7 (19, 21, 6, 44) 1751.1602717179862
Q round37-s17 1 (0, 9, 63, 11) 72.2027405081973
Q round37-s17 11 (34, 8, 14, 19) 182.22193225311764
Q round37-s17 2 (26, 20, 49, 19) 133.81115925637815
Q round37-s17 13 (58, 65, 34, 18) 128.67380892952193
Q round37-s17 6 (34, 3, 49, 58) 207.2837341604114
Q round37-s17 14 (0, 45, 3, 36) 340.3986416962898
Q round37-s17 4 (23, 12, 60, 5) 83.31621059177634
Q round37-s17 8 (62, 44, 70, 40) 71.52586265479216
Q round37-s17 12 (11, 65, 45, 6) 50.517721985610144
Q round37-s17 9 (17, 71, 47, 60) 104.24538063201535
Q round37-s17 10 (59, 0, 10, 55) 50.24958015579709
Q round37-s17 15 (26, 42, 19, 65) 150.56433437613435
Q round37-s17 5 (35, 68, 32, 61) 166.93753277840847
Q round37-s17 3 (22, 61, 13, 55) 119.20347050982475
Q round37-s17 0 (38, 53, 19, 62) 37.76693811904854
ROUND 37 n 688 bestJ 22.760062170296987 best (62, 21, 44, 63) eligible 8607
Q round38-s17 12 (58, 61, 21, 67) 117.43510144463504
Q round38-s17 7 (47, 11, 65, 70) 64.14289367647598
Q round38-s17 11 (6, 59, 21, 54) 48.69050211943978
Q round38-s17 6 (70, 44, 71, 31) 80.819318535376
Q round38-s17 5 (54, 56, 48, 59) 89.66194515002961
Q round38-s17 0 (32, 53, 3, 46) 33.31152746539055
Q round38-s17 1 (56, 13, 3, 1) 59.48925260614272
Q round38-s17 4 (1, 48, 42, 12) 122.2030891529555
Q round38-s17 2 (35, 22, 30, 10) 60.024703373701676
Q round38-s17 10 (67, 44, 21, 64) 192.5282904850963
Q round38-s17 13 (23, 61, 12, 9) 101.08563685330061
Q round38-s17 3 (19, 15, 27, 57) 70.66954194712693
Q round38-s17 8 (51, 42, 49, 39) 60.89504079179759
Q round38-s17 15 (41, 42, 57, 60) 56.34890006327972
Q round38-s17 9 (25, 24, 59, 6) 71.36576245133611
Q round38-s17 14 (65, 64, 44, 22) 75.03542816208422
ROUND 38 n 704 bestJ 22.760062170296987 best (62, 21, 44, 63) eligible 8788
Q round39-s17 10 (66, 16, 66, 31) 166.20159117285186
Q round39-s17 0 (61, 54, 44, 54) 54.04313958937458
Q round39-s17 2 (62, 62, 9, 28) 71.12681999917106
Q round39-s17 1 (32, 5, 71, 26) 55.91390930754795
Q round39-s17 3 (63, 21, 11, 10) 426.0754828273045
Q round39-s17 6 (70, 19, 11, 23) 57.50566556008668
Q round39-s17 15 (0, 32, 56, 55) 91.80381537156967
Q round39-s17 13 (41, 29, 50, 54) 43.151123110086374
Q round39-s17 5 (11, 68, 48, 1) 49.064513286482
Q round39-s17 8 (1, 4, 28, 50) 123.49780927290256
Q round39-s17 11 (56, 39, 35, 17) 49.180655693858064
Q round39-s17 4 (60, 18, 41, 16) 44.85859008703569
Q round39-s17 14 (65, 2, 13, 42) 249.93619975899392
Q round39-s17 12 (54, 70, 63, 47) 121.1125555647343
Q round39-s17 7 (68, 34, 49, 24) 47.28499244012304
Q round39-s17 9 (9, 5, 67, 16) 48.374793082081375
ROUND 39 n 720 bestJ 22.760062170296987 best (62, 21, 44, 63) eligible 9699
Q round40-s17 4 (66, 24, 71, 46) 63.59964447760429
Q round40-s17 12 (26, 49, 28, 18) 110.10768228217191
Q round40-s17 14 (8, 56, 29, 50) 210.11795339518972
Q round40-s17 1 (60, 43, 17, 5) 743.5317064227219
Q round40-s17 11 (45, 45, 48, 67) 180.1302818155736
Q round40-s17 13 (37, 34, 42, 37) 140.4773740784063
Q round40-s17 5 (62, 51, 24, 48) 54.80120974271838
Q round40-s17 8 (28, 12, 21, 49) 356.49250651260803
Q round40-s17 15 (7, 65, 17, 63) 90.92253746762745
Q round40-s17 10 (31, 29, 20, 8) 40.60835887671506
Q round40-s17 2 (6, 45, 51, 19) 559.2538315329301
Q round40-s17 7 (68, 42, 35, 51) 129.995227706771
Q round40-s17 3 (43, 29, 19, 22) 95.34178614527228
Q round40-s17 9 (43, 64, 69, 8) 54.74618953370931
Q round40-s17 6 (54, 33, 0, 48) 95.51443715959383
Q round40-s17 0 (9, 69, 27, 63) 37.014407985669145
ROUND 40 n 736 bestJ 22.760062170296987 best (62, 21, 44, 63) eligible 9151
Q round41-s17 9 (18, 4, 48, 48) 54.742869100841354
Q round41-s17 12 (57, 36, 34, 14) 43.85993573591639
Q round41-s17 13 (30, 44, 12, 12) 531.9859526158554
Q round41-s17 6 (20, 39, 50, 54) 55.71688231724225
Q round41-s17 10 (61, 61, 48, 21) 65.02033106137948
Q round41-s17 11 (40, 38, 48, 23) 97.46454671975509
Q round41-s17 1 (35, 17, 31, 22) 69.71082470728636
Q round41-s17 2 (6, 41, 61, 62) 130.77033668976074
Q round41-s17 15 (31, 45, 36, 65) 44.0924117348704
Q round41-s17 7 (30, 2, 43, 36) 266.4328759565818
Q round41-s17 5 (23, 48, 56, 22) 123.90702231885889
Q round41-s17 8 (33, 33, 1, 53) 81.50418486024061
Q round41-s17 4 (6, 29, 63, 46) 89.77344143333725
Q round41-s17 3 (1, 37, 7, 39) 92.47093134471363
Q round41-s17 14 (7, 6, 7, 26) 376.46462922990764
Q round41-s17 0 (25, 53, 12, 70) 30.536695986842233
ROUND 41 n 752 bestJ 22.760062170296987 best (62, 21, 44, 63) eligible 8765
Q round42-s17 9 (52, 6, 21, 44) 72.22044144943018
Q round42-s17 15 (2, 49, 53, 46) 55.095281725099724
Q round42-s17 5 (58, 57, 13, 53) 193.2760983029411
Q round42-s17 7 (5, 44, 61, 2) 117.00865359960942
Q round42-s17 4 (41, 3, 34, 59) 103.53088670767013
Q round42-s17 8 (66, 66, 8, 17) 125.80994068989357
Q round42-s17 2 (52, 63, 47, 3) 51.93708770831193
Q round42-s17 1 (39, 25, 54, 49) 75.60692654083763
Q round42-s17 11 (30, 63, 11, 19) 49.576887777362174
Q round42-s17 10 (7, 17, 20, 16) 85.52180701235557
Q round42-s17 0 (38, 42, 12, 39) 47.84490009579534
Q round42-s17 3 (67, 42, 8, 9) 84.26637749071715
Q round42-s17 6 (20, 10, 7, 41) 45.504749469897554
Q round42-s17 13 (57, 71, 22, 0) 93.14447304725554
Q round42-s17 14 (6, 2, 46, 40) 91.95755449316468
Q round42-s17 12 (57, 26, 33, 57) 24.379285293236176
ROUND 42 n 768 bestJ 22.760062170296987 best (62, 21, 44, 63) eligible 8228
Q round43-s17 4 (13, 35, 1, 58) 1844.468777145507
Q round43-s17 6 (0, 15, 58, 54) 136.40303490249616
Q round43-s17 2 (57, 63, 8, 43) 72.94288353090623
Q round43-s17 12 (63, 13, 18, 35) 154.91655017319073
Q round43-s17 9 (37, 0, 17, 54) 72.45282578402767
Q round43-s17 3 (44, 42, 8, 11) 103.37496157522224
Q round43-s17 13 (19, 25, 36, 38) 48.141033117937184
Q round43-s17 7 (44, 62, 43, 5) 127.87126902736483
Q round43-s17 15 (44, 55, 39, 34) 64.57002030153667
Q round43-s17 1 (3, 47, 41, 54) 64.08356052952796
Q round43-s17 8 (44, 31, 60, 46) 43.9727304833272
Q round43-s17 14 (52, 31, 48, 16) 74.195785609967
Q round43-s17 11 (14, 29, 1, 62) 75.26719595501008
Q round43-s17 10 (65, 66, 41, 63) 62.745929821416475
Q round43-s17 0 (49, 13, 68, 47) 38.28310140469961
Q round43-s17 5 (25, 6, 17, 71) 92.08074379162765
ROUND 43 n 784 bestJ 22.760062170296987 best (62, 21, 44, 63) eligible 6745
Q round44-s17 8 (32, 64, 58, 6) 99.61550157109293
Q round44-s17 12 (8, 12, 18, 46) 56.776116779268186
Q round44-s17 15 (26, 10, 2, 3) 190.6025672050295
Q round44-s17 11 (34, 38, 21, 22) 43.1943080783645
Q round44-s17 3 (5, 4, 47, 32) 50.3619128158264
Q round44-s17 7 (71, 3, 38, 34) 52.65518029119807
Q round44-s17 14 (61, 45, 2, 66) 198.29711417222603
Q round44-s17 13 (32, 36, 41, 29) 43.56309890955511
Q round44-s17 1 (49, 40, 63, 36) 95.461902070199
Q round44-s17 2 (68, 62, 70, 28) 44.075139356179044
Q round44-s17 0 (56, 45, 68, 70) 26.050546854221995
Q round44-s17 4 (28, 28, 17, 58) 410.08503886527757
Q round44-s17 5 (65, 28, 68, 23) 37.000058722045914
Q round44-s17 10 (31, 37, 68, 32) 67.04300619145756
Q round44-s17 6 (20, 40, 65, 70) 57.18097118961013
Q round44-s17 9 (25, 49, 62, 48) 89.33729981761037
ROUND 44 n 800 bestJ 22.760062170296987 best (62, 21, 44, 63) eligible 5430
Q round45-s17 3 (31, 16, 50, 67) 97.42601219014584
Q round45-s17 5 (50, 20, 63, 29) 290.1554809499562
Q round45-s17 14 (50, 51, 32, 55) 63.41350312530905
Q round45-s17 4 (5, 17, 13, 0) 39.775802372095825
Q round45-s17 12 (48, 8, 33, 66) 245.39911968012086
Q round45-s17 2 (42, 32, 23, 5) 75.6519850761312
Q round45-s17 13 (2, 16, 48, 2) 162.22291926446496
Q round45-s17 9 (55, 18, 9, 71) 60.94593813184727
Q round45-s17 10 (33, 58, 58, 29) 231.35040610610443
Q round45-s17 11 (63, 42, 55, 62) 57.41248844518694
Q round45-s17 8 (51, 46, 0, 71) 68.62475766438854
Q round45-s17 6 (51, 60, 21, 54) 128.24556927958974
Q round45-s17 7 (11, 70, 67, 18) 90.44491765106297
Q round45-s17 15 (8, 39, 14, 24) 97.6539063118197
Q round45-s17 0 (33, 58, 12, 54) 28.60223210176403
Q round45-s17 1 (25, 41, 8, 24) 88.86031551894204
ROUND 45 n 816 bestJ 22.760062170296987 best (62, 21, 44, 63) eligible 8135
Q round46-s17 7 (69, 23, 24, 44) 47.23649004101285
Q round46-s17 13 (58, 47, 42, 44) 323.74444047018625
Q round46-s17 3 (69, 56, 8, 11) 109.86303173310372
Q round46-s17 2 (71, 69, 13, 44) 51.07237189208978
Q round46-s17 6 (45, 70, 64, 24) 75.11427757171336
Q round46-s17 11 (10, 0, 29, 38) 84.3773352435492
Q round46-s17 9 (21, 23, 70, 32) 73.41368466701907
Q round46-s17 8 (64, 30, 57, 34) 189.76514464928238
Q round46-s17 10 (38, 51, 7, 62) 63.24817178564667
Q round46-s17 4 (67, 59, 35, 57) 447.08311002787894
Q round46-s17 14 (69, 2, 45, 42) 339.23874882262817
Q round46-s17 0 (32, 13, 20, 49) 34.66287964787119
Q round46-s17 15 (59, 9, 62, 34) 34.76007271751811
Q round46-s17 5 (66, 42, 44, 42) 224.81525517302586
Q round46-s17 1 (27, 57, 20, 16) 54.28719160367487
Q round46-s17 12 (67, 71, 20, 59) 199.68119160643056
ROUND 46 n 832 bestJ 22.760062170296987 best (62, 21, 44, 63) eligible 3821
Q round47-s17 5 (45, 28, 52, 17) 121.0170889690869
Q round47-s17 15 (50, 52, 69, 65) 239.53651298628722
Q round47-s17 7 (41, 36, 61, 62) 57.536469019848276
Q round47-s17 11 (71, 12, 8, 7) 73.9475497958313
Q round47-s17 12 (21, 34, 31, 57) 54.42200781942141
Q round47-s17 4 (70, 57, 31, 59) 80.780324779091
Q round47-s17 3 (47, 16, 51, 40) 82.90949784048628
Q round47-s17 1 (52, 27, 19, 8) 282.93549437622
Q round47-s17 10 (7, 40, 68, 23) 103.89225742246482
Q round47-s17 8 (67, 19, 9, 60) 154.5617342349672
Q round47-s17 2 (20, 10, 10, 48) 91.16755639198416
Q round47-s17 6 (6, 17, 61, 55) 136.7019675640495
Q round47-s17 9 (20, 37, 19, 49) 172.12557570651947
Q round47-s17 0 (57, 53, 60, 49) 27.929544616830075
Q round47-s17 13 (20, 37, 68, 22) 46.64631296376726
Q round47-s17 14 (54, 15, 65, 26) 531.5249716424274
ROUND 47 n 848 bestJ 22.760062170296987 best (62, 21, 44, 63) eligible 5396
Q round48-s17 6 (58, 59, 14, 66) 590.8474642083515
Q round48-s17 11 (48, 22, 32, 59) 98.79395309823431
Q round48-s17 7 (68, 18, 66, 11) 151.06090834423028
Q round48-s17 15 (10, 26, 42, 22) 101.4543487785749
Q round48-s17 8 (66, 59, 67, 59) 111.5471601660954
Q round48-s17 13 (55, 51, 51, 24) 142.93142121171653
Q round48-s17 1 (58, 63, 56, 22) 59.178441709155514
Q round48-s17 9 (31, 29, 30, 29) 102.58534980183292
Q round48-s17 5 (54, 44, 62, 26) 49.755054181332845
Q round48-s17 0 (56, 69, 20, 64) 35.1001679834101
Q round48-s17 4 (60, 17, 11, 55) 38.46349378348654
Q round48-s17 14 (46, 9, 1, 68) 89.22289829412814
Q round48-s17 3 (71, 8, 14, 25) 148.86472690952866
Q round48-s17 10 (15, 40, 59, 22) 85.51305878748357
Q round48-s17 12 (25, 63, 41, 54) 84.73574449333
Q round48-s17 2 (49, 46, 65, 37) 422.0689719555402
ROUND 48 n 864 bestJ 22.760062170296987 best (62, 21, 44, 63) eligible 5149
Q round49-s17 10 (58, 38, 5, 22) 50.797825980439235
Q round49-s17 5 (2, 43, 33, 31) 61.04792452247345
Q round49-s17 2 (29, 69, 50, 56) 105.72522505674506
Q round49-s17 3 (23, 37, 5, 21) 202.18482373160728
Q round49-s17 13 (63, 41, 51, 29) 97.06695021566163
Q round49-s17 1 (49, 27, 39, 23) 68.02084843833279
Q round49-s17 6 (13, 2, 54, 42) 140.88897597177635
Q round49-s17 8 (44, 52, 17, 64) 44.90640221612777
Q round49-s17 11 (31, 42, 41, 0) 68.15391272647969
Q round49-s17 4 (51, 22, 59, 7) 45.43211113468115
Q round49-s17 14 (51, 48, 55, 31) 67.59473176156854
Q round49-s17 15 (60, 55, 0, 37) 85.56227949825512
Q round49-s17 7 (59, 66, 71, 17) 53.62455596327565
Q round49-s17 0 (57, 21, 20, 38) 41.95463662125067
Q round49-s17 9 (41, 0, 38, 48) 109.37253723944141
Q round49-s17 12 (22, 33, 47, 70) 90.52252055752369
ROUND 49 n 880 bestJ 22.760062170296987 best (62, 21, 44, 63) eligible 4265
Q round50-s17 7 (40, 46, 37, 3) 108.4054579551127
Q round50-s17 14 (24, 26, 15, 3) 86.88569487307113
Q round50-s17 13 (29, 65, 28, 57) 55.13857881317232
Q round50-s17 15 (21, 28, 42, 2) 202.2973354194376
Q round50-s17 9 (37, 12, 7, 52) 65.64767490681696
Q round50-s17 3 (39, 3, 28, 69) 145.90192221890794
Q round50-s17 5 (51, 67, 18, 43) 141.5123105110781
Q round50-s17 6 (8, 60, 5, 7) 53.72744724949838
Q round50-s17 11 (55, 23, 25, 11) 119.1412348562307
Q round50-s17 8 (54, 10, 69, 28) 75.22828571620828
Q round50-s17 2 (67, 12, 44, 17) 122.33290645945534
Q round50-s17 12 (43, 71, 70, 43) 86.56644887676059
Q round50-s17 10 (27, 33, 44, 10) 80.02370734010269
Q round50-s17 1 (67, 23, 47, 13) 67.50904347468675
Q round50-s17 0 (33, 29, 28, 25) 32.68023972153905
Q round50-s17 4 (48, 63, 3, 38) 61.48895521671514
ROUND 50 n 896 bestJ 22.760062170296987 best (62, 21, 44, 63) eligible 2223
Q round51-s17 13 (45, 46, 61, 12) 68.67273515048579
Q round51-s17 5 (53, 49, 16, 48) 74.63514332747607
Q round51-s17 4 (56, 3, 26, 64) 287.71636723093786
Q round51-s17 1 (29, 68, 2, 29) 131.2245911353889
Q round51-s17 7 (8, 37, 70, 53) 111.33344267150572
Q round51-s17 15 (17, 38, 13, 43) 64.65424884218096
Q round51-s17 3 (38, 68, 65, 5) 29.268174065616034
Q round51-s17 11 (19, 11, 52, 33) 298.9987831310621
Q round51-s17 10 (60, 28, 51, 5) 88.70899983359968
Q round51-s17 9 (31, 58, 54, 40) 81.28339435604646
Q round51-s17 6 (63, 7, 31, 9) 97.37818257146195
Q round51-s17 8 (27, 22, 20, 61) 93.68504316469544
Q round51-s17 2 (19, 25, 28, 25) 52.768772420379634
Q round51-s17 0 (65, 66, 60, 38) 34.70861534766325
Q round51-s17 14 (22, 56, 27, 46) 76.41721509517632
Q round51-s17 12 (1, 58, 38, 40) 72.87611433173267
ROUND 51 n 912 bestJ 22.760062170296987 best (62, 21, 44, 63) eligible 7209
Q round52-s17 6 (53, 3, 55, 70) 55.45219443999216
Q round52-s17 9 (34, 14, 44, 11) 208.1514374543928
Q round52-s17 10 (53, 27, 28, 53) 92.1398329863217
Q round52-s17 12 (24, 43, 25, 22) 60.21263808252233
Q round52-s17 7 (54, 69, 26, 28) 52.362858450460536
Q round52-s17 11 (35, 33, 67, 46) 50.07388142718575
Q round52-s17 13 (59, 54, 65, 17) 56.52342047455532
Q round52-s17 4 (30, 31, 45, 20) 157.5686835695132
Q round52-s17 5 (68, 38, 6, 6) 69.87014574535384
Q round52-s17 15 (60, 31, 36, 60) 41.510577419695295
Q round52-s17 14 (31, 22, 58, 55) 170.3028004988343
Q round52-s17 8 (27, 53, 16, 23) 45.813846856639884
Q round52-s17 2 (44, 55, 15, 62) 72.45265734999883
Q round52-s17 1 (15, 15, 56, 38) 124.51269447949049
Q round52-s17 3 (1, 45, 51, 38) 53.979376794286814
Q round52-s17 0 (1, 29, 68, 46) 36.593313087286525
ROUND 52 n 928 bestJ 22.760062170296987 best (62, 21, 44, 63) eligible 4278
Q round53-s17 1 (10, 69, 18, 28) 143.73374065376947
Q round53-s17 13 (61, 16, 68, 42) 207.2325997352265
Q round53-s17 2 (16, 19, 46, 2) 55.153912444609816
Q round53-s17 7 (33, 43, 14, 41) 57.36080083671268
Q round53-s17 12 (56, 49, 41, 13) 140.7038899675477
Q round53-s17 6 (30, 9, 45, 11) 83.06155923978113
Q round53-s17 11 (62, 49, 18, 67) 83.23509601404366
Q round53-s17 5 (41, 20, 29, 10) 288.50174825387217
Q round53-s17 3 (39, 55, 16, 33) 117.09734681141109
Q round53-s17 14 (40, 2, 19, 71) 49.10374854858128
Q round53-s17 4 (51, 62, 38, 26) 45.67491138124059
Q round53-s17 8 (44, 1, 59, 66) 128.57109884151177
Q round53-s17 15 (39, 55, 47, 62) 108.88635110599387
Q round53-s17 10 (36, 30, 17, 2) 82.70104253528152
Q round53-s17 9 (41, 58, 15, 40) 80.35289776500836
Q round53-s17 0 (9, 45, 28, 15) 28.261886118660357
ROUND 53 n 944 bestJ 22.760062170296987 best (62, 21, 44, 63) eligible 5870
Q round54-s17 9 (49, 11, 10, 68) 136.9078243933835
Q round54-s17 15 (7, 18, 54, 52) 64.64945833553112
Q round54-s17 8 (53, 44, 39, 9) 54.72677679545414
Q round54-s17 2 (71, 51, 0, 19) 397.3133248634539
Q round54-s17 11 (20, 35, 66, 36) 89.77059048538368
Q round54-s17 5 (7, 27, 32, 26) 79.09598399383643
Q round54-s17 7 (67, 14, 66, 31) 46.98176643579215
Q round54-s17 0 (56, 45, 20, 65) 43.87455951736311
Q round54-s17 1 (14, 52, 3, 9) 47.59381547787884
Q round54-s17 4 (70, 8, 8, 18) 249.5880515455839
Q round54-s17 13 (16, 6, 14, 29) 167.2562529882076
Q round54-s17 12 (51, 47, 12, 69) 447.72247655451315
Q round54-s17 6 (51, 31, 33, 9) 43.79094487871722
Q round54-s17 10 (22, 9, 37, 47) 133.82768207399923
Q round54-s17 14 (52, 48, 6, 46) 69.02782343197738
Q round54-s17 3 (70, 23, 71, 0) 132.55796846818825
ROUND 54 n 960 bestJ 22.760062170296987 best (62, 21, 44, 63) eligible 6348
Q round55-s17 14 (40, 53, 48, 4) 45.673259466521024
Q round55-s17 8 (15, 17, 61, 0) 138.0775479454276
Q round55-s17 7 (34, 64, 20, 57) 105.07676380538634
Q round55-s17 2 (62, 35, 15, 64) 71.98937971962323
Q round55-s17 3 (11, 69, 58, 17) 135.89120652452277
Q round55-s17 13 (39, 37, 6, 71) 80.00292587640327
Q round55-s17 11 (55, 10, 63, 70) 68.7964014392544
Q round55-s17 9 (68, 51, 38, 62) 51.28365172002027
Q round55-s17 15 (7, 24, 41, 61) 249.1887894793802
Q round55-s17 6 (60, 48, 66, 21) 61.45883514037972
Q round55-s17 12 (59, 15, 11, 56) 54.98511972840991
Q round55-s17 1 (68, 7, 25, 55) 68.22313835953999
Q round55-s17 4 (3, 2, 11, 63) 132.69630866389258
Q round55-s17 5 (65, 9, 46, 10) 210.3426528727431
Q round55-s17 10 (22, 45, 65, 58) 153.0853718711937
Q round55-s17 0 (1, 13, 4, 54) 43.100583589991196
ROUND 55 n 976 bestJ 22.760062170296987 best (62, 21, 44, 63) eligible 3372
Q round56-s17 15 (7, 56, 8, 44) 113.4755603022294
Q round56-s17 6 (45, 56, 5, 39) 75.28571125544943
Q round56-s17 3 (2, 13, 50, 27) 173.63401391008256
Q round56-s17 11 (42, 41, 39, 20) 141.75985683609733
Q round56-s17 2 (16, 60, 20, 62) 44.791695051916804
Q round56-s17 5 (45, 64, 43, 9) 92.78677020595158
Q round56-s17 10 (56, 19, 11, 1) 127.09281487101543
Q round56-s17 1 (3, 70, 34, 45) 454.6220310790059
Q round56-s17 7 (70, 6, 48, 11) 118.19265260811821
Q round56-s17 13 (49, 39, 70, 27) 76.49627282334193
Q round56-s17 9 (62, 66, 21, 7) 47.89547960085135
Q round56-s17 12 (60, 18, 31, 46) 43.796833872844566
Q round56-s17 8 (20, 58, 59, 57) 187.54565589320023
Q round56-s17 0 (57, 53, 60, 63) 27.386774752459928
Q round56-s17 14 (43, 64, 19, 48) 79.05555672803159
Q round56-s17 4 (39, 30, 46, 1) 95.13517382105309
ROUND 56 n 992 bestJ 22.760062170296987 best (62, 21, 44, 63) eligible 3368
Q round57-s17 14 (32, 0, 10, 44) 79.8061781185141
Q round57-s17 7 (58, 0, 69, 30) 50.316829046934494
Q round57-s17 15 (53, 69, 42, 12) 119.61106643633916
Q round57-s17 9 (32, 39, 34, 23) 109.69626052573788
Q round57-s17 13 (5, 36, 33, 31) 50.69220448726765
Q round57-s17 5 (10, 47, 65, 62) 57.52584729456717
Q round57-s17 2 (15, 3, 45, 42) 107.69470620587644
Q round57-s17 1 (11, 71, 2, 0) 56.09986506714451
Q round57-s17 8 (12, 43, 0, 21) 480.01083737569365
Q round57-s17 4 (61, 58, 22, 10) 217.61505871483058
Q round57-s17 11 (59, 52, 26, 53) 104.50492890114016
Q round57-s17 10 (54, 22, 53, 33) 147.41544942211848
Q round57-s17 6 (68, 59, 55, 56) 48.03837456337969
Q round57-s17 3 (56, 7, 68, 14) 82.81229482270365
Q round57-s17 12 (25, 30, 3, 59) 51.731286345885614
Q round57-s17 0 (33, 45, 68, 49) 32.46327874855097
ROUND 57 n 1008 bestJ 22.760062170296987 best (62, 21, 44, 63) eligible 6004
Q round58-s17 3 (48, 40, 16, 36) 101.70328122841836
Q round58-s17 9 (21, 52, 52, 52) 111.5191489140985
Q round58-s17 11 (64, 30, 18, 69) 229.39543707351672
Q round58-s17 2 (52, 34, 53, 43) 114.74202731305071
Q round58-s17 1 (8, 52, 30, 6) 73.1010928733862
Q round58-s17 7 (23, 67, 42, 14) 86.04970721513114
Q round58-s17 8 (63, 62, 63, 51) 72.39576747582419
Q round58-s17 10 (29, 31, 41, 53) 61.276298831858384
Q round58-s17 5 (47, 4, 1, 43) 101.08474704206573
Q round58-s17 14 (47, 24, 33, 39) 128.8659332842256
Q round58-s17 13 (45, 5, 61, 10) 145.67444928686444
Q round58-s17 4 (61, 29, 24, 14) 38.96734288267241
Q round58-s17 6 (64, 47, 49, 53) 162.64919009560202
Q round58-s17 0 (65, 5, 63, 52) 38.321403603086345
Q round58-s17 15 (17, 45, 23, 36) 50.557247072196176
Q round58-s17 12 (65, 40, 0, 6) 89.7214817251572
ROUND 58 n 1024 bestJ 22.760062170296987 best (62, 21, 44, 63) eligible 1473
Q round59-s17 6 (32, 49, 62, 25) 67.19647391737934
Q round59-s17 3 (54, 52, 45, 53) 81.8607956660439
Q round59-s17 9 (9, 51, 43, 14) 67.97665068722782
Q round59-s17 12 (22, 33, 69, 28) 93.90640047474099
Q round59-s17 4 (61, 18, 70, 41) 45.49303142455272
Q round59-s17 0 (49, 52, 70, 21) 40.709013239757546
Q round59-s17 11 (22, 56, 37, 27) 105.50343104857014
Q round59-s17 15 (27, 62, 0, 39) 58.5450269040334
Q round59-s17 10 (14, 63, 33, 35) 88.66350347128171
Q round59-s17 5 (31, 64, 16, 38) 118.71022165470652
Q round59-s17 2 (51, 5, 24, 50) 78.4870960586657
Q round59-s17 7 (60, 1, 52, 32) 34.76381642629855
Q round59-s17 1 (65, 70, 17, 58) 164.10877477573564
Q round59-s17 13 (1, 42, 70, 70) 67.51580326348885
Q round59-s17 8 (65, 0, 56, 71) 97.58148037072426
Q round59-s17 14 (17, 32, 32, 31) 87.72247308792596
ROUND 59 n 1040 bestJ 22.760062170296987 best (62, 21, 44, 63) eligible 8517
Q round60-s17 4 (71, 24, 58, 23) 168.05163996109684
Q round60-s17 7 (66, 24, 26, 10) 140.00235152552378
Q round60-s17 12 (21, 67, 36, 27) 88.35648984457934
Q round60-s17 13 (32, 59, 64, 25) 47.27051300082725
Q round60-s17 14 (5, 5, 15, 67) 219.13461952876318
Q round60-s17 9 (40, 62, 57, 69) 133.78528643007982
Q round60-s17 15 (37, 18, 30, 49) 46.545807422100665
Q round60-s17 2 (38, 68, 32, 34) 27.304546939246126
Q round60-s17 10 (64, 37, 63, 16) 80.46525747637494
Q round60-s17 3 (54, 24, 34, 62) 161.55700466595295
Q round60-s17 0 (29, 45, 71, 40) 35.568849911893196
Q round60-s17 5 (50, 18, 4, 44) 125.36426738935663
Q round60-s17 6 (46, 65, 45, 10) 193.62153122868142
Q round60-s17 11 (11, 55, 23, 10) 56.88792085005467
Q round60-s17 8 (51, 69, 59, 21) 106.0165482729965
Q round60-s17 1 (9, 42, 70, 71) 64.9124240208423
ROUND 60 n 1056 bestJ 22.760062170296987 best (62, 21, 44, 63) eligible 6442
Q round61-s17 5 (68, 59, 17, 34) 1499.2043650025537
Q round61-s17 13 (62, 43, 57, 50) 811.9373088377071
Q round61-s17 6 (10, 57, 70, 48) 60.47925497721231
Q round61-s17 8 (5, 25, 6, 44) 43.55341895731518
Q round61-s17 4 (61, 54, 4, 56) 43.757071906047386
Q round61-s17 2 (61, 70, 46, 5) 86.99868820261004
Q round61-s17 9 (26, 59, 7, 31) 58.19902227291654
Q round61-s17 10 (35, 19, 11, 63) 682.7278188342526
Q round61-s17 15 (39, 44, 35, 1) 51.08972150832186
Q round61-s17 11 (14, 47, 21, 63) 164.76189475315124
Q round61-s17 1 (33, 28, 9, 37) 36.156127131779876
Q round61-s17 14 (68, 27, 70, 38) 48.38574411159331
Q round61-s17 3 (35, 36, 4, 4) 86.24884543342867
Q round61-s17 7 (68, 56, 71, 17) 55.771811863545636
Q round61-s17 0 (33, 53, 4, 49) 33.684397085279194
Q round61-s17 12 (30, 48, 68, 15) 106.5803590500107
ROUND 61 n 1072 bestJ 22.760062170296987 best (62, 21, 44, 63) eligible 7297
Q round62-s17 3 (21, 55, 71, 35) 41.081888302588936
Q round62-s17 4 (16, 50, 10, 24) 86.0369702746902
Q round62-s17 6 (4, 63, 34, 19) 277.6439858212887
Q round62-s17 14 (21, 28, 33, 30) 53.18200048542931
Q round62-s17 1 (26, 25, 16, 66) 77.19431096996625
Q round62-s17 10 (8, 20, 8, 26) 39.59970562475582
Q round62-s17 9 (29, 58, 48, 28) 328.6095543724502
Q round62-s17 15 (61, 34, 44, 23) 79.49141722586167
Q round62-s17 0 (53, 69, 56, 48) 36.97001808259111
Q round62-s17 13 (10, 18, 52, 50) 206.19689477699407
Q round62-s17 12 (67, 16, 62, 0) 59.782269976634815
Q round62-s17 7 (19, 66, 0, 64) 64.18768319870875
Q round62-s17 5 (7, 7, 41, 64) 137.03805561519238
Q round62-s17 8 (57, 64, 39, 6) 81.88562407577305
Q round62-s17 2 (63, 22, 1, 47) 90.65118334569559
Q round62-s17 11 (41, 40, 54, 16) 98.3341531185918
ROUND 62 n 1088 bestJ 22.760062170296987 best (62, 21, 44, 63) eligible 1193
Q round63-s17 3 (29, 24, 30, 28) 37.78816886213262
Q round63-s17 14 (64, 41, 18, 45) 186.3906511281584
Q round63-s17 6 (18, 66, 4, 57) 126.73149080231845
Q round63-s17 4 (24, 19, 39, 68) 91.15794429933868
Q round63-s17 15 (56, 49, 56, 41) 87.2494005434577
Q round63-s17 13 (46, 51, 59, 46) 58.03387602848865
Q round63-s17 5 (19, 60, 33, 49) 51.4183280739851
Q round63-s17 10 (22, 12, 44, 68) 238.61281898050828
Q round63-s17 12 (46, 14, 62, 19) 98.3309994027715
Q round63-s17 9 (43, 6, 65, 55) 63.80954056843429
Q round63-s17 8 (28, 39, 0, 49) 57.064670800514705
Q round63-s17 0 (33, 53, 11, 55) 34.046368486001974
Q round63-s17 7 (43, 48, 23, 54) 64.50536192823883
Q round63-s17 1 (62, 65, 31, 1) 84.03904901575707
Q round63-s17 2 (40, 55, 43, 32) 77.61153548541928
Q round63-s17 11 (41, 57, 68, 61) 136.2987129606123
ROUND 63 n 1104 bestJ 22.760062170296987 best (62, 21, 44, 63) eligible 7739
Q round64-s17 8 (34, 32, 61, 59) 223.64649961182226
Q round64-s17 15 (68, 24, 26, 44) 810.9171752024249
Q round64-s17 4 (35, 56, 18, 51) 101.25121810845755
Q round64-s17 3 (58, 46, 67, 22) 45.57739913649054
Q round64-s17 7 (39, 36, 30, 30) 74.0689657978502
Q round64-s17 10 (52, 15, 5, 32) 50.81741797047805
Q round64-s17 1 (63, 57, 68, 34) 100.58091079428694
Q round64-s17 11 (56, 5, 46, 8) 57.1030246096603
Q round64-s17 9 (16, 23, 62, 35) 101.30793236954938
Q round64-s17 12 (22, 70, 13, 67) 127.18621534102064
Q round64-s17 2 (54, 35, 46, 42) 40.61609405480309
Q round64-s17 0 (70, 68, 49, 5) 39.7718082695891
Q round64-s17 6 (27, 62, 22, 28) 42.88370123068123
Q round64-s17 14 (19, 69, 21, 32) 105.50555201721615
Q round64-s17 13 (55, 62, 62, 31) 99.37474779683386
Q round64-s17 5 (30, 65, 40, 71) 100.27506348640435
ROUND 64 n 1120 bestJ 22.760062170296987 best (62, 21, 44, 63) eligible 5784
Q round65-s17 12 (8, 67, 18, 68) 127.49738596715159
Q round65-s17 14 (42, 65, 34, 18) 134.90593488476912
Q round65-s17 2 (7, 58, 49, 50) 133.12738593456416
Q round65-s17 8 (48, 3, 35, 65) 85.37322101309631
Q round65-s17 4 (33, 11, 27, 69) 89.05027468549643
Q round65-s17 3 (46, 19, 21, 21) 154.91604625881064
Q round65-s17 10 (1, 25, 21, 49) 93.52937603325762
Q round65-s17 13 (71, 62, 43, 44) 51.01429315288506
Q round65-s17 7 (7, 65, 35, 6) 70.16229442816693
Q round65-s17 15 (51, 43, 49, 32) 61.77779746012612
Q round65-s17 6 (54, 59, 31, 18) 41.798471907742744
Q round65-s17 9 (71, 6, 2, 48) 185.58536765864562
Q round65-s17 11 (14, 34, 43, 37) 98.90506724730369
Q round65-s17 5 (63, 6, 12, 3) 61.690341250170064
Q round65-s17 1 (3, 23, 27, 35) 147.38699057517184
Q round65-s17 0 (65, 45, 60, 32) 25.627355672216183
ROUND 65 n 1136 bestJ 22.760062170296987 best (62, 21, 44, 63) eligible 7166
Q round66-s17 8 (48, 19, 42, 25) 5775.122487230827
Q round66-s17 14 (33, 31, 39, 51) 77.15951081732065
Q round66-s17 7 (47, 66, 68, 4) 82.36052955023867
Q round66-s17 6 (13, 64, 25, 1) 55.088019611716255
Q round66-s17 4 (34, 20, 46, 69) 114.56595752088595
Q round66-s17 3 (17, 12, 18, 56) 123.18897388018463
Q round66-s17 10 (21, 14, 11, 46) 43.263352282785085
Q round66-s17 2 (8, 33, 38, 34) 143.67046914577895
Q round66-s17 1 (0, 2, 28, 42) 387.7768305705168
Q round66-s17 15 (24, 6, 17, 23) 100.10820045232806
Q round66-s17 12 (7, 56, 55, 5) 190.95413407411613
Q round66-s17 0 (32, 29, 11, 30) 31.960205780926714
Q round66-s17 11 (51, 29, 39, 40) 52.571909216286585
Q round66-s17 9 (36, 10, 9, 24) 47.506757497549195
Q round66-s17 13 (43, 18, 67, 50) 188.64818036558117
Q round66-s17 5 (48, 7, 46, 23) 106.43914519087619
ROUND 66 n 1152 bestJ 22.760062170296987 best (62, 21, 44, 63) eligible 7596
Q round67-s17 8 (63, 50, 42, 36) 2059.421739982898
Q round67-s17 10 (32, 67, 21, 32) 837.7615677508642
Q round67-s17 14 (24, 30, 18, 9) 113.78485836789187
Q round67-s17 4 (18, 1, 60, 48) 48.69110665533372
Q round67-s17 3 (40, 11, 63, 50) 79.43368948818676
Q round67-s17 7 (71, 65, 50, 53) 213.52845758454964
Q round67-s17 6 (6, 52, 51, 52) 363.8343425601919
Q round67-s17 12 (27, 5, 70, 12) 1280.732519291329
Q round67-s17 2 (13, 69, 56, 64) 51.258141860048006
Q round67-s17 5 (4, 12, 16, 60) 98.53500233628858
Q round67-s17 1 (17, 9, 5, 49) 89.43982333555225
Q round67-s17 13 (43, 47, 28, 14) 42.62380480498302
Q round67-s17 11 (54, 14, 70, 15) 109.45887921094177
Q round67-s17 15 (27, 66, 19, 58) 157.14264781713993
Q round67-s17 9 (62, 9, 49, 47) 80.01034368210863
Q round67-s17 0 (17, 69, 12, 9) 27.38950161865136
ROUND 67 n 1168 bestJ 22.760062170296987 best (62, 21, 44, 63) eligible 2318
Q round68-s17 7 (31, 25, 5, 30) 116.13542169988992
Q round68-s17 13 (34, 52, 8, 64) 54.52262429326484
Q round68-s17 4 (10, 20, 13, 63) 263.88302114143374
Q round68-s17 12 (63, 8, 40, 26) 238.62815773127952
Q round68-s17 10 (16, 41, 11, 56) 63.56221038285509
Q round68-s17 3 (38, 51, 14, 22) 68.38823162118797
Q round68-s17 6 (46, 62, 34, 52) 132.5639613457041
Q round68-s17 9 (32, 57, 20, 24) 43.95676423047085
Q round68-s17 8 (49, 28, 30, 61) 52.40675144140668
Q round68-s17 15 (35, 1, 6, 61) 61.55633676352076
Q round68-s17 11 (40, 2, 63, 46) 58.944706643239975
Q round68-s17 14 (67, 51, 19, 69) 100.24040446867069
Q round68-s17 5 (33, 5, 6, 65) 49.854740832307726
Q round68-s17 2 (11, 18, 11, 45) 133.53547335911588
Q round68-s17 0 (49, 45, 28, 56) 25.013654725245043
Q round68-s17 1 (49, 23, 55, 70) 99.60677232966617
ROUND 68 n 1184 bestJ 22.760062170296987 best (62, 21, 44, 63) eligible 5035
Q round69-s17 9 (22, 20, 42, 35) 625.000466123899
Q round69-s17 7 (61, 44, 34, 4) 103.35920882233589
Q round69-s17 4 (53, 33, 48, 21) 35.563739579320526
Q round69-s17 11 (24, 0, 61, 42) 312.9583298680938
Q round69-s17 1 (63, 60, 66, 71) 45.07616431375972
Q round69-s17 6 (48, 66, 9, 10) 49.86032385694553
Q round69-s17 2 (54, 4, 69, 49) 41.45660895755966
Q round69-s17 12 (36, 9, 3, 3) 118.45815265836072
Q round69-s17 8 (2, 50, 39, 52) 116.75218499638184
Q round69-s17 10 (44, 68, 13, 43) 96.09792589142457
Q round69-s17 5 (12, 40, 66, 48) 41.03633414605547
Q round69-s17 15 (57, 45, 11, 44) 189.4395465696983
Q round69-s17 14 (34, 58, 47, 10) 170.1204542199822
Q round69-s17 3 (68, 35, 15, 46) 51.57627593549093
Q round69-s17 0 (65, 45, 44, 55) 26.51121687118578
Q round69-s17 13 (41, 56, 0, 69) 246.42388860538202
ROUND 69 n 1200 bestJ 22.760062170296987 best (62, 21, 44, 63) eligible 3838
Q round70-s17 14 (13, 15, 50, 9) 54.831572287021615
Q round70-s17 11 (0, 9, 63, 52) 85.60682702606537
Q round70-s17 9 (63, 25, 34, 66) 201.63457737476494
Q round70-s17 2 (47, 58, 16, 70) 83.00543866165907
Q round70-s17 7 (70, 20, 22, 53) 60.59095664304382
Q round70-s17 10 (59, 10, 69, 9) 171.68058888811933
Q round70-s17 12 (68, 30, 35, 62) 37.6882213006343
Q round70-s17 5 (47, 34, 70, 23) 84.74812149502526
Q round70-s17 13 (60, 69, 4, 44) 98.157988436493
Q round70-s17 3 (11, 45, 14, 9) 51.78095517254874
Q round70-s17 4 (1, 49, 37, 7) 114.91904794452238
Q round70-s17 1 (14, 6, 19, 13) 119.09092900047601
Q round70-s17 8 (19, 7, 20, 10) 249.23428204146808
Q round70-s17 15 (46, 48, 40, 40) 135.3652874582998
Q round70-s17 6 (57, 5, 30, 17) 48.50985789641514
Q round70-s17 0 (54, 45, 52, 71) 58.45734888590373
ROUND 70 n 1216 bestJ 22.760062170296987 best (62, 21, 44, 63) eligible 4053
Q round71-s17 6 (34, 56, 10, 54) 125.13669039289424
Q round71-s17 13 (48, 38, 0, 19) 79.00371868801801
Q round71-s17 9 (5, 1, 65, 66) 44.286298989776846
Q round71-s17 1 (66, 4, 38, 43) 124.23448287097654
Q round71-s17 7 (0, 35, 68, 38) 54.59917522475707
Q round71-s17 14 (50, 5, 2, 18) 319.56521718303674
Q round71-s17 3 (62, 35, 51, 32) 336.0390025969966
Q round71-s17 12 (52, 52, 52, 8) 110.9928400075998
Q round71-s17 5 (28, 7, 4, 4) 155.525378689621
Q round71-s17 10 (31, 71, 20, 50) 266.65540180431464
Q round71-s17 4 (20, 6, 30, 25) 62.39849979571114
Q round71-s17 8 (57, 47, 71, 8) 101.13122972713444
Q round71-s17 2 (71, 31, 59, 64) 102.4580275063441
Q round71-s17 11 (3, 34, 67, 40) 227.33001035539587
Q round71-s17 0 (30, 45, 60, 55) 57.80326486816177
Q round71-s17 15 (38, 1, 25, 37) 127.18736031400745
ROUND 71 n 1232 bestJ 22.760062170296987 best (62, 21, 44, 63) eligible 6460
Q round72-s17 9 (71, 42, 23, 19) 44.75625993486014
Q round72-s17 8 (34, 60, 39, 6) 55.63709733817682
Q round72-s17 7 (64, 49, 34, 53) 156.41274369260807
Q round72-s17 5 (28, 33, 37, 14) 48.858485205573686
Q round72-s17 3 (70, 20, 31, 9) 60.71380276448847
Q round72-s17 14 (33, 43, 1, 29) 90.68951535792498
Q round72-s17 6 (52, 59, 39, 55) 47.71714145407363
Q round72-s17 1 (15, 41, 59, 39) 70.2465572560815
Q round72-s17 2 (12, 60, 53, 26) 86.87891215380378
Q round72-s17 10 (20, 4, 46, 52) 91.8508730753679
Q round72-s17 13 (12, 17, 3, 62) 46.481543985092436
Q round72-s17 11 (35, 37, 68, 47) 53.48984116574827
Q round72-s17 4 (25, 37, 36, 52) 56.88216744127222
Q round72-s17 12 (1, 6, 26, 2) 334.5971466576293
Q round72-s17 15 (43, 37, 36, 46) 53.34657652218637
Q round72-s17 0 (62, 5, 44, 15) 28.130076692943096
ROUND 72 n 1248 bestJ 22.760062170296987 best (62, 21, 44, 63) eligible 6835
Q round73-s17 11 (16, 63, 13, 70) 113.58912628074513
Q round73-s17 14 (71, 67, 42, 4) 139.73136277390407
Q round73-s17 7 (63, 2, 1, 4) 66.98380338310714
Q round73-s17 4 (53, 60, 54, 13) 51.439724692624054
Q round73-s17 8 (66, 45, 26, 11) 157.34799050932065
Q round73-s17 9 (52, 64, 66, 41) 50.04756235693991
Q round73-s17 12 (42, 36, 22, 44) 169.16048072878658
Q round73-s17 13 (24, 30, 15, 54) 105.39355186828016
Q round73-s17 6 (9, 7, 26, 3) 119.29868216587396
Q round73-s17 15 (1, 20, 50, 16) 143.17824952066326
Q round73-s17 3 (35, 62, 44, 34) 263.81769264684806
Q round73-s17 1 (63, 66, 60, 47) 38.14831010285059
Q round73-s17 5 (28, 25, 41, 10) 34.493580355524266
Q round73-s17 0 (28, 41, 20, 71) 36.51045489600195
Q round73-s17 2 (25, 21, 62, 2) 65.99392396211648
Q round73-s17 10 (38, 61, 30, 70) 71.97127237247429
ROUND 73 n 1264 bestJ 22.760062170296987 best (62, 21, 44, 63) eligible 1031
Q round74-s17 9 (10, 38, 8, 44) 100.34823785030996
Q round74-s17 15 (18, 49, 28, 22) 46.9604742992012
Q round74-s17 6 (21, 4, 49, 66) 328.41575378899216
Q round74-s17 7 (22, 51, 69, 52) 276.75950373976167
Q round74-s17 3 (40, 3, 25, 33) 52.75220004941498
Q round74-s17 8 (58, 3, 30, 11) 201.77954018304473
Q round74-s17 4 (32, 40, 33, 2) 248.34833350589324
Q round74-s17 2 (9, 51, 14, 56) 46.36117096390434
Q round74-s17 12 (33, 4, 22, 50) 43.99668233937318
Q round74-s17 0 (70, 52, 32, 34) 45.424816869939065
Q round74-s17 13 (3, 19, 2, 46) 111.8313850370624
Q round74-s17 10 (22, 23, 66, 2) 372.2318183026264
Q round74-s17 11 (7, 10, 59, 39) 23.537708019368864
Q round74-s17 14 (49, 66, 50, 66) 942.3147923125575
Q round74-s17 5 (70, 47, 12, 0) 114.21353983494063
Q round74-s17 1 (30, 62, 40, 56) 113.02608383823976
ROUND 74 n 1280 bestJ 22.760062170296987 best (62, 21, 44, 63) eligible 7249
Q round75-s17 3 (69, 55, 32, 3) 87.31597596290312
Q round75-s17 8 (48, 61, 42, 66) 111.59577407342964
Q round75-s17 15 (4, 66, 50, 12) 144.82479139258817
Q round75-s17 2 (39, 61, 52, 36) 47.8740994099261
Q round75-s17 14 (45, 58, 46, 32) 50.65502871340839
Q round75-s17 5 (21, 66, 43, 7) 514.4739721270205
Q round75-s17 1 (39, 42, 3, 68) 198.2070203337177
Q round75-s17 11 (21, 37, 11, 20) 102.83669867982078
Q round75-s17 4 (13, 50, 51, 57) 134.0013177021522
Q round75-s17 12 (33, 3, 45, 10) 103.8573482922728
Q round75-s17 7 (19, 6, 38, 20) 54.30232928550254
Q round75-s17 10 (34, 21, 8, 46) 44.003773858738874
Q round75-s17 13 (3, 50, 40, 67) 89.42309799673497
Q round75-s17 0 (70, 13, 19, 23) 38.3700912467237
Q round75-s17 6 (33, 30, 63, 2) 187.48039303153263
Q round75-s17 9 (3, 2, 50, 47) 82.13272691222934
ROUND 75 n 1296 bestJ 22.760062170296987 best (62, 21, 44, 63) eligible 953
Q round76-s17 1 (66, 38, 32, 52) 136.7710021561284
Q round76-s17 9 (18, 51, 62, 19) 112.30122657257724
Q round76-s17 6 (71, 15, 66, 18) 322.37882904401965
Q round76-s17 8 (8, 30, 71, 62) 105.12666906166429
Q round76-s17 7 (10, 48, 27, 1) 100.66290536041576
Q round76-s17 14 (7, 20, 29, 61) 53.32162417991796
Q round76-s17 15 (23, 1, 35, 2) 143.14472673456922
Q round76-s17 13 (16, 45, 38, 5) 67.31500939687882
Q round76-s17 4 (20, 7, 66, 31) 55.62564644522753
Q round76-s17 2 (31, 69, 52, 5) 141.47060179819158
Q round76-s17 0 (32, 61, 60, 23) 42.62820427843353
Q round76-s17 12 (3, 35, 14, 23) 54.2729711565914
Q round76-s17 11 (17, 66, 21, 60) 170.77772320914707
Q round76-s17 10 (11, 38, 38, 45) 39.648597214811325
Q round76-s17 5 (11, 61, 15, 34) 152.60777685330606
Q round76-s17 3 (70, 0, 28, 9) 91.28226204790369
ROUND 76 n 1312 bestJ 22.760062170296987 best (62, 21, 44, 63) eligible 6691
Q round77-s17 9 (40, 57, 48, 59) 70.0465648163506
Q round77-s17 3 (32, 1, 56, 4) 67.5653405272648
Q round77-s17 14 (39, 21, 8, 59) 56.43434534229323
Q round77-s17 10 (16, 18, 54, 19) 94.05801375356597
Q round77-s17 7 (26, 22, 59, 5) 171.11385205377746
Q round77-s17 6 (66, 36, 12, 4) 95.5981349463076
Q round77-s17 4 (32, 27, 55, 34) 51.915308350483095
Q round77-s17 15 (60, 39, 49, 43) 60.10771805937846
Q round77-s17 1 (64, 53, 39, 34) 85.90841353654918
Q round77-s17 12 (1, 11, 31, 36) 52.49817086653055
Q round77-s17 13 (29, 37, 32, 40) 42.01446639416559
Q round77-s17 0 (56, 34, 60, 30) 22.1036434401478
Q round77-s17 11 (9, 20, 23, 21) 37.72278427313155
Q round77-s17 5 (28, 20, 25, 5) 344.0357389766933
Q round77-s17 8 (19, 68, 66, 24) 104.78200198973471
Q round77-s17 2 (46, 69, 59, 66) 122.9204547718958
ROUND 77 n 1328 bestJ 22.1036434401478 best (56, 34, 60, 30) eligible 3210
Q round78-s17 11 (64, 16, 63, 51) 80.6687040413825
Q round78-s17 14 (29, 57, 64, 44) 68.52303632271648
Q round78-s17 10 (57, 58, 13, 45) 1091.2293965397266
Q round78-s17 9 (18, 55, 35, 50) 193.79732815666864
Q round78-s17 2 (39, 1, 23, 66) 177.75111060331514
Q round78-s17 3 (40, 48, 19, 55) 66.21967804293446
Q round78-s17 8 (70, 11, 44, 9) 60.1999246080878
Q round78-s17 4 (60, 13, 57, 19) 188.0127841758696
Q round78-s17 7 (29, 13, 57, 6) 46.473331012448774
Q round78-s17 5 (6, 3, 11, 7) 56.54803736744961
Q round78-s17 13 (22, 12, 52, 44) 229.66448715088308
Q round78-s17 1 (41, 15, 2, 1) 139.23029022577109
Q round78-s17 12 (60, 17, 3, 16) 42.612076707211074
Q round78-s17 6 (67, 56, 5, 50) 101.816827855579
Q round78-s17 0 (9, 5, 20, 63) 28.781327287642345
Q round78-s17 15 (9, 1, 38, 15) 86.85534761908721
ROUND 78 n 1344 bestJ 22.1036434401478 best (56, 34, 60, 30) eligible 3637
Q round79-s17 9 (45, 59, 27, 63) 1929.9704518847134
Q round79-s17 7 (40, 33, 70, 51) 54.58818227016305
Q round79-s17 1 (2, 27, 56, 53) 155.4523275198354
Q round79-s17 3 (23, 61, 62, 50) 186.90768601711
Q round79-s17 15 (61, 55, 64, 6) 83.36306440053201
Q round79-s17 4 (38, 0, 18, 42) 223.43197685838354
Q round79-s17 6 (39, 44, 10, 71) 55.242041099939065
Q round79-s17 5 (9, 18, 66, 32) 219.79441268855768
Q round79-s17 13 (49, 28, 3, 53) 143.3207077534675
Q round79-s17 8 (3, 27, 67, 55) 100.00529539818247
Q round79-s17 11 (51, 55, 70, 8) 64.67482104417994
Q round79-s17 14 (14, 50, 7, 18) 107.42284753294847
Q round79-s17 12 (43, 40, 21, 42) 106.02576748504464
Q round79-s17 0 (70, 5, 12, 32) 38.332459089842516
Q round79-s17 10 (19, 42, 37, 13) 114.42807899320132
Q round79-s17 2 (3, 24, 57, 8) 46.281894383173515
ROUND 79 n 1360 bestJ 22.1036434401478 best (56, 34, 60, 30) eligible 2755
Q round80-s17 12 (39, 27, 42, 28) 110.1675758451734
Q round80-s17 8 (23, 53, 1, 43) 39.40032457590422
Q round80-s17 2 (8, 52, 42, 45) 515.7220111370057
Q round80-s17 14 (53, 36, 40, 59) 410.9287229709279
Q round80-s17 13 (45, 60, 39, 46) 57.63277239925352
Q round80-s17 3 (16, 44, 45, 65) 50.8743828884524
Q round80-s17 6 (24, 42, 3, 59) 152.76183291151472
Q round80-s17 4 (41, 47, 35, 4) 70.83319334776813
Q round80-s17 1 (56, 45, 46, 45) 64.26529460922892
Q round80-s17 7 (43, 32, 64, 60) 63.14494233774366
Q round80-s17 10 (43, 28, 31, 5) 144.7145193383766
Q round80-s17 15 (23, 40, 48, 6) 115.84886716734532
Q round80-s17 9 (22, 7, 64, 67) 133.21303667343153
Q round80-s17 5 (58, 29, 8, 32) 98.69467089414853
Q round80-s17 11 (20, 45, 37, 42) 140.73917203780687
Q round80-s17 0 (9, 69, 20, 41) 27.054202696436025
ROUND 80 n 1376 bestJ 22.1036434401478 best (56, 34, 60, 30) eligible 6295
Q round81-s17 12 (53, 36, 45, 51) 100.87797467189239
Q round81-s17 11 (40, 39, 26, 32) 136.49160049133434
Q round81-s17 13 (42, 35, 36, 62) 93.82902796542295
Q round81-s17 5 (18, 6, 33, 44) 118.67998188278925
Q round81-s17 3 (8, 1, 6, 30) 89.67725430337245
Q round81-s17 0 (0, 34, 11, 15) 29.158803461507656
Q round81-s17 14 (3, 20, 56, 12) 220.01337829917628
Q round81-s17 15 (48, 39, 8, 61) 158.78771419538967
Q round81-s17 6 (15, 7, 52, 28) 119.14706709457728
Q round81-s17 1 (59, 32, 38, 53) 43.346461437409445
Q round81-s17 4 (49, 2, 21, 10) 685.3481110739926
Q round81-s17 10 (22, 25, 58, 29) 214.5411613098969
Q round81-s17 9 (52, 31, 14, 53) 64.02960532091451
Q round81-s17 7 (52, 2, 53, 48) 157.50642328320274
Q round81-s17 2 (43, 24, 11, 18) 94.77954581463847
Q round81-s17 8 (33, 70, 48, 39) 90.39161531562489
ROUND 81 n 1392 bestJ 22.1036434401478 best (56, 34, 60, 30) eligible 6644
Q round82-s17 12 (13, 41, 0, 19) 94.16583334094204
Q round82-s17 10 (45, 38, 49, 24) 65.56828789584688
Q round82-s17 3 (37, 63, 6, 27) 37.96665454648632
Q round82-s17 7 (18, 44, 62, 59) 167.49919333591083
Q round82-s17 4 (24, 27, 8, 14) 55.6650120307862
Q round82-s17 1 (21, 5, 37, 54) 175.07123192684955
Q round82-s17 5 (30, 20, 26, 2) 290.70079979614087
Q round82-s17 8 (35, 62, 31, 9) 53.7509559284528
Q round82-s17 0 (32, 34, 52, 49) 34.52282754236025
Q round82-s17 6 (27, 60, 12, 50) 95.2946471611427
Q round82-s17 13 (28, 12, 27, 46) 60.720058102766714
Q round82-s17 14 (9, 48, 6, 51) 75.49066546765232
Q round82-s17 11 (15, 0, 49, 38) 112.47588472658417
Q round82-s17 2 (44, 7, 64, 38) 68.17832588759347
Q round82-s17 9 (33, 0, 46, 25) 74.84701898000009
Q round82-s17 15 (65, 26, 64, 39) 58.478052441901454
ROUND 82 n 1408 bestJ 22.1036434401478 best (56, 34, 60, 30) eligible 2757
Q round83-s17 15 (8, 49, 66, 48) 124.07910625975308
Q round83-s17 11 (5, 62, 9, 24) 56.10773782191097
Q round83-s17 14 (10, 60, 41, 2) 378.28860801312595
Q round83-s17 1 (34, 39, 39, 8) 60.06068301604066
Q round83-s17 4 (48, 27, 58, 13) 135.9628794742208
Q round83-s17 2 (9, 3, 38, 48) 57.45535481730416
Q round83-s17 7 (70, 55, 32, 67) 115.04747838294747
Q round83-s17 10 (25, 65, 21, 1) 91.36743938570108
Q round83-s17 5 (27, 68, 46, 66) 184.22936026762824
Q round83-s17 13 (68, 1, 64, 13) 48.28423253966548
Q round83-s17 8 (9, 23, 22, 3) 90.17642321672443
Q round83-s17 9 (60, 2, 24, 42) 116.96365724280527
Q round83-s17 3 (17, 58, 21, 31) 44.55544157846856
Q round83-s17 6 (46, 13, 7, 6) 90.07948849829917
Q round83-s17 0 (57, 58, 60, 70) 27.4780925467126
Q round83-s17 12 (71, 30, 4, 47) 98.46806991574135
ROUND 83 n 1424 bestJ 22.1036434401478 best (56, 34, 60, 30) eligible 6775
Q round84-s17 12 (37, 60, 35, 37) 205.04477011025116
Q round84-s17 11 (66, 39, 4, 64) 94.91055222533711
Q round84-s17 14 (54, 11, 65, 71) 66.07123367880047
Q round84-s17 3 (2, 37, 33, 0) 72.77997300048807
Q round84-s17 1 (24, 10, 31, 71) 68.5467503643414
Q round84-s17 4 (27, 29, 59, 51) 123.10741377639398
Q round84-s17 13 (68, 69, 19, 36) 102.3854389399508
Q round84-s17 7 (52, 68, 6, 60) 51.96471225595607
Q round84-s17 5 (14, 2, 49, 51) 82.65266574780999
Q round84-s17 9 (35, 37, 24, 1) 46.36094428846055
Q round84-s17 2 (14, 34, 26, 34) 219.79696204439736
Q round84-s17 6 (65, 22, 70, 43) 82.81751503927919
Q round84-s17 10 (3, 32, 55, 13) 41.9076051723915
Q round84-s17 15 (46, 29, 22, 62) 86.81771901959023
Q round84-s17 8 (39, 70, 24, 8) 103.81871969703447
Q round84-s17 0 (41, 21, 28, 40) 25.749213768445614
ROUND 84 n 1440 bestJ 22.1036434401478 best (56, 34, 60, 30) eligible 5407
Q round85-s17 5 (56, 34, 42, 37) 2126.131212865831
Q round85-s17 14 (21, 67, 16, 12) 1269.2584128103322
Q round85-s17 12 (55, 59, 23, 27) 66.58666520757896
Q round85-s17 10 (0, 20, 60, 15) 46.069323656591486
Q round85-s17 9 (24, 49, 32, 34) 180.95978220945938
Q round85-s17 13 (12, 28, 29, 70) 105.1579270409112
Q round85-s17 4 (14, 27, 6, 14) 71.90803866073212
Q round85-s17 7 (64, 45, 30, 49) 55.81222235052842
Q round85-s17 3 (16, 71, 4, 10) 159.264767947928
Q round85-s17 6 (12, 62, 68, 7) 39.13826733172876
Q round85-s17 2 (62, 58, 44, 60) 154.0018401445154
Q round85-s17 8 (28, 33, 20, 65) 45.76686614548246
Q round85-s17 15 (39, 48, 33, 46) 90.0180740401294
Q round85-s17 1 (43, 69, 32, 65) 58.2599839856811
Q round85-s17 0 (49, 10, 44, 25) 45.51141058613043
Q round85-s17 11 (3, 48, 51, 26) 94.98361319291081
ROUND 85 n 1456 bestJ 22.1036434401478 best (56, 34, 60, 30) eligible 5889
Q round86-s17 4 (41, 36, 5, 11) 810.6164696943904
Q round86-s17 12 (31, 61, 11, 52) 50.86290973520925
Q round86-s17 3 (18, 62, 65, 63) 50.095000653791594
Q round86-s17 8 (13, 6, 41, 43) 66.3938310816802
Q round86-s17 13 (23, 11, 36, 45) 323.8985045761894
Q round86-s17 6 (48, 3, 33, 38) 47.100021098042966
Q round86-s17 10 (45, 31, 43, 33) 91.10507959883707
Q round86-s17 15 (56, 40, 7, 22) 88.99766494268141
Q round86-s17 2 (69, 26, 31, 48) 48.181225835847066
Q round86-s17 0 (32, 69, 68, 30) 27.30628382489311
Q round86-s17 14 (57, 52, 13, 66) 313.71318077100216
Q round86-s17 11 (4, 41, 25, 32) 53.62878110686269
Q round86-s17 7 (67, 34, 38, 55) 50.82218663536116
Q round86-s17 5 (44, 63, 17, 50) 34.86247847605287
Q round86-s17 9 (6, 49, 33, 23) 109.4828952313529
Q round86-s17 1 (57, 30, 56, 10) 163.6382526129692
ROUND 86 n 1472 bestJ 22.1036434401478 best (56, 34, 60, 30) eligible 2454
Q round87-s17 4 (2, 14, 50, 1) 305.10782091273154
Q round87-s17 15 (48, 45, 18, 36) 93.87939420851342
Q round87-s17 13 (10, 38, 3, 51) 111.14638571640037
Q round87-s17 5 (58, 28, 48, 14) 50.84874352229924
Q round87-s17 10 (26, 50, 47, 33) 109.37311862847022
Q round87-s17 0 (38, 44, 32, 58) 52.16115474845694
Q round87-s17 2 (39, 52, 22, 45) 57.158377673830984
Q round87-s17 11 (1, 28, 49, 52) 48.377098548410764
Q round87-s17 1 (10, 37, 24, 2) 144.36546325222585
Q round87-s17 9 (1, 27, 67, 57) 186.09832380540146
Q round87-s17 12 (43, 51, 17, 0) 56.33790762706788
Q round87-s17 6 (46, 52, 14, 6) 68.6513626944665
Q round87-s17 14 (38, 34, 38, 11) 69.34918640966009
Q round87-s17 7 (70, 13, 60, 11) 109.86877119992349
Q round87-s17 8 (44, 37, 28, 37) 141.90100260248624
Q round87-s17 3 (30, 56, 57, 18) 366.163341395455
ROUND 87 n 1488 bestJ 22.1036434401478 best (56, 34, 60, 30) eligible 5940
Q round88-s17 9 (21, 54, 50, 2) 754.2302614283841
Q round88-s17 3 (45, 39, 46, 52) 36.77742456038335
Q round88-s17 12 (64, 34, 45, 26) 158.0038212959105
Q round88-s17 2 (56, 40, 38, 9) 67.45897309983684
Q round88-s17 10 (18, 5, 27, 38) 206.49331308693394
Q round88-s17 8 (64, 50, 67, 38) 73.88799613546912
Q round88-s17 4 (36, 69, 61, 55) 53.960609796275776
Q round88-s17 1 (44, 33, 10, 8) 112.17850703272944
Q round88-s17 11 (40, 53, 28, 62) 30.590991020584948
Q round88-s17 0 (25, 28, 68, 22) 37.148206513533964
Q round88-s17 13 (33, 64, 16, 10) 158.4238598132393
Q round88-s17 6 (6, 2, 70, 12) 53.43569472185176
Q round88-s17 7 (51, 62, 59, 24) 56.73817560734896
Q round88-s17 5 (41, 13, 36, 52) 92.15336334122868
Q round88-s17 14 (44, 26, 63, 41) 48.45537569381038
Q round88-s17 15 (3, 58, 23, 8) 52.547689527056434
ROUND 88 n 1504 bestJ 22.1036434401478 best (56, 34, 60, 30) eligible 928
Q round89-s17 4 (35, 13, 32, 61) 2030.5862602377538
Q round89-s17 12 (53, 47, 3, 44) 618.461002203709
Q round89-s17 2 (53, 35, 3, 41) 279.859577791141
Q round89-s17 9 (2, 35, 25, 46) 56.145887449534
Q round89-s17 6 (28, 23, 21, 44) 69.81087090722366
Q round89-s17 5 (39, 32, 66, 0) 117.49256422452814
Q round89-s17 1 (29, 11, 2, 58) 179.401726045093
Q round89-s17 10 (69, 59, 12, 42) 123.30574849605783
Q round89-s17 13 (31, 36, 30, 7) 85.53349952414777
Q round89-s17 8 (15, 12, 60, 10) 192.9666162232483
Q round89-s17 3 (48, 43, 59, 67) 92.80808274069476
Q round89-s17 14 (52, 57, 5, 49) 50.06498728703056
Q round89-s17 7 (63, 21, 31, 2) 108.77829137512629
Q round89-s17 11 (68, 41, 60, 1) 38.1412629511036
Q round89-s17 15 (46, 15, 68, 52) 108.62865111812086
Q round89-s17 0 (25, 69, 60, 30) 37.59488136009526
ROUND 89 n 1520 bestJ 22.1036434401478 best (56, 34, 60, 30) eligible 6124
Q round90-s17 8 (31, 37, 34, 27) 83.26550758050104
Q round90-s17 13 (2, 25, 25, 3) 623.2354981897487
Q round90-s17 4 (23, 39, 5, 17) 137.24093263220817
Q round90-s17 15 (39, 56, 66, 61) 159.95866136045936
Q round90-s17 11 (39, 1, 34, 50) 227.04994712449903
Q round90-s17 6 (63, 63, 16, 14) 102.63262285655884
Q round90-s17 9 (42, 29, 41, 63) 53.28956580292573
Q round90-s17 1 (52, 28, 20, 10) 92.71525859548663
Q round90-s17 7 (60, 10, 14, 59) 498.0275708492664
Q round90-s17 12 (36, 63, 35, 39) 36.130558038144066
Q round90-s17 3 (65, 17, 33, 51) 48.32721042808092
Q round90-s17 5 (33, 8, 1, 61) 143.55776796266062
Q round90-s17 14 (36, 40, 62, 34) 69.1939430995576
Q round90-s17 10 (30, 14, 12, 16) 102.15892439084597
Q round90-s17 2 (6, 45, 48, 46) 87.87863608420741
Q round90-s17 0 (65, 5, 44, 41) 28.11608517761077
ROUND 90 n 1536 bestJ 22.1036434401478 best (56, 34, 60, 30) eligible 2062
Q round91-s17 11 (29, 68, 5, 62) 1136.2967554706338
Q round91-s17 3 (37, 12, 63, 19) 434.7669485606726
Q round91-s17 4 (29, 20, 69, 22) 117.08887693625249
Q round91-s17 5 (69, 25, 1, 35) 72.22213199735653
Q round91-s17 15 (63, 3, 9, 20) 157.21172698152844
Q round91-s17 10 (47, 12, 27, 62) 48.76714063372257
Q round91-s17 13 (56, 26, 14, 66) 55.9235418716703
Q round91-s17 1 (5, 26, 14, 15) 48.54695275982238
Q round91-s17 8 (65, 20, 6, 45) 36.47958352060265
Q round91-s17 2 (49, 20, 49, 2) 32.49188631936167
Q round91-s17 12 (55, 64, 51, 24) 80.33695726733849
Q round91-s17 14 (22, 33, 42, 29) 190.20491270611387
Q round91-s17 7 (43, 55, 18, 26) 173.16723560782808
Q round91-s17 9 (25, 24, 13, 37) 173.58603846990334
Q round91-s17 6 (6, 9, 55, 48) 117.43708649170149
Q round91-s17 0 (9, 29, 4, 41) 26.81402775457125
ROUND 91 n 1552 bestJ 22.1036434401478 best (56, 34, 60, 30) eligible 2057
Q round92-s17 6 (24, 65, 50, 59) 76.86823900287234
Q round92-s17 11 (31, 26, 11, 43) 475.5151152400433
Q round92-s17 9 (45, 51, 6, 63) 54.964939699564454
Q round92-s17 15 (42, 12, 0, 59) 170.9370807809189
Q round92-s17 8 (46, 59, 2, 55) 74.46197369909297
Q round92-s17 10 (40, 11, 65, 30) 60.35276564677709
Q round92-s17 13 (45, 48, 15, 50) 64.1225103084314
Q round92-s17 3 (62, 23, 56, 51) 100.73431615298725
Q round92-s17 7 (21, 26, 69, 48) 148.4163846936525
Q round92-s17 2 (68, 36, 1, 43) 301.0423508404453
Q round92-s17 5 (51, 70, 25, 55) 61.522641816115524
Q round92-s17 12 (60, 46, 9, 59) 45.5079643842882
Q round92-s17 14 (52, 55, 66, 5) 67.55276087492796
Q round92-s17 4 (47, 70, 64, 61) 204.51087550219899
Q round92-s17 1 (65, 47, 6, 39) 100.89243585976597
Q round92-s17 0 (41, 21, 60, 32) 25.547216944111643
ROUND 92 n 1568 bestJ 22.1036434401478 best (56, 34, 60, 30) eligible 1362
Q round93-s17 1 (13, 47, 2, 57) 44.111529718395644
Q round93-s17 15 (50, 32, 25, 10) 1164.515838592755
Q round93-s17 8 (56, 49, 29, 27) 48.68548265826722
Q round93-s17 13 (4, 47, 37, 52) 48.73149823233014
Q round93-s17 6 (18, 54, 25, 44) 91.6579486427962
Q round93-s17 11 (40, 36, 9, 53) 46.568726375296336
Q round93-s17 4 (45, 71, 40, 34) 76.15077423678281
Q round93-s17 9 (10, 15, 38, 42) 60.18628470712828
Q round93-s17 0 (32, 58, 52, 70) 28.07606009744966
Q round93-s17 14 (6, 55, 71, 4) 137.71314836443437
Q round93-s17 3 (17, 11, 66, 29) 103.94802025513575
Q round93-s17 10 (36, 70, 20, 50) 133.55268161968903
Q round93-s17 7 (60, 38, 3, 23) 39.88507177966493
Q round93-s17 2 (0, 16, 51, 63) 54.20885411465019
Q round93-s17 5 (44, 10, 9, 46) 50.517062271877045
Q round93-s17 12 (38, 30, 27, 7) 60.070628261942865
ROUND 93 n 1584 bestJ 22.1036434401478 best (56, 34, 60, 30) eligible 1808
Q round94-s17 3 (28, 4, 9, 44) 1939.0855218082481
Q round94-s17 1 (40, 64, 37, 35) 99.87376542504936
Q round94-s17 13 (56, 56, 58, 2) 173.54277753672713
Q round94-s17 9 (16, 48, 13, 47) 137.85045785874317
Q round94-s17 4 (66, 30, 10, 18) 139.41178131247642
Q round94-s17 11 (24, 1, 33, 38) 91.757934645856
Q round94-s17 5 (8, 1, 0, 34) 196.46728660011004
Q round94-s17 14 (62, 36, 31, 58) 75.00355257450572
Q round94-s17 12 (39, 34, 25, 13) 65.22463083779968
Q round94-s17 15 (38, 20, 11, 22) 50.49085029968801
Q round94-s17 10 (43, 35, 24, 9) 58.40656259066542
Q round94-s17 2 (67, 9, 27, 51) 75.29991649210012
Q round94-s17 7 (6, 2, 40, 37) 113.11465376194909
Q round94-s17 8 (6, 30, 48, 38) 128.47413930347827
Q round94-s17 6 (70, 6, 6, 61) 174.75879933635133
Q round94-s17 0 (41, 5, 12, 16) 23.730282112982128
ROUND 94 n 1600 bestJ 22.1036434401478 best (56, 34, 60, 30) eligible 1949
Q round95-s17 15 (24, 70, 7, 43) 92.7701832664839
Q round95-s17 12 (52, 68, 65, 4) 661.3722278924772
Q round95-s17 13 (0, 56, 28, 58) 182.35333922831546
Q round95-s17 11 (11, 45, 37, 28) 91.54905893823808
Q round95-s17 2 (28, 0, 25, 3) 102.3348836666085
Q round95-s17 0 (23, 34, 35, 31) 52.66491105270668
Q round95-s17 8 (35, 68, 23, 13) 55.821347930930806
Q round95-s17 1 (44, 12, 6, 16) 50.12594702548917
Q round95-s17 14 (17, 34, 10, 63) 46.185682797716275
Q round95-s17 9 (36, 39, 46, 57) 70.17900591580505
Q round95-s17 7 (68, 56, 31, 71) 67.3836773714631
Q round95-s17 10 (64, 22, 6, 25) 105.92723804144396
Q round95-s17 6 (62, 16, 15, 13) 167.0421449508882
Q round95-s17 4 (33, 17, 39, 42) 144.78149562551434
Q round95-s17 3 (9, 23, 25, 26) 196.8973604935893
Q round95-s17 5 (9, 39, 64, 55) 94.74815402970827
ROUND 95 n 1616 bestJ 22.1036434401478 best (56, 34, 60, 30) eligible 1961
Q round96-s17 8 (8, 46, 1, 3) 82.38469141523568
Q round96-s17 4 (34, 57, 66, 68) 153.30379099364063
Q round96-s17 11 (66, 45, 68, 62) 2398.850554664511
Q round96-s17 6 (29, 49, 35, 32) 69.48478785711289
Q round96-s17 14 (15, 51, 40, 31) 68.67370818749446
Q round96-s17 10 (24, 68, 61, 69) 78.70650395603879
Q round96-s17 15 (25, 44, 19, 28) 135.8615686867557
Q round96-s17 13 (3, 66, 55, 36) 668.1301734017984
Q round96-s17 7 (20, 43, 45, 5) 102.70840230992755
Q round96-s17 5 (43, 39, 51, 65) 94.15215210522653
Q round96-s17 1 (43, 23, 54, 71) 70.48784245043956
Q round96-s17 9 (38, 18, 8, 39) 54.08507025130397
Q round96-s17 12 (20, 13, 21, 50) 208.32942856946946
Q round96-s17 2 (33, 54, 65, 42) 167.8097027964746
Q round96-s17 3 (57, 65, 67, 30) 36.96345668126364
Q round96-s17 0 (65, 29, 52, 32) 27.647789690493124
ROUND 96 n 1632 bestJ 22.1036434401478 best (56, 34, 60, 30) eligible 2106
Q round97-s17 15 (70, 52, 4, 20) 26061.31874929971
Q round97-s17 5 (39, 44, 10, 3) 148.55277738283448
Q round97-s17 10 (0, 8, 36, 52) 89.07687363149415
Q round97-s17 4 (53, 22, 49, 30) 73.6520086464497
Q round97-s17 11 (18, 6, 4, 13) 264.186410289878
Q round97-s17 2 (34, 14, 1, 41) 62.21231857517221
Q round97-s17 12 (8, 6, 31, 18) 214.13427517216658
Q round97-s17 3 (61, 55, 22, 58) 119.6816091921842
Q round97-s17 13 (32, 37, 5, 21) 84.69884948453792
Q round97-s17 9 (56, 11, 68, 54) 54.9419292215751
Q round97-s17 7 (35, 35, 32, 69) 308.4511190790118
Q round97-s17 1 (67, 50, 61, 1) 161.89219942097841
Q round97-s17 14 (46, 26, 35, 4) 255.80739618464284
Q round97-s17 8 (32, 6, 31, 6) 89.28659475887711
Q round97-s17 6 (1, 25, 41, 24) 88.23655573401686
Q round97-s17 0 (41, 21, 68, 55) 30.95661206175047
ROUND 97 n 1648 bestJ 22.1036434401478 best (56, 34, 60, 30) eligible 1719
Q round98-s17 8 (24, 48, 33, 43) 78.74547182536907
Q round98-s17 2 (50, 38, 51, 13) 104.76225599699862
Q round98-s17 14 (34, 33, 19, 31) 75.25678268156264
Q round98-s17 10 (69, 57, 4, 2) 126.3121086147278
Q round98-s17 1 (10, 27, 33, 61) 395.7907397293728
Q round98-s17 3 (32, 4, 41, 7) 69.12218349407829
Q round98-s17 4 (41, 59, 53, 20) 208.8862353984308
Q round98-s17 15 (19, 29, 45, 54) 696.7926290596222
Q round98-s17 11 (13, 32, 12, 32) 75.51871016242035
Q round98-s17 12 (36, 50, 18, 32) 103.47093942545162
Q round98-s17 6 (33, 51, 24, 21) 137.455027349836
Q round98-s17 5 (49, 38, 61, 60) 90.29507778107148
Q round98-s17 0 (32, 69, 60, 38) 27.142544232275416
Q round98-s17 7 (12, 12, 70, 35) 220.16522317105205
Q round98-s17 13 (27, 7, 68, 40) 38.50737035271205
Q round98-s17 9 (71, 46, 38, 46) 111.31542608500293
ROUND 98 n 1664 bestJ 22.1036434401478 best (56, 34, 60, 30) eligible 1841
Q round99-s17 4 (37, 60, 43, 30) 70.78029829923176
Q round99-s17 6 (18, 67, 32, 23) 58.30128182021723
Q round99-s17 8 (5, 50, 38, 19) 96.21449991748008
Q round99-s17 14 (39, 68, 4, 68) 645.2868846631222
Q round99-s17 12 (15, 36, 54, 3) 43.086338546440864
Q round99-s17 3 (51, 37, 21, 4) 100.02087680181248
Q round99-s17 5 (47, 52, 10, 66) 221.51101055242134
Q round99-s17 0 (39, 29, 52, 38) 26.365400153033665
Q round99-s17 13 (15, 17, 11, 55) 61.37844402483583
Q round99-s17 15 (41, 31, 5, 60) 119.34650206072746
Q round99-s17 10 (35, 70, 43, 57) 65.93233807193566
Q round99-s17 2 (7, 5, 6, 55) 80.80501431638613
Q round99-s17 1 (60, 15, 8, 16) 74.09503607299017
Q round99-s17 9 (14, 18, 71, 49) 75.13579482896228
Q round99-s17 11 (30, 47, 71, 8) 133.96250962236064
Q round99-s17 7 (1, 23, 23, 16) 124.57450584774067
ROUND 99 n 1680 bestJ 22.1036434401478 best (56, 34, 60, 30) eligible 2672
Q round100-s17 10 (21, 71, 9, 27) 104.15198819180146
Q round100-s17 2 (35, 12, 34, 71) 1341.7735656832199
Q round100-s17 5 (66, 44, 38, 0) 53.007115465018884
Q round100-s17 1 (18, 59, 65, 46) 56.807137222486816
Q round100-s17 13 (47, 5, 41, 19) 42.245677447624125
Q round100-s17 15 (51, 16, 29, 52) 347.6791736690298
Q round100-s17 11 (65, 34, 20, 4) 1328.331939679078
Q round100-s17 12 (28, 28, 5, 41) 421.03995505175436
Q round100-s17 9 (0, 62, 52, 0) 71.65367807131135
Q round100-s17 6 (33, 28, 50, 2) 221.42148900496358
Q round100-s17 7 (28, 20, 28, 21) 77.70953862652169
Q round100-s17 4 (6, 11, 52, 22) 39.64426483258805
Q round100-s17 3 (32, 6, 41, 35) 74.34051738026074
Q round100-s17 14 (64, 7, 38, 55) 103.43694387423606
Q round100-s17 8 (49, 2, 6, 14) 73.44104623539448
Q round100-s17 0 (41, 53, 28, 7) 39.81901006832716
ROUND 100 n 1696 bestJ 22.1036434401478 best (56, 34, 60, 30) eligible 3004
Q round101-s17 10 (16, 64, 26, 62) 128.19857715470832
Q round101-s17 7 (41, 52, 50, 70) 58.447048357612964
Q round101-s17 9 (40, 3, 24, 16) 56.86073857416653
Q round101-s17 5 (0, 4, 36, 50) 269.58960476448624
Q round101-s17 2 (56, 52, 5, 55) 41.28625581935829
Q round101-s17 13 (65, 27, 17, 4) 122.48452961651621
Q round101-s17 14 (59, 12, 71, 48) 46.65297135966394
Q round101-s17 15 (7, 50, 33, 37) 126.0644694228367
Q round101-s17 4 (71, 1, 57, 33) 107.77224624450162
Q round101-s17 12 (61, 53, 38, 25) 34.298932638169944
Q round101-s17 8 (66, 2, 39, 46) 58.881696216948164
Q round101-s17 6 (60, 70, 4, 2) 121.54903914386529
Q round101-s17 3 (19, 38, 12, 67) 117.22943225985858
Q round101-s17 1 (12, 33, 52, 71) 39.24359538290087
Q round101-s17 11 (23, 22, 61, 25) 145.14199815721716
Q round101-s17 0 (9, 21, 4, 30) 28.139653340564724
ROUND 101 n 1712 bestJ 22.1036434401478 best (56, 34, 60, 30) eligible 1467
Q round102-s17 12 (52, 57, 60, 58) 16835.43463779143
Q round102-s17 11 (68, 18, 34, 59) 130.59234665384992
Q round102-s17 15 (45, 33, 14, 31) 72.516352288576
Q round102-s17 10 (29, 4, 32, 3) 133.58178935074167
Q round102-s17 8 (15, 5, 51, 21) 456.2222831913482
Q round102-s17 4 (26, 7, 1, 33) 52.08237660821018
Q round102-s17 6 (2, 0, 48, 24) 49.00900111502193
Q round102-s17 13 (46, 27, 46, 9) 57.580079539215056
Q round102-s17 1 (33, 68, 6, 34) 37.40890671645451
Q round102-s17 14 (15, 21, 41, 24) 70.08441431619143
Q round102-s17 3 (3, 35, 39, 16) 55.40446882117221
Q round102-s17 5 (54, 26, 6, 2) 105.69923155538854
Q round102-s17 7 (22, 38, 51, 53) 229.36305440960294
Q round102-s17 9 (70, 29, 31, 40) 80.1230940624513
Q round102-s17 0 (38, 21, 20, 48) 23.513340294614377
Q round102-s17 2 (17, 41, 56, 54) 88.42283577442151
ROUND 102 n 1728 bestJ 22.1036434401478 best (56, 34, 60, 30) eligible 1911
Q round103-s17 10 (24, 70, 14, 28) 99.35553681304712
Q round103-s17 4 (58, 4, 18, 34) 184.8964289101635
Q round103-s17 13 (32, 64, 66, 53) 149.46217720677018
Q round103-s17 14 (50, 44, 32, 17) 67.06835888969327
Q round103-s17 2 (24, 64, 16, 65) 101.68166895133129
Q round103-s17 3 (52, 46, 18, 55) 58.816210108158586
Q round103-s17 1 (26, 0, 64, 41) 47.47687380786154
Q round103-s17 9 (20, 69, 61, 6) 85.27861133584209
Q round103-s17 11 (41, 56, 13, 9) 82.83678446692568
Q round103-s17 0 (56, 58, 36, 39) 25.312952612342983
Q round103-s17 15 (51, 48, 27, 20) 111.36647673588753
Q round103-s17 7 (1, 23, 18, 32) 172.39768430523043
Q round103-s17 12 (67, 11, 61, 45) 81.68527406612003
Q round103-s17 8 (12, 60, 0, 13) 53.8481639793677
Q round103-s17 6 (65, 1, 4, 43) 76.0384564498236
Q round103-s17 5 (24, 39, 23, 61) 154.55520780242392
ROUND 103 n 1744 bestJ 22.1036434401478 best (56, 34, 60, 30) eligible 4601
Q round104-s17 11 (42, 51, 46, 5) 4868.519177268833
Q round104-s17 13 (38, 51, 30, 43) 1056.5227570384159
Q round104-s17 14 (16, 63, 16, 59) 87.8422848746124
Q round104-s17 1 (32, 28, 69, 46) 44.460377740500995
Q round104-s17 2 (39, 62, 71, 19) 77.11777421465638
Q round104-s17 5 (6, 35, 58, 56) 72.729042758547
Q round104-s17 12 (70, 32, 61, 38) 116.64678611974931
Q round104-s17 10 (25, 36, 40, 66) 55.40887334647108
Q round104-s17 4 (56, 50, 15, 56) 42.87611179440551
Q round104-s17 15 (49, 37, 18, 14) 75.65979577046973
Q round104-s17 6 (17, 7, 2, 53) 216.13396080336557
Q round104-s17 7 (28, 49, 23, 38) 68.09091351854391
Q round104-s17 9 (43, 9, 48, 23) 63.965284069406124
Q round104-s17 3 (57, 16, 25, 13) 117.77540555855515
Q round104-s17 8 (9, 42, 39, 17) 49.9669668066567
Q round104-s17 0 (41, 21, 52, 32) 27.463207844449318
ROUND 104 n 1760 bestJ 22.1036434401478 best (56, 34, 60, 30) eligible 1601
Q round105-s17 6 (13, 71, 43, 3) 147.57700569322807
Q round105-s17 3 (26, 65, 0, 35) 160.58167443573996
Q round105-s17 13 (18, 63, 37, 5) 257.81174268916413
Q round105-s17 5 (21, 23, 48, 65) 67.17495170094978
Q round105-s17 1 (64, 4, 65, 5) 45.86155918588516
Q round105-s17 8 (68, 43, 38, 21) 483.0911661116943
Q round105-s17 12 (16, 58, 70, 63) 63.96112590563571
Q round105-s17 11 (56, 6, 45, 11) 85.52052989504283
Q round105-s17 0 (36, 29, 55, 33) 41.11981812283289
Q round105-s17 9 (19, 39, 19, 15) 52.30404139725714
Q round105-s17 14 (62, 37, 32, 29) 106.74739221162382
Q round105-s17 4 (62, 2, 54, 50) 172.62818503908628
Q round105-s17 15 (43, 24, 46, 15) 66.40361427084619
Q round105-s17 10 (14, 21, 39, 30) 77.77921107442731
Q round105-s17 2 (49, 37, 55, 0) 93.02511900126638
Q round105-s17 7 (16, 55, 68, 47) 96.00377038442204
ROUND 105 n 1776 bestJ 22.1036434401478 best (56, 34, 60, 30) eligible 502
Q round106-s17 14 (37, 60, 3, 15) 72.12131060832648
Q round106-s17 9 (45, 59, 3, 19) 125.23547336506677
Q round106-s17 3 (55, 56, 0, 42) 203.78515291903656
Q round106-s17 5 (11, 54, 16, 19) 76.4568313474366
Q round106-s17 1 (24, 37, 21, 7) 90.98140812911514
Q round106-s17 10 (16, 17, 51, 70) 52.746794949775364
Q round106-s17 4 (58, 2, 5, 6) 158.08448509643372
Q round106-s17 8 (39, 52, 21, 0) 38.507932318245054
Q round106-s17 0 (32, 26, 36, 22) 27.42289491101083
Q round106-s17 7 (62, 55, 10, 5) 254.55875278033105
Q round106-s17 6 (71, 2, 46, 55) 79.0706827039673
Q round106-s17 12 (62, 21, 38, 5) 57.77668783677416
Q round106-s17 15 (15, 62, 54, 28) 98.4807563503496
Q round106-s17 2 (54, 40, 55, 8) 124.48449205168758
Q round106-s17 13 (46, 45, 24, 23) 86.28119066607249
Q round106-s17 11 (38, 41, 27, 57) 50.14456154868127
ROUND 106 n 1792 bestJ 22.1036434401478 best (56, 34, 60, 30) eligible 1375
Q round107-s17 6 (7, 48, 26, 48) 191.06616187618712
Q round107-s17 11 (66, 49, 57, 13) 79.44955837632213
Q round107-s17 3 (58, 46, 65, 69) 36.331558894573995
Q round107-s17 10 (69, 38, 36, 43) 259.1950577252974
Q round107-s17 2 (8, 39, 14, 59) 80.00204905285531
Q round107-s17 8 (69, 27, 42, 64) 95.79742208160056
Q round107-s17 12 (18, 44, 36, 13) 91.94799684355569
Q round107-s17 5 (58, 67, 9, 8) 62.08332836084906
Q round107-s17 15 (5, 18, 31, 15) 49.01423765443384
Q round107-s17 13 (35, 4, 18, 3) 126.06063299216427
Q round107-s17 7 (39, 58, 33, 39) 54.67831400523633
Q round107-s17 1 (28, 16, 6, 4) 42.623454573237154
Q round107-s17 9 (54, 32, 45, 18) 232.35744906317743
Q round107-s17 4 (11, 31, 34, 58) 341.3217970244322
Q round107-s17 0 (57, 69, 44, 55) 27.974130037279032
Q round107-s17 14 (41, 1, 25, 10) 138.02676101408233
ROUND 107 n 1808 bestJ 22.1036434401478 best (56, 34, 60, 30) eligible 4322
Q round108-s17 1 (69, 31, 50, 65) 44.898278669284124
Q round108-s17 6 (31, 33, 50, 38) 116.92720390298854
Q round108-s17 12 (24, 37, 26, 22) 81.22288522421047
Q round108-s17 10 (10, 50, 7, 12) 201.82098597122123
Q round108-s17 8 (59, 40, 50, 6) 55.91059494865576
Q round108-s17 9 (28, 47, 24, 59) 41.92996022764382
Q round108-s17 13 (68, 28, 6, 22) 55.264161501977696
Q round108-s17 15 (28, 7, 14, 12) 51.897587963075125
Q round108-s17 2 (31, 71, 60, 58) 198.77683054912256
Q round108-s17 5 (68, 33, 12, 26) 147.69049540293824
Q round108-s17 3 (32, 47, 1, 63) 86.19526846069083
Q round108-s17 11 (31, 39, 55, 45) 197.12282051815927
Q round108-s17 0 (19, 55, 57, 29) 35.08211674851413
Q round108-s17 7 (28, 42, 67, 31) 374.20478018685515
Q round108-s17 4 (30, 33, 31, 25) 91.24767977127789
Q round108-s17 14 (25, 7, 71, 57) 108.7995414713294
ROUND 108 n 1824 bestJ 22.1036434401478 best (56, 34, 60, 30) eligible 1222
Q round109-s17 15 (60, 28, 34, 64) 2949.078600528476
Q round109-s17 9 (18, 66, 10, 60) 136.6346105519102
Q round109-s17 10 (12, 21, 58, 28) 107.77091910776042
Q round109-s17 1 (58, 43, 71, 0) 55.36322896367479
Q round109-s17 4 (58, 67, 66, 34) 168.72955287993932
Q round109-s17 6 (48, 26, 49, 35) 72.33772009412209
Q round109-s17 11 (56, 34, 8, 66) 85.63219235130057
Q round109-s17 13 (6, 27, 54, 9) 57.28252447674197
Q round109-s17 2 (46, 22, 48, 3) 117.58844227560157
Q round109-s17 3 (9, 59, 37, 56) 58.48945515705145
Q round109-s17 14 (60, 17, 63, 17) 65.02384423353108
Q round109-s17 12 (47, 6, 18, 31) 183.7170391853982
Q round109-s17 5 (35, 58, 37, 21) 103.84196236228637
Q round109-s17 8 (33, 53, 19, 16) 64.31721039053005
Q round109-s17 7 (22, 65, 35, 58) 274.92678734382685
Q round109-s17 0 (57, 34, 60, 54) 25.98105885166837
ROUND 109 n 1840 bestJ 22.1036434401478 best (56, 34, 60, 30) eligible 1409
Q round110-s17 15 (58, 41, 61, 68) 421.23381196484263
Q round110-s17 11 (10, 4, 48, 56) 58.350146181954194
Q round110-s17 2 (2, 3, 44, 8) 288.42906707379524
Q round110-s17 8 (66, 14, 0, 45) 34.650620758670236
Q round110-s17 6 (5, 42, 16, 52) 168.08135346652475
Q round110-s17 7 (8, 43, 38, 35) 220.32033302988972
Q round110-s17 9 (36, 63, 47, 67) 42.629718858075364
Q round110-s17 5 (57, 51, 26, 50) 156.37213373656766
Q round110-s17 12 (24, 16, 68, 61) 162.16773565524102
Q round110-s17 13 (54, 67, 71, 60) 50.82193027661866
Q round110-s17 3 (15, 52, 41, 45) 54.76004356445986
Q round110-s17 10 (13, 13, 5, 37) 117.33085111873143
Q round110-s17 1 (11, 36, 36, 68) 140.1278375364537
Q round110-s17 14 (20, 44, 20, 71) 73.14311058551226
Q round110-s17 4 (23, 14, 62, 27) 107.59825177484639
Q round110-s17 0 (57, 10, 60, 39) 29.230305187085232
ROUND 110 n 1856 bestJ 22.1036434401478 best (56, 34, 60, 30) eligible 1491
Q round111-s17 8 (26, 67, 4, 41) 475.02968862075085
Q round111-s17 2 (31, 58, 59, 60) 89.24233161500496
Q round111-s17 12 (66, 17, 56, 63) 50.859708967411805
Q round111-s17 5 (18, 57, 67, 12) 101.38763034771489
Q round111-s17 10 (24, 67, 32, 45) 100.69520764975854
Q round111-s17 7 (48, 35, 19, 65) 95.25808305004453
Q round111-s17 13 (63, 64, 17, 13) 155.44101600067359
Q round111-s17 11 (39, 60, 59, 41) 46.88640249301732
Q round111-s17 14 (39, 58, 65, 40) 56.74174317631169
Q round111-s17 3 (70, 12, 16, 45) 43.562980485184774
Q round111-s17 0 (56, 50, 36, 62) 37.79861110502853
Q round111-s17 9 (49, 68, 68, 58) 314.23220922298555
Q round111-s17 6 (17, 56, 8, 41) 88.14452507382947
Q round111-s17 4 (19, 41, 32, 54) 55.11365705512307
Q round111-s17 15 (12, 23, 12, 38) 36.75512986314359
Q round111-s17 1 (25, 13, 31, 53) 92.01201948205374
ROUND 111 n 1872 bestJ 22.1036434401478 best (56, 34, 60, 30) eligible 1592
Q round112-s17 15 (40, 40, 2, 35) 93.4568435554037
Q round112-s17 12 (50, 62, 24, 51) 502.3616885139598
Q round112-s17 1 (15, 59, 34, 43) 152.79318533444265
Q round112-s17 10 (69, 25, 41, 65) 62.06666612570457
Q round112-s17 11 (29, 28, 22, 60) 60.141343826235406
Q round112-s17 13 (26, 66, 52, 0) 203.00450032685836
Q round112-s17 3 (63, 64, 64, 57) 106.52195989977344
Q round112-s17 4 (33, 71, 36, 35) 50.22922614663065
Q round112-s17 2 (0, 66, 22, 54) 64.66842736078611
Q round112-s17 6 (35, 60, 60, 53) 154.60528193785302
Q round112-s17 7 (60, 39, 41, 30) 66.73006656470521
Q round112-s17 8 (67, 9, 66, 53) 173.459753965466
Q round112-s17 9 (71, 31, 31, 61) 215.9823527803411
Q round112-s17 14 (39, 54, 57, 26) 230.2016000752532
Q round112-s17 5 (17, 37, 67, 13) 108.54694411893823
Q round112-s17 0 (49, 45, 36, 63) 33.74629336589865
ROUND 112 n 1888 bestJ 22.1036434401478 best (56, 34, 60, 30) eligible 1629
Q round113-s17 2 (10, 63, 1, 19) 731.0483445029272
Q round113-s17 6 (58, 20, 18, 35) 127.41709289374367
Q round113-s17 12 (5, 52, 60, 2) 102.26175788949693
Q round113-s17 7 (0, 67, 26, 64) 373.23460624905863
Q round113-s17 13 (48, 26, 52, 4) 526.3036396493518
Q round113-s17 14 (48, 57, 52, 13) 94.27791216204811
Q round113-s17 9 (46, 59, 22, 19) 88.11263835293657
Q round113-s17 0 (56, 10, 68, 15) 30.460391603359184
Q round113-s17 11 (16, 29, 28, 32) 19.759673500626374
Q round113-s17 5 (44, 62, 19, 2) 104.1951938357373
Q round113-s17 3 (27, 25, 57, 26) 64.06320767113988
Q round113-s17 4 (4, 33, 65, 21) 38.919732388284295
Q round113-s17 1 (7, 17, 38, 48) 103.54444735318604
Q round113-s17 10 (47, 63, 30, 9) 86.2336422317968
Q round113-s17 8 (67, 31, 1, 21) 38.63469169081079
Q round113-s17 15 (41, 39, 64, 10) 195.6993385642959
ROUND 113 n 1904 bestJ 19.759673500626374 best (16, 29, 28, 32) eligible 4027
Q round114-s17 14 (36, 13, 50, 6) 5592.607089877438
Q round114-s17 13 (40, 45, 42, 55) 48.86280961263352
Q round114-s17 11 (5, 65, 64, 29) 37.65579556630157
Q round114-s17 6 (37, 14, 6, 37) 94.04582568072149
Q round114-s17 15 (53, 59, 9, 42) 170.0122190478775
Q round114-s17 10 (7, 36, 21, 32) 60.33502833474531
Q round114-s17 7 (46, 27, 55, 12) 53.041194926239484
Q round114-s17 2 (33, 31, 34, 7) 132.79304892687924
Q round114-s17 4 (51, 60, 59, 63) 124.62559281688482
Q round114-s17 1 (11, 30, 41, 58) 40.48644770671384
Q round114-s17 9 (68, 63, 71, 70) 66.88995908772932
Q round114-s17 3 (28, 63, 9, 31) 55.58588046575494
Q round114-s17 8 (31, 64, 63, 56) 123.75710615019813
Q round114-s17 12 (31, 46, 33, 1) 115.35606502935826
Q round114-s17 5 (1, 45, 71, 50) 96.41370109746549
Q round114-s17 0 (65, 5, 36, 32) 26.379146437888974
ROUND 114 n 1920 bestJ 19.759673500626374 best (16, 29, 28, 32) eligible 1712
Q round115-s17 10 (15, 20, 5, 26) 1470.0777037406676
Q round115-s17 3 (48, 9, 29, 9) 83.61697244107587
Q round115-s17 2 (42, 36, 52, 25) 157.74722280656897
Q round115-s17 9 (50, 52, 14, 53) 258.0310969807316
Q round115-s17 4 (42, 59, 68, 45) 104.63887201649727
Q round115-s17 8 (63, 67, 13, 57) 113.51706960339561
Q round115-s17 11 (31, 25, 59, 2) 118.45502356682196
Q round115-s17 5 (56, 31, 36, 67) 53.78250860839302
Q round115-s17 7 (60, 49, 63, 68) 49.87289856200925
Q round115-s17 13 (43, 70, 26, 62) 61.107388051567845
Q round115-s17 14 (71, 68, 56, 7) 76.2528420792682
Q round115-s17 15 (41, 27, 49, 71) 54.149465611912596
Q round115-s17 6 (4, 30, 19, 28) 298.76548801506914
Q round115-s17 1 (3, 57, 28, 37) 354.6014395130528
Q round115-s17 0 (33, 34, 36, 14) 25.627838449149618
Q round115-s17 12 (46, 45, 41, 16) 83.70837026239424
ROUND 115 n 1936 bestJ 19.759673500626374 best (16, 29, 28, 32) eligible 1584
Q round116-s17 8 (56, 1, 66, 36) 71.68294494544338
Q round116-s17 7 (48, 7, 61, 25) 133.26685993471034
Q round116-s17 15 (34, 9, 6, 52) 45.046631550514135
Q round116-s17 10 (29, 56, 53, 22) 33.80637640128005
Q round116-s17 6 (18, 24, 21, 31) 111.12303910939679
Q round116-s17 11 (5, 36, 61, 33) 167.2763430468792
Q round116-s17 2 (61, 10, 24, 53) 729.4069139836167
Q round116-s17 12 (8, 12, 38, 32) 62.72784394920741
Q round116-s17 4 (9, 51, 3, 38) 147.65150985875394
Q round116-s17 3 (48, 30, 20, 47) 76.97917989661708
Q round116-s17 0 (56, 34, 60, 39) 24.473183296739364
Q round116-s17 13 (6, 71, 24, 44) 141.71821244202067
Q round116-s17 5 (67, 20, 57, 21) 181.76692650518922
Q round116-s17 9 (28, 11, 36, 14) 55.6060997824356
Q round116-s17 14 (6, 20, 20, 57) 39.12929642911157
Q round116-s17 1 (4, 34, 6, 35) 549.5635774032079
ROUND 116 n 1952 bestJ 19.759673500626374 best (16, 29, 28, 32) eligible 1348
Q round117-s17 13 (7, 18, 21, 32) 78.39795489106038
Q round117-s17 8 (50, 27, 44, 61) 92.93703816769694
Q round117-s17 1 (5, 19, 1, 70) 56.404285935416375
Q round117-s17 10 (37, 21, 71, 12) 125.99164260658048
Q round117-s17 6 (59, 50, 61, 67) 115.61520167416937
Q round117-s17 9 (67, 48, 5, 51) 145.41641296551546
Q round117-s17 3 (71, 61, 31, 49) 92.18189732516522
Q round117-s17 12 (9, 4, 36, 9) 44.15436927533768
Q round117-s17 2 (60, 26, 62, 59) 208.25934502481002
Q round117-s17 4 (56, 63, 30, 62) 76.69676839997635
Q round117-s17 5 (36, 32, 58, 45) 308.5968463012003
Q round117-s17 15 (44, 47, 60, 14) 45.05008473304884
Q round117-s17 11 (9, 33, 65, 2) 113.38671486595729
Q round117-s17 7 (3, 23, 55, 16) 72.5216385865001
Q round117-s17 14 (12, 8, 51, 29) 175.4073420301149
Q round117-s17 0 (33, 10, 33, 57) 28.48451490791838
ROUND 117 n 1968 bestJ 19.759673500626374 best (16, 29, 28, 32) eligible 1175
Q round118-s17 8 (37, 57, 66, 38) 52.112121849013725
Q round118-s17 13 (28, 23, 18, 70) 58.807666060437676
Q round118-s17 1 (61, 20, 47, 44) 104.66012384361643
Q round118-s17 3 (5, 23, 0, 10) 75.7073115130017
Q round118-s17 14 (26, 23, 51, 38) 93.4900634009154
Q round118-s17 4 (29, 23, 39, 40) 82.16199997877949
Q round118-s17 2 (28, 20, 8, 58) 592.1539430177445
Q round118-s17 10 (68, 0, 33, 28) 46.65208754135981
Q round118-s17 12 (47, 29, 23, 69) 143.2783726770227
Q round118-s17 11 (31, 10, 27, 1) 36.702361143384074
Q round118-s17 6 (57, 21, 49, 26) 52.83245296402223
Q round118-s17 7 (41, 55, 1, 11) 98.69616321691387
Q round118-s17 9 (35, 69, 49, 61) 89.76294525054105
Q round118-s17 15 (47, 64, 39, 54) 107.48784948981579
Q round118-s17 5 (6, 6, 8, 10) 228.42628237957882
Q round118-s17 0 (65, 5, 68, 0) 25.22379957795505
ROUND 118 n 1984 bestJ 19.759673500626374 best (16, 29, 28, 32) eligible 1460
Q round119-s17 8 (32, 69, 50, 25) 103.82990487531518
Q round119-s17 15 (2, 49, 69, 62) 92.05875826530065
Q round119-s17 6 (2, 41, 54, 62) 59.50747362580661
Q round119-s17 2 (13, 8, 39, 62) 64.80021474494055
Q round119-s17 12 (50, 24, 37, 47) 54.62505639660043
Q round119-s17 7 (55, 52, 62, 66) 65.91131125712974
Q round119-s17 9 (38, 67, 18, 13) 103.9459302330028
Q round119-s17 10 (9, 66, 69, 3) 242.74517240672026
Q round119-s17 5 (54, 31, 62, 12) 122.52326374183049
Q round119-s17 13 (49, 11, 36, 11) 139.05658615444557
Q round119-s17 11 (12, 20, 20, 20) 72.87156331759067
Q round119-s17 1 (3, 32, 15, 69) 43.21791795735026
Q round119-s17 14 (27, 40, 19, 60) 221.47972504227315
Q round119-s17 4 (27, 31, 17, 34) 36.916871850586396
Q round119-s17 0 (38, 5, 52, 0) 21.188005246523613
Q round119-s17 3 (33, 66, 6, 34) 179.98617304368526
ROUND 119 n 2000 bestJ 19.759673500626374 best (16, 29, 28, 32) eligible 1311
Q round120-s17 6 (32, 36, 28, 45) 25834.00046738244
Q round120-s17 13 (37, 16, 59, 66) 3116.7599580937
Q round120-s17 9 (60, 48, 2, 59) 135.25884785348012
Q round120-s17 11 (66, 19, 33, 20) 142.78724555103813
Q round120-s17 3 (45, 14, 70, 37) 71.0769863587524
Q round120-s17 1 (29, 51, 64, 39) 59.91099169327107
Q round120-s17 10 (16, 51, 29, 3) 101.0111680347579
Q round120-s17 7 (43, 39, 33, 67) 707.1778358087226
Q round120-s17 14 (58, 58, 46, 65) 53.83249245070392
Q round120-s17 12 (6, 55, 18, 64) 211.77050250286294
Q round120-s17 15 (67, 38, 38, 18) 40.22557990061645
Q round120-s17 5 (27, 30, 16, 42) 42.79910024033999
Q round120-s17 4 (55, 62, 71, 45) 179.0750937557432
Q round120-s17 2 (3, 42, 63, 10) 80.03353964740268
Q round120-s17 0 (65, 53, 36, 32) 25.043597493078387
Q round120-s17 8 (25, 22, 22, 23) 94.73965894299016
ROUND 120 n 2016 bestJ 19.759673500626374 best (16, 29, 28, 32) eligible 1263
Q round121-s17 12 (58, 41, 55, 53) 45.18351301253325
Q round121-s17 15 (2, 62, 51, 53) 103.31081159576743
Q round121-s17 6 (10, 12, 45, 69) 110.75676244230398
Q round121-s17 14 (2, 11, 31, 34) 371.0492659991696
Q round121-s17 7 (57, 13, 55, 4) 40.07373700648864
Q round121-s17 1 (37, 3, 38, 36) 119.3415802580377
Q round121-s17 9 (15, 21, 61, 58) 98.07045587230728
Q round121-s17 2 (53, 37, 17, 51) 239.49159305419423
Q round121-s17 13 (49, 66, 4, 34) 1475.4528411766246
Q round121-s17 3 (45, 34, 9, 71) 52.41942574597501
Q round121-s17 8 (16, 55, 47, 18) 222.68554948636262
Q round121-s17 11 (9, 8, 61, 36) 109.39465842209053
Q round121-s17 5 (34, 2, 44, 2) 219.523589972278
Q round121-s17 10 (52, 56, 6, 0) 64.74013907722886
Q round121-s17 4 (22, 1, 25, 29) 153.62926819977602
Q round121-s17 0 (49, 21, 12, 32) 29.281593142787077
ROUND 121 n 2032 bestJ 19.759673500626374 best (16, 29, 28, 32) eligible 1508
Q round122-s17 6 (32, 9, 10, 54) 79.88447666464589
Q round122-s17 12 (71, 24, 66, 63) 180.0476527657162
Q round122-s17 3 (39, 42, 26, 3) 195.56414272121174
Q round122-s17 1 (63, 29, 42, 70) 44.94691428324908
Q round122-s17 5 (42, 49, 30, 54) 63.479564948131
Q round122-s17 13 (69, 47, 41, 44) 34.76087847980752
Q round122-s17 2 (13, 20, 64, 54) 50.71854263320387
Q round122-s17 4 (16, 5, 2, 13) 151.29769286094162
Q round122-s17 8 (25, 54, 8, 12) 103.35854254613906
Q round122-s17 14 (16, 32, 54, 16) 85.99724203332707
Q round122-s17 7 (39, 45, 43, 30) 28.318318255216145
Q round122-s17 9 (35, 5, 42, 24) 91.9293239751445
Q round122-s17 11 (12, 46, 40, 62) 71.87114609857143
Q round122-s17 10 (54, 21, 37, 40) 81.65765660735731
Q round122-s17 15 (60, 18, 47, 49) 45.14950461249713
Q round122-s17 0 (38, 5, 36, 0) 28.422105079112555
ROUND 122 n 2048 bestJ 19.759673500626374 best (16, 29, 28, 32) eligible 976
Q round123-s17 12 (9, 50, 45, 36) 13551.648038939555
Q round123-s17 4 (24, 2, 16, 27) 101.50634522392393
Q round123-s17 14 (32, 67, 8, 1) 51.85546469437977
Q round123-s17 8 (64, 16, 37, 55) 128.99229533489543
Q round123-s17 5 (61, 1, 29, 64) 54.70461275792538
Q round123-s17 13 (18, 53, 2, 8) 109.78738790337019
Q round123-s17 9 (62, 58, 11, 29) 1031.0853690397278
Q round123-s17 15 (47, 0, 64, 38) 125.26916310002908
Q round123-s17 6 (47, 17, 27, 53) 161.9384304265715
Q round123-s17 0 (63, 21, 4, 64) 24.10648417172743
Q round123-s17 2 (52, 4, 55, 62) 43.36832094800685
Q round123-s17 1 (68, 62, 14, 25) 60.17244950606622
Q round123-s17 10 (38, 18, 57, 36) 54.39487378343999
Q round123-s17 3 (28, 40, 62, 14) 65.0335036851952
Q round123-s17 11 (3, 13, 32, 25) 57.2555736613808
Q round123-s17 7 (71, 54, 49, 48) 111.78223683150773
ROUND 123 n 2064 bestJ 19.759673500626374 best (16, 29, 28, 32) eligible 1298
Q round124-s17 14 (39, 8, 4, 44) 81.16235365371395
Q round124-s17 8 (48, 55, 49, 28) 105.79538292178019
Q round124-s17 10 (23, 64, 15, 12) 122.96902742815425
Q round124-s17 11 (37, 38, 41, 60) 42.691357753023965
Q round124-s17 4 (18, 27, 50, 22) 114.49019254059203
Q round124-s17 7 (58, 30, 23, 42) 57.55697624639647
Q round124-s17 12 (10, 3, 44, 53) 99.99130071708309
Q round124-s17 15 (61, 35, 49, 27) 327.59254424909443
Q round124-s17 2 (50, 63, 12, 37) 232.45591728718853
Q round124-s17 13 (58, 48, 28, 15) 43.6635072760786
Q round124-s17 6 (4, 57, 61, 62) 47.33076767554892
Q round124-s17 5 (33, 43, 16, 57) 53.751443831442415
Q round124-s17 9 (71, 33, 25, 71) 77.7002335555171
Q round124-s17 1 (56, 5, 6, 56) 56.95284214471132
Q round124-s17 3 (28, 11, 55, 38) 45.49999490025941
Q round124-s17 0 (41, 5, 44, 0) 23.44599414797652
ROUND 124 n 2080 bestJ 19.759673500626374 best (16, 29, 28, 32) eligible 1225
Q round125-s17 8 (37, 55, 18, 4) 89.73032042479083
Q round125-s17 14 (69, 17, 22, 56) 74.56192563559375
Q round125-s17 6 (45, 54, 67, 18) 161.0435829144048
Q round125-s17 11 (29, 63, 7, 45) 64.26185476144401
Q round125-s17 4 (4, 44, 69, 60) 127.70905962262617
Q round125-s17 2 (39, 52, 59, 59) 152.36811899663095
Q round125-s17 9 (29, 58, 70, 62) 48.7814539971376
Q round125-s17 7 (24, 13, 16, 37) 105.86802531512768
Q round125-s17 12 (49, 28, 24, 61) 45.72529685979393
Q round125-s17 13 (51, 35, 5, 62) 225.93255415869865
Q round125-s17 1 (6, 49, 29, 9) 105.20635121022993
Q round125-s17 5 (23, 16, 31, 34) 342.25434611301114
Q round125-s17 10 (65, 0, 63, 21) 159.57713621299862
Q round125-s17 3 (65, 30, 44, 68) 63.04534939514254
Q round125-s17 15 (1, 40, 52, 29) 134.18143411556088
Q round125-s17 0 (49, 21, 28, 16) 21.77572881607529
ROUND 125 n 2096 bestJ 19.759673500626374 best (16, 29, 28, 32) eligible 1242
Q round126-s17 6 (40, 16, 57, 27) 82.74397960670343
Q round126-s17 14 (58, 13, 42, 32) 114.80400866331405
Q round126-s17 9 (42, 30, 28, 23) 44.2099260032322
Q round126-s17 13 (40, 59, 63, 39) 64.63226413213279
Q round126-s17 12 (24, 44, 67, 17) 64.97191571511563
Q round126-s17 15 (55, 19, 59, 35) 115.07631986345936
Q round126-s17 10 (2, 5, 5, 29) 165.8525639210885
Q round126-s17 1 (1, 67, 69, 31) 47.37309395559757
Q round126-s17 11 (70, 8, 18, 15) 201.62349908100487
Q round126-s17 4 (38, 23, 10, 23) 159.37095639253502
Q round126-s17 3 (67, 51, 11, 37) 78.62790929549696
Q round126-s17 2 (36, 35, 0, 41) 46.05202337606666
Q round126-s17 8 (20, 4, 71, 16) 43.58945697541019
Q round126-s17 5 (19, 48, 54, 69) 39.47744698291427
Q round126-s17 7 (54, 45, 68, 62) 52.481823390285236
Q round126-s17 0 (38, 45, 20, 40) 23.108818649542464
ROUND 126 n 2112 bestJ 19.759673500626374 best (16, 29, 28, 32) eligible 1584
Q round127-s17 11 (29, 9, 43, 26) 108.2464114823964
Q round127-s17 7 (28, 17, 2, 65) 63.214394737816455
Q round127-s17 6 (26, 12, 53, 37) 99.01558111231653
Q round127-s17 10 (13, 12, 4, 24) 190.02248263218345
Q round127-s17 15 (61, 24, 45, 13) 63.47218793518274
Q round127-s17 3 (65, 35, 48, 60) 56.66403596163316
Q round127-s17 5 (33, 28, 13, 46) 46.76969158650427
Q round127-s17 1 (9, 71, 10, 1) 123.71740636623728
Q round127-s17 9 (61, 66, 70, 70) 47.31842245022276
Q round127-s17 4 (57, 67, 71, 30) 63.17633892155419
Q round127-s17 2 (3, 57, 34, 25) 118.70124792464094
Q round127-s17 14 (16, 10, 12, 6) 26.319991153340386
Q round127-s17 13 (25, 12, 4, 2) 125.1751398460255
Q round127-s17 8 (22, 20, 54, 46) 65.07360817708332
Q round127-s17 12 (6, 53, 16, 25) 80.59221138900398
Q round127-s17 0 (33, 42, 33, 33) 29.320195699869473
ROUND 127 n 2128 bestJ 19.759673500626374 best (16, 29, 28, 32) eligible 1545
Q round128-s17 14 (18, 53, 52, 17) 2347.863302717096
Q round128-s17 2 (10, 9, 15, 51) 220.4626669995092
Q round128-s17 6 (42, 51, 38, 46) 57.86007051353234
Q round128-s17 5 (8, 56, 36, 26) 99.31890095128337
Q round128-s17 13 (50, 22, 46, 4) 58.56065890964154
Q round128-s17 9 (63, 36, 51, 4) 197.51172944888276
Q round128-s17 8 (38, 48, 61, 67) 97.03098655502363
Q round128-s17 10 (21, 43, 38, 50) 124.55154657263607
Q round128-s17 1 (7, 37, 16, 25) 95.08959602370705
Q round128-s17 11 (56, 11, 14, 65) 55.36512680640762
Q round128-s17 15 (14, 40, 45, 41) 134.44620992540845
Q round128-s17 3 (60, 47, 29, 66) 97.51891143260795
Q round128-s17 4 (70, 38, 1, 11) 84.01075900227748
Q round128-s17 7 (28, 40, 28, 48) 33.80314122716671
Q round128-s17 0 (49, 13, 4, 63) 29.222167307121264
Q round128-s17 12 (9, 26, 20, 17) 55.014492772211234
ROUND 128 n 2144 bestJ 19.759673500626374 best (16, 29, 28, 32) eligible 1706
Q round129-s17 2 (21, 11, 57, 41) 59.18067133867783
Q round129-s17 15 (35, 54, 2, 48) 42.95825264317526
Q round129-s17 11 (24, 36, 15, 34) 78.90142638670099
Q round129-s17 5 (12, 13, 39, 28) 450.2566503307427
Q round129-s17 9 (69, 61, 41, 9) 46.24430063345504
Q round129-s17 7 (6, 71, 58, 50) 344.90712737682486
Q round129-s17 8 (48, 69, 65, 62) 57.687337011672454
Q round129-s17 4 (57, 10, 50, 50) 186.35928511241144
Q round129-s17 12 (62, 41, 29, 43) 63.93277495689739
Q round129-s17 14 (65, 60, 32, 10) 27.705402531256258
Q round129-s17 6 (37, 29, 41, 69) 88.87955456347352
Q round129-s17 13 (46, 2, 53, 44) 68.28854489543049
Q round129-s17 0 (7, 10, 11, 38) 35.37073876064378
Q round129-s17 10 (27, 29, 53, 40) 253.9405614792959
Q round129-s17 1 (40, 55, 49, 49) 96.67237939655325
Q round129-s17 3 (1, 6, 16, 5) 183.49264502001853
ROUND 129 n 2160 bestJ 19.759673500626374 best (16, 29, 28, 32) eligible 1408
Q round130-s17 8 (24, 54, 56, 44) 102.84561361833991
Q round130-s17 3 (42, 28, 41, 5) 313.88939954891373
Q round130-s17 7 (71, 60, 69, 62) 58.2733483020485
Q round130-s17 6 (7, 67, 23, 13) 59.53998383097403
Q round130-s17 2 (64, 38, 14, 10) 157.40546934379526
Q round130-s17 0 (32, 69, 60, 41) 25.944087178980613
Q round130-s17 5 (27, 30, 65, 27) 89.13088704821219
Q round130-s17 1 (55, 49, 41, 56) 105.12753260944919
Q round130-s17 13 (9, 12, 70, 48) 60.98651996181323
Q round130-s17 11 (44, 44, 46, 22) 52.29975874206832
Q round130-s17 4 (28, 57, 16, 25) 49.17778098914047
Q round130-s17 10 (64, 22, 7, 39) 111.47481479831144
Q round130-s17 14 (27, 21, 52, 2) 131.15960881762197
Q round130-s17 12 (70, 7, 7, 55) 127.13931019507866
Q round130-s17 9 (15, 23, 0, 47) 130.5201882418893
Q round130-s17 15 (49, 70, 68, 41) 98.03593497933622
ROUND 130 n 2176 bestJ 19.759673500626374 best (16, 29, 28, 32) eligible 1382
Q round131-s17 1 (2, 11, 66, 67) 140.2157784104875
Q round131-s17 14 (13, 65, 50, 1) 95.35608340041091
Q round131-s17 6 (9, 52, 45, 51) 169.16712053921145
Q round131-s17 8 (58, 63, 45, 18) 139.62745154955456
Q round131-s17 11 (43, 46, 2, 11) 199.28663394137672
Q round131-s17 9 (52, 29, 69, 38) 610.6235070990881
Q round131-s17 4 (21, 62, 55, 9) 59.18969819067264
Q round131-s17 3 (66, 6, 67, 45) 162.0070638820257
Q round131-s17 7 (24, 60, 6, 16) 82.36254197538568
Q round131-s17 13 (44, 54, 68, 15) 41.598721986042634
Q round131-s17 2 (3, 37, 23, 68) 125.26994837935824
Q round131-s17 10 (60, 7, 40, 15) 88.42876428968009
Q round131-s17 12 (11, 40, 17, 46) 57.91670907024488
Q round131-s17 15 (38, 34, 56, 49) 62.635422484316614
Q round131-s17 5 (51, 18, 69, 53) 132.27895344900418
Q round131-s17 0 (65, 13, 20, 64) 22.94100148301117
ROUND 131 n 2192 bestJ 19.759673500626374 best (16, 29, 28, 32) eligible 1784
Q round132-s17 4 (51, 58, 42, 43) 175.50437359018937
Q round132-s17 6 (37, 68, 44, 16) 101.61500741545906
Q round132-s17 11 (63, 19, 63, 40) 61.170157394769596
Q round132-s17 8 (21, 3, 58, 62) 137.23266680948893
Q round132-s17 3 (31, 59, 42, 10) 120.99135618349135
Q round132-s17 9 (45, 43, 52, 59) 91.28214010528363
Q round132-s17 5 (45, 10, 2, 26) 267.12118764036717
Q round132-s17 0 (32, 61, 68, 70) 31.689850126189683
Q round132-s17 12 (70, 8, 69, 17) 156.37064218620193
Q round132-s17 10 (44, 12, 49, 63) 45.34324277287139
Q round132-s17 14 (71, 5, 52, 22) 47.73759217846704
Q round132-s17 1 (28, 53, 25, 42) 215.7337470319631
Q round132-s17 7 (49, 15, 57, 50) 292.7660314168123
Q round132-s17 2 (31, 48, 57, 63) 116.29160838634469
Q round132-s17 15 (33, 46, 36, 48) 67.8386924907725
Q round132-s17 13 (9, 54, 47, 57) 96.85081649688416
ROUND 132 n 2208 bestJ 19.759673500626374 best (16, 29, 28, 32) eligible 1323
Q round133-s17 2 (21, 43, 66, 44) 120.64431504678653
Q round133-s17 8 (69, 3, 61, 56) 530.4527634855799
Q round133-s17 14 (12, 36, 42, 11) 104.6411398565458
Q round133-s17 11 (40, 38, 37, 55) 120.6046870888776
Q round133-s17 6 (29, 66, 43, 47) 520.8069490883228
Q round133-s17 13 (18, 5, 55, 67) 141.11529519353635
Q round133-s17 1 (7, 1, 21, 37) 196.90611418999222
Q round133-s17 7 (40, 38, 62, 26) 184.25027719341784
Q round133-s17 4 (16, 49, 64, 29) 144.7721173505057
Q round133-s17 10 (52, 43, 59, 16) 534.1798522499887
Q round133-s17 9 (70, 36, 71, 18) 89.1848239602623
Q round133-s17 12 (68, 28, 63, 32) 47.54470953058044
Q round133-s17 5 (19, 69, 29, 10) 124.44628293950396
Q round133-s17 3 (12, 37, 54, 26) 82.35109536488531
Q round133-s17 15 (54, 25, 46, 61) 133.0557836868726
Q round133-s17 0 (38, 5, 44, 0) 23.85383940008772
ROUND 133 n 2224 bestJ 19.759673500626374 best (16, 29, 28, 32) eligible 670
Q round134-s17 2 (34, 38, 46, 48) 71.05893194223165
Q round134-s17 12 (45, 37, 26, 1) 259.26705094121127
Q round134-s17 11 (21, 54, 14, 53) 63.77951464643426
Q round134-s17 14 (61, 67, 37, 34) 98.4825981909622
Q round134-s17 10 (35, 17, 52, 4) 444.2176179116336
Q round134-s17 5 (32, 14, 53, 21) 207.90276759548215
Q round134-s17 13 (35, 44, 7, 65) 43.60104238569368
Q round134-s17 0 (15, 45, 4, 31) 45.312356747132256
Q round134-s17 8 (51, 41, 25, 1) 49.00628479785924
Q round134-s17 3 (9, 13, 35, 36) 210.1138183664044
Q round134-s17 9 (71, 47, 70, 32) 127.28066049822871
Q round134-s17 4 (3, 22, 60, 12) 127.38287118573744
Q round134-s17 15 (4, 55, 8, 22) 61.2544237548067
Q round134-s17 1 (33, 47, 31, 39) 98.67293610805639
Q round134-s17 6 (22, 71, 55, 16) 141.09397569815636
Q round134-s17 7 (65, 15, 59, 22) 67.85763720244165
ROUND 134 n 2240 bestJ 19.759673500626374 best (16, 29, 28, 32) eligible 1956
Q round135-s17 15 (42, 33, 65, 59) 505.63788904161174
Q round135-s17 9 (66, 58, 37, 11) 127.31291973326691
Q round135-s17 10 (15, 67, 18, 11) 117.60457346571246
Q round135-s17 11 (47, 18, 5, 61) 75.81098395581303
Q round135-s17 4 (58, 31, 1, 44) 65.836192362707
Q round135-s17 3 (39, 24, 30, 59) 86.53031627633305
Q round135-s17 13 (58, 68, 29, 8) 274.8111934278679
Q round135-s17 14 (1, 68, 5, 22) 40.27739359687788
Q round135-s17 6 (14, 43, 26, 47) 111.93985499635569
Q round135-s17 12 (2, 69, 36, 28) 91.39980612194634
Q round135-s17 2 (67, 14, 43, 61) 332.58672566800135
Q round135-s17 7 (60, 14, 43, 17) 36.552038686053315
Q round135-s17 1 (11, 53, 31, 33) 50.369104264223395
Q round135-s17 8 (19, 15, 44, 46) 43.1312268124149
Q round135-s17 5 (70, 5, 31, 55) 86.59543680216036
Q round135-s17 0 (49, 5, 12, 0) 22.939771590594464
ROUND 135 n 2256 bestJ 19.759673500626374 best (16, 29, 28, 32) eligible 1731
Q round136-s17 15 (55, 12, 35, 47) 45.35646536343885
Q round136-s17 14 (43, 23, 29, 27) 641.3079563531896
Q round136-s17 12 (58, 5, 45, 57) 128.62821805332203
Q round136-s17 6 (32, 10, 24, 49) 45.652591642734166
Q round136-s17 11 (10, 16, 65, 66) 106.54077854678158
Q round136-s17 3 (62, 65, 67, 3) 128.13161684964825
Q round136-s17 7 (63, 13, 31, 8) 75.06524845255663
Q round136-s17 0 (16, 13, 60, 32) 31.865213423227157
Q round136-s17 5 (27, 19, 47, 34) 260.30890564268526
Q round136-s17 8 (9, 45, 10, 26) 531.2579401795482
Q round136-s17 9 (44, 36, 8, 23) 44.86768842217195
Q round136-s17 4 (71, 29, 12, 40) 42.838083799081176
Q round136-s17 10 (4, 65, 40, 47) 67.83181525177923
Q round136-s17 1 (67, 18, 31, 50) 81.72473021683317
Q round136-s17 2 (12, 56, 37, 53) 92.08978010448422
Q round136-s17 13 (4, 2, 20, 25) 323.2352517684861
ROUND 136 n 2272 bestJ 19.759673500626374 best (16, 29, 28, 32) eligible 1696
Q round137-s17 3 (64, 28, 12, 68) 1990.3142252661828
Q round137-s17 6 (54, 3, 26, 57) 653.2457767762819
Q round137-s17 14 (48, 13, 42, 0) 54.7416615531896
Q round137-s17 10 (45, 11, 12, 70) 81.61777004713377
Q round137-s17 8 (29, 8, 1, 10) 37.02529034951623
Q round137-s17 7 (48, 27, 32, 41) 50.50325198540802
Q round137-s17 11 (58, 40, 11, 17) 93.30752995233853
Q round137-s17 15 (32, 64, 55, 65) 78.79218476292581
Q round137-s17 9 (49, 13, 45, 27) 218.86579048850626
Q round137-s17 13 (7, 57, 12, 66) 121.98473464431075
Q round137-s17 4 (59, 58, 13, 58) 149.13292975110872
Q round137-s17 2 (28, 21, 61, 16) 313.80740125825594
Q round137-s17 1 (8, 31, 51, 23) 71.52116410522231
Q round137-s17 12 (38, 46, 65, 10) 180.10662704575995
Q round137-s17 0 (54, 45, 4, 0) 49.879889791656886
Q round137-s17 5 (14, 33, 3, 14) 51.145902341890974
ROUND 137 n 2288 bestJ 19.759673500626374 best (16, 29, 28, 32) eligible 1233
Q round138-s17 15 (69, 33, 2, 28) 200.41928571061726
Q round138-s17 5 (66, 25, 40, 40) 61.46615951084006
Q round138-s17 3 (64, 49, 4, 11) 48.81581516550535
Q round138-s17 2 (61, 40, 25, 38) 67.20728203411913
Q round138-s17 9 (52, 4, 5, 59) 92.6749500043371
Q round138-s17 11 (64, 41, 47, 32) 108.13623223334659
Q round138-s17 1 (16, 61, 70, 5) 116.69121160329675
Q round138-s17 8 (40, 55, 40, 41) 118.13591007061466
Q round138-s17 14 (18, 45, 51, 48) 174.5546684895484
Q round138-s17 4 (14, 48, 45, 56) 154.6330447487699
Q round138-s17 6 (0, 56, 67, 55) 46.41264969140448
Q round138-s17 7 (19, 53, 36, 20) 81.00141599893836
Q round138-s17 13 (30, 26, 64, 33) 70.54341574225225
Q round138-s17 12 (44, 69, 56, 64) 47.30420661680914
Q round138-s17 10 (6, 38, 59, 62) 78.45188526257563
Q round138-s17 0 (62, 5, 52, 0) 24.60214391308003
ROUND 138 n 2304 bestJ 19.759673500626374 best (16, 29, 28, 32) eligible 1178
Q round139-s17 5 (26, 47, 50, 68) 213.0648283964729
Q round139-s17 2 (55, 0, 40, 67) 112.80905711763504
Q round139-s17 12 (67, 17, 2, 27) 126.23863709900603
Q round139-s17 4 (13, 11, 5, 40) 277.3167901903883
Q round139-s17 1 (34, 28, 70, 5) 173.01796856135837
Q round139-s17 14 (24, 13, 60, 12) 99.15818880802466
Q round139-s17 9 (31, 43, 15, 11) 105.73778879550348
Q round139-s17 13 (58, 42, 23, 67) 128.5338903041073
Q round139-s17 6 (9, 35, 35, 36) 275.0286491979036
Q round139-s17 3 (20, 35, 54, 64) 48.32758214556834
Q round139-s17 15 (27, 2, 21, 25) 109.71257950641748
Q round139-s17 10 (46, 1, 45, 23) 134.31727157450362
Q round139-s17 7 (19, 2, 38, 7) 53.26875655029143
Q round139-s17 11 (1, 71, 38, 13) 179.22120151664402
Q round139-s17 0 (70, 5, 28, 0) 48.663373529288684
Q round139-s17 8 (46, 29, 36, 13) 71.12340923839834
ROUND 139 n 2320 bestJ 19.759673500626374 best (16, 29, 28, 32) eligible 888
Q round140-s17 10 (48, 5, 16, 59) 52.301869548055976
Q round140-s17 7 (53, 7, 53, 31) 68.45826868649975
Q round140-s17 13 (50, 70, 15, 27) 141.0674137769112
Q round140-s17 11 (23, 35, 24, 41) 67.29775770773294
Q round140-s17 4 (16, 25, 33, 32) 96.3862767359159
Q round140-s17 1 (1, 47, 66, 27) 136.33555313249795
Q round140-s17 8 (35, 33, 51, 12) 109.900948289771
Q round140-s17 0 (0, 34, 36, 22) 39.00448266117371
Q round140-s17 2 (22, 68, 9, 17) 46.488736858286096
Q round140-s17 5 (70, 8, 66, 30) 173.26872963076005
Q round140-s17 3 (15, 41, 6, 14) 92.29915273218104
Q round140-s17 15 (11, 19, 35, 50) 131.0524371064154
Q round140-s17 14 (67, 1, 47, 45) 49.58981088299626
Q round140-s17 6 (35, 56, 33, 24) 49.477911524637
Q round140-s17 9 (22, 53, 41, 52) 61.747972973502826
Q round140-s17 12 (6, 9, 7, 29) 170.48773859729954
ROUND 140 n 2336 bestJ 19.759673500626374 best (16, 29, 28, 32) eligible 1418
Q round141-s17 8 (61, 32, 11, 18) 152.08281469731992
Q round141-s17 14 (2, 36, 53, 5) 107.86043879368866
Q round141-s17 1 (55, 55, 70, 43) 116.76316725819106
Q round141-s17 5 (61, 11, 5, 15) 284.2348226224474
Q round141-s17 15 (71, 52, 23, 14) 82.03535973590837
Q round141-s17 13 (4, 48, 42, 31) 47.876396608459956
Q round141-s17 9 (41, 39, 29, 9) 92.69214079566193
Q round141-s17 2 (56, 1, 46, 9) 63.40520507787308
Q round141-s17 6 (36, 51, 12, 50) 109.84062225337682
Q round141-s17 7 (68, 40, 45, 66) 176.5432318477735
Q round141-s17 11 (51, 61, 7, 8) 43.89954485045416
Q round141-s17 4 (6, 47, 69, 61) 265.49626800244596
Q round141-s17 10 (36, 24, 38, 54) 70.34275882388803
Q round141-s17 12 (28, 26, 3, 38) 274.84364379143096
Q round141-s17 3 (22, 57, 35, 1) 97.5800647802399
Q round141-s17 0 (65, 53, 60, 56) 24.852464108078927
ROUND 141 n 2352 bestJ 19.759673500626374 best (16, 29, 28, 32) eligible 1258
Q round142-s17 12 (45, 55, 18, 33) 59.83887852588552
Q round142-s17 2 (18, 51, 48, 3) 112.01363788921505
Q round142-s17 6 (54, 4, 68, 7) 45.92438418726076
Q round142-s17 15 (25, 16, 37, 67) 88.67926692339572
Q round142-s17 8 (32, 30, 41, 29) 215.54781496711178
Q round142-s17 0 (63, 5, 44, 40) 23.004217686274863
Q round142-s17 13 (15, 61, 39, 16) 99.23173392760476
Q round142-s17 5 (6, 17, 48, 51) 94.88273466016622
Q round142-s17 11 (68, 67, 57, 5) 219.53657297622033
Q round142-s17 7 (6, 40, 42, 7) 171.9074709888648
Q round142-s17 1 (55, 64, 31, 61) 189.00946570286146
Q round142-s17 9 (67, 25, 56, 64) 55.521375406833435
Q round142-s17 10 (47, 55, 46, 33) 129.16676501932147
Q round142-s17 14 (35, 31, 1, 63) 65.04556746179385
Q round142-s17 4 (64, 55, 67, 9) 71.97321795509569
Q round142-s17 3 (17, 38, 23, 62) 90.90978807044175
ROUND 142 n 2368 bestJ 19.759673500626374 best (16, 29, 28, 32) eligible 1293
Q round143-s17 11 (26, 62, 67, 7) 54.18447206930328
Q round143-s17 14 (18, 59, 22, 21) 251.90214875999837
Q round143-s17 6 (69, 4, 67, 46) 79.94181838137094
Q round143-s17 8 (40, 32, 43, 50) 72.55231094102616
Q round143-s17 5 (13, 53, 45, 2) 160.82382487322
Q round143-s17 15 (5, 32, 21, 69) 235.27101978684078
Q round143-s17 12 (60, 7, 34, 46) 82.73743049388663
Q round143-s17 9 (50, 45, 68, 44) 104.25430245606151
Q round143-s17 7 (3, 35, 53, 51) 99.36599274358882
Q round143-s17 4 (43, 51, 1, 27) 109.81367298724655
Q round143-s17 13 (27, 63, 56, 15) 59.62044005606895
Q round143-s17 1 (43, 9, 46, 27) 73.81675193959866
Q round143-s17 3 (27, 21, 7, 41) 47.61495463460026
Q round143-s17 2 (52, 66, 68, 21) 97.16169324507125
Q round143-s17 0 (62, 5, 68, 47) 32.97477892686506
Q round143-s17 10 (60, 6, 51, 24) 35.67361232100467
ROUND 143 n 2384 bestJ 19.759673500626374 best (16, 29, 28, 32) eligible 1418
Q round144-s17 4 (21, 20, 47, 57) 51.923999146874046
Q round144-s17 2 (40, 20, 45, 36) 221.91174074909995
Q round144-s17 15 (26, 6, 1, 29) 34.52752192760894
Q round144-s17 12 (18, 67, 52, 30) 104.20430126395144
Q round144-s17 9 (64, 45, 46, 60) 44.82820030230467
Q round144-s17 1 (21, 13, 12, 67) 100.09705593766796
Q round144-s17 0 (16, 29, 20, 32) 26.486184255466274
Q round144-s17 5 (54, 37, 29, 12) 75.22534240758023
Q round144-s17 13 (6, 35, 46, 31) 70.39741018922548
Q round144-s17 14 (43, 67, 42, 38) 79.78198307164978
Q round144-s17 8 (30, 47, 65, 26) 207.03156935349128
Q round144-s17 7 (57, 23, 6, 50) 218.91183009935557
Q round144-s17 3 (1, 40, 41, 19) 74.00088555246148
Q round144-s17 11 (62, 18, 71, 5) 77.10614085389935
Q round144-s17 10 (71, 7, 27, 49) 101.79268084342665
Q round144-s17 6 (4, 8, 67, 21) 145.21642311218042
ROUND 144 n 2400 bestJ 19.759673500626374 best (16, 29, 28, 32) eligible 1113
Q round145-s17 15 (50, 58, 66, 49) 106.05506474564628
Q round145-s17 3 (66, 62, 25, 26) 108.11117543709965
Q round145-s17 11 (69, 33, 59, 14) 49.06557961366916
Q round145-s17 10 (69, 24, 70, 6) 71.70283900359752
Q round145-s17 13 (39, 4, 44, 17) 51.84403810000369
Q round145-s17 9 (37, 56, 51, 24) 67.70327465869975
Q round145-s17 8 (38, 12, 20, 63) 49.14045791062245
Q round145-s17 5 (13, 58, 33, 5) 143.01165935591874
Q round145-s17 2 (3, 38, 13, 17) 57.045440148107915
Q round145-s17 12 (51, 32, 3, 4) 86.69285985807902
Q round145-s17 7 (71, 37, 15, 14) 98.3086474080604
Q round145-s17 1 (3, 10, 1, 64) 57.061097712923484
Q round145-s17 6 (55, 23, 65, 32) 132.5217823768374
Q round145-s17 0 (14, 5, 44, 24) 43.48414862148358
Q round145-s17 14 (49, 57, 3, 16) 34.675974793758826
Q round145-s17 4 (41, 61, 31, 64) 93.32468701642546
ROUND 145 n 2416 bestJ 19.759673500626374 best (16, 29, 28, 32) eligible 1511
Q round146-s17 11 (55, 41, 31, 12) 106.88218462163897
Q round146-s17 9 (8, 68, 47, 47) 82.36297379230778
Q round146-s17 4 (40, 40, 12, 35) 60.07967722661387
Q round146-s17 12 (33, 5, 10, 57) 158.35525176413168
Q round146-s17 14 (8, 12, 31, 21) 54.83863653980539
Q round146-s17 1 (16, 40, 55, 25) 97.84147578377133
Q round146-s17 5 (48, 71, 27, 5) 129.03297187102015
Q round146-s17 13 (53, 50, 3, 69) 142.9552481169033
Q round146-s17 8 (17, 41, 37, 36) 89.06107766217522
Q round146-s17 3 (59, 12, 0, 65) 50.38486185385091
Q round146-s17 0 (15, 53, 68, 70) 43.836371834683376
Q round146-s17 10 (52, 3, 15, 40) 45.77000339101528
Q round146-s17 6 (44, 41, 44, 67) 178.87260498417467
Q round146-s17 15 (62, 46, 59, 35) 50.52721515698231
Q round146-s17 7 (33, 63, 28, 57) 56.89664679571906
Q round146-s17 2 (30, 39, 38, 61) 163.40995943119623
ROUND 146 n 2432 bestJ 19.759673500626374 best (16, 29, 28, 32) eligible 2123
Q round147-s17 4 (40, 40, 69, 36) 105.38888833050294
Q round147-s17 10 (71, 3, 22, 65) 63.430643547036254
Q round147-s17 11 (47, 36, 64, 37) 86.1894315902562
Q round147-s17 6 (34, 19, 36, 69) 95.54511252531151
Q round147-s17 12 (21, 13, 53, 21) 129.4005940775196
Q round147-s17 7 (42, 45, 9, 54) 54.488766271425895
Q round147-s17 0 (7, 42, 35, 63) 38.512606931511435
Q round147-s17 2 (70, 0, 31, 43) 106.79951973509641
Q round147-s17 14 (52, 27, 3, 54) 86.2874570685743
Q round147-s17 3 (0, 63, 63, 34) 196.81325518777084
Q round147-s17 9 (35, 43, 10, 65) 107.57486443610883
Q round147-s17 1 (1, 44, 19, 17) 58.881166224113485
Q round147-s17 15 (28, 27, 53, 45) 88.17916869271603
Q round147-s17 5 (4, 55, 60, 12) 97.50046486686922
Q round147-s17 13 (38, 8, 35, 47) 77.12769634524993
Q round147-s17 8 (65, 14, 54, 49) 85.33700069369671
ROUND 147 n 2448 bestJ 19.759673500626374 best (16, 29, 28, 32) eligible 1000
Q round148-s17 5 (58, 22, 66, 1) 67.0020264716682
Q round148-s17 1 (69, 22, 59, 40) 40.86503655110407
Q round148-s17 11 (18, 11, 41, 40) 56.830940080781026
Q round148-s17 14 (10, 27, 68, 23) 85.45003796501288
Q round148-s17 3 (63, 67, 30, 61) 50.736566944136335
Q round148-s17 15 (71, 26, 68, 2) 135.71902890806123
Q round148-s17 13 (12, 26, 2, 48) 96.84196515610378
Q round148-s17 12 (13, 29, 24, 41) 45.85432557235379
Q round148-s17 10 (49, 19, 0, 52) 82.47772494844338
Q round148-s17 9 (11, 65, 48, 68) 56.65710273945796
Q round148-s17 4 (14, 1, 29, 70) 115.9817512057472
Q round148-s17 8 (54, 54, 61, 7) 151.041524224349
Q round148-s17 7 (35, 42, 57, 50) 96.87467165300642
Q round148-s17 2 (30, 9, 57, 29) 145.68876878296527
Q round148-s17 6 (6, 16, 23, 65) 123.11873823582305
Q round148-s17 0 (41, 5, 52, 47) 33.89999788636338
ROUND 148 n 2464 bestJ 19.759673500626374 best (16, 29, 28, 32) eligible 1534
Q round149-s17 7 (2, 9, 2, 57) 329.4765694156743
Q round149-s17 12 (53, 52, 42, 43) 127.29685955889357
Q round149-s17 3 (33, 51, 54, 27) 559.7914799121168
Q round149-s17 6 (29, 15, 12, 36) 101.17407421267511
Q round149-s17 1 (13, 69, 20, 42) 173.75618291526078
Q round149-s17 15 (25, 51, 46, 1) 47.68959591433704
Q round149-s17 2 (65, 11, 51, 14) 59.18078748172795
Q round149-s17 4 (68, 60, 6, 3) 296.4764805269561
Q round149-s17 11 (38, 37, 67, 42) 277.6858889399993
Q round149-s17 10 (68, 68, 51, 35) 83.74594783863267
Q round149-s17 13 (20, 68, 12, 62) 84.79140929294043
Q round149-s17 9 (51, 42, 42, 45) 214.77750696697052
Q round149-s17 8 (49, 47, 1, 42) 383.5376118950705
Q round149-s17 5 (30, 56, 0, 0) 102.09010096788218
Q round149-s17 0 (65, 21, 20, 71) 26.537069638454128
Q round149-s17 14 (30, 32, 28, 48) 90.2676331647501
ROUND 149 n 2480 bestJ 19.759673500626374 best (16, 29, 28, 32) eligible 1212
Q round150-s17 13 (15, 35, 69, 68) 562.5533083231238
Q round150-s17 6 (37, 24, 11, 40) 36.86573921857659
Q round150-s17 11 (2, 1, 71, 42) 72.22253601455641
Q round150-s17 1 (21, 49, 9, 12) 62.882505242324406
Q round150-s17 14 (61, 12, 7, 2) 70.96672281993061
Q round150-s17 5 (48, 20, 3, 5) 123.80926836737314
Q round150-s17 8 (31, 67, 36, 57) 54.660725884817445
Q round150-s17 9 (10, 58, 25, 49) 59.536393326285186
Q round150-s17 7 (6, 6, 29, 12) 145.1363140367549
Q round150-s17 3 (44, 11, 57, 68) 277.61759927739456
Q round150-s17 2 (21, 5, 25, 15) 40.20183462436693
Q round150-s17 15 (12, 71, 51, 66) 182.9596913880789
Q round150-s17 4 (59, 40, 7, 22) 70.44520527473779
Q round150-s17 10 (67, 33, 30, 10) 43.25638480585236
Q round150-s17 12 (67, 55, 60, 32) 42.75407971151747
Q round150-s17 0 (41, 5, 52, 64) 26.589678741648125
ROUND 150 n 2496 bestJ 19.759673500626374 best (16, 29, 28, 32) eligible 1176
Q round151-s17 8 (47, 9, 2, 10) 210.98949679099067
Q round151-s17 3 (35, 51, 5, 30) 1522.0585162464276
Q round151-s17 10 (69, 23, 27, 3) 212.14525200702104
Q round151-s17 15 (14, 36, 47, 51) 43.216767592023686
Q round151-s17 2 (47, 63, 41, 35) 98.68337675314542
Q round151-s17 13 (15, 39, 5, 45) 214.53824687239617
Q round151-s17 4 (46, 22, 34, 49) 153.44575972752946
Q round151-s17 9 (23, 2, 12, 7) 57.33923949973404
Q round151-s17 11 (35, 4, 27, 49) 246.4682341111654
Q round151-s17 7 (36, 36, 26, 13) 89.55154372760157
Q round151-s17 14 (60, 14, 6, 68) 49.360309873991746
Q round151-s17 6 (64, 48, 67, 71) 58.27646399699829
Q round151-s17 1 (12, 5, 20, 48) 278.38847224686276
Q round151-s17 12 (57, 8, 65, 0) 98.30592879487331
Q round151-s17 5 (14, 49, 60, 47) 72.48177707930972
Q round151-s17 0 (65, 45, 28, 0) 23.645449626906547
ROUND 151 n 2512 bestJ 19.759673500626374 best (16, 29, 28, 32) eligible 1280
Q round152-s17 10 (71, 49, 69, 1) 118.02843472879653
Q round152-s17 5 (23, 9, 58, 19) 114.19656706856907
Q round152-s17 7 (58, 62, 63, 20) 87.45515353990167
Q round152-s17 2 (64, 4, 9, 60) 52.16175126361869
Q round152-s17 12 (57, 55, 25, 59) 74.33119264393491
Q round152-s17 14 (47, 33, 60, 61) 105.63525019308555
Q round152-s17 6 (9, 51, 22, 5) 45.342486307176294
Q round152-s17 11 (62, 29, 23, 44) 47.96174115174262
Q round152-s17 13 (57, 66, 22, 36) 39.648605802497386
Q round152-s17 15 (48, 2, 20, 39) 34.60685834372331
Q round152-s17 1 (46, 42, 34, 14) 59.193229577821924
Q round152-s17 9 (15, 71, 70, 6) 106.1500645973636
Q round152-s17 8 (12, 29, 25, 65) 46.19840876570473
Q round152-s17 3 (67, 48, 68, 61) 196.43006990699436
Q round152-s17 4 (4, 69, 61, 50) 137.23965691805407
Q round152-s17 0 (62, 45, 68, 16) 24.391999960150116
ROUND 152 n 2528 bestJ 19.759673500626374 best (16, 29, 28, 32) eligible 1226
Q round153-s17 14 (26, 1, 41, 44) 97.87847360615025
Q round153-s17 8 (67, 22, 34, 59) 361.56840112399647
Q round153-s17 6 (66, 1, 30, 21) 42.247041587720894
Q round153-s17 9 (32, 69, 29, 24) 38.51787805762063
Q round153-s17 5 (21, 55, 13, 53) 94.15802503366899
Q round153-s17 1 (8, 30, 48, 53) 179.95909723291504
Q round153-s17 2 (33, 67, 20, 15) 61.30269177794199
Q round153-s17 4 (20, 64, 51, 4) 129.11469748805885
Q round153-s17 10 (68, 11, 40, 14) 44.58541852324494
Q round153-s17 12 (48, 42, 16, 55) 61.617728858989004
Q round153-s17 11 (46, 12, 67, 0) 38.054062570511334
Q round153-s17 15 (58, 53, 7, 13) 207.18477236288606
Q round153-s17 13 (33, 37, 53, 69) 86.73203533895406
Q round153-s17 7 (1, 69, 65, 43) 90.17129641170065
Q round153-s17 3 (6, 15, 35, 48) 101.18229111138274
Q round153-s17 0 (65, 29, 60, 32) 25.9075700017057
ROUND 153 n 2544 bestJ 19.759673500626374 best (16, 29, 28, 32) eligible 1446
Q round154-s17 7 (10, 63, 29, 20) 219.19232373649444
Q round154-s17 13 (62, 35, 61, 5) 625.5021771472251
Q round154-s17 5 (66, 49, 37, 24) 47.8711150071463
Q round154-s17 12 (21, 64, 66, 71) 73.49136829881792
Q round154-s17 3 (61, 65, 19, 30) 43.97665605136708
Q round154-s17 9 (39, 1, 36, 36) 55.444355683247494
Q round154-s17 4 (15, 5, 69, 15) 77.17903031219993
Q round154-s17 14 (9, 38, 61, 43) 65.5807867564485
Q round154-s17 6 (26, 58, 14, 69) 225.87040551167567
Q round154-s17 8 (1, 28, 39, 38) 55.21040444890983
Q round154-s17 1 (23, 71, 48, 55) 133.9774562288196
Q round154-s17 15 (38, 32, 41, 54) 75.87154036634648
Q round154-s17 0 (38, 5, 12, 16) 22.850267901275465
Q round154-s17 10 (33, 49, 33, 6) 73.73933598163721
Q round154-s17 2 (1, 50, 41, 38) 62.142647401588164
Q round154-s17 11 (22, 13, 40, 14) 93.5587307069567
ROUND 154 n 2560 bestJ 19.759673500626374 best (16, 29, 28, 32) eligible 1234
Q round155-s17 15 (44, 34, 67, 9) 13807.8810776762
Q round155-s17 4 (10, 53, 53, 30) 1536.9124337132696
Q round155-s17 14 (10, 27, 11, 62) 451.68133859970817
Q round155-s17 10 (43, 52, 29, 17) 1165.5899666043667
Q round155-s17 9 (26, 17, 68, 21) 162.67411214428336
Q round155-s17 1 (53, 43, 21, 35) 97.92352642454046
Q round155-s17 11 (61, 15, 68, 53) 55.81718840793595
Q round155-s17 6 (34, 15, 3, 69) 191.05543948119558
Q round155-s17 13 (25, 15, 50, 65) 130.2485636333745
Q round155-s17 8 (35, 16, 41, 4) 54.696286725788354
Q round155-s17 0 (32, 37, 36, 17) 31.562445311005348
Q round155-s17 7 (58, 26, 61, 66) 204.63248770424244
Q round155-s17 2 (54, 25, 44, 29) 130.52627600272697
Q round155-s17 3 (30, 50, 56, 21) 64.91240125124519
Q round155-s17 12 (17, 69, 44, 66) 546.5777981755542
Q round155-s17 5 (70, 29, 52, 0) 42.96587400849341
ROUND 155 n 2576 bestJ 19.759673500626374 best (16, 29, 28, 32) eligible 1481
Q round156-s17 9 (37, 28, 29, 52) 148.78087239460393
Q round156-s17 10 (0, 50, 69, 9) 58.17482987069354
Q round156-s17 2 (58, 25, 39, 49) 56.75874713150917
Q round156-s17 8 (18, 4, 71, 58) 353.2154134533878
Q round156-s17 7 (21, 50, 9, 21) 133.99180714591964
Q round156-s17 4 (44, 9, 48, 12) 51.66370374458435
Q round156-s17 5 (40, 26, 6, 29) 69.5006695822294
Q round156-s17 13 (65, 13, 43, 4) 233.3424854767258
Q round156-s17 1 (18, 5, 10, 37) 183.87538437369565
Q round156-s17 0 (39, 45, 20, 16) 22.123789901362148
Q round156-s17 15 (67, 54, 64, 10) 43.663925228468834
Q round156-s17 6 (14, 64, 5, 61) 213.22027630022546
Q round156-s17 12 (23, 47, 19, 64) 101.29882506603263
Q round156-s17 3 (14, 39, 44, 0) 96.52960941340166
Q round156-s17 11 (38, 23, 30, 55) 94.8674715580629
Q round156-s17 14 (46, 33, 40, 62) 94.93846793193558
ROUND 156 n 2592 bestJ 19.759673500626374 best (16, 29, 28, 32) eligible 1063
Q round157-s17 9 (71, 0, 51, 27) 65.1471121826844
Q round157-s17 10 (25, 27, 17, 19) 1037.449383886784
Q round157-s17 6 (34, 12, 38, 16) 50.84809043201489
Q round157-s17 7 (29, 6, 31, 13) 82.98924377465592
Q round157-s17 8 (37, 6, 30, 27) 41.44731706733783
Q round157-s17 12 (0, 65, 23, 56) 107.43856418733455
Q round157-s17 15 (43, 39, 29, 11) 155.60352444325403
Q round157-s17 11 (20, 64, 21, 30) 44.35584476551163
Q round157-s17 3 (29, 58, 24, 63) 56.29817506642213
Q round157-s17 14 (30, 30, 15, 67) 102.89629835156393
Q round157-s17 13 (19, 20, 40, 17) 51.59201905718939
Q round157-s17 2 (71, 42, 46, 31) 74.73456234462867
Q round157-s17 5 (20, 61, 18, 61) 118.5595018890333
Q round157-s17 4 (28, 5, 51, 65) 516.9206798900498
Q round157-s17 1 (43, 64, 8, 25) 42.83373775297473
Q round157-s17 0 (25, 21, 12, 16) 24.491674243938277
ROUND 157 n 2608 bestJ 19.759673500626374 best (16, 29, 28, 32) eligible 910
Q round158-s17 6 (10, 62, 45, 2) 124.22715412553448
Q round158-s17 11 (42, 48, 61, 30) 54.41986358758761
Q round158-s17 9 (57, 52, 58, 37) 942.9206914686241
Q round158-s17 3 (12, 0, 55, 43) 56.03454696374327
Q round158-s17 15 (54, 43, 7, 39) 70.05419090293269
Q round158-s17 14 (57, 33, 57, 36) 54.356278819068585
Q round158-s17 8 (39, 49, 64, 37) 159.3689654831075
Q round158-s17 2 (39, 34, 64, 40) 66.32744638111554
Q round158-s17 4 (52, 8, 34, 50) 730.2173289585288
Q round158-s17 7 (1, 45, 21, 70) 47.643600559315246
Q round158-s17 13 (60, 4, 12, 38) 70.40051612968549
Q round158-s17 12 (43, 49, 41, 20) 52.61931671551633
Q round158-s17 10 (20, 45, 35, 30) 74.57053260026454
Q round158-s17 1 (22, 17, 39, 29) 177.27655854511644
Q round158-s17 5 (49, 6, 30, 18) 226.25636703263388
Q round158-s17 0 (65, 45, 60, 56) 25.150246141579583
ROUND 158 n 2624 bestJ 19.759673500626374 best (16, 29, 28, 32) eligible 1471
Q round159-s17 6 (39, 9, 61, 59) 68.27684938679747
Q round159-s17 13 (21, 25, 64, 61) 51.472526846192494
Q round159-s17 2 (63, 8, 56, 29) 182.74308236733555
Q round159-s17 5 (55, 56, 58, 48) 154.08186481629923
Q round159-s17 8 (1, 4, 5, 25) 58.39836420119921
Q round159-s17 12 (71, 50, 28, 50) 212.21115756252468
Q round159-s17 10 (71, 63, 13, 61) 209.7179722172937
Q round159-s17 11 (3, 51, 5, 60) 80.87172790233292
Q round159-s17 4 (69, 66, 36, 64) 221.90115614462914
Q round159-s17 9 (68, 20, 48, 41) 45.72952090904747
Q round159-s17 14 (0, 2, 17, 70) 50.48638832973528
Q round159-s17 3 (30, 24, 14, 4) 114.28101869383204
Q round159-s17 7 (71, 47, 54, 47) 115.00970346927292
Q round159-s17 1 (28, 56, 6, 17) 57.111650710167595
Q round159-s17 15 (9, 34, 14, 40) 74.97701123723748
Q round159-s17 0 (41, 45, 20, 0) 22.289570813507417
ROUND 159 n 2640 bestJ 19.759673500626374 best (16, 29, 28, 32) eligible 1236
Q round160-s17 2 (49, 43, 18, 4) 100.45157405120308
Q round160-s17 6 (28, 1, 50, 35) 376.2757930642002
Q round160-s17 12 (32, 61, 10, 12) 131.15421179928344
Q round160-s17 10 (61, 36, 49, 13) 54.117750531977585
Q round160-s17 4 (7, 32, 67, 5) 96.44617798059083
Q round160-s17 3 (21, 32, 52, 29) 252.3157931990155
Q round160-s17 15 (16, 65, 3, 65) 46.75486651162382
Q round160-s17 7 (7, 13, 53, 29) 113.81330552355803
Q round160-s17 1 (25, 4, 29, 64) 48.075417309295986
Q round160-s17 13 (35, 27, 54, 33) 53.8145412138156
Q round160-s17 8 (67, 28, 69, 54) 135.17826062496164
Q round160-s17 9 (60, 68, 28, 7) 50.10338207820187
Q round160-s17 14 (7, 62, 37, 50) 288.99117569082165
Q round160-s17 11 (6, 13, 69, 47) 95.79574803031501
Q round160-s17 5 (55, 54, 55, 13) 207.38027634327375
Q round160-s17 0 (57, 26, 57, 33) 24.758344126292297
ROUND 160 n 2656 bestJ 19.759673500626374 best (16, 29, 28, 32) eligible 1545
Q round161-s17 8 (66, 49, 45, 41) 84.03072123979437
Q round161-s17 5 (42, 19, 44, 49) 530.3350275590101
Q round161-s17 15 (16, 41, 29, 28) 88.71812095182187
Q round161-s17 4 (29, 19, 7, 55) 62.128028898608896
Q round161-s17 6 (48, 58, 12, 34) 163.33003510384412
Q round161-s17 2 (10, 5, 37, 18) 198.42747000115423
Q round161-s17 3 (0, 13, 38, 71) 69.57118165542369
Q round161-s17 1 (23, 56, 38, 26) 312.5468986706278
Q round161-s17 0 (39, 21, 4, 16) 25.040644002577327
Q round161-s17 10 (39, 45, 19, 40) 43.36642183658542
Q round161-s17 9 (35, 9, 39, 9) 47.65371752374427
Q round161-s17 7 (3, 11, 16, 47) 50.937361368847974
Q round161-s17 11 (1, 7, 29, 37) 202.00286995092293
Q round161-s17 13 (44, 61, 65, 64) 43.13112877098955
Q round161-s17 12 (6, 57, 52, 29) 123.94797981351054
Q round161-s17 14 (38, 22, 40, 26) 239.8334687487141
ROUND 161 n 2672 bestJ 19.759673500626374 best (16, 29, 28, 32) eligible 1111
Q round162-s17 11 (40, 32, 45, 30) 98.85018001860128
Q round162-s17 15 (0, 38, 10, 20) 94.86994583153431
Q round162-s17 7 (2, 59, 22, 10) 677.2940463331427
Q round162-s17 6 (6, 4, 10, 27) 358.81307802040544
Q round162-s17 3 (34, 17, 11, 68) 171.88243615556712
Q round162-s17 14 (18, 27, 19, 65) 280.88234255833174
Q round162-s17 4 (66, 69, 66, 66) 240.5000861679228
Q round162-s17 2 (61, 40, 56, 50) 108.71622668426035
Q round162-s17 10 (67, 31, 13, 36) 90.00022240549164
Q round162-s17 9 (17, 28, 63, 10) 26.324465641329958
Q round162-s17 13 (14, 35, 7, 32) 63.9236153633811
Q round162-s17 5 (8, 48, 56, 61) 190.9037774389392
Q round162-s17 1 (44, 21, 47, 28) 195.59302267357359
Q round162-s17 12 (57, 8, 12, 55) 80.94214618873313
Q round162-s17 8 (14, 23, 67, 41) 98.58375944432808
Q round162-s17 0 (38, 5, 12, 31) 29.491042749272687
ROUND 162 n 2688 bestJ 19.759673500626374 best (16, 29, 28, 32) eligible 1229
Q round163-s17 2 (15, 7, 66, 52) 102.32888485393033
Q round163-s17 10 (50, 38, 69, 44) 155.70595397888363
Q round163-s17 6 (18, 40, 49, 35) 231.12420138364902
Q round163-s17 13 (40, 64, 6, 59) 86.83316877128108
Q round163-s17 4 (24, 52, 32, 13) 40.23492117541474
Q round163-s17 12 (63, 35, 64, 70) 60.96074617155624
Q round163-s17 3 (71, 67, 62, 28) 62.43063172295894
Q round163-s17 11 (33, 3, 63, 53) 79.35938656252544
Q round163-s17 9 (5, 29, 61, 45) 113.77351222174087
Q round163-s17 8 (7, 5, 33, 29) 100.63709370090807
Q round163-s17 7 (23, 18, 4, 56) 52.939413290688165
Q round163-s17 5 (54, 54, 44, 13) 223.6034509707144
Q round163-s17 0 (38, 5, 12, 0) 23.558856467293378
Q round163-s17 14 (1, 41, 12, 38) 68.07775415766179
Q round163-s17 15 (9, 49, 16, 8) 91.57396719965686
Q round163-s17 1 (17, 29, 70, 14) 65.26073899712014
ROUND 163 n 2704 bestJ 19.759673500626374 best (16, 29, 28, 32) eligible 820
Q round164-s17 8 (34, 17, 49, 59) 126.68282625526638
Q round164-s17 13 (53, 59, 34, 29) 112.61599760404873
Q round164-s17 11 (61, 60, 15, 8) 65.32607137024308
Q round164-s17 2 (5, 3, 71, 42) 242.92122927584833
Q round164-s17 3 (55, 67, 47, 27) 82.59808946317399
Q round164-s17 12 (47, 66, 52, 59) 117.13156139289913
Q round164-s17 1 (39, 60, 56, 32) 66.96013731558597
Q round164-s17 6 (25, 29, 45, 67) 526.609153049568
Q round164-s17 0 (63, 5, 20, 0) 24.60293674882011
Q round164-s17 5 (50, 10, 24, 62) 119.7402217841051
Q round164-s17 4 (24, 34, 12, 33) 28.29080919197918
Q round164-s17 10 (67, 66, 70, 29) 291.7974391531237
Q round164-s17 14 (19, 10, 23, 23) 47.9690402806612
Q round164-s17 15 (54, 41, 39, 9) 92.36372787745171
Q round164-s17 7 (6, 61, 33, 55) 102.24424639273482
Q round164-s17 9 (47, 14, 30, 41) 105.97947513757349
ROUND 164 n 2720 bestJ 19.759673500626374 best (16, 29, 28, 32) eligible 1193
Q round165-s17 11 (50, 43, 2, 19) 157.80122558705386
Q round165-s17 1 (63, 10, 53, 65) 42.3187456646526
Q round165-s17 7 (61, 4, 1, 1) 49.62872681560039
Q round165-s17 14 (34, 39, 52, 0) 50.15226318399186
Q round165-s17 12 (23, 27, 34, 56) 95.23362261977984
Q round165-s17 10 (40, 70, 28, 24) 82.81347406771057
Q round165-s17 2 (9, 52, 67, 1) 47.21854098772765
Q round165-s17 8 (62, 21, 24, 41) 65.09909811203877
Q round165-s17 9 (28, 39, 14, 31) 71.0150715128149
Q round165-s17 4 (49, 13, 5, 42) 112.06061296611098
Q round165-s17 6 (59, 61, 56, 26) 161.94762850231265
Q round165-s17 5 (65, 5, 68, 35) 566.0801107412555
Q round165-s17 3 (46, 66, 67, 66) 270.09392624768196
Q round165-s17 13 (1, 22, 38, 68) 100.52774188418344
Q round165-s17 15 (15, 22, 44, 4) 100.37882061102027
Q round165-s17 0 (41, 45, 28, 0) 29.535676607356613
ROUND 165 n 2736 bestJ 19.759673500626374 best (16, 29, 28, 32) eligible 1102
Q round166-s17 15 (39, 13, 40, 28) 46.54555552947814
Q round166-s17 5 (21, 6, 9, 37) 53.31897567874584
Q round166-s17 10 (31, 43, 42, 38) 368.949020293748
Q round166-s17 9 (54, 36, 7, 52) 60.689274151225455
Q round166-s17 11 (57, 4, 15, 11) 98.40217328566077
Q round166-s17 13 (5, 55, 57, 55) 71.94173674466676
Q round166-s17 8 (39, 11, 12, 62) 55.71406126156923
Q round166-s17 6 (64, 53, 31, 49) 72.02582359056025
Q round166-s17 0 (16, 10, 68, 46) 24.39862718898077
Q round166-s17 4 (41, 13, 29, 33) 46.58813801318326
Q round166-s17 3 (20, 36, 40, 53) 61.17537419030508
Q round166-s17 2 (4, 16, 61, 32) 40.30558792806476
Q round166-s17 12 (46, 56, 53, 45) 170.55561833726964
Q round166-s17 1 (3, 57, 17, 21) 51.419655934621744
Q round166-s17 14 (52, 48, 6, 38) 66.34244377959841
Q round166-s17 7 (25, 48, 11, 46) 84.34779798539127
ROUND 166 n 2752 bestJ 19.759673500626374 best (16, 29, 28, 32) eligible 1182
Q round167-s17 11 (2, 15, 58, 62) 150.45478764229262
Q round167-s17 13 (60, 66, 34, 35) 109.32126760853711
Q round167-s17 6 (64, 68, 66, 64) 74.8909148383983
Q round167-s17 4 (45, 23, 47, 69) 78.61906074025313
Q round167-s17 7 (66, 71, 7, 33) 61.56471798720597
Q round167-s17 3 (57, 20, 67, 12) 128.30310111037144
Q round167-s17 2 (14, 44, 69, 37) 71.30891473288376
Q round167-s17 15 (0, 26, 46, 25) 53.97205185136484
Q round167-s17 14 (59, 15, 9, 62) 51.71031653380425
Q round167-s17 9 (49, 64, 1, 68) 88.25805161547954
Q round167-s17 12 (25, 6, 66, 64) 154.42583493887295
Q round167-s17 8 (11, 10, 42, 61) 167.36544524005834
Q round167-s17 5 (57, 25, 6, 2) 140.65358857789747
Q round167-s17 10 (1, 9, 60, 58) 99.71849782752493
Q round167-s17 0 (38, 45, 12, 16) 21.309230138030387
Q round167-s17 1 (57, 48, 11, 56) 55.12614431152844
ROUND 167 n 2768 bestJ 19.759673500626374 best (16, 29, 28, 32) eligible 1366
Q round168-s17 3 (24, 13, 45, 9) 41.44840182920185
Q round168-s17 1 (53, 62, 3, 63) 63.203195571202876
Q round168-s17 10 (8, 59, 47, 45) 45.101029286391004
Q round168-s17 11 (7, 0, 35, 61) 138.13983577406648
Q round168-s17 8 (48, 65, 6, 34) 153.3489886369592
Q round168-s17 13 (5, 53, 67, 30) 117.25809970551335
Q round168-s17 14 (27, 36, 32, 20) 405.39223900761937
Q round168-s17 9 (60, 62, 71, 45) 68.50348185996674
Q round168-s17 15 (54, 58, 37, 11) 53.915445925800725
Q round168-s17 2 (22, 68, 37, 21) 51.1998939051608
Q round168-s17 5 (54, 17, 70, 35) 84.46207797594312
Q round168-s17 4 (15, 30, 42, 57) 163.01425968742845
Q round168-s17 6 (35, 24, 60, 48) 41.82367320292274
Q round168-s17 12 (4, 53, 19, 10) 142.15147064545872
Q round168-s17 0 (62, 29, 4, 40) 24.18209500406597
Q round168-s17 7 (30, 48, 23, 15) 120.64112547854967
ROUND 168 n 2784 bestJ 19.759673500626374 best (16, 29, 28, 32) eligible 1155
Q round169-s17 15 (32, 61, 29, 52) 86.2722757859278
Q round169-s17 5 (13, 26, 69, 51) 131.41143906984857
Q round169-s17 12 (69, 24, 5, 5) 314.69527488705114
Q round169-s17 14 (66, 44, 1, 27) 151.69600596326984
Q round169-s17 11 (60, 30, 2, 65) 60.28026807365571
Q round169-s17 1 (5, 20, 33, 47) 52.048814327353455
Q round169-s17 2 (56, 39, 62, 2) 190.6195647210779
Q round169-s17 0 (56, 34, 36, 54) 24.56712015556975
Q round169-s17 3 (27, 19, 29, 18) 133.3524417194969
Q round169-s17 13 (27, 19, 52, 31) 74.9520512817165
Q round169-s17 6 (20, 4, 32, 14) 47.66215916167877
Q round169-s17 9 (49, 25, 65, 20) 71.48145718677888
Q round169-s17 8 (17, 41, 53, 42) 161.9582630902423
Q round169-s17 7 (7, 63, 68, 33) 126.05487548534369
Q round169-s17 4 (4, 64, 17, 45) 27.88015265778591
Q round169-s17 10 (17, 25, 3, 30) 44.95047015561661
ROUND 169 n 2800 bestJ 19.759673500626374 best (16, 29, 28, 32) eligible 1124
Q round170-s17 7 (33, 45, 37, 11) 2342.7664347547247
Q round170-s17 5 (66, 23, 2, 15) 81.54995712008244
Q round170-s17 14 (58, 61, 42, 51) 151.41538584672563
Q round170-s17 11 (63, 27, 64, 50) 117.62698534023941
Q round170-s17 8 (71, 28, 50, 58) 506.303615473508
Q round170-s17 2 (37, 6, 11, 10) 161.05082687702426
Q round170-s17 6 (33, 67, 20, 57) 163.35967734546958
Q round170-s17 0 (63, 5, 12, 0) 22.68656453456668
Q round170-s17 1 (68, 36, 47, 64) 53.572372806352554
Q round170-s17 13 (19, 68, 20, 22) 62.63290986056525
Q round170-s17 9 (3, 51, 20, 3) 94.90060259132599
Q round170-s17 12 (44, 25, 46, 20) 37.398998851821275
Q round170-s17 15 (19, 26, 32, 31) 59.95196071025192
Q round170-s17 4 (39, 23, 25, 22) 86.13613192852296
Q round170-s17 3 (49, 31, 40, 8) 126.80371334321283
Q round170-s17 10 (1, 13, 27, 54) 33.90281053397367
ROUND 170 n 2816 bestJ 19.759673500626374 best (16, 29, 28, 32) eligible 1032
Q round171-s17 10 (66, 8, 25, 67) 3223.365244042151
Q round171-s17 1 (26, 31, 54, 67) 107.96229797622593
Q round171-s17 6 (21, 46, 28, 60) 118.0855172102189
Q round171-s17 3 (66, 19, 8, 47) 58.9540957175374
Q round171-s17 15 (66, 1, 55, 13) 40.32732281381996
Q round171-s17 11 (16, 13, 14, 11) 40.056917950937056
Q round171-s17 5 (33, 51, 21, 66) 111.00643366061928
Q round171-s17 14 (52, 60, 23, 43) 274.3839052855363
Q round171-s17 8 (11, 38, 49, 59) 87.28035565426286
Q round171-s17 4 (59, 32, 59, 23) 48.93706306522279
Q round171-s17 9 (68, 5, 19, 15) 139.45505141390882
Q round171-s17 12 (12, 45, 10, 21) 148.78731975799994
Q round171-s17 2 (38, 34, 57, 9) 51.88551394482948
Q round171-s17 0 (62, 5, 28, 16) 21.02207998255522
Q round171-s17 13 (3, 8, 45, 23) 41.45104283873787
Q round171-s17 7 (25, 33, 41, 47) 79.78783437951644
ROUND 171 n 2832 bestJ 19.759673500626374 best (16, 29, 28, 32) eligible 876
Q round172-s17 2 (16, 46, 71, 20) 108.35520758767608
Q round172-s17 4 (40, 61, 16, 28) 70.86668255107001
Q round172-s17 6 (7, 2, 4, 67) 170.0391993228373
Q round172-s17 14 (50, 0, 27, 68) 105.48598873418578
Q round172-s17 15 (26, 60, 57, 70) 52.77645687438327
Q round172-s17 11 (62, 34, 56, 3) 100.24835613299861
Q round172-s17 12 (11, 16, 56, 28) 71.70066754342938
Q round172-s17 13 (54, 64, 9, 52) 93.33019780716356
Q round172-s17 1 (71, 55, 40, 26) 254.2968296966184
Q round172-s17 3 (35, 8, 42, 21) 180.98666003422574
Q round172-s17 7 (19, 5, 34, 70) 156.86324636877984
Q round172-s17 8 (28, 65, 24, 23) 66.33430860911348
Q round172-s17 5 (20, 30, 64, 30) 64.72957102900408
Q round172-s17 9 (11, 56, 44, 17) 51.42912707539266
Q round172-s17 10 (22, 37, 12, 36) 57.129984082817685
Q round172-s17 0 (62, 5, 20, 16) 23.91703178040369
ROUND 172 n 2848 bestJ 19.759673500626374 best (16, 29, 28, 32) eligible 1311
Q round173-s17 1 (42, 48, 70, 43) 1554.313144790044
Q round173-s17 15 (52, 19, 11, 65) 1895.4807947787872
Q round173-s17 2 (45, 41, 64, 69) 46.44577105603636
Q round173-s17 14 (13, 6, 47, 22) 85.4027820692236
Q round173-s17 11 (47, 9, 12, 52) 68.4007360378386
Q round173-s17 3 (15, 66, 37, 23) 87.6128047667713
Q round173-s17 5 (4, 64, 32, 27) 152.84174621628068
Q round173-s17 13 (39, 53, 33, 32) 55.06282325487838
Q round173-s17 7 (37, 42, 45, 21) 166.01429415619666
Q round173-s17 9 (12, 25, 20, 34) 437.51810838089716
Q round173-s17 4 (46, 54, 50, 10) 426.33836282401256
Q round173-s17 12 (65, 10, 66, 45) 301.34691885513524
Q round173-s17 8 (12, 8, 39, 53) 40.53264502434816
Q round173-s17 6 (25, 24, 41, 9) 84.99040053926359
Q round173-s17 10 (49, 29, 62, 61) 83.33611660599294
Q round173-s17 0 (65, 69, 20, 16) 24.36639091386583
ROUND 173 n 2864 bestJ 19.759673500626374 best (16, 29, 28, 32) eligible 1234
Q round174-s17 8 (10, 20, 18, 65) 104.02012113807848
Q round174-s17 9 (53, 17, 8, 23) 69.84378868096124
Q round174-s17 3 (69, 67, 30, 41) 54.5596999237176
Q round174-s17 5 (10, 53, 16, 68) 269.7330180999585
Q round174-s17 2 (47, 33, 1, 13) 135.8512197355934
Q round174-s17 11 (2, 2, 12, 64) 151.95976714588556
Q round174-s17 12 (65, 33, 42, 9) 65.09626868945948
Q round174-s17 14 (71, 52, 46, 64) 80.14327785962757
Q round174-s17 6 (59, 68, 58, 9) 207.1070311245582
Q round174-s17 15 (69, 10, 20, 47) 189.52548151470563
Q round174-s17 10 (67, 19, 33, 42) 74.44300872330074
Q round174-s17 13 (46, 59, 49, 9) 43.21135414650712
Q round174-s17 7 (59, 23, 57, 65) 58.221373126285414
Q round174-s17 4 (19, 53, 37, 29) 83.01965352980979
Q round174-s17 1 (6, 26, 36, 35) 107.55466043439924
Q round174-s17 0 (38, 45, 44, 31) 29.62391988702162
ROUND 174 n 2880 bestJ 19.759673500626374 best (16, 29, 28, 32) eligible 1125
Q round175-s17 1 (35, 21, 54, 58) 1440.5336885848515
Q round175-s17 5 (39, 37, 37, 59) 48.52281421667433
Q round175-s17 9 (40, 2, 17, 27) 108.43888878830725
Q round175-s17 12 (31, 18, 62, 11) 48.94142380319394
Q round175-s17 7 (5, 51, 29, 63) 261.25603956926017
Q round175-s17 4 (29, 19, 54, 19) 200.38122434774974
Q round175-s17 8 (2, 34, 25, 30) 54.61785738771816
Q round175-s17 15 (8, 56, 54, 34) 167.40305716495422
Q round175-s17 6 (23, 8, 47, 57) 151.2136492432263
Q round175-s17 11 (59, 15, 13, 15) 56.220391690377205
Q round175-s17 14 (9, 36, 11, 54) 38.92700112396829
Q round175-s17 0 (63, 5, 20, 63) 21.798046960251845
Q round175-s17 10 (43, 20, 33, 13) 186.90618171121187
Q round175-s17 2 (52, 25, 22, 67) 40.27839724507503
Q round175-s17 3 (65, 31, 4, 35) 61.218521650216914
Q round175-s17 13 (62, 2, 39, 0) 62.952792306533645
ROUND 175 n 2896 bestJ 19.759673500626374 best (16, 29, 28, 32) eligible 824
Q round176-s17 10 (32, 9, 66, 44) 53.803549196182175
Q round176-s17 14 (32, 14, 48, 28) 90.67538011817383
Q round176-s17 9 (64, 25, 7, 52) 88.52366138207917
Q round176-s17 11 (21, 15, 14, 13) 63.59441444609207
Q round176-s17 2 (13, 58, 71, 43) 155.22419764199202
Q round176-s17 13 (55, 39, 43, 10) 133.8109580936424
Q round176-s17 12 (37, 45, 63, 55) 42.66782494765969
Q round176-s17 5 (53, 58, 65, 58) 160.35454200144602
Q round176-s17 8 (12, 43, 33, 4) 158.30075126971593
Q round176-s17 1 (11, 25, 4, 57) 60.13458881839052
Q round176-s17 7 (52, 39, 14, 65) 60.490599505478556
Q round176-s17 3 (68, 47, 43, 58) 337.33265896896705
Q round176-s17 6 (12, 31, 15, 65) 70.15681679828565
Q round176-s17 0 (62, 5, 68, 0) 21.328542404971646
Q round176-s17 4 (49, 10, 15, 50) 82.63008433419391
Q round176-s17 15 (57, 58, 39, 64) 46.95440261921278
ROUND 176 n 2912 bestJ 19.759673500626374 best (16, 29, 28, 32) eligible 879
Q round177-s17 4 (10, 34, 66, 51) 173.7962201959333
Q round177-s17 3 (23, 8, 42, 47) 235.48944672818845
Q round177-s17 7 (61, 35, 49, 13) 107.45790366016278
Q round177-s17 6 (66, 23, 67, 30) 47.88014246102615
Q round177-s17 8 (29, 5, 58, 16) 146.94599383000306
Q round177-s17 11 (57, 19, 51, 56) 445.9071992273567
Q round177-s17 1 (56, 17, 48, 17) 86.18719298281272
Q round177-s17 9 (43, 32, 58, 59) 96.03478315843775
Q round177-s17 5 (22, 67, 70, 31) 74.2930951537554
Q round177-s17 2 (35, 63, 33, 36) 54.32935104157416
Q round177-s17 0 (48, 5, 12, 0) 24.3049403356455
Q round177-s17 12 (56, 31, 14, 13) 158.7418880020756
Q round177-s17 10 (9, 21, 36, 20) 382.0211697116931
Q round177-s17 14 (12, 37, 26, 61) 108.50809828215245
Q round177-s17 15 (17, 69, 68, 12) 180.78345166336283
Q round177-s17 13 (19, 56, 29, 71) 46.041125089261236
ROUND 177 n 2928 bestJ 19.759673500626374 best (16, 29, 28, 32) eligible 796
Q round178-s17 13 (15, 8, 29, 37) 245.173124961687
Q round178-s17 14 (58, 33, 34, 70) 123.9179330558547
Q round178-s17 11 (40, 40, 13, 58) 237.8449529515018
Q round178-s17 12 (61, 28, 6, 66) 65.4831183902981
Q round178-s17 15 (55, 27, 3, 57) 160.1827358630403
Q round178-s17 0 (0, 29, 12, 32) 21.945202383485857
Q round178-s17 7 (36, 13, 17, 20) 231.74737852904033
Q round178-s17 2 (44, 65, 66, 40) 53.42496302632284
Q round178-s17 10 (1, 67, 60, 13) 337.991660120496
Q round178-s17 5 (35, 9, 15, 49) 61.37605624089196
Q round178-s17 6 (19, 35, 56, 52) 254.27493511888846
Q round178-s17 1 (58, 18, 64, 15) 75.28152757414287
Q round178-s17 9 (44, 4, 70, 40) 44.7118103023331
Q round178-s17 8 (4, 41, 28, 65) 41.061177503322746
Q round178-s17 3 (25, 42, 21, 40) 68.53496764861333
Q round178-s17 4 (46, 48, 54, 62) 119.72396012239034
ROUND 178 n 2944 bestJ 19.759673500626374 best (16, 29, 28, 32) eligible 1068
Q round179-s17 12 (27, 44, 19, 40) 5729.072890153725
Q round179-s17 4 (45, 64, 61, 2) 315.40541329141615
Q round179-s17 13 (56, 9, 21, 69) 90.21679191196073
Q round179-s17 3 (71, 44, 54, 30) 74.78322175726312
Q round179-s17 7 (48, 36, 20, 40) 39.041852235407895
Q round179-s17 1 (28, 43, 10, 3) 123.16564221330539
Q round179-s17 10 (39, 32, 46, 66) 162.9069279136497
Q round179-s17 8 (60, 65, 61, 8) 62.110891954674614
Q round179-s17 9 (17, 68, 42, 26) 168.037943387766
Q round179-s17 5 (9, 11, 33, 26) 434.3876786842176
Q round179-s17 11 (10, 2, 27, 47) 406.68081240715236
Q round179-s17 6 (68, 59, 64, 50) 151.32687058759606
Q round179-s17 0 (38, 45, 4, 16) 23.152743439982167
Q round179-s17 15 (3, 42, 44, 33) 113.77782958966175
Q round179-s17 2 (19, 8, 66, 34) 109.56869709657173
Q round179-s17 14 (65, 16, 46, 65) 90.41492525614903
ROUND 179 n 2960 bestJ 19.759673500626374 best (16, 29, 28, 32) eligible 969
Q round180-s17 1 (40, 40, 53, 62) 123.63833656040312
Q round180-s17 11 (7, 16, 21, 46) 149.79116350493658
Q round180-s17 8 (39, 3, 46, 65) 59.59449800549594
Q round180-s17 7 (8, 39, 41, 12) 86.0640182023635
Q round180-s17 14 (71, 43, 24, 3) 379.0940082442301
Q round180-s17 13 (48, 49, 5, 24) 123.34253592501348
Q round180-s17 5 (13, 48, 52, 59) 452.88009198493415
Q round180-s17 10 (70, 57, 34, 46) 110.66276796963366
Q round180-s17 0 (39, 5, 44, 55) 28.346887538736052
Q round180-s17 9 (46, 35, 55, 41) 62.05971553054266
Q round180-s17 2 (20, 10, 30, 44) 501.3126572621027
Q round180-s17 12 (27, 55, 5, 32) 48.634130470209854
Q round180-s17 6 (67, 15, 56, 42) 29.329603434160976
Q round180-s17 4 (44, 22, 30, 14) 70.23038190083095
Q round180-s17 3 (67, 55, 26, 61) 119.82171076853126
Q round180-s17 15 (51, 0, 27, 28) 114.27548551822936
ROUND 180 n 2976 bestJ 19.759673500626374 best (16, 29, 28, 32) eligible 568
Q round181-s17 8 (61, 22, 50, 33) 63.31802396009454
Q round181-s17 11 (45, 42, 42, 28) 160.92585807992668
Q round181-s17 2 (5, 57, 57, 37) 42.092636621718114
Q round181-s17 7 (2, 68, 1, 10) 166.92748651170817
Q round181-s17 9 (15, 64, 32, 41) 116.8692908799942
Q round181-s17 13 (50, 69, 37, 55) 615.3497093456111
Q round181-s17 6 (66, 50, 49, 23) 54.54410397107632
Q round181-s17 5 (15, 29, 9, 53) 73.77184052858205
Q round181-s17 1 (61, 2, 35, 71) 140.08485890579874
Q round181-s17 10 (52, 49, 51, 22) 41.76177162215939
Q round181-s17 3 (19, 70, 55, 21) 53.454691794149475
Q round181-s17 14 (62, 58, 8, 6) 62.89132575193415
Q round181-s17 12 (11, 18, 31, 2) 87.86633933276978
Q round181-s17 15 (46, 6, 25, 5) 220.2412816290026
Q round181-s17 0 (38, 53, 4, 40) 24.095944408446034
Q round181-s17 4 (14, 0, 38, 30) 109.3739905639127
ROUND 181 n 2992 bestJ 19.759673500626374 best (16, 29, 28, 32) eligible 1127
Q round182-s17 10 (34, 30, 10, 20) 643.8318326801767
Q round182-s17 6 (37, 9, 20, 36) 135.11053499133115
Q round182-s17 12 (26, 57, 64, 54) 53.098660983963406
Q round182-s17 4 (29, 68, 41, 4) 452.7047321960694
Q round182-s17 3 (56, 49, 37, 66) 297.36319341366567
Q round182-s17 9 (32, 11, 55, 59) 135.38271228638482
Q round182-s17 1 (28, 23, 57, 12) 41.37672925806313
Q round182-s17 15 (46, 3, 54, 49) 62.85555580529983
Q round182-s17 2 (55, 52, 60, 32) 38.41043563834316
Q round182-s17 0 (16, 53, 20, 33) 27.619578798145064
Q round182-s17 7 (4, 54, 10, 47) 50.114369790852365
Q round182-s17 5 (62, 52, 31, 40) 66.25088101933896
Q round182-s17 14 (51, 29, 15, 51) 130.07387435297773
Q round182-s17 13 (12, 25, 1, 36) 39.236663943944684
Q round182-s17 11 (22, 65, 69, 7) 130.96495541254563
Q round182-s17 8 (14, 58, 17, 48) 79.50735020973526
ROUND 182 n 3008 bestJ 19.759673500626374 best (16, 29, 28, 32) eligible 840
Q round183-s17 2 (53, 60, 18, 41) 467.17698535265197
Q round183-s17 4 (13, 4, 57, 43) 131.6691647879946
Q round183-s17 8 (37, 35, 63, 12) 178.8426341862193
Q round183-s17 6 (71, 60, 40, 46) 84.38095658402821
Q round183-s17 9 (5, 56, 67, 62) 82.08318381956168
Q round183-s17 14 (23, 58, 57, 2) 142.36689342858296
Q round183-s17 5 (42, 29, 67, 50) 233.96473007982902
Q round183-s17 7 (63, 47, 56, 58) 296.87957836158694
Q round183-s17 15 (52, 35, 65, 69) 187.57305510593147
Q round183-s17 1 (33, 21, 7, 2) 61.04655682710062
Q round183-s17 12 (67, 30, 68, 37) 79.47277775082512
Q round183-s17 10 (4, 46, 4, 29) 132.14943396631077
Q round183-s17 13 (64, 8, 49, 63) 92.63547363286723
Q round183-s17 3 (68, 64, 3, 10) 134.39715329904948
Q round183-s17 11 (19, 16, 67, 18) 88.75582573499777
Q round183-s17 0 (62, 45, 20, 16) 23.014478248762067
ROUND 183 n 3024 bestJ 19.759673500626374 best (16, 29, 28, 32) eligible 893
Q round184-s17 9 (48, 57, 21, 67) 51.805671274641014
Q round184-s17 14 (29, 32, 50, 19) 120.76741405764481
Q round184-s17 10 (8, 15, 69, 68) 121.795981405287
Q round184-s17 11 (7, 63, 32, 67) 105.58938806716851
Q round184-s17 13 (42, 38, 28, 21) 127.79543046032558
Q round184-s17 4 (13, 49, 36, 31) 49.988828136180324
Q round184-s17 7 (60, 49, 58, 62) 51.28603557282704
Q round184-s17 1 (19, 70, 29, 33) 54.09802449630575
Q round184-s17 0 (63, 5, 12, 64) 21.474475590446072
Q round184-s17 2 (51, 22, 30, 40) 69.5013545539201
Q round184-s17 8 (17, 5, 50, 50) 467.73634110761554
Q round184-s17 12 (3, 55, 47, 69) 55.65228708131802
Q round184-s17 5 (7, 46, 24, 42) 261.1237639638124
Q round184-s17 3 (57, 69, 9, 64) 43.10967629606633
Q round184-s17 15 (41, 0, 27, 70) 70.39351921074132
Q round184-s17 6 (65, 53, 49, 55) 63.603801004924925
ROUND 184 n 3040 bestJ 19.759673500626374 best (16, 29, 28, 32) eligible 1097
Q round185-s17 10 (58, 32, 21, 9) 175.05932090803717
Q round185-s17 15 (71, 39, 10, 56) 154.54169320066725
Q round185-s17 7 (47, 55, 58, 31) 187.77930105090323
Q round185-s17 5 (54, 44, 26, 39) 47.589797956812156
Q round185-s17 9 (61, 20, 20, 2) 121.0564712134605
Q round185-s17 3 (18, 16, 5, 29) 136.60909281586052
Q round185-s17 1 (58, 21, 52, 68) 96.52763702069218
Q round185-s17 8 (56, 41, 60, 32) 55.192634373943655
Q round185-s17 4 (19, 14, 59, 51) 98.07997575248324
Q round185-s17 6 (47, 7, 29, 37) 279.97385345396646
Q round185-s17 14 (20, 3, 2, 40) 85.05642255637052
Q round185-s17 11 (54, 38, 54, 5) 158.59761643515654
Q round185-s17 12 (46, 38, 63, 9) 94.65190023501029
Q round185-s17 13 (12, 15, 52, 7) 46.74788724736491
Q round185-s17 0 (38, 29, 20, 16) 22.576233628079272
Q round185-s17 2 (49, 32, 65, 41) 74.24414299539572
ROUND 185 n 3056 bestJ 19.759673500626374 best (16, 29, 28, 32) eligible 762
Q round186-s17 9 (13, 54, 34, 30) 51.91937819185323
Q round186-s17 2 (59, 10, 62, 61) 1453.957414970911
Q round186-s17 8 (61, 3, 53, 9) 481.442696028554
Q round186-s17 4 (8, 46, 30, 67) 86.79156591553425
Q round186-s17 3 (29, 50, 51, 25) 224.0990972284047
Q round186-s17 10 (7, 43, 19, 58) 99.09323353994326
Q round186-s17 15 (32, 68, 43, 30) 55.385145790352084
Q round186-s17 5 (38, 67, 46, 61) 51.48765416940393
Q round186-s17 11 (41, 20, 66, 26) 155.71624806985656
Q round186-s17 6 (19, 63, 21, 22) 51.64383209157929
Q round186-s17 0 (63, 45, 20, 16) 20.319665695871674
Q round186-s17 1 (35, 20, 62, 3) 138.46416451383303
Q round186-s17 14 (1, 46, 37, 18) 238.56745756719948
Q round186-s17 13 (54, 42, 1, 55) 74.59188920942256
Q round186-s17 12 (11, 50, 59, 36) 76.29614836481878
Q round186-s17 7 (8, 71, 20, 46) 121.826886698906
ROUND 186 n 3072 bestJ 19.759673500626374 best (16, 29, 28, 32) eligible 833
Q round187-s17 9 (8, 69, 56, 11) 66.1132800410431
Q round187-s17 12 (42, 24, 14, 65) 50.100863070906534
Q round187-s17 7 (61, 36, 48, 30) 60.5003502815891
Q round187-s17 10 (10, 33, 39, 24) 51.3584121324131
Q round187-s17 1 (15, 39, 13, 0) 151.69524672006975
Q round187-s17 4 (48, 9, 11, 49) 56.14496958809528
Q round187-s17 3 (24, 26, 0, 48) 59.8927288450673
Q round187-s17 11 (46, 61, 50, 0) 122.82072922500114
Q round187-s17 13 (19, 49, 24, 39) 56.374795129253854
Q round187-s17 14 (27, 45, 66, 66) 222.37895741303373
Q round187-s17 2 (43, 71, 55, 2) 49.276409159047006
Q round187-s17 8 (4, 5, 31, 38) 44.49000483792269
Q round187-s17 6 (70, 24, 9, 40) 93.92638112307944
Q round187-s17 5 (30, 38, 65, 15) 93.91096984145457
Q round187-s17 15 (25, 57, 35, 7) 46.34409759547932
Q round187-s17 0 (49, 45, 20, 16) 23.162627021249936
ROUND 187 n 3088 bestJ 19.759673500626374 best (16, 29, 28, 32) eligible 1066
Q round188-s17 9 (58, 11, 9, 28) 351.35822873534266
Q round188-s17 14 (15, 56, 49, 26) 225.18931660746236
Q round188-s17 8 (22, 20, 57, 27) 104.31567464108868
Q round188-s17 2 (16, 3, 4, 20) 123.67487469677668
Q round188-s17 6 (57, 51, 16, 18) 358.5569616804253
Q round188-s17 3 (2, 45, 48, 62) 67.61781359116256
Q round188-s17 10 (69, 61, 19, 48) 263.20779264262245
Q round188-s17 13 (11, 27, 50, 25) 96.16111861453543
Q round188-s17 5 (19, 4, 39, 63) 51.783661701493884
Q round188-s17 12 (65, 59, 34, 66) 125.81019580855444
Q round188-s17 15 (36, 70, 70, 64) 76.28424172760812
Q round188-s17 11 (36, 68, 54, 69) 46.44064634694303
Q round188-s17 7 (43, 56, 52, 60) 432.1498047412795
Q round188-s17 4 (24, 55, 65, 21) 229.84054458205662
Q round188-s17 1 (16, 31, 31, 48) 122.87449158377487
Q round188-s17 0 (65, 21, 52, 16) 24.054127697267955
ROUND 188 n 3104 bestJ 19.759673500626374 best (16, 29, 28, 32) eligible 697
Q round189-s17 1 (53, 70, 18, 17) 37.7195730528255
Q round189-s17 2 (66, 38, 19, 18) 131.20179934725167
Q round189-s17 11 (69, 8, 6, 20) 37.53152977036674
Q round189-s17 12 (37, 35, 67, 47) 74.62147683517448
Q round189-s17 10 (64, 12, 18, 71) 63.64830036728691
Q round189-s17 14 (55, 28, 26, 31) 45.51041024336495
Q round189-s17 13 (33, 12, 13, 0) 50.752097064977136
Q round189-s17 8 (63, 53, 44, 36) 101.1540753959843
Q round189-s17 9 (12, 21, 61, 39) 282.2140945506401
Q round189-s17 3 (55, 56, 62, 61) 156.27962028554347
Q round189-s17 0 (15, 5, 52, 16) 40.94097849477025
Q round189-s17 6 (60, 20, 48, 7) 49.738700705734715
Q round189-s17 5 (22, 57, 11, 10) 83.25494994119023
Q round189-s17 15 (3, 16, 19, 49) 63.028658102037554
Q round189-s17 7 (22, 1, 6, 31) 109.25142031900207
Q round189-s17 4 (55, 14, 22, 6) 105.46294706804568
ROUND 189 n 3120 bestJ 19.759673500626374 best (16, 29, 28, 32) eligible 775
Q round190-s17 13 (66, 17, 37, 20) 488.1320854859988
Q round190-s17 10 (2, 62, 24, 46) 56.33872380385016
Q round190-s17 2 (23, 42, 29, 51) 102.72239661033645
Q round190-s17 9 (42, 20, 58, 25) 125.39880072611261
Q round190-s17 7 (53, 17, 68, 62) 42.922781517532265
Q round190-s17 12 (0, 4, 12, 66) 192.5282284355638
Q round190-s17 8 (39, 48, 59, 23) 69.3290861017317
Q round190-s17 5 (23, 29, 56, 41) 83.5128331140166
Q round190-s17 3 (31, 49, 27, 39) 70.42472887080287
Q round190-s17 0 (63, 5, 28, 16) 23.115467383291886
Q round190-s17 6 (36, 67, 70, 21) 85.46547612470432
Q round190-s17 1 (15, 13, 6, 55) 80.40225894291565
Q round190-s17 4 (30, 44, 33, 66) 28.14588588630303
Q round190-s17 15 (39, 16, 1, 15) 88.59333744419078
Q round190-s17 11 (27, 1, 53, 15) 41.46097757660504
Q round190-s17 14 (11, 10, 58, 55) 92.54436718509753
ROUND 190 n 3136 bestJ 19.759673500626374 best (16, 29, 28, 32) eligible 776
Q round191-s17 7 (46, 52, 18, 25) 44.68580440844957
Q round191-s17 13 (6, 35, 66, 59) 228.59798671419404
Q round191-s17 5 (29, 68, 15, 30) 57.931935462516876
Q round191-s17 9 (5, 12, 15, 13) 90.11780556991528
Q round191-s17 6 (2, 12, 2, 5) 173.30422897629902
Q round191-s17 10 (48, 26, 11, 35) 269.49318017232156
Q round191-s17 15 (7, 43, 47, 18) 44.77116723853037
Q round191-s17 2 (3, 71, 66, 41) 55.44745232699927
Q round191-s17 4 (56, 66, 62, 10) 84.71218782338427
Q round191-s17 11 (62, 63, 3, 26) 76.78837768500541
Q round191-s17 8 (52, 18, 62, 35) 156.2089261524377
Q round191-s17 3 (38, 14, 52, 2) 133.22563179347569
Q round191-s17 12 (38, 13, 15, 18) 114.57271232068516
Q round191-s17 14 (60, 13, 68, 38) 78.99202117909482
Q round191-s17 0 (38, 69, 20, 16) 21.260685125722645
Q round191-s17 1 (1, 31, 1, 61) 161.98718904293764
ROUND 191 n 3152 bestJ 19.759673500626374 best (16, 29, 28, 32) eligible 711
Q round192-s17 8 (21, 62, 52, 53) 935.990646526732
Q round192-s17 2 (64, 43, 16, 67) 829.0814903234118
Q round192-s17 1 (56, 5, 9, 67) 168.47564437884074
Q round192-s17 5 (2, 28, 16, 13) 432.35760888782687
Q round192-s17 4 (69, 31, 63, 36) 45.0596457000986
Q round192-s17 12 (13, 40, 41, 62) 65.6298357053978
Q round192-s17 7 (56, 3, 32, 27) 234.07233229442826
Q round192-s17 14 (63, 35, 63, 27) 154.74775139842254
Q round192-s17 11 (60, 44, 12, 14) 52.774172140543044
Q round192-s17 10 (47, 71, 4, 62) 123.92511289277142
Q round192-s17 13 (3, 14, 61, 5) 69.00512226518963
Q round192-s17 6 (11, 13, 63, 64) 50.273442452341385
Q round192-s17 15 (19, 39, 22, 3) 84.05162575878498
Q round192-s17 3 (6, 17, 68, 4) 74.90569797784985
Q round192-s17 9 (46, 17, 40, 54) 108.41816181972253
Q round192-s17 0 (49, 45, 28, 16) 26.46678181029476
ROUND 192 n 3168 bestJ 19.759673500626374 best (16, 29, 28, 32) eligible 786
Q round193-s17 3 (29, 45, 45, 20) 108.2792806952022
Q round193-s17 1 (66, 17, 39, 7) 66.91665074862857
Q round193-s17 2 (64, 19, 17, 12) 101.54066152212972
Q round193-s17 14 (5, 50, 70, 20) 198.2898173683724
Q round193-s17 9 (34, 40, 14, 61) 54.65998810759232
Q round193-s17 8 (17, 20, 59, 36) 463.8365333808463
Q round193-s17 10 (54, 67, 14, 54) 71.63746030973988
Q round193-s17 4 (18, 26, 17, 11) 91.95100944539624
Q round193-s17 15 (12, 57, 68, 3) 137.1291826849022
Q round193-s17 0 (63, 5, 20, 64) 23.258237527572106
Q round193-s17 13 (63, 8, 57, 32) 125.8897010746933
Q round193-s17 5 (28, 51, 60, 3) 75.1818318089138
Q round193-s17 6 (22, 65, 21, 28) 108.11911665634423
Q round193-s17 12 (51, 44, 54, 12) 156.14481296786514
Q round193-s17 11 (4, 56, 27, 35) 107.12105715197939
Q round193-s17 7 (17, 64, 38, 55) 93.30924031154393
ROUND 193 n 3184 bestJ 19.759673500626374 best (16, 29, 28, 32) eligible 676
Q round194-s17 3 (19, 17, 13, 13) 1304.553437994088
Q round194-s17 15 (53, 60, 67, 35) 93.04546002652594
Q round194-s17 4 (18, 64, 68, 69) 142.3638343986462
Q round194-s17 2 (31, 60, 16, 67) 40.7720719063365
Q round194-s17 1 (0, 60, 42, 37) 102.82683828665013
Q round194-s17 14 (0, 64, 54, 21) 163.88167216219193
Q round194-s17 10 (32, 60, 71, 7) 78.86131631341053
Q round194-s17 9 (67, 13, 10, 6) 198.42500082783477
Q round194-s17 0 (39, 29, 20, 16) 22.163823794885108
Q round194-s17 12 (28, 4, 30, 62) 45.53393125860739
Q round194-s17 11 (36, 31, 58, 5) 96.27662583133778
Q round194-s17 13 (51, 62, 1, 69) 43.02046427207735
Q round194-s17 5 (71, 62, 12, 36) 72.4593312900467
Q round194-s17 8 (70, 17, 24, 10) 212.76866576101517
Q round194-s17 7 (43, 23, 3, 49) 49.93193999302032
Q round194-s17 6 (1, 41, 11, 70) 57.467773613336206
ROUND 194 n 3200 bestJ 19.759673500626374 best (16, 29, 28, 32) eligible 748
Q round195-s17 13 (58, 47, 13, 18) 1635.5798055698097
Q round195-s17 1 (0, 40, 5, 31) 129.55510905581014
Q round195-s17 5 (65, 27, 61, 36) 642.9327485714036
Q round195-s17 11 (18, 63, 26, 29) 123.162926197686
Q round195-s17 7 (47, 37, 64, 41) 98.7032566754898
Q round195-s17 3 (48, 16, 26, 69) 252.04010348224327
Q round195-s17 14 (61, 5, 67, 52) 100.13411067304928
Q round195-s17 2 (59, 38, 21, 3) 161.8394157872999
Q round195-s17 6 (56, 1, 7, 55) 89.9472615201531
Q round195-s17 4 (71, 38, 21, 70) 119.93111443670362
Q round195-s17 12 (19, 28, 56, 18) 105.11664712308986
Q round195-s17 10 (9, 13, 45, 50) 250.0027132642533
Q round195-s17 9 (20, 30, 36, 57) 38.466470924065504
Q round195-s17 8 (35, 48, 54, 25) 58.43910333863657
Q round195-s17 15 (14, 58, 22, 54) 82.93751097906299
Q round195-s17 0 (38, 29, 20, 0) 21.563925113556714
ROUND 195 n 3216 bestJ 19.759673500626374 best (16, 29, 28, 32) eligible 647
Q round196-s17 13 (53, 38, 71, 71) 79.4329039589835
Q round196-s17 5 (71, 27, 47, 23) 79.34269282713211
Q round196-s17 2 (0, 66, 52, 10) 505.6801409648544
Q round196-s17 9 (55, 32, 71, 49) 98.38391746140044
Q round196-s17 4 (57, 57, 35, 28) 99.02304123141057
Q round196-s17 0 (63, 21, 28, 0) 23.351742142643594
Q round196-s17 12 (43, 12, 71, 31) 48.283863048331945
Q round196-s17 10 (12, 32, 53, 15) 38.87377997458984
Q round196-s17 7 (66, 45, 30, 63) 41.23408013649167
Q round196-s17 3 (20, 55, 14, 56) 70.32715728832837
Q round196-s17 1 (70, 39, 27, 33) 78.58991120693456
Q round196-s17 6 (60, 2, 68, 31) 104.19583360899502
Q round196-s17 11 (38, 8, 54, 46) 110.165533126536
Q round196-s17 14 (44, 18, 49, 1) 49.790172416598175
Q round196-s17 8 (49, 53, 11, 10) 354.0862680285115
Q round196-s17 15 (22, 15, 68, 63) 124.06207155991503
ROUND 196 n 3232 bestJ 19.759673500626374 best (16, 29, 28, 32) eligible 711
Q round197-s17 5 (50, 11, 6, 20) 884.0501950494802
Q round197-s17 15 (16, 62, 37, 31) 120.79554936049976
Q round197-s17 3 (48, 48, 67, 13) 101.65103821668372
Q round197-s17 12 (12, 60, 26, 57) 257.6787367343511
Q round197-s17 13 (0, 59, 10, 53) 145.2280387610354
Q round197-s17 14 (10, 37, 38, 5) 353.9229169487538
Q round197-s17 6 (14, 39, 51, 19) 48.34423562745969
Q round197-s17 8 (57, 23, 69, 71) 128.57821170493793
Q round197-s17 9 (67, 51, 22, 32) 53.11577556644523
Q round197-s17 4 (60, 33, 31, 17) 61.95201347379798
Q round197-s17 1 (28, 20, 33, 8) 50.67318666457665
Q round197-s17 7 (44, 6, 22, 32) 74.53575888499371
Q round197-s17 2 (27, 33, 64, 0) 50.091440468367686
Q round197-s17 10 (3, 65, 47, 16) 64.82203613742816
Q round197-s17 11 (46, 34, 43, 62) 37.92112090302841
Q round197-s17 0 (62, 5, 52, 16) 23.495830732038826
ROUND 197 n 3248 bestJ 19.759673500626374 best (16, 29, 28, 32) eligible 795
Q round198-s17 9 (4, 27, 62, 28) 11346.949555065103
Q round198-s17 7 (42, 17, 18, 38) 995.3302073344294
Q round198-s17 15 (15, 58, 50, 52) 93.60369915051488
Q round198-s17 3 (0, 3, 20, 54) 57.84895576767751
Q round198-s17 5 (53, 43, 0, 67) 163.63799762803228
Q round198-s17 4 (68, 30, 11, 45) 975.3679660487678
Q round198-s17 8 (45, 48, 60, 23) 47.3249409691902
Q round198-s17 14 (69, 31, 43, 17) 50.26072012014518
Q round198-s17 11 (65, 67, 11, 58) 98.51945327876142
Q round198-s17 2 (33, 54, 34, 67) 77.77225078514884
Q round198-s17 12 (44, 0, 6, 4) 43.269062171194406
Q round198-s17 6 (3, 13, 62, 53) 478.403767294979
Q round198-s17 1 (59, 48, 35, 30) 45.17803605485969
Q round198-s17 13 (19, 55, 6, 60) 39.000671492760006
Q round198-s17 10 (11, 16, 27, 53) 125.53436357319741
Q round198-s17 0 (62, 21, 28, 16) 21.26649197887963
ROUND 198 n 3264 bestJ 19.759673500626374 best (16, 29, 28, 32) eligible 772
Q round199-s17 7 (23, 40, 58, 67) 98.85476841676815
Q round199-s17 9 (16, 15, 47, 51) 99.04813517694105
Q round199-s17 13 (69, 57, 15, 27) 88.99252349933582
Q round199-s17 4 (69, 39, 51, 11) 120.63938816935634
Q round199-s17 14 (55, 71, 56, 44) 134.53311374357662
Q round199-s17 11 (15, 42, 65, 66) 75.20733016996031
Q round199-s17 2 (43, 59, 18, 12) 114.51357127469868
Q round199-s17 3 (38, 36, 3, 24) 55.03581740840526
Q round199-s17 8 (56, 13, 9, 41) 39.26147230119741
Q round199-s17 10 (14, 56, 42, 8) 135.84051671198176
Q round199-s17 15 (48, 42, 59, 46) 31.79046891514666
Q round199-s17 5 (15, 7, 69, 7) 171.65736651447432
Q round199-s17 0 (71, 5, 12, 0) 38.719525050385094
Q round199-s17 6 (22, 46, 17, 12) 113.12087742018633
Q round199-s17 12 (38, 9, 32, 13) 238.2785252797627
Q round199-s17 1 (57, 70, 68, 24) 69.39997723841364
ROUND 199 n 3280 bestJ 19.759673500626374 best (16, 29, 28, 32) eligible 741
Q round200-s17 7 (59, 31, 18, 28) 327.1087413336836
Q round200-s17 13 (58, 64, 37, 54) 40.25896454816108
Q round200-s17 8 (2, 12, 19, 18) 173.14471040404143
Q round200-s17 14 (5, 3, 2, 65) 104.59495476789822
Q round200-s17 3 (47, 17, 20, 66) 142.6565753977825
Q round200-s17 15 (42, 23, 54, 17) 59.55058642944597
Q round200-s17 9 (34, 61, 14, 19) 251.395658480895
Q round200-s17 12 (23, 20, 32, 55) 76.67644107102457
Q round200-s17 1 (71, 49, 20, 69) 146.5913479716078
Q round200-s17 6 (67, 48, 58, 25) 70.05538210732976
Q round200-s17 0 (16, 29, 44, 56) 23.715887528374694
Q round200-s17 5 (23, 0, 22, 10) 486.43945232273654
Q round200-s17 10 (60, 32, 24, 0) 63.95750681281143
Q round200-s17 4 (27, 17, 59, 8) 57.13525842152413
Q round200-s17 2 (54, 6, 11, 18) 181.24528925064354
Q round200-s17 11 (46, 70, 48, 24) 131.7841515159593
ROUND 200 n 3296 bestJ 19.759673500626374 best (16, 29, 28, 32) eligible 685
Q round201-s17 5 (50, 48, 16, 4) 189.05606922541466
Q round201-s17 13 (55, 24, 29, 70) 145.73694039653182
Q round201-s17 14 (55, 27, 32, 49) 54.321545600831314
Q round201-s17 7 (13, 16, 17, 21) 41.42068185764433
Q round201-s17 12 (55, 34, 40, 37) 132.73454870872274
Q round201-s17 8 (49, 27, 25, 22) 61.05587690014729
Q round201-s17 9 (68, 11, 31, 71) 46.857561195725395
Q round201-s17 0 (39, 21, 68, 16) 21.84648589822081
Q round201-s17 2 (52, 6, 55, 7) 82.07244802029264
Q round201-s17 1 (20, 54, 65, 6) 62.126300976148606
Q round201-s17 6 (70, 26, 35, 29) 198.68150596844774
Q round201-s17 3 (27, 21, 10, 16) 83.294379739506
Q round201-s17 10 (25, 32, 37, 69) 155.43531845162633
Q round201-s17 11 (38, 65, 22, 57) 84.76178931511949
Q round201-s17 4 (7, 62, 32, 0) 113.29395221613393
Q round201-s17 15 (41, 15, 24, 47) 107.6004008895087
ROUND 201 n 3312 bestJ 19.759673500626374 best (16, 29, 28, 32) eligible 666
Q round202-s17 9 (15, 28, 18, 51) 363.47723469492695
Q round202-s17 5 (23, 33, 42, 15) 132.1510448211819
Q round202-s17 3 (69, 58, 8, 44) 211.14552745257157
Q round202-s17 8 (66, 31, 27, 44) 150.2030535377371
Q round202-s17 14 (10, 22, 55, 17) 68.46410262113109
Q round202-s17 11 (21, 60, 25, 55) 57.443274766469635
Q round202-s17 6 (69, 63, 51, 57) 108.17741185671701
Q round202-s17 7 (55, 9, 54, 34) 176.67289319652767
Q round202-s17 15 (20, 48, 19, 51) 98.93751865782225
Q round202-s17 4 (32, 49, 56, 29) 142.47592049930577
Q round202-s17 0 (39, 45, 28, 0) 25.155997041375336
Q round202-s17 13 (4, 43, 34, 18) 153.42479606896427
Q round202-s17 10 (44, 63, 19, 6) 41.50269101341001
Q round202-s17 1 (19, 47, 56, 53) 39.042435241838085
Q round202-s17 2 (38, 22, 25, 58) 181.6837566285455
Q round202-s17 12 (39, 22, 1, 17) 109.72752859682767
ROUND 202 n 3328 bestJ 19.759673500626374 best (16, 29, 28, 32) eligible 689
Q round203-s17 5 (43, 29, 69, 7) 2523.921609541903
Q round203-s17 14 (34, 28, 2, 3) 136.63981036743087
Q round203-s17 7 (24, 58, 42, 7) 52.24792938898819
Q round203-s17 8 (5, 63, 43, 40) 78.08325531170385
Q round203-s17 15 (9, 43, 14, 41) 59.43864541361709
Q round203-s17 12 (57, 12, 47, 34) 51.30034784064841
Q round203-s17 2 (45, 37, 67, 46) 83.71768338459499
Q round203-s17 1 (0, 10, 63, 17) 52.25874710848046
Q round203-s17 9 (11, 12, 17, 68) 388.31742090654876
Q round203-s17 11 (28, 20, 43, 14) 100.56062682259792
Q round203-s17 13 (43, 46, 56, 65) 53.219224829140664
Q round203-s17 3 (25, 16, 18, 5) 226.35397734042456
Q round203-s17 4 (54, 34, 22, 41) 84.75113024257728
Q round203-s17 0 (38, 13, 52, 0) 29.490312039478383
Q round203-s17 6 (63, 6, 8, 34) 253.33774429650322
Q round203-s17 10 (31, 48, 47, 71) 199.48970006417267
ROUND 203 n 3344 bestJ 19.759673500626374 best (16, 29, 28, 32) eligible 715
Q round204-s17 9 (48, 40, 30, 4) 96.55295462063505
Q round204-s17 12 (21, 64, 49, 47) 66.67178010168644
Q round204-s17 2 (58, 12, 58, 30) 301.51893712179674
Q round204-s17 15 (23, 27, 38, 28) 57.658981154441285
Q round204-s17 6 (54, 33, 9, 44) 68.7087744890679
Q round204-s17 0 (39, 21, 4, 24) 25.76010101110002
Q round204-s17 5 (68, 36, 4, 11) 73.86701991405089
Q round204-s17 13 (28, 35, 8, 63) 52.2144229354153
Q round204-s17 7 (4, 36, 21, 24) 259.49117543113954
Q round204-s17 3 (38, 25, 65, 20) 70.48053186481394
Q round204-s17 11 (1, 45, 60, 43) 608.3700643401696
Q round204-s17 8 (51, 50, 47, 38) 57.848667392960465
Q round204-s17 4 (51, 24, 56, 32) 41.4722248521595
Q round204-s17 10 (68, 8, 41, 69) 37.73994431731559
Q round204-s17 1 (33, 29, 6, 29) 54.161031122688065
Q round204-s17 14 (33, 23, 41, 47) 90.68506347770675
ROUND 204 n 3360 bestJ 19.759673500626374 best (16, 29, 28, 32) eligible 667
Q round205-s17 15 (20, 19, 49, 45) 3296.3826795880514
Q round205-s17 6 (42, 54, 34, 33) 189.3452624353519
Q round205-s17 12 (59, 15, 42, 35) 576.6606001707318
Q round205-s17 8 (67, 55, 34, 19) 449.3223628496401
Q round205-s17 4 (16, 60, 29, 27) 437.29376227381965
Q round205-s17 14 (56, 46, 50, 43) 93.224024186651
Q round205-s17 7 (2, 8, 19, 27) 115.36441629790737
Q round205-s17 13 (29, 64, 41, 53) 42.08041854233292
Q round205-s17 1 (44, 37, 11, 57) 1372.3545290418867
Q round205-s17 2 (62, 14, 34, 12) 118.62255486064092
Q round205-s17 0 (63, 45, 20, 0) 22.128104275325274
Q round205-s17 9 (27, 11, 68, 12) 71.90437121105596
Q round205-s17 10 (27, 36, 59, 0) 122.1179806403598
Q round205-s17 11 (52, 42, 7, 1) 45.25812128383534
Q round205-s17 5 (1, 37, 66, 42) 213.08082859544467
Q round205-s17 3 (49, 40, 44, 14) 87.30838615438509
ROUND 205 n 3376 bestJ 19.759673500626374 best (16, 29, 28, 32) eligible 575
Q round206-s17 5 (50, 25, 50, 59) 108.76701705108275
Q round206-s17 11 (69, 6, 24, 35) 40.206737635039126
Q round206-s17 6 (13, 25, 16, 63) 70.57321440379994
Q round206-s17 15 (45, 30, 37, 46) 60.54042786484649
Q round206-s17 2 (10, 60, 70, 4) 199.79907188425312
Q round206-s17 9 (8, 69, 24, 17) 67.73687690806379
Q round206-s17 12 (48, 12, 65, 60) 46.49602302940617
Q round206-s17 4 (62, 16, 32, 35) 85.11288379539876
Q round206-s17 3 (34, 7, 41, 5) 49.430996203346226
Q round206-s17 7 (46, 63, 50, 0) 166.01996761434947
Q round206-s17 0 (39, 5, 20, 0) 24.446413560254577
Q round206-s17 1 (11, 48, 27, 12) 153.80151553185735
Q round206-s17 13 (43, 43, 4, 56) 171.1246318420066
Q round206-s17 8 (41, 55, 43, 34) 122.50245758707592
Q round206-s17 14 (14, 37, 21, 10) 166.47248288307915
Q round206-s17 10 (54, 25, 33, 8) 96.74361171109791
ROUND 206 n 3392 bestJ 19.759673500626374 best (16, 29, 28, 32) eligible 660
Q round207-s17 2 (29, 47, 24, 68) 46.92149857491052
Q round207-s17 12 (63, 65, 29, 12) 76.71250017138311
Q round207-s17 3 (39, 41, 0, 9) 82.49277839479792
Q round207-s17 9 (16, 14, 8, 54) 96.00640978332987
Q round207-s17 6 (11, 70, 25, 11) 77.08088966355096
Q round207-s17 14 (40, 40, 16, 37) 153.96157167883433
Q round207-s17 11 (52, 4, 16, 22) 43.68617015875722
Q round207-s17 4 (3, 68, 68, 9) 121.73297331948864
Q round207-s17 8 (38, 70, 26, 21) 207.13041210386692
Q round207-s17 10 (65, 26, 22, 27) 86.09989620317988
Q round207-s17 13 (22, 53, 10, 2) 167.41712956200962
Q round207-s17 5 (44, 8, 48, 6) 60.989523029718924
Q round207-s17 15 (24, 47, 8, 24) 113.38422575500623
Q round207-s17 1 (43, 42, 12, 19) 113.02843331322494
Q round207-s17 0 (62, 69, 28, 16) 29.13317242794866
Q round207-s17 7 (25, 49, 63, 0) 93.88351553334923
ROUND 207 n 3408 bestJ 19.759673500626374 best (16, 29, 28, 32) eligible 632
Q round208-s17 5 (26, 19, 31, 12) 910.6396809914257
Q round208-s17 15 (50, 33, 37, 20) 149.10717630272262
Q round208-s17 6 (21, 71, 35, 60) 247.00637491936996
Q round208-s17 13 (24, 13, 29, 48) 63.81466144320822
Q round208-s17 8 (68, 18, 2, 40) 99.66672653152855
Q round208-s17 9 (70, 67, 47, 50) 38.211803805728046
Q round208-s17 7 (14, 43, 4, 30) 57.687505303443636
Q round208-s17 0 (48, 21, 44, 16) 21.063523040659497
Q round208-s17 3 (51, 54, 37, 24) 42.18334108929255
Q round208-s17 12 (67, 65, 32, 66) 57.638305676181844
Q round208-s17 14 (67, 32, 12, 22) 46.14206511100238
Q round208-s17 2 (4, 24, 14, 38) 60.74055937663313
Q round208-s17 11 (38, 22, 47, 25) 103.46875253966252
Q round208-s17 10 (9, 53, 59, 66) 219.38392487842347
Q round208-s17 4 (25, 37, 47, 25) 78.19507919994123
Q round208-s17 1 (62, 17, 62, 62) 86.18778148690141
ROUND 208 n 3424 bestJ 19.759673500626374 best (16, 29, 28, 32) eligible 620
Q round209-s17 15 (25, 35, 37, 34) 1207.504722443789
Q round209-s17 6 (21, 57, 23, 51) 132.481597529079
Q round209-s17 10 (33, 18, 18, 68) 131.56084495224317
Q round209-s17 7 (18, 51, 15, 22) 52.33321969811326
Q round209-s17 5 (55, 51, 55, 42) 47.33884223196795
Q round209-s17 14 (47, 49, 5, 7) 139.07783836534267
Q round209-s17 8 (55, 36, 0, 9) 68.35993267166832
Q round209-s17 1 (39, 40, 6, 13) 154.48129656283535
Q round209-s17 3 (70, 3, 46, 54) 69.30603258997907
Q round209-s17 0 (48, 45, 12, 0) 27.763708679971288
Q round209-s17 2 (59, 46, 44, 9) 46.82736573096776
Q round209-s17 4 (54, 52, 14, 38) 64.82004108619888
Q round209-s17 11 (51, 23, 53, 55) 43.7824182433021
Q round209-s17 13 (17, 23, 61, 53) 203.46898040683186
Q round209-s17 9 (28, 31, 41, 13) 56.16860147262351
Q round209-s17 12 (4, 48, 34, 69) 202.43397380735365
ROUND 209 n 3440 bestJ 19.759673500626374 best (16, 29, 28, 32) eligible 764
Q round210-s17 14 (23, 58, 2, 4) 78.95798599144972
Q round210-s17 8 (69, 4, 51, 16) 1058.6684163879324
Q round210-s17 6 (15, 57, 42, 55) 123.60707251564361
Q round210-s17 13 (18, 62, 32, 64) 41.449316941659966
Q round210-s17 11 (21, 60, 33, 14) 49.206567199882876
Q round210-s17 2 (69, 68, 47, 49) 53.19529754903634
Q round210-s17 7 (33, 56, 49, 11) 46.06657489168275
Q round210-s17 0 (16, 45, 52, 56) 19.535823292405745
Q round210-s17 9 (8, 18, 63, 38) 51.04261924342129
Q round210-s17 10 (29, 45, 27, 6) 95.51365747142714
Q round210-s17 4 (12, 35, 15, 29) 68.05993011452134
Q round210-s17 5 (14, 39, 69, 32) 144.59235284470685
Q round210-s17 12 (30, 70, 40, 22) 115.21341384010773
Q round210-s17 1 (43, 37, 70, 27) 223.37245328684855
Q round210-s17 15 (33, 38, 35, 6) 47.04256573074528
Q round210-s17 3 (62, 53, 12, 14) 34.308919579553006
ROUND 210 n 3456 bestJ 19.535823292405745 best (16, 45, 52, 56) eligible 687
Q round211-s17 9 (69, 35, 48, 35) 554.3964541225201
Q round211-s17 2 (26, 17, 46, 41) 62.68242461427339
Q round211-s17 11 (53, 41, 12, 6) 44.45770364073379
Q round211-s17 8 (42, 6, 4, 14) 46.749066114260316
Q round211-s17 12 (5, 66, 12, 56) 204.42768097189636
Q round211-s17 13 (25, 39, 5, 67) 69.07693294205144
Q round211-s17 6 (70, 20, 40, 16) 73.35839769198331
Q round211-s17 0 (39, 5, 28, 0) 22.12236642082255
Q round211-s17 3 (59, 19, 23, 15) 51.29101702935384
Q round211-s17 10 (6, 11, 30, 29) 38.231484341563934
Q round211-s17 14 (20, 17, 37, 2) 145.65728484608275
Q round211-s17 4 (11, 23, 46, 13) 60.829110754862306
Q round211-s17 15 (36, 13, 41, 61) 40.56452653204768
Q round211-s17 1 (44, 32, 48, 21) 30.603502846727004
Q round211-s17 5 (54, 70, 68, 46) 101.09726512690759
Q round211-s17 7 (1, 15, 68, 26) 138.84354809491148
ROUND 211 n 3472 bestJ 19.535823292405745 best (16, 45, 52, 56) eligible 685
Q round212-s17 12 (58, 22, 11, 36) 3976.5456069432717
Q round212-s17 10 (67, 61, 53, 65) 2158.0978248444376
Q round212-s17 3 (22, 68, 66, 25) 42.71874287710887
Q round212-s17 5 (56, 12, 7, 52) 45.66963027583741
Q round212-s17 4 (28, 12, 66, 1) 237.81869962284853
Q round212-s17 8 (40, 13, 56, 69) 76.69702133059158
Q round212-s17 11 (14, 43, 47, 42) 46.93869337710016
Q round212-s17 2 (63, 13, 67, 14) 24.49777531990317
Q round212-s17 13 (63, 50, 47, 39) 63.60724985146948
Q round212-s17 1 (25, 28, 57, 18) 47.06970252652287
Q round212-s17 14 (35, 19, 54, 42) 293.032262394267
Q round212-s17 7 (67, 1, 44, 68) 289.3643008274513
Q round212-s17 9 (12, 69, 70, 62) 43.02971913763731
Q round212-s17 15 (4, 34, 22, 68) 250.48163113146245
Q round212-s17 0 (38, 21, 28, 16) 22.752062951988037
Q round212-s17 6 (46, 10, 23, 70) 86.63388490614736
ROUND 212 n 3488 bestJ 19.535823292405745 best (16, 45, 52, 56) eligible 769
Q round213-s17 10 (18, 50, 8, 20) 96.10434803116384
Q round213-s17 1 (45, 24, 63, 67) 107.71911087139776
Q round213-s17 7 (50, 11, 66, 15) 108.38412229571053
Q round213-s17 9 (61, 68, 44, 67) 94.52586431817706
Q round213-s17 13 (45, 41, 3, 63) 70.41097261275756
Q round213-s17 11 (14, 67, 51, 27) 95.67210443395112
Q round213-s17 8 (30, 38, 64, 51) 88.92932824196772
Q round213-s17 0 (0, 53, 52, 57) 22.80456107218172
Q round213-s17 12 (18, 13, 35, 5) 136.4684644847356
Q round213-s17 4 (47, 21, 31, 53) 200.25120358248333
Q round213-s17 3 (11, 35, 15, 62) 47.81438744386682
Q round213-s17 6 (30, 36, 38, 13) 58.41484187252354
Q round213-s17 2 (66, 42, 65, 30) 56.78101585621629
Q round213-s17 5 (55, 71, 55, 54) 115.83572930953831
Q round213-s17 15 (43, 53, 6, 39) 47.49056897715932
Q round213-s17 14 (1, 29, 59, 55) 27.751130928612938
ROUND 213 n 3504 bestJ 19.535823292405745 best (16, 45, 52, 56) eligible 681
Q round214-s17 6 (53, 20, 26, 13) 127.9583072010387
Q round214-s17 8 (5, 3, 19, 11) 121.502586917088
Q round214-s17 4 (64, 35, 35, 51) 94.14141508534799
Q round214-s17 1 (0, 44, 27, 68) 188.92447225337256
Q round214-s17 11 (38, 27, 28, 25) 63.512864140613075
Q round214-s17 12 (47, 41, 70, 5) 167.43636981191722
Q round214-s17 15 (8, 21, 41, 25) 48.595867120059104
Q round214-s17 13 (46, 66, 37, 44) 52.58171955613451
Q round214-s17 14 (19, 20, 38, 18) 135.1738258293645
Q round214-s17 9 (28, 25, 68, 31) 37.25648291237748
Q round214-s17 5 (54, 38, 43, 34) 91.74241856428117
Q round214-s17 3 (44, 6, 43, 49) 40.390750478994406
Q round214-s17 7 (51, 64, 10, 47) 67.41592175511106
Q round214-s17 10 (11, 18, 25, 70) 54.877073844195664
Q round214-s17 0 (62, 29, 28, 0) 28.167219682418406
Q round214-s17 2 (3, 50, 9, 10) 72.39411431985113
ROUND 214 n 3520 bestJ 19.535823292405745 best (16, 45, 52, 56) eligible 768
Q round215-s17 12 (8, 46, 29, 44) 113.38064941073517
Q round215-s17 4 (29, 22, 48, 26) 81.87838257284825
Q round215-s17 9 (50, 47, 44, 4) 170.90773066550125
Q round215-s17 6 (55, 24, 8, 41) 115.53987009009792
Q round215-s17 13 (42, 65, 45, 2) 123.85048878661105
Q round215-s17 14 (69, 36, 51, 63) 223.2461550342891
Q round215-s17 7 (35, 29, 69, 19) 104.82636460094588
Q round215-s17 2 (69, 42, 31, 44) 286.6771520657374
Q round215-s17 5 (10, 0, 48, 29) 48.82757067393001
Q round215-s17 15 (36, 42, 51, 3) 139.81835444909814
Q round215-s17 10 (63, 48, 9, 69) 136.96174464917985
Q round215-s17 0 (64, 29, 20, 16) 21.262235048205362
Q round215-s17 1 (61, 45, 4, 55) 71.48346052946059
Q round215-s17 3 (71, 30, 10, 56) 164.93103884999567
Q round215-s17 11 (11, 39, 12, 46) 42.99849806783185
Q round215-s17 8 (62, 70, 55, 9) 91.06462826199116
ROUND 215 n 3536 bestJ 19.535823292405745 best (16, 45, 52, 56) eligible 581
Q round216-s17 13 (53, 67, 68, 57) 868.2350111212845
Q round216-s17 8 (29, 4, 1, 54) 49.75577278737104
Q round216-s17 15 (53, 60, 22, 58) 51.2351160780612
Q round216-s17 4 (10, 6, 1, 21) 34.65281422091069
Q round216-s17 3 (58, 54, 60, 7) 48.96519150523546
Q round216-s17 7 (69, 4, 50, 14) 184.407758912177
Q round216-s17 1 (64, 3, 48, 35) 174.7101507359394
Q round216-s17 14 (1, 35, 21, 44) 202.06854159542297
Q round216-s17 5 (47, 19, 33, 32) 47.52377108206602
Q round216-s17 10 (12, 32, 42, 33) 212.4815915948698
Q round216-s17 9 (14, 57, 32, 35) 73.0854772306306
Q round216-s17 11 (60, 21, 33, 18) 171.67731208145426
Q round216-s17 12 (30, 54, 32, 70) 117.142961135815
Q round216-s17 2 (30, 40, 7, 62) 116.53221544844853
Q round216-s17 6 (17, 16, 30, 33) 99.85803233881418
Q round216-s17 0 (49, 13, 20, 0) 25.902393560448996
ROUND 216 n 3552 bestJ 19.535823292405745 best (16, 45, 52, 56) eligible 789
Q round217-s17 6 (32, 5, 13, 5) 11314.687583701996
Q round217-s17 11 (5, 12, 57, 51) 128.30651809497652
Q round217-s17 15 (26, 66, 48, 8) 122.13336825105354
Q round217-s17 3 (23, 67, 46, 24) 74.5360413524793
Q round217-s17 5 (65, 61, 66, 41) 62.80900923960496
Q round217-s17 0 (48, 5, 12, 16) 24.006396187886867
Q round217-s17 12 (29, 29, 8, 55) 38.27106420967155
Q round217-s17 2 (51, 3, 29, 22) 282.1713703499477
Q round217-s17 7 (52, 65, 52, 1) 38.512804648835164
Q round217-s17 13 (23, 16, 17, 34) 741.2192396386613
Q round217-s17 14 (20, 38, 64, 57) 52.5179046447288
Q round217-s17 8 (60, 23, 11, 30) 38.75099539524716
Q round217-s17 9 (52, 37, 23, 71) 56.52093293860296
Q round217-s17 10 (39, 15, 60, 16) 78.66322972209204
Q round217-s17 4 (9, 14, 40, 13) 180.06452726775817
Q round217-s17 1 (9, 30, 7, 29) 161.03660590985382
ROUND 217 n 3568 bestJ 19.535823292405745 best (16, 45, 52, 56) eligible 730
Q round218-s17 8 (39, 56, 69, 20) 75.29206462034901
Q round218-s17 12 (13, 61, 34, 4) 111.06829572864025
Q round218-s17 15 (10, 7, 49, 51) 184.56062191073977
Q round218-s17 2 (34, 47, 23, 59) 47.43764543967584
Q round218-s17 13 (2, 6, 40, 9) 49.91876767500869
Q round218-s17 6 (55, 28, 55, 65) 74.73382877286822
Q round218-s17 10 (36, 14, 34, 8) 70.2421987658593
Q round218-s17 4 (44, 35, 70, 23) 54.351271225048016
Q round218-s17 3 (48, 22, 31, 37) 170.3851306973946
Q round218-s17 7 (6, 45, 9, 43) 46.9124660716474
Q round218-s17 9 (28, 22, 47, 62) 75.66244127083813
Q round218-s17 1 (48, 64, 9, 39) 69.53071261710889
Q round218-s17 11 (52, 29, 16, 71) 40.06766338893077
Q round218-s17 0 (62, 21, 68, 16) 20.936471358932113
Q round218-s17 5 (22, 56, 35, 63) 80.31017037532426
Q round218-s17 14 (41, 15, 6, 17) 111.54082181816386
ROUND 218 n 3584 bestJ 19.535823292405745 best (16, 45, 52, 56) eligible 687
Q round219-s17 10 (19, 36, 26, 6) 1971.6278520843653
Q round219-s17 2 (0, 56, 63, 4) 84.47302933279366
Q round219-s17 11 (20, 37, 29, 33) 1037.2730941594896
Q round219-s17 14 (50, 36, 7, 39) 52.60711766598235
Q round219-s17 5 (47, 17, 66, 58) 320.1046278429676
Q round219-s17 12 (49, 68, 18, 47) 50.3835056945775
Q round219-s17 9 (12, 12, 63, 66) 538.0249174953785
Q round219-s17 8 (64, 58, 67, 61) 467.58440133512204
Q round219-s17 0 (0, 69, 20, 56) 22.21842543562704
Q round219-s17 1 (22, 20, 67, 13) 311.8754730972194
Q round219-s17 3 (30, 47, 27, 21) 149.72202334003688
Q round219-s17 15 (49, 14, 17, 19) 76.76519081350342
Q round219-s17 7 (25, 17, 34, 18) 192.0089951751673
Q round219-s17 6 (11, 61, 36, 27) 74.17268223907593
Q round219-s17 13 (68, 26, 70, 59) 189.98586701925194
Q round219-s17 4 (22, 47, 16, 54) 129.90446366718055
ROUND 219 n 3600 bestJ 19.535823292405745 best (16, 45, 52, 56) eligible 657
Q round220-s17 2 (37, 47, 69, 38) 74.86281938494358
Q round220-s17 12 (10, 43, 51, 43) 143.92164919998018
Q round220-s17 5 (16, 6, 64, 43) 99.47878150312822
Q round220-s17 14 (32, 52, 0, 20) 66.19615633382101
Q round220-s17 11 (70, 67, 2, 1) 182.32221364435713
Q round220-s17 3 (7, 27, 48, 1) 62.4154192305631
Q round220-s17 9 (28, 36, 34, 33) 638.4890342955562
Q round220-s17 8 (24, 11, 52, 14) 51.87138545782828
Q round220-s17 7 (3, 45, 37, 52) 90.21319211735435
Q round220-s17 4 (38, 58, 64, 3) 98.8078505648345
Q round220-s17 0 (63, 5, 20, 16) 24.17217328564307
Q round220-s17 6 (24, 13, 44, 24) 25.87522421692427
Q round220-s17 13 (60, 35, 50, 34) 131.77789352231918
Q round220-s17 15 (19, 10, 26, 0) 82.48188482854049
Q round220-s17 10 (3, 16, 4, 53) 191.05958728065514
Q round220-s17 1 (70, 10, 33, 71) 73.78588876317369
ROUND 220 n 3616 bestJ 19.535823292405745 best (16, 45, 52, 56) eligible 711
Q round221-s17 12 (29, 56, 50, 33) 317.8588467644597
Q round221-s17 4 (47, 33, 13, 17) 107.3479831360808
Q round221-s17 9 (35, 36, 42, 47) 515.6476924358223
Q round221-s17 2 (32, 53, 41, 69) 47.52098365853063
Q round221-s17 10 (36, 3, 6, 54) 51.15225725215556
Q round221-s17 7 (28, 67, 46, 29) 69.36927488396385
Q round221-s17 1 (12, 9, 63, 54) 63.413422122430326
Q round221-s17 11 (6, 16, 3, 43) 70.72567581568595
Q round221-s17 0 (7, 10, 59, 63) 24.097157594921804
Q round221-s17 5 (44, 56, 58, 16) 75.62558336470161
Q round221-s17 6 (68, 1, 20, 63) 39.41807724775022
Q round221-s17 14 (20, 9, 29, 48) 36.14943422923064
Q round221-s17 8 (36, 23, 44, 65) 43.03807607964816
Q round221-s17 3 (60, 48, 40, 0) 77.13305560072449
Q round221-s17 13 (12, 42, 17, 7) 47.33283158578333
Q round221-s17 15 (55, 46, 55, 23) 121.5373723078703
ROUND 221 n 3632 bestJ 19.535823292405745 best (16, 45, 52, 56) eligible 758
Q round222-s17 9 (69, 0, 21, 17) 42.91782395089719
Q round222-s17 3 (31, 32, 32, 35) 84.90598565461974
Q round222-s17 2 (39, 43, 10, 70) 162.67228331771355
Q round222-s17 7 (18, 36, 68, 50) 130.73554263958363
Q round222-s17 15 (21, 60, 63, 66) 252.4858967717923
Q round222-s17 1 (68, 1, 35, 4) 288.6343129949029
Q round222-s17 14 (20, 59, 5, 70) 380.7326008404875
Q round222-s17 0 (64, 45, 20, 16) 24.187090425604183
Q round222-s17 11 (59, 43, 36, 64) 84.35114262324562
Q round222-s17 12 (21, 29, 3, 37) 102.15047118707308
Q round222-s17 4 (6, 50, 29, 60) 51.54712388981656
Q round222-s17 6 (22, 18, 70, 7) 87.21673548387598
Q round222-s17 10 (49, 13, 32, 5) 68.13244949710452
Q round222-s17 5 (23, 7, 7, 39) 138.5764634853114
Q round222-s17 13 (25, 58, 60, 0) 35.3103397725881
Q round222-s17 8 (1, 1, 36, 24) 66.63965189016132
ROUND 222 n 3648 bestJ 19.535823292405745 best (16, 45, 52, 56) eligible 770
Q round223-s17 11 (58, 57, 45, 6) 65.10151393441392
Q round223-s17 9 (10, 8, 56, 23) 57.217017185461465
Q round223-s17 1 (18, 27, 15, 23) 54.36051793317486
Q round223-s17 14 (10, 28, 36, 42) 113.62738103627022
Q round223-s17 8 (66, 8, 49, 4) 150.9596342918585
Q round223-s17 10 (10, 20, 26, 57) 96.05587717104227
Q round223-s17 12 (69, 17, 6, 34) 66.72970821259307
Q round223-s17 4 (13, 37, 59, 40) 154.28122054941102
Q round223-s17 13 (44, 62, 54, 11) 51.68004450307349
Q round223-s17 15 (35, 34, 57, 44) 155.681422264629
Q round223-s17 2 (51, 11, 24, 58) 133.6895614648516
Q round223-s17 5 (12, 2, 71, 59) 170.42556170468245
Q round223-s17 7 (49, 1, 45, 29) 186.87654169277155
Q round223-s17 0 (38, 13, 20, 0) 22.653093226923296
Q round223-s17 6 (1, 46, 55, 38) 106.83638005942396
Q round223-s17 3 (23, 54, 47, 6) 116.46608445417414
ROUND 223 n 3664 bestJ 19.535823292405745 best (16, 45, 52, 56) eligible 723
Q round224-s17 4 (16, 37, 43, 67) 957.8948126464225
Q round224-s17 11 (66, 46, 13, 16) 45.35882781177405
Q round224-s17 9 (2, 7, 47, 5) 41.60046505058099
Q round224-s17 1 (58, 32, 44, 16) 94.17624758364062
Q round224-s17 8 (12, 55, 0, 68) 51.41930308686148
Q round224-s17 6 (68, 2, 13, 17) 174.89110048220476
Q round224-s17 7 (41, 59, 8, 64) 45.42172880052119
Q round224-s17 0 (63, 5, 28, 0) 23.868703065813765
Q round224-s17 15 (10, 13, 49, 58) 145.49292044477085
Q round224-s17 13 (47, 26, 44, 14) 44.52289813849458
Q round224-s17 12 (10, 21, 43, 6) 232.13076982484856
Q round224-s17 5 (28, 30, 43, 45) 333.90459422692066
Q round224-s17 3 (28, 57, 12, 65) 43.46816282434565
Q round224-s17 2 (25, 40, 18, 21) 216.03424982895538
Q round224-s17 14 (60, 34, 31, 1) 38.06982091257628
Q round224-s17 10 (9, 46, 7, 7) 101.6328756536799
ROUND 224 n 3680 bestJ 19.535823292405745 best (16, 45, 52, 56) eligible 664
Q round225-s17 10 (53, 8, 36, 47) 48.46189611813257
Q round225-s17 13 (45, 24, 30, 33) 61.33343976081113
Q round225-s17 11 (13, 18, 21, 33) 107.16870954928025
Q round225-s17 12 (63, 27, 70, 51) 325.75777616662174
Q round225-s17 3 (55, 28, 20, 15) 45.34417151940618
Q round225-s17 4 (65, 0, 2, 8) 131.8815424507976
Q round225-s17 1 (11, 8, 69, 46) 49.36485949853321
Q round225-s17 15 (2, 69, 67, 42) 240.058617078935
Q round225-s17 0 (39, 21, 52, 16) 22.757928025510854
Q round225-s17 8 (50, 10, 56, 61) 114.15271443887852
Q round225-s17 7 (1, 27, 9, 30) 47.192734058038965
Q round225-s17 9 (35, 39, 70, 49) 59.844640487495965
Q round225-s17 5 (54, 32, 6, 67) 80.3250828364786
Q round225-s17 6 (65, 58, 14, 46) 72.80927210039115
Q round225-s17 14 (1, 18, 64, 24) 69.47928200542162
Q round225-s17 2 (25, 7, 68, 65) 110.2735385499448
ROUND 225 n 3696 bestJ 19.535823292405745 best (16, 45, 52, 56) eligible 655
Q round226-s17 3 (3, 12, 13, 1) 19523.78543968258
Q round226-s17 4 (55, 1, 66, 1) 131.28893471402765
Q round226-s17 14 (50, 35, 50, 26) 218.41092563341817
Q round226-s17 10 (40, 51, 5, 60) 229.81778881233896
Q round226-s17 5 (40, 39, 50, 45) 243.58930880008685
Q round226-s17 1 (15, 57, 29, 61) 150.7407993383241
Q round226-s17 9 (31, 60, 40, 9) 68.93439056434039
Q round226-s17 11 (26, 7, 25, 62) 56.47606181126149
Q round226-s17 2 (18, 10, 24, 29) 109.00042820027495
Q round226-s17 0 (39, 5, 20, 16) 24.391261310512977
Q round226-s17 13 (49, 31, 56, 68) 112.67995313398319
Q round226-s17 15 (17, 22, 10, 1) 127.13960528933669
Q round226-s17 7 (12, 9, 9, 16) 51.37754813244229
Q round226-s17 12 (9, 34, 69, 32) 42.31071553720775
Q round226-s17 8 (17, 48, 13, 7) 130.45181052331714
Q round226-s17 6 (48, 47, 1, 47) 98.40858230979927
ROUND 226 n 3712 bestJ 19.535823292405745 best (16, 45, 52, 56) eligible 712
Q round227-s17 8 (16, 70, 53, 16) 136.69948116771297
Q round227-s17 11 (8, 51, 30, 71) 67.16280319317825
Q round227-s17 7 (69, 18, 59, 19) 137.8311688035524
Q round227-s17 14 (33, 68, 51, 59) 94.16150556866734
Q round227-s17 4 (70, 43, 43, 31) 68.00101764591876
Q round227-s17 1 (27, 54, 42, 66) 244.23666436122815
Q round227-s17 6 (18, 10, 63, 21) 103.61847547883342
Q round227-s17 2 (44, 67, 21, 69) 90.01798375034528
Q round227-s17 15 (1, 63, 5, 21) 155.78982573475707
Q round227-s17 10 (57, 71, 25, 42) 234.9876687583564
Q round227-s17 13 (16, 8, 20, 33) 127.4921619768899
Q round227-s17 9 (56, 14, 12, 17) 67.9086878493275
Q round227-s17 3 (1, 39, 65, 69) 127.33757774310479
Q round227-s17 0 (38, 29, 4, 16) 23.1897254094824
Q round227-s17 5 (30, 9, 25, 42) 247.04641865286624
Q round227-s17 12 (3, 64, 68, 18) 91.16153355908197
ROUND 227 n 3728 bestJ 19.535823292405745 best (16, 45, 52, 56) eligible 697
Q round228-s17 15 (5, 28, 56, 12) 584.1236067461881
Q round228-s17 6 (36, 63, 13, 51) 192.20055971248465
Q round228-s17 4 (42, 1, 49, 41) 51.88980158193081
Q round228-s17 3 (21, 43, 46, 0) 49.05310361028359
Q round228-s17 2 (55, 34, 68, 60) 47.57992215964309
Q round228-s17 13 (55, 12, 60, 15) 53.97305394152733
Q round228-s17 1 (26, 50, 66, 32) 136.01721326393243
Q round228-s17 14 (24, 14, 47, 58) 209.8562858407089
Q round228-s17 10 (35, 17, 33, 4) 74.02050209278909
Q round228-s17 0 (63, 21, 44, 0) 22.556063163964552
Q round228-s17 7 (11, 10, 61, 65) 197.23373504178704
Q round228-s17 8 (11, 2, 26, 48) 99.59768954704097
Q round228-s17 9 (60, 4, 58, 18) 154.43710022098534
Q round228-s17 12 (14, 9, 4, 2) 114.58109355730151
Q round228-s17 11 (20, 7, 20, 49) 34.43063950981435
Q round228-s17 5 (33, 33, 20, 37) 50.88181539468371
ROUND 228 n 3744 bestJ 19.535823292405745 best (16, 45, 52, 56) eligible 680
Q round229-s17 13 (63, 8, 37, 15) 147.04440848753984
Q round229-s17 11 (21, 54, 59, 22) 44.087999607204885
Q round229-s17 2 (5, 6, 40, 12) 39.723095835918706
Q round229-s17 9 (8, 22, 20, 51) 62.6913423381714
Q round229-s17 15 (21, 18, 66, 63) 103.30202405963044
Q round229-s17 7 (57, 35, 42, 69) 105.03174013129933
Q round229-s17 0 (63, 21, 68, 16) 22.131188693025443
Q round229-s17 1 (1, 58, 27, 20) 270.82241786780725
Q round229-s17 12 (19, 25, 28, 67) 116.66553159662695
Q round229-s17 6 (31, 39, 6, 45) 186.63146671008803
Q round229-s17 4 (1, 1, 69, 0) 112.74036255611703
Q round229-s17 3 (30, 7, 56, 66) 248.55876398104513
Q round229-s17 8 (52, 42, 46, 54) 46.83186082623856
Q round229-s17 10 (28, 31, 27, 25) 37.511604979736724
Q round229-s17 5 (6, 2, 46, 24) 91.765151857082
Q round229-s17 14 (65, 1, 11, 14) 53.07616654803059
ROUND 229 n 3760 bestJ 19.535823292405745 best (16, 45, 52, 56) eligible 684
Q round230-s17 14 (56, 64, 0, 59) 72.75780074320585
Q round230-s17 2 (56, 17, 50, 43) 52.34202042452418
Q round230-s17 9 (34, 62, 70, 32) 61.797268974195866
Q round230-s17 11 (5, 49, 60, 31) 46.045430488257786
Q round230-s17 6 (7, 27, 43, 51) 99.43677595306187
Q round230-s17 4 (31, 11, 58, 42) 132.76520475845962
Q round230-s17 3 (34, 64, 28, 32) 93.77240095983043
Q round230-s17 10 (4, 33, 50, 25) 182.7142940180314
Q round230-s17 8 (1, 27, 34, 39) 153.06143537414349
Q round230-s17 1 (33, 19, 61, 45) 146.49311261410074
Q round230-s17 5 (67, 5, 52, 0) 751.9545408029967
Q round230-s17 7 (62, 68, 9, 41) 43.15272224025326
Q round230-s17 0 (39, 13, 44, 64) 22.312175569738592
Q round230-s17 13 (66, 2, 51, 50) 289.9965068981646
Q round230-s17 15 (43, 67, 20, 28) 71.76383955851051
Q round230-s17 12 (33, 46, 23, 52) 94.21855626417022
ROUND 230 n 3776 bestJ 19.535823292405745 best (16, 45, 52, 56) eligible 635
Q round231-s17 2 (58, 20, 28, 57) 716.7674832167623
Q round231-s17 10 (23, 33, 15, 68) 99.3315592964589
Q round231-s17 3 (5, 38, 55, 50) 52.772718295117855
Q round231-s17 8 (53, 60, 46, 36) 54.75829275660991
Q round231-s17 1 (64, 9, 53, 29) 166.78079413362414
Q round231-s17 4 (37, 45, 52, 50) 155.55960338651207
Q round231-s17 14 (66, 21, 41, 44) 194.09399897129356
Q round231-s17 5 (10, 10, 68, 36) 90.71992640390694
Q round231-s17 15 (68, 29, 38, 19) 172.93370288459866
Q round231-s17 13 (14, 35, 16, 39) 57.372246640197915
Q round231-s17 6 (22, 70, 19, 35) 73.73495138172488
Q round231-s17 9 (28, 50, 57, 1) 60.08552660803672
Q round231-s17 0 (62, 45, 44, 16) 21.915603878306996
Q round231-s17 11 (9, 62, 32, 40) 91.88923139997426
Q round231-s17 12 (17, 42, 41, 48) 62.785077953998325
Q round231-s17 7 (32, 22, 43, 32) 54.340023994290384
ROUND 231 n 3792 bestJ 19.535823292405745 best (16, 45, 52, 56) eligible 617
Q round232-s17 6 (69, 65, 68, 55) 41.76455202658017
Q round232-s17 3 (15, 25, 41, 59) 80.12163468748604
Q round232-s17 5 (71, 44, 27, 48) 50.835949526596934
Q round232-s17 12 (33, 29, 66, 32) 118.27534423800002
Q round232-s17 8 (59, 49, 49, 4) 59.14368648882374
Q round232-s17 4 (46, 47, 8, 59) 134.26459038222185
Q round232-s17 9 (25, 51, 24, 39) 41.8696293504677
Q round232-s17 10 (65, 52, 62, 70) 57.281608731731204
Q round232-s17 0 (0, 69, 28, 57) 19.07316030276427
Q round232-s17 15 (68, 3, 48, 65) 53.527605238529084
Q round232-s17 13 (22, 12, 68, 29) 115.3258515160647
Q round232-s17 1 (28, 34, 42, 10) 233.86211260309287
Q round232-s17 14 (11, 15, 67, 10) 110.32671088778037
Q round232-s17 11 (12, 56, 1, 41) 50.11566220726671
Q round232-s17 7 (62, 66, 1, 32) 59.61890321312628
Q round232-s17 2 (1, 69, 60, 1) 34.456475404703994
ROUND 232 n 3808 bestJ 19.07316030276427 best (0, 69, 28, 57) eligible 601
Q round233-s17 3 (37, 7, 29, 57) 73.69412913749036
Q round233-s17 15 (62, 36, 9, 19) 99.14799763598957
Q round233-s17 5 (0, 11, 39, 30) 63.635194432335105
Q round233-s17 7 (37, 63, 20, 64) 35.74782551830677
Q round233-s17 14 (48, 28, 28, 3) 177.48225744792737
Q round233-s17 10 (53, 26, 57, 4) 151.65693969476445
Q round233-s17 13 (57, 7, 66, 53) 207.29891571956682
Q round233-s17 2 (14, 4, 19, 71) 51.45635616852359
Q round233-s17 6 (54, 31, 48, 67) 124.2643964855202
Q round233-s17 0 (39, 5, 12, 40) 22.890913989479877
Q round233-s17 12 (67, 11, 54, 14) 49.70235326676116
Q round233-s17 11 (20, 60, 7, 57) 44.902683848854515
Q round233-s17 9 (11, 57, 6, 27) 86.65585778826195
Q round233-s17 1 (4, 37, 12, 22) 46.316054188594265
Q round233-s17 4 (70, 37, 4, 64) 73.41490276335381
Q round233-s17 8 (31, 38, 35, 49) 78.91157009799058
ROUND 233 n 3824 bestJ 19.07316030276427 best (0, 69, 28, 57) eligible 665
Q round234-s17 5 (26, 70, 14, 67) 106.53407890032818
Q round234-s17 13 (53, 22, 38, 3) 60.019177240280115
Q round234-s17 9 (36, 13, 45, 54) 100.08967957277562
Q round234-s17 1 (26, 63, 31, 54) 63.55756673127342
Q round234-s17 15 (32, 60, 38, 12) 48.834472263413474
Q round234-s17 2 (16, 48, 24, 21) 219.666649088035
Q round234-s17 8 (64, 38, 63, 32) 92.94838224724137
Q round234-s17 12 (57, 24, 14, 43) 67.75653143357817
Q round234-s17 11 (11, 52, 56, 20) 224.14370139430144
Q round234-s17 14 (59, 62, 39, 37) 50.71741949247595
Q round234-s17 6 (41, 21, 0, 35) 51.502442803889544
Q round234-s17 10 (3, 41, 12, 71) 46.022031158688414
Q round234-s17 3 (28, 45, 23, 32) 42.010727099165656
Q round234-s17 4 (43, 63, 43, 21) 77.48416690960147
Q round234-s17 7 (65, 18, 70, 43) 148.15685601482517
Q round234-s17 0 (62, 21, 28, 0) 21.71139012348412
ROUND 234 n 3840 bestJ 19.07316030276427 best (0, 69, 28, 57) eligible 782
Q round235-s17 14 (45, 48, 42, 66) 225.2577054099917
Q round235-s17 11 (55, 26, 37, 32) 74.37437965200237
Q round235-s17 15 (29, 59, 21, 13) 106.75955727137453
Q round235-s17 13 (69, 66, 5, 39) 150.56754417923364
Q round235-s17 7 (15, 29, 7, 58) 135.02978738230047
Q round235-s17 12 (57, 1, 24, 35) 66.53361865837708
Q round235-s17 0 (63, 5, 20, 40) 21.88798528875081
Q round235-s17 8 (51, 27, 55, 12) 288.8236449075462
Q round235-s17 6 (25, 28, 39, 71) 62.401783373896194
Q round235-s17 2 (41, 44, 19, 47) 42.33297767239022
Q round235-s17 4 (52, 39, 37, 13) 39.81916270238056
Q round235-s17 10 (19, 57, 7, 6) 62.69617652990951
Q round235-s17 3 (52, 55, 69, 53) 48.055689562091146
Q round235-s17 9 (9, 47, 47, 6) 98.17198701480115
Q round235-s17 1 (17, 37, 25, 9) 62.37386330205646
Q round235-s17 5 (1, 56, 38, 9) 68.6794867645361
ROUND 235 n 3856 bestJ 19.07316030276427 best (0, 69, 28, 57) eligible 796
Q round236-s17 8 (7, 18, 65, 11) 48.92311101043746
Q round236-s17 1 (13, 23, 68, 20) 163.96887288904605
Q round236-s17 14 (10, 11, 62, 60) 276.0318498119319
Q round236-s17 5 (21, 22, 71, 63) 81.90510149798291
Q round236-s17 6 (29, 4, 2, 56) 105.85246215379708
Q round236-s17 12 (37, 22, 33, 16) 84.40353731120067
Q round236-s17 10 (47, 53, 41, 36) 60.65979766799817
Q round236-s17 15 (41, 19, 44, 39) 72.4723503049921
Q round236-s17 13 (17, 71, 29, 12) 115.63590214038328
Q round236-s17 11 (8, 34, 6, 32) 66.99908955424404
Q round236-s17 0 (63, 5, 52, 16) 24.220109706232456
Q round236-s17 3 (9, 27, 19, 55) 54.25585098794541
Q round236-s17 4 (47, 10, 15, 54) 79.67671479385817
Q round236-s17 2 (44, 44, 44, 41) 100.15189516411648
Q round236-s17 9 (20, 69, 38, 18) 180.19969672780553
Q round236-s17 7 (46, 16, 70, 13) 232.08225742911512
ROUND 236 n 3872 bestJ 19.07316030276427 best (0, 69, 28, 57) eligible 551
Q round237-s17 5 (34, 17, 63, 32) 58.27338800092511
Q round237-s17 4 (18, 65, 64, 8) 47.22386794556723
Q round237-s17 10 (29, 31, 70, 4) 37.92578810799214
Q round237-s17 6 (58, 70, 10, 63) 79.36704879500232
Q round237-s17 8 (11, 44, 27, 62) 626.3410096623304
Q round237-s17 11 (9, 55, 66, 8) 146.7633768020301
Q round237-s17 14 (18, 48, 41, 18) 155.8725019116163
Q round237-s17 3 (53, 42, 29, 14) 272.655825165426
Q round237-s17 9 (48, 49, 56, 69) 144.27417736798685
Q round237-s17 13 (14, 44, 68, 48) 44.68247921440029
Q round237-s17 12 (66, 61, 4, 53) 111.02751359582696
Q round237-s17 15 (2, 21, 7, 15) 48.6807830615599
Q round237-s17 2 (25, 37, 26, 55) 74.11073917044267
Q round237-s17 1 (4, 8, 61, 1) 41.51946946260783
Q round237-s17 7 (1, 61, 30, 32) 86.14717055633353
Q round237-s17 0 (49, 21, 12, 16) 22.5832927518532
ROUND 237 n 3888 bestJ 19.07316030276427 best (0, 69, 28, 57) eligible 744
Q round238-s17 3 (42, 63, 42, 36) 133.07573968851008
Q round238-s17 9 (29, 68, 17, 68) 234.67403000645487
Q round238-s17 5 (10, 16, 35, 58) 117.73144881017943
Q round238-s17 15 (28, 42, 71, 51) 118.73532301958603
Q round238-s17 10 (36, 70, 10, 16) 66.66871000950859
Q round238-s17 6 (35, 33, 43, 11) 89.58042212468871
Q round238-s17 0 (63, 29, 44, 24) 24.192680530807777
Q round238-s17 2 (38, 71, 59, 59) 58.01188975800209
Q round238-s17 4 (17, 12, 3, 10) 112.36387996358658
Q round238-s17 11 (6, 26, 64, 36) 57.46549236354439
Q round238-s17 13 (9, 15, 58, 55) 138.50778711579218
Q round238-s17 1 (31, 0, 6, 34) 281.20121419982866
Q round238-s17 7 (59, 34, 62, 28) 239.9881226173219
Q round238-s17 8 (67, 58, 9, 10) 94.90460178631692
Q round238-s17 12 (49, 41, 35, 61) 78.80747951969818
Q round238-s17 14 (1, 49, 12, 23) 65.64213504433837
ROUND 238 n 3904 bestJ 19.07316030276427 best (0, 69, 28, 57) eligible 701
Q round239-s17 15 (26, 39, 50, 25) 4633.018484050221
Q round239-s17 2 (13, 8, 12, 28) 1582.3480191646092
Q round239-s17 14 (69, 7, 58, 4) 92.42129305385089
Q round239-s17 5 (47, 36, 51, 4) 699.7998448152047
Q round239-s17 1 (23, 1, 31, 59) 101.30000085173523
Q round239-s17 12 (2, 4, 63, 66) 142.2735573507309
Q round239-s17 13 (62, 52, 18, 29) 653.6016573428348
Q round239-s17 7 (66, 10, 23, 5) 202.8751479789939
Q round239-s17 0 (64, 29, 44, 16) 22.520427971605365
Q round239-s17 4 (17, 12, 49, 24) 56.563953407583256
Q round239-s17 3 (8, 42, 8, 15) 49.546235537764815
Q round239-s17 6 (58, 21, 70, 2) 170.90955370177386
Q round239-s17 9 (12, 33, 11, 40) 51.12469582344713
Q round239-s17 10 (4, 1, 8, 45) 38.717868763847456
Q round239-s17 8 (43, 21, 22, 42) 166.05114502599145
Q round239-s17 11 (22, 54, 64, 6) 122.8077019658109
ROUND 239 n 3920 bestJ 19.07316030276427 best (0, 69, 28, 57) eligible 688
Q round240-s17 10 (5, 57, 5, 32) 126.17570081340361
Q round240-s17 7 (5, 5, 30, 28) 404.07962385900083
Q round240-s17 2 (20, 44, 56, 68) 595.1340786629121
Q round240-s17 5 (55, 53, 21, 47) 88.08188752747644
Q round240-s17 13 (71, 42, 13, 21) 93.91654677804148
Q round240-s17 11 (67, 33, 5, 12) 176.98607995252377
Q round240-s17 3 (54, 71, 26, 7) 177.87621240718232
Q round240-s17 14 (5, 53, 31, 5) 240.18740398559598
Q round240-s17 4 (24, 38, 71, 23) 95.29225549013769
Q round240-s17 12 (22, 62, 58, 35) 124.27471431914769
Q round240-s17 0 (63, 29, 4, 40) 25.376815053892155
Q round240-s17 1 (67, 11, 68, 13) 78.04138008574093
Q round240-s17 6 (35, 14, 15, 41) 70.47004936521509
Q round240-s17 9 (63, 24, 33, 16) 100.42401981536389
Q round240-s17 8 (54, 32, 49, 70) 90.11154605284497
Q round240-s17 15 (17, 30, 68, 33) 97.51486903178287
ROUND 240 n 3936 bestJ 19.07316030276427 best (0, 69, 28, 57) eligible 628
Q round241-s17 2 (55, 57, 57, 4) 83.69271804281018
Q round241-s17 10 (24, 12, 2, 4) 326.2396162445736
Q round241-s17 6 (26, 54, 49, 17) 57.37688338757766
Q round241-s17 7 (45, 55, 36, 4) 164.20352594864653
Q round241-s17 4 (8, 51, 4, 54) 57.31893261677549
Q round241-s17 13 (40, 63, 12, 43) 48.82465147709322
Q round241-s17 5 (20, 37, 66, 64) 184.71808995273096
Q round241-s17 15 (35, 69, 65, 44) 415.932218162881
Q round241-s17 0 (24, 13, 44, 16) 24.9041877295575
Q round241-s17 1 (4, 11, 49, 6) 46.28339471538073
Q round241-s17 12 (23, 61, 17, 46) 93.01057041572469
Q round241-s17 3 (19, 39, 24, 31) 59.020731090701005
Q round241-s17 14 (52, 21, 59, 26) 143.54204653748786
Q round241-s17 11 (27, 66, 44, 20) 94.31960173642572
Q round241-s17 9 (64, 71, 1, 65) 95.89218921461291
Q round241-s17 8 (17, 23, 67, 6) 74.86376565207327
ROUND 241 n 3952 bestJ 19.07316030276427 best (0, 69, 28, 57) eligible 655
Q round242-s17 9 (16, 31, 67, 44) 69.5687728955662
Q round242-s17 7 (23, 40, 31, 60) 117.07368633522985
Q round242-s17 1 (37, 52, 13, 16) 149.28975454393253
Q round242-s17 11 (15, 3, 6, 64) 70.60677721323805
Q round242-s17 10 (26, 50, 51, 36) 111.35690294178315
Q round242-s17 3 (69, 13, 29, 54) 200.66207826848006
Q round242-s17 14 (66, 2, 10, 14) 99.31747056881656
Q round242-s17 15 (44, 21, 64, 43) 128.88354300079288
Q round242-s17 8 (11, 27, 5, 4) 97.06878039333007
Q round242-s17 2 (48, 26, 57, 39) 53.35616121285637
Q round242-s17 0 (0, 21, 68, 57) 26.134672051200933
Q round242-s17 5 (17, 11, 1, 12) 75.07463606711738
Q round242-s17 12 (63, 39, 63, 47) 99.66205186845932
Q round242-s17 6 (51, 57, 40, 63) 51.45082424370899
Q round242-s17 4 (1, 33, 40, 28) 75.63859422348816
Q round242-s17 13 (23, 40, 62, 14) 120.41503124395948
ROUND 242 n 3968 bestJ 19.07316030276427 best (0, 69, 28, 57) eligible 730
Q round243-s17 5 (45, 52, 58, 68) 103.37559019478611
Q round243-s17 15 (24, 54, 39, 19) 88.06795375758013
Q round243-s17 9 (0, 24, 5, 14) 126.93249632182794
Q round243-s17 1 (48, 54, 5, 41) 126.1359162832859
Q round243-s17 3 (23, 29, 69, 27) 51.93280130225006
Q round243-s17 14 (29, 61, 41, 11) 581.105332478993
Q round243-s17 13 (9, 71, 34, 11) 117.33679737672217
Q round243-s17 0 (39, 5, 28, 16) 21.53503795798451
Q round243-s17 7 (36, 66, 58, 16) 141.77234621424745
Q round243-s17 2 (35, 14, 64, 54) 67.76982438564876
Q round243-s17 8 (52, 31, 37, 7) 74.72816597223117
Q round243-s17 6 (52, 41, 56, 34) 43.62362714083554
Q round243-s17 12 (27, 33, 17, 27) 378.090096940366
Q round243-s17 11 (27, 57, 9, 30) 48.70992453437684
Q round243-s17 4 (3, 17, 34, 29) 236.1669457712605
Q round243-s17 10 (46, 58, 19, 23) 40.96092524225083
ROUND 243 n 3984 bestJ 19.07316030276427 best (0, 69, 28, 57) eligible 593
Q round244-s17 11 (0, 40, 10, 8) 139.58616259624083
Q round244-s17 13 (25, 59, 58, 27) 106.08167098575191
Q round244-s17 5 (16, 58, 18, 41) 52.04182873818663
Q round244-s17 6 (21, 25, 20, 12) 361.8670789054604
Q round244-s17 8 (56, 38, 68, 27) 73.88039282593095
Q round244-s17 3 (24, 66, 36, 5) 142.03529399305918
Q round244-s17 4 (12, 21, 10, 46) 297.21859031334685
Q round244-s17 15 (23, 63, 69, 31) 154.78905713919184
Q round244-s17 12 (12, 19, 29, 48) 452.5716822975269
Q round244-s17 0 (63, 69, 44, 0) 25.54665741181674
Q round244-s17 9 (35, 33, 60, 50) 128.10484139452907
Q round244-s17 2 (28, 52, 39, 49) 45.285858267558595
Q round244-s17 1 (51, 41, 71, 50) 33.650735540764444
Q round244-s17 7 (19, 57, 20, 17) 55.81411580719612
Q round244-s17 14 (70, 53, 5, 61) 74.77696626988413
Q round244-s17 10 (57, 21, 6, 48) 61.040799366793664
ROUND 244 n 4000 bestJ 19.07316030276427 best (0, 69, 28, 57) eligible 515
Q round245-s17 10 (26, 57, 58, 68) 121.81097504315527
Q round245-s17 9 (66, 48, 21, 65) 127.04558235610857
Q round245-s17 12 (8, 15, 18, 40) 163.68710463010115
Q round245-s17 8 (23, 50, 17, 44) 48.53584291619151
Q round245-s17 3 (64, 0, 4, 19) 52.703609120286025
Q round245-s17 7 (0, 9, 55, 34) 154.30213917319895
Q round245-s17 2 (60, 40, 48, 60) 56.12156084023869
Q round245-s17 6 (70, 43, 39, 44) 90.54705142033515
Q round245-s17 14 (44, 12, 42, 64) 121.39707907620351
Q round245-s17 0 (63, 69, 44, 16) 26.95083887237787
Q round245-s17 13 (55, 47, 15, 18) 267.1356343068488
Q round245-s17 5 (65, 59, 65, 60) 53.51949819724393
Q round245-s17 1 (57, 6, 9, 4) 74.87068028676322
Q round245-s17 15 (36, 10, 62, 42) 169.65786125777984
Q round245-s17 4 (51, 10, 43, 29) 130.6679706406324
Q round245-s17 11 (25, 8, 16, 62) 113.36328833996896
ROUND 245 n 4016 bestJ 19.07316030276427 best (0, 69, 28, 57) eligible 545
Q round246-s17 12 (24, 47, 42, 60) 97.53844793330857
Q round246-s17 2 (64, 17, 50, 36) 88.91378416658735
Q round246-s17 15 (56, 53, 26, 30) 51.57067515281266
Q round246-s17 1 (50, 62, 62, 40) 53.949013877989216
Q round246-s17 10 (38, 36, 43, 20) 183.42244973602652
Q round246-s17 7 (64, 52, 46, 66) 57.52645166101727
Q round246-s17 11 (43, 17, 53, 67) 161.8293917034781
Q round246-s17 6 (65, 23, 5, 57) 132.4895857723395
Q round246-s17 0 (63, 21, 12, 16) 22.116094697660337
Q round246-s17 9 (44, 35, 53, 55) 118.23869198780075
Q round246-s17 14 (43, 19, 33, 35) 112.3225532155086
Q round246-s17 8 (46, 1, 14, 30) 102.21379784629393
Q round246-s17 5 (49, 1, 20, 10) 116.49986411637781
Q round246-s17 13 (38, 13, 1, 41) 57.37051276482317
Q round246-s17 4 (65, 7, 15, 50) 269.0871295719925
Q round246-s17 3 (1, 66, 36, 13) 200.9885952764045
ROUND 246 n 4032 bestJ 19.07316030276427 best (0, 69, 28, 57) eligible 525
Q round247-s17 3 (13, 45, 64, 27) 176.52191007992695
Q round247-s17 7 (50, 19, 55, 59) 198.02129090514524
Q round247-s17 10 (5, 12, 47, 63) 54.83509138385081
Q round247-s17 15 (16, 64, 41, 59) 80.24526480593642
Q round247-s17 6 (13, 60, 2, 64) 225.0311750747845
Q round247-s17 12 (63, 67, 52, 67) 117.0534215832043
Q round247-s17 9 (61, 5, 23, 60) 65.28126405820633
Q round247-s17 1 (66, 50, 39, 16) 121.28907444110892
Q round247-s17 5 (36, 2, 58, 0) 121.69711622093601
Q round247-s17 4 (6, 18, 45, 15) 79.78922766976902
Q round247-s17 8 (3, 65, 69, 32) 63.405068314587425
Q round247-s17 2 (68, 55, 63, 6) 73.69089873398028
Q round247-s17 11 (44, 32, 4, 23) 40.785066084548
Q round247-s17 0 (38, 69, 4, 16) 21.100351889452348
Q round247-s17 14 (1, 48, 39, 49) 102.9278307555593
Q round247-s17 13 (49, 41, 0, 29) 192.18096799525216
ROUND 247 n 4048 bestJ 19.07316030276427 best (0, 69, 28, 57) eligible 514
Q round248-s17 1 (13, 63, 66, 63) 57.535920654366734
Q round248-s17 9 (64, 39, 61, 14) 113.48377727410809
Q round248-s17 11 (53, 38, 10, 70) 45.05006750781579
Q round248-s17 8 (31, 48, 34, 63) 173.4079598774074
Q round248-s17 12 (34, 47, 29, 40) 40.28520050246059
Q round248-s17 5 (45, 57, 62, 28) 65.95086369987094
Q round248-s17 13 (37, 43, 45, 48) 526.7525885496708
Q round248-s17 14 (13, 39, 30, 32) 67.2857593152082
Q round248-s17 15 (52, 44, 63, 62) 44.385974654044944
Q round248-s17 4 (60, 57, 38, 9) 48.77588426954999
Q round248-s17 3 (11, 50, 29, 30) 162.05488035709308
Q round248-s17 7 (70, 14, 58, 50) 382.2435602725766
Q round248-s17 2 (60, 7, 38, 62) 76.39453107946403
Q round248-s17 6 (70, 40, 25, 52) 101.34514623964925
Q round248-s17 0 (62, 45, 28, 0) 25.718508230857218
Q round248-s17 10 (22, 30, 1, 31) 111.90232975056487
ROUND 248 n 4064 bestJ 19.07316030276427 best (0, 69, 28, 57) eligible 516
Q round249-s17 11 (2, 35, 11, 48) 369.78872681041935
Q round249-s17 9 (10, 11, 4, 42) 154.11244814964886
Q round249-s17 8 (29, 51, 5, 1) 264.5247452953393
Q round249-s17 1 (15, 23, 42, 10) 328.70846418365994
Q round249-s17 15 (67, 8, 29, 28) 484.92830759350244
Q round249-s17 14 (4, 5, 9, 3) 125.38907893419939
Q round249-s17 7 (38, 27, 33, 52) 136.91014768524408
Q round249-s17 3 (7, 8, 30, 42) 448.3791654432577
Q round249-s17 0 (39, 21, 44, 63) 22.55258651080287
Q round249-s17 2 (46, 16, 5, 12) 136.1280653551004
Q round249-s17 5 (16, 54, 15, 46) 97.76119303524888
Q round249-s17 6 (69, 21, 56, 26) 126.15629996547712
Q round249-s17 12 (49, 56, 26, 10) 173.44515084520006
Q round249-s17 4 (59, 58, 36, 13) 81.72888580210704
Q round249-s17 10 (30, 55, 8, 56) 139.6847562033964
Q round249-s17 13 (25, 69, 44, 57) 29.505279928713435
ROUND 249 n 4080 bestJ 19.07316030276427 best (0, 69, 28, 57) eligible 452
Q round250-s17 2 (42, 12, 18, 54) 136.51274987114795
Q round250-s17 12 (66, 63, 71, 61) 42.90053862272161
Q round250-s17 7 (37, 27, 30, 33) 54.42960242654269
Q round250-s17 6 (69, 31, 31, 63) 82.00948660103788
Q round250-s17 11 (46, 21, 51, 10) 1921.7972360324484
Q round250-s17 10 (32, 41, 71, 6) 79.88402557668746
Q round250-s17 0 (39, 29, 44, 24) 22.69078187402032
Q round250-s17 4 (52, 43, 39, 20) 313.0288557656994
Q round250-s17 8 (27, 11, 11, 59) 91.50762954436658
Q round250-s17 14 (22, 66, 35, 52) 101.86717324049533
Q round250-s17 5 (68, 14, 45, 10) 93.71680359280516
Q round250-s17 9 (11, 41, 64, 23) 64.35541192179156
Q round250-s17 15 (28, 22, 38, 32) 69.56194350274619
Q round250-s17 13 (67, 21, 63, 24) 52.49957371840449
Q round250-s17 3 (3, 7, 34, 71) 33.72701036494239
Q round250-s17 1 (8, 23, 23, 33) 107.53484027371573
ROUND 250 n 4096 bestJ 19.07316030276427 best (0, 69, 28, 57) eligible 471
Q round251-s17 11 (8, 56, 37, 18) 225.14050269131445
Q round251-s17 12 (15, 51, 48, 3) 390.26926149908354
Q round251-s17 14 (20, 47, 66, 41) 47.68067367276617
Q round251-s17 1 (2, 36, 48, 35) 372.7239687781021
Q round251-s17 4 (69, 39, 4, 64) 43.21355010889232
Q round251-s17 13 (31, 4, 28, 41) 44.52315669525993
Q round251-s17 5 (56, 60, 46, 2) 58.555323267159494
Q round251-s17 3 (57, 51, 26, 32) 161.28030970209778
Q round251-s17 15 (57, 58, 26, 64) 151.64914006966507
Q round251-s17 0 (63, 21, 28, 16) 22.596866696255876
Q round251-s17 2 (62, 64, 60, 26) 118.1403672644319
Q round251-s17 8 (44, 24, 26, 10) 320.38097782557855
Q round251-s17 7 (57, 16, 70, 45) 128.22311037562753
Q round251-s17 10 (67, 32, 69, 63) 55.05673886174206
Q round251-s17 6 (44, 10, 1, 11) 118.26176246352061
Q round251-s17 9 (17, 62, 15, 38) 91.65479545653623
ROUND 251 n 4112 bestJ 19.07316030276427 best (0, 69, 28, 57) eligible 465
Q round252-s17 8 (53, 7, 2, 40) 54.433311018549844
Q round252-s17 13 (48, 6, 35, 28) 69.7946460776343
Q round252-s17 12 (13, 27, 9, 44) 458.55652373326564
Q round252-s17 2 (53, 8, 14, 2) 57.082770508073935
Q round252-s17 7 (23, 3, 32, 33) 46.035755542271126
Q round252-s17 9 (20, 33, 31, 12) 52.437024103326586
Q round252-s17 3 (65, 19, 45, 33) 333.5663681723354
Q round252-s17 1 (54, 3, 43, 52) 107.70514985766805
Q round252-s17 0 (16, 69, 52, 56) 25.02687261010651
Q round252-s17 15 (51, 21, 32, 28) 137.45685692716424
Q round252-s17 6 (19, 39, 13, 14) 51.92758330794932
Q round252-s17 5 (50, 13, 12, 46) 152.9879508202495
Q round252-s17 10 (60, 55, 44, 41) 43.33345163406499
Q round252-s17 4 (41, 30, 71, 25) 100.36412276150764
Q round252-s17 14 (14, 45, 25, 10) 106.06311221828852
Q round252-s17 11 (25, 2, 36, 29) 312.35371539791885
ROUND 252 n 4128 bestJ 19.07316030276427 best (0, 69, 28, 57) eligible 552
Q round253-s17 8 (37, 9, 54, 9) 65.32065133516711
Q round253-s17 7 (69, 51, 53, 65) 417.66165621044627
Q round253-s17 14 (32, 43, 30, 22) 65.18688039385361
Q round253-s17 4 (55, 12, 57, 54) 71.41639380813663
Q round253-s17 2 (48, 27, 3, 46) 59.04289270025364
Q round253-s17 3 (57, 2, 13, 25) 101.30927325106559
Q round253-s17 12 (39, 28, 51, 52) 163.27707675271773
Q round253-s17 5 (12, 21, 64, 43) 138.49797158937537
Q round253-s17 13 (12, 23, 34, 39) 64.79915821977228
Q round253-s17 10 (3, 62, 0, 11) 98.43155640001223
Q round253-s17 0 (39, 69, 20, 48) 23.95443431719244
Q round253-s17 6 (7, 17, 71, 64) 111.21617170549355
Q round253-s17 9 (33, 33, 25, 9) 49.739256451395676
Q round253-s17 11 (56, 31, 22, 15) 94.34983073322034
Q round253-s17 1 (3, 56, 19, 9) 95.46784750753508
Q round253-s17 15 (65, 30, 60, 54) 72.85169123173092
ROUND 253 n 4144 bestJ 19.07316030276427 best (0, 69, 28, 57) eligible 521
Q round254-s17 12 (50, 22, 53, 59) 215.55621208162384
Q round254-s17 3 (50, 20, 40, 19) 122.27835989329832
Q round254-s17 7 (23, 32, 3, 13) 93.28921285143409
Q round254-s17 13 (64, 49, 48, 54) 95.59722792021877
Q round254-s17 10 (9, 50, 2, 11) 124.44016183092045
Q round254-s17 0 (0, 37, 20, 56) 38.30090104962441
Q round254-s17 6 (65, 5, 68, 52) 415.84060059295894
Q round254-s17 5 (68, 38, 16, 15) 69.11145229881542
Q round254-s17 11 (60, 43, 60, 28) 109.0253603291855
Q round254-s17 1 (19, 45, 65, 61) 445.44617999558716
Q round254-s17 4 (31, 22, 23, 3) 115.74134983555832
Q round254-s17 9 (60, 45, 67, 24) 229.06074995961728
Q round254-s17 14 (41, 58, 22, 52) 41.811827074910795
Q round254-s17 2 (3, 2, 57, 22) 57.3956970390278
Q round254-s17 15 (22, 15, 7, 39) 132.7415186195693
Q round254-s17 8 (25, 1, 10, 29) 242.38338697009905
ROUND 254 n 4160 bestJ 19.07316030276427 best (0, 69, 28, 57) eligible 474
Q round255-s17 14 (52, 66, 37, 4) 100.41073879540214
Q round255-s17 8 (50, 38, 66, 71) 361.9239042176898
Q round255-s17 2 (42, 15, 24, 14) 55.921713788752136
Q round255-s17 12 (15, 25, 31, 41) 102.98067280890976
Q round255-s17 5 (40, 41, 55, 65) 85.23102458835574
Q round255-s17 4 (0, 29, 14, 40) 72.37801245131011
Q round255-s17 6 (23, 65, 70, 15) 92.71607479832659
Q round255-s17 3 (70, 8, 1, 52) 125.07035684593073
Q round255-s17 15 (15, 26, 23, 48) 83.55005974393393
Q round255-s17 11 (20, 3, 68, 43) 86.27492885248411
Q round255-s17 10 (52, 49, 6, 8) 69.8482091161211
Q round255-s17 13 (34, 10, 48, 56) 104.46027071119238
Q round255-s17 7 (12, 55, 12, 47) 44.782062869116324
Q round255-s17 1 (39, 55, 38, 39) 104.61218121509329
Q round255-s17 9 (15, 40, 11, 56) 87.81513150751607
Q round255-s17 0 (38, 21, 28, 0) 22.9192216971646
ROUND 255 n 4176 bestJ 19.07316030276427 best (0, 69, 28, 57) eligible 573
Q round256-s17 12 (40, 62, 61, 4) 101.24320610011603
Q round256-s17 2 (19, 47, 2, 69) 1423.5833993960605
Q round256-s17 8 (29, 4, 29, 3) 103.97161049483546
Q round256-s17 10 (39, 26, 69, 43) 420.9019035934646
Q round256-s17 6 (29, 9, 14, 19) 92.40309024924245
Q round256-s17 14 (8, 16, 37, 47) 135.61042810728503
Q round256-s17 11 (8, 5, 67, 59) 245.59278460058334
Q round256-s17 15 (17, 3, 7, 0) 67.38425211663763
Q round256-s17 3 (47, 1, 48, 58) 235.92878320144393
Q round256-s17 1 (45, 26, 43, 34) 183.7319148460351
Q round256-s17 5 (61, 21, 65, 49) 35.993652236018484
Q round256-s17 0 (64, 5, 28, 16) 22.375709327038415
Q round256-s17 4 (13, 21, 49, 32) 41.98747403444205
Q round256-s17 9 (35, 29, 20, 41) 203.42622613191153
Q round256-s17 7 (8, 8, 51, 17) 95.89506287313125
Q round256-s17 13 (62, 64, 44, 22) 83.8087221635894
ROUND 256 n 4192 bestJ 19.07316030276427 best (0, 69, 28, 57) eligible 507
Q round257-s17 14 (4, 31, 5, 67) 384.8474494487152
Q round257-s17 4 (24, 67, 25, 50) 129.83832146893442
Q round257-s17 15 (44, 23, 20, 27) 1196.042374296729
Q round257-s17 9 (2, 40, 56, 17) 40.61164205688541
Q round257-s17 7 (57, 59, 38, 13) 58.78263014282456
Q round257-s17 1 (53, 58, 71, 46) 45.86539625297362
Q round257-s17 2 (63, 53, 39, 23) 73.34142335843623
Q round257-s17 5 (58, 66, 21, 42) 359.35328963294586
Q round257-s17 3 (23, 18, 3, 0) 39.259633228333534
Q round257-s17 6 (60, 57, 71, 30) 66.80756116936412
Q round257-s17 12 (58, 13, 63, 14) 40.22009395628276
Q round257-s17 13 (59, 30, 15, 61) 70.76593524572694
Q round257-s17 11 (51, 47, 4, 5) 356.4659255851084
Q round257-s17 8 (20, 62, 64, 62) 56.74645657596445
Q round257-s17 10 (54, 42, 55, 64) 83.822004699616
Q round257-s17 0 (38, 45, 68, 16) 22.822895061828373
ROUND 257 n 4208 bestJ 19.07316030276427 best (0, 69, 28, 57) eligible 460
Q round258-s17 6 (47, 10, 62, 3) 53.21001360552352
Q round258-s17 9 (37, 5, 5, 22) 135.886010834888
Q round258-s17 11 (18, 62, 51, 67) 108.55017643406639
Q round258-s17 7 (5, 9, 11, 1) 68.31144483351119
Q round258-s17 15 (42, 58, 6, 1) 54.556554222439814
Q round258-s17 3 (26, 51, 53, 41) 251.53860374460024
Q round258-s17 1 (0, 43, 53, 12) 182.96203083333748
Q round258-s17 10 (27, 36, 14, 3) 387.00669840377424
Q round258-s17 4 (14, 36, 68, 8) 33.99120084047742
Q round258-s17 2 (4, 25, 48, 70) 60.62159644152989
Q round258-s17 8 (30, 2, 48, 62) 77.48224546189847
Q round258-s17 14 (22, 71, 40, 8) 153.7735401480723
Q round258-s17 0 (62, 69, 20, 16) 21.67793597254949
Q round258-s17 13 (41, 71, 32, 63) 124.16602045528047
Q round258-s17 5 (20, 8, 27, 66) 124.48259803418097
Q round258-s17 12 (41, 54, 38, 31) 112.09398771676317
ROUND 258 n 4224 bestJ 19.07316030276427 best (0, 69, 28, 57) eligible 411
Q round259-s17 8 (24, 45, 19, 52) 845.1512713697721
Q round259-s17 11 (42, 51, 2, 23) 102.72512164525651
Q round259-s17 4 (26, 19, 57, 38) 64.74688049279445
Q round259-s17 14 (53, 22, 17, 12) 39.23141720461576
Q round259-s17 1 (69, 49, 14, 11) 58.46237541951631
Q round259-s17 12 (53, 0, 70, 29) 56.04146790444598
Q round259-s17 13 (37, 13, 11, 12) 108.60266865405863
Q round259-s17 2 (26, 58, 27, 9) 205.8557535667767
Q round259-s17 15 (0, 61, 19, 47) 40.65831763322132
Q round259-s17 10 (17, 32, 45, 14) 96.2671187036044
Q round259-s17 0 (63, 29, 20, 0) 24.048285036570345
Q round259-s17 7 (31, 41, 17, 41) 99.81519728007454
Q round259-s17 5 (59, 67, 18, 32) 78.20464161112788
Q round259-s17 9 (22, 5, 2, 18) 79.66700889863205
Q round259-s17 3 (1, 63, 41, 51) 68.89853974948221
Q round259-s17 6 (12, 69, 40, 50) 255.16385254277967
ROUND 259 n 4240 bestJ 19.07316030276427 best (0, 69, 28, 57) eligible 470
Q round260-s17 13 (64, 71, 66, 33) 147.7101278837983
Q round260-s17 1 (49, 21, 59, 53) 30560.987416503835
Q round260-s17 6 (47, 42, 71, 52) 59.64505328315084
Q round260-s17 8 (21, 46, 2, 31) 41.44001254463283
Q round260-s17 5 (24, 30, 69, 48) 137.9763804292599
Q round260-s17 3 (13, 68, 47, 23) 65.63593662408714
Q round260-s17 9 (42, 2, 71, 49) 71.88855637502962
Q round260-s17 12 (52, 38, 18, 15) 42.982750386450114
Q round260-s17 14 (54, 20, 4, 35) 283.0965101173765
Q round260-s17 15 (42, 45, 23, 17) 51.220969306251774
Q round260-s17 10 (39, 1, 11, 23) 53.547356120574875
Q round260-s17 0 (63, 69, 20, 64) 21.393314317145048
Q round260-s17 7 (51, 71, 62, 1) 55.223370902310315
Q round260-s17 4 (43, 53, 20, 33) 189.029212793518
Q round260-s17 11 (11, 21, 25, 51) 93.64808207347816
Q round260-s17 2 (31, 46, 65, 54) 103.18627011115441
ROUND 260 n 4256 bestJ 19.07316030276427 best (0, 69, 28, 57) eligible 475
Q round261-s17 5 (45, 22, 36, 14) 52.642878726609005
Q round261-s17 2 (18, 50, 35, 38) 184.80379936919104
Q round261-s17 12 (58, 64, 16, 18) 86.57972480257992
Q round261-s17 15 (13, 7, 35, 37) 93.99667917918642
Q round261-s17 1 (41, 60, 22, 52) 47.49393371292697
Q round261-s17 7 (7, 68, 27, 59) 229.75343985364339
Q round261-s17 9 (57, 3, 52, 45) 106.35128154112736
Q round261-s17 10 (36, 27, 10, 14) 361.3097463595369
Q round261-s17 8 (70, 2, 8, 27) 47.92580896847708
Q round261-s17 11 (52, 34, 33, 59) 137.08166942316612
Q round261-s17 6 (44, 39, 44, 1) 39.676216442744575
Q round261-s17 13 (6, 2, 0, 0) 92.80915299910362
Q round261-s17 4 (20, 34, 62, 39) 46.88340607209528
Q round261-s17 0 (38, 21, 20, 16) 24.767663663503225
Q round261-s17 14 (57, 0, 67, 33) 48.80897766249887
Q round261-s17 3 (25, 57, 30, 33) 75.5173632580841
ROUND 261 n 4272 bestJ 19.07316030276427 best (0, 69, 28, 57) eligible 452
Q round262-s17 6 (66, 12, 34, 67) 117.71597973211018
Q round262-s17 7 (66, 9, 70, 1) 59.129910723952825
Q round262-s17 14 (61, 36, 43, 15) 78.22067380354665
Q round262-s17 8 (47, 27, 55, 27) 85.01052775242152
Q round262-s17 3 (48, 68, 49, 34) 48.59948403043479
Q round262-s17 4 (50, 47, 45, 29) 237.96632684277535
Q round262-s17 15 (40, 32, 65, 50) 204.1450093393019
Q round262-s17 1 (21, 32, 23, 5) 40.106107894176475
Q round262-s17 13 (50, 16, 17, 8) 43.60112366674026
Q round262-s17 2 (39, 50, 17, 21) 55.41564067563311
Q round262-s17 0 (39, 5, 52, 16) 21.915420045594015
Q round262-s17 11 (60, 27, 30, 31) 53.0643271685276
Q round262-s17 9 (64, 0, 63, 14) 94.74346216820027
Q round262-s17 10 (6, 62, 21, 40) 147.09431147787873
Q round262-s17 5 (27, 26, 31, 33) 58.88736059122959
Q round262-s17 12 (4, 40, 48, 37) 52.211625585234586
ROUND 262 n 4288 bestJ 19.07316030276427 best (0, 69, 28, 57) eligible 439
Q round263-s17 8 (39, 57, 48, 36) 79.1211078332529
Q round263-s17 7 (18, 62, 69, 22) 57.24452079566752
Q round263-s17 12 (61, 70, 46, 59) 41.25543543734972
Q round263-s17 1 (21, 68, 30, 32) 51.63325371488484
Q round263-s17 4 (39, 19, 5, 8) 157.83302252816554
Q round263-s17 14 (56, 4, 34, 10) 130.01693383007873
Q round263-s17 13 (44, 44, 50, 1) 137.4242498051651
Q round263-s17 10 (61, 34, 19, 66) 155.88500011794392
Q round263-s17 11 (38, 19, 27, 22) 60.88001462918795
Q round263-s17 0 (16, 13, 12, 56) 21.642780426968066
Q round263-s17 5 (14, 2, 5, 54) 56.38969222742125
Q round263-s17 15 (14, 15, 12, 58) 172.86260694128958
Q round263-s17 6 (68, 21, 3, 45) 108.23328810808212
Q round263-s17 3 (44, 58, 35, 64) 465.08922617806485
Q round263-s17 9 (65, 33, 37, 61) 125.04515621235286
Q round263-s17 2 (57, 15, 3, 63) 51.676435159438924
ROUND 263 n 4304 bestJ 19.07316030276427 best (0, 69, 28, 57) eligible 493
Q round264-s17 9 (61, 19, 3, 63) 818.0197304457289
Q round264-s17 11 (7, 66, 2, 32) 89.05976662386985
Q round264-s17 2 (13, 18, 50, 54) 102.45974386899353
Q round264-s17 13 (35, 62, 69, 41) 46.98558276580086
Q round264-s17 7 (62, 38, 69, 38) 105.4788182477129
Q round264-s17 8 (32, 38, 0, 66) 158.64308211779328
Q round264-s17 4 (14, 71, 24, 28) 132.54542150345736
Q round264-s17 3 (47, 47, 4, 42) 269.1088539656043
Q round264-s17 12 (15, 47, 8, 25) 114.44438856016963
Q round264-s17 0 (64, 5, 28, 48) 21.064453434963692
Q round264-s17 6 (58, 21, 7, 50) 167.39223618640932
Q round264-s17 15 (55, 8, 56, 48) 166.73522931095064
Q round264-s17 1 (43, 65, 3, 52) 103.04791890097758
Q round264-s17 14 (65, 15, 36, 5) 140.66781166122837
Q round264-s17 10 (3, 58, 8, 54) 55.773582540727546
Q round264-s17 5 (55, 22, 64, 69) 237.49080749190335
ROUND 264 n 4320 bestJ 19.07316030276427 best (0, 69, 28, 57) eligible 462
Q round265-s17 3 (36, 11, 38, 4) 1817.7745886646323
Q round265-s17 15 (39, 0, 65, 44) 88.54404922305685
Q round265-s17 12 (53, 67, 6, 42) 507.6896836854205
Q round265-s17 6 (10, 16, 50, 71) 266.7596772677501
Q round265-s17 13 (45, 41, 14, 30) 72.89917183624796
Q round265-s17 2 (69, 59, 22, 36) 65.55485374464617
Q round265-s17 10 (45, 27, 40, 1) 56.02941602788273
Q round265-s17 11 (29, 53, 12, 19) 104.31171378158277
Q round265-s17 8 (24, 6, 60, 25) 82.21894211778562
Q round265-s17 4 (32, 49, 51, 8) 28.65520865459892
Q round265-s17 0 (16, 45, 44, 16) 22.025372313863354
Q round265-s17 1 (69, 53, 41, 62) 35.48416529483397
Q round265-s17 14 (59, 9, 22, 3) 67.91226495482206
Q round265-s17 5 (6, 68, 32, 41) 58.24894581094597
Q round265-s17 7 (14, 37, 70, 60) 73.93787665579028
Q round265-s17 9 (22, 6, 29, 13) 247.8269789280742
ROUND 265 n 4336 bestJ 19.07316030276427 best (0, 69, 28, 57) eligible 543
Q round266-s17 9 (58, 7, 58, 59) 468.41096622376193
Q round266-s17 5 (54, 31, 26, 11) 101.10779785698709
Q round266-s17 13 (69, 9, 31, 44) 42.94793360759972
Q round266-s17 3 (5, 34, 24, 33) 96.64013589269534
Q round266-s17 7 (69, 64, 1, 49) 58.3487206882517
Q round266-s17 6 (5, 53, 9, 35) 244.65077002603618
Q round266-s17 11 (19, 64, 66, 30) 79.49294936860741
Q round266-s17 1 (65, 1, 9, 20) 63.895322335761875
Q round266-s17 0 (0, 53, 68, 57) 20.178576873434775
Q round266-s17 4 (41, 15, 50, 55) 149.72855637321652
Q round266-s17 15 (68, 47, 22, 60) 57.44483549045431
Q round266-s17 12 (28, 47, 29, 55) 67.42705273748207
Q round266-s17 2 (59, 45, 47, 65) 47.919987908094406
Q round266-s17 8 (39, 48, 27, 1) 74.59214101557346
Q round266-s17 10 (43, 37, 68, 8) 390.88548142831877
Q round266-s17 14 (7, 6, 68, 52) 114.04147881666873
ROUND 266 n 4352 bestJ 19.07316030276427 best (0, 69, 28, 57) eligible 601
Q round267-s17 3 (58, 8, 48, 60) 63.74175744893463
Q round267-s17 2 (33, 59, 34, 51) 98.93848586461803
Q round267-s17 11 (21, 25, 11, 30) 49.07498525419803
Q round267-s17 13 (33, 13, 10, 36) 503.68231713785616
Q round267-s17 8 (26, 1, 8, 39) 49.542786253881225
Q round267-s17 9 (53, 49, 17, 40) 70.15532511710482
Q round267-s17 12 (56, 70, 7, 59) 81.82528204573903
Q round267-s17 4 (39, 11, 21, 40) 86.07555822893103
Q round267-s17 10 (60, 57, 66, 45) 250.0514910450769
Q round267-s17 6 (43, 16, 12, 60) 1148.053856431959
Q round267-s17 14 (1, 47, 21, 54) 128.98032556721662
Q round267-s17 0 (63, 69, 44, 48) 27.30036843683466
Q round267-s17 1 (28, 68, 44, 28) 92.15060720378662
Q round267-s17 5 (11, 9, 54, 49) 57.03762479375703
Q round267-s17 15 (41, 41, 11, 60) 41.31849547077247
Q round267-s17 7 (14, 25, 33, 62) 113.71553961989262
ROUND 267 n 4368 bestJ 19.07316030276427 best (0, 69, 28, 57) eligible 594
Q round268-s17 8 (55, 18, 2, 9) 80.09228113526144
Q round268-s17 4 (15, 68, 66, 57) 49.76943119018718
Q round268-s17 2 (61, 24, 43, 46) 37.89037552537607
Q round268-s17 1 (21, 16, 46, 53) 49.35001337544006
Q round268-s17 12 (24, 51, 53, 50) 106.83093891039496
Q round268-s17 9 (37, 63, 12, 45) 109.65308522380555
Q round268-s17 10 (16, 49, 51, 40) 54.718337148256566
Q round268-s17 0 (0, 21, 28, 64) 21.241343206130846
Q round268-s17 5 (1, 12, 12, 16) 38.58427667634984
Q round268-s17 6 (28, 20, 61, 8) 176.44850523166494
Q round268-s17 3 (34, 2, 48, 62) 84.74586544286315
Q round268-s17 7 (45, 5, 40, 24) 38.10229311023935
Q round268-s17 13 (59, 47, 19, 65) 49.82911966641691
Q round268-s17 11 (49, 69, 27, 36) 233.16565473158508
Q round268-s17 15 (6, 64, 48, 37) 227.62617329082377
Q round268-s17 14 (41, 15, 55, 15) 110.11605823462536
ROUND 268 n 4384 bestJ 19.07316030276427 best (0, 69, 28, 57) eligible 503
Q round269-s17 9 (37, 38, 10, 24) 47.89455080578214
Q round269-s17 2 (15, 40, 10, 61) 262.8110446682589
Q round269-s17 4 (64, 30, 14, 36) 91.33431152522718
Q round269-s17 10 (37, 58, 54, 44) 229.28794884833658
Q round269-s17 8 (35, 39, 45, 9) 55.83209007166092
Q round269-s17 7 (66, 16, 12, 66) 123.26886124211872
Q round269-s17 6 (54, 55, 2, 42) 350.21522577523166
Q round269-s17 1 (15, 33, 47, 63) 97.03013334070408
Q round269-s17 11 (3, 14, 56, 11) 98.55990442565069
Q round269-s17 3 (0, 5, 15, 47) 75.41717336920138
Q round269-s17 12 (27, 59, 63, 61) 99.79179214378661
Q round269-s17 5 (12, 25, 33, 1) 52.05796080096467
Q round269-s17 13 (59, 8, 22, 51) 88.51486892421613
Q round269-s17 0 (38, 21, 44, 0) 23.596800192417653
Q round269-s17 15 (64, 31, 51, 62) 83.96211115894842
Q round269-s17 14 (17, 15, 51, 38) 80.1426899578308
ROUND 269 n 4400 bestJ 19.07316030276427 best (0, 69, 28, 57) eligible 698
Q round270-s17 8 (29, 5, 63, 68) 5629.392827673008
Q round270-s17 10 (42, 35, 55, 22) 55.535344365266894
Q round270-s17 7 (5, 18, 62, 42) 101.83756427153027
Q round270-s17 5 (39, 32, 20, 26) 448.0436019618941
Q round270-s17 4 (47, 34, 39, 13) 172.67959533382333
Q round270-s17 0 (16, 45, 12, 48) 25.820245044903384
Q round270-s17 11 (28, 29, 34, 16) 211.91543625108875
Q round270-s17 6 (60, 20, 35, 62) 83.91728801812361
Q round270-s17 14 (15, 26, 23, 22) 80.13907175812167
Q round270-s17 3 (35, 54, 28, 69) 111.02752332167019
Q round270-s17 2 (56, 6, 51, 27) 69.87249362596373
Q round270-s17 13 (11, 53, 70, 42) 216.06557507736122
Q round270-s17 9 (35, 24, 16, 48) 63.52694595947124
Q round270-s17 15 (19, 56, 59, 33) 151.28033978217778
Q round270-s17 1 (36, 8, 3, 32) 51.183064003880176
Q round270-s17 12 (1, 58, 13, 45) 116.72751984452019
ROUND 270 n 4416 bestJ 19.07316030276427 best (0, 69, 28, 57) eligible 712
Q round271-s17 1 (5, 38, 21, 9) 65.8353815174453
Q round271-s17 2 (61, 41, 10, 54) 50.84020933671364
Q round271-s17 11 (71, 3, 34, 67) 129.67513229043996
Q round271-s17 13 (16, 45, 42, 65) 48.06462774551463
Q round271-s17 12 (20, 66, 66, 43) 157.63791061224012
Q round271-s17 15 (69, 67, 40, 7) 55.58234472590631
Q round271-s17 8 (56, 19, 56, 30) 51.96693870447025
Q round271-s17 3 (71, 35, 68, 1) 50.90496548192761
Q round271-s17 4 (48, 19, 68, 32) 109.44095454823238
Q round271-s17 10 (23, 66, 52, 34) 87.94419922714657
Q round271-s17 7 (25, 20, 19, 42) 116.05997758930931
Q round271-s17 5 (54, 1, 2, 27) 118.11274263949056
Q round271-s17 0 (39, 45, 44, 39) 20.437701387135192
Q round271-s17 6 (17, 24, 8, 50) 202.25661892868078
Q round271-s17 9 (20, 0, 39, 66) 39.40249305394895
Q round271-s17 14 (1, 33, 0, 57) 89.36843102146591
ROUND 271 n 4432 bestJ 19.07316030276427 best (0, 69, 28, 57) eligible 839
Q round272-s17 6 (29, 41, 34, 54) 37.83860208388962
Q round272-s17 7 (16, 48, 37, 17) 121.33044991985487
Q round272-s17 1 (47, 5, 5, 33) 65.06287659126464
Q round272-s17 11 (18, 51, 17, 3) 108.46649673714721
Q round272-s17 13 (5, 20, 25, 60) 137.64789303959884
Q round272-s17 5 (13, 13, 42, 29) 160.7149913136009
Q round272-s17 15 (56, 16, 22, 70) 78.38995216368444
Q round272-s17 12 (12, 52, 40, 60) 81.46002708767537
Q round272-s17 8 (49, 14, 18, 17) 127.3588969941735
Q round272-s17 0 (63, 21, 20, 16) 23.70609509621511
Q round272-s17 10 (30, 42, 59, 52) 515.0886300415681
Q round272-s17 3 (41, 41, 53, 47) 115.16885846291387
Q round272-s17 2 (9, 30, 22, 27) 79.6116865808353
Q round272-s17 9 (12, 2, 17, 25) 50.842621269255616
Q round272-s17 14 (6, 6, 41, 15) 121.76723400909135
Q round272-s17 4 (1, 34, 16, 47) 77.17239639364895
ROUND 272 n 4448 bestJ 19.07316030276427 best (0, 69, 28, 57) eligible 572
Q round273-s17 7 (56, 40, 69, 62) 104.09273598525346
Q round273-s17 4 (32, 37, 61, 41) 61.476441408101714
Q round273-s17 11 (7, 2, 57, 11) 49.8040611645136
Q round273-s17 5 (71, 36, 33, 1) 70.30658256301498
Q round273-s17 14 (66, 50, 9, 60) 243.81092799673502
Q round273-s17 9 (11, 41, 5, 29) 880.0392523234132
Q round273-s17 8 (10, 66, 61, 21) 154.6958742024439
Q round273-s17 0 (16, 69, 12, 56) 20.945827542656712
Q round273-s17 13 (67, 19, 0, 25) 56.7641693090143
Q round273-s17 3 (30, 1, 34, 40) 146.19508868075303
Q round273-s17 12 (46, 6, 1, 28) 115.59397230145927
Q round273-s17 6 (16, 22, 39, 64) 110.07890871635028
Q round273-s17 10 (4, 21, 6, 47) 48.467990028001125
Q round273-s17 15 (25, 55, 31, 26) 242.00686946662577
Q round273-s17 1 (38, 64, 59, 0) 58.704065031109515
Q round273-s17 2 (25, 37, 4, 1) 81.96081674140878
ROUND 273 n 4464 bestJ 19.07316030276427 best (0, 69, 28, 57) eligible 686
Q round274-s17 1 (58, 37, 38, 68) 1750.1176364229796
Q round274-s17 13 (8, 18, 66, 58) 955.4501314237758
Q round274-s17 8 (47, 18, 18, 53) 80.32879232716468
Q round274-s17 5 (13, 1, 30, 60) 40.09063807217776
Q round274-s17 7 (61, 46, 46, 25) 78.39409558366111
Q round274-s17 6 (69, 4, 32, 36) 289.3903090822057
Q round274-s17 15 (55, 32, 13, 0) 137.66826093348595
Q round274-s17 14 (39, 21, 57, 67) 103.96091003359895
Q round274-s17 12 (13, 32, 0, 50) 59.89272056080463
Q round274-s17 10 (43, 43, 42, 59) 129.46814760608814
Q round274-s17 0 (0, 5, 28, 63) 22.691701819175115
Q round274-s17 4 (27, 29, 44, 47) 94.74369498872849
Q round274-s17 2 (38, 71, 68, 30) 108.36608581516961
Q round274-s17 3 (30, 61, 17, 50) 145.34062519878648
Q round274-s17 11 (9, 8, 35, 57) 84.90873549488386
Q round274-s17 9 (65, 29, 17, 15) 61.970055894540465
ROUND 274 n 4480 bestJ 19.07316030276427 best (0, 69, 28, 57) eligible 762
Q round275-s17 9 (26, 12, 41, 69) 662.8119758074017
Q round275-s17 15 (8, 56, 34, 55) 121.40357025832311
Q round275-s17 13 (21, 38, 70, 66) 46.91851832497254
Q round275-s17 14 (2, 1, 52, 64) 81.24246900181419
Q round275-s17 10 (42, 67, 69, 67) 108.87943097690612
Q round275-s17 3 (42, 43, 27, 2) 176.46827978859483
Q round275-s17 2 (68, 65, 45, 55) 46.76238766237194
Q round275-s17 0 (48, 29, 44, 64) 24.680179397413813
Q round275-s17 5 (52, 3, 20, 34) 93.92393605642228
Q round275-s17 11 (30, 0, 7, 60) 110.05898739433783
Q round275-s17 1 (60, 4, 3, 53) 80.4145583747856
Q round275-s17 8 (67, 70, 6, 33) 64.05042286377792
Q round275-s17 6 (22, 66, 24, 11) 51.703082031038605
Q round275-s17 12 (67, 58, 9, 0) 56.03789460818245
Q round275-s17 7 (46, 31, 44, 40) 127.25068852267842
Q round275-s17 4 (20, 50, 46, 67) 128.0604040022749
ROUND 275 n 4496 bestJ 19.07316030276427 best (0, 69, 28, 57) eligible 664
Q round276-s17 14 (66, 20, 67, 42) 168.26554079573955
Q round276-s17 3 (16, 65, 62, 24) 100.42658506458719
Q round276-s17 2 (66, 28, 3, 12) 101.91954020420178
Q round276-s17 11 (32, 53, 70, 48) 59.5536255350861
Q round276-s17 0 (16, 45, 12, 32) 24.658270547779903
Q round276-s17 12 (70, 34, 50, 15) 73.61224852372628
Q round276-s17 13 (59, 22, 16, 31) 74.41004784183255
Q round276-s17 6 (11, 7, 44, 66) 594.321858072685
Q round276-s17 7 (20, 49, 63, 65) 55.156659071763045
Q round276-s17 8 (11, 66, 31, 24) 54.15097996311949
Q round276-s17 4 (52, 26, 14, 26) 193.4101308808841
Q round276-s17 10 (25, 34, 8, 49) 59.23304374715748
Q round276-s17 9 (4, 7, 27, 62) 37.784188115665955
Q round276-s17 5 (6, 13, 20, 11) 112.62334629772737
Q round276-s17 1 (38, 54, 9, 23) 69.40105370648843
Q round276-s17 15 (25, 33, 8, 45) 234.2515933074964
ROUND 276 n 4512 bestJ 19.07316030276427 best (0, 69, 28, 57) eligible 724
Q round277-s17 8 (18, 64, 34, 1) 350.97829440329036
Q round277-s17 4 (2, 30, 1, 29) 46.89069242561931
Q round277-s17 15 (13, 68, 25, 64) 51.705822830742704
Q round277-s17 2 (45, 14, 57, 14) 69.81339003314271
Q round277-s17 12 (64, 3, 46, 24) 65.88598268642353
Q round277-s17 11 (18, 39, 10, 61) 144.23125793272868
Q round277-s17 6 (57, 53, 35, 11) 162.7505354908241
Q round277-s17 14 (36, 14, 62, 28) 53.291342730603304
Q round277-s17 5 (43, 0, 5, 59) 155.80154123867587
Q round277-s17 9 (13, 21, 69, 61) 111.49354033522793
Q round277-s17 0 (0, 29, 20, 16) 24.669394305995343
Q round277-s17 10 (2, 5, 61, 29) 130.51623971231874
Q round277-s17 13 (57, 13, 29, 69) 188.33811522980284
Q round277-s17 7 (27, 57, 4, 53) 139.69276520781148
Q round277-s17 3 (35, 37, 71, 14) 49.17683157860248
Q round277-s17 1 (28, 40, 51, 30) 41.00028508203486
ROUND 277 n 4528 bestJ 19.07316030276427 best (0, 69, 28, 57) eligible 672
Q round278-s17 13 (29, 55, 61, 40) 66.46897745936799
Q round278-s17 4 (26, 56, 24, 54) 49.31149197536315
Q round278-s17 10 (0, 25, 44, 70) 68.91818857179207
Q round278-s17 8 (27, 44, 61, 68) 100.72013059451571
Q round278-s17 7 (27, 55, 42, 46) 48.09589766753245
Q round278-s17 9 (15, 17, 25, 71) 81.7576549698443
Q round278-s17 0 (0, 21, 28, 48) 25.423830104939245
Q round278-s17 3 (24, 34, 71, 62) 67.37071357047
Q round278-s17 15 (32, 55, 49, 26) 201.90563489303133
Q round278-s17 6 (47, 7, 1, 10) 222.916849932892
Q round278-s17 5 (51, 44, 70, 34) 218.17888125595258
Q round278-s17 2 (67, 64, 32, 52) 74.86731712656292
Q round278-s17 11 (35, 64, 19, 32) 118.80215810076096
Q round278-s17 1 (33, 46, 31, 17) 84.98120019726875
Q round278-s17 14 (6, 69, 38, 25) 79.65636231256804
Q round278-s17 12 (9, 17, 27, 8) 41.407284579173194
ROUND 278 n 4544 bestJ 19.07316030276427 best (0, 69, 28, 57) eligible 714
Q round279-s17 3 (66, 56, 66, 13) 123.51505173826172
Q round279-s17 9 (8, 17, 46, 51) 68.04109816203747
Q round279-s17 1 (64, 4, 12, 19) 137.39641529370775
Q round279-s17 13 (0, 20, 33, 1) 54.84244550748704
Q round279-s17 5 (33, 59, 56, 1) 50.02538448919705
Q round279-s17 6 (33, 48, 2, 53) 160.54866103583026
Q round279-s17 14 (64, 62, 63, 54) 85.48421060711085
Q round279-s17 11 (47, 34, 31, 29) 144.82323086801907
Q round279-s17 8 (55, 58, 7, 29) 132.8269414906338
Q round279-s17 15 (25, 60, 51, 69) 182.68890249601242
Q round279-s17 10 (31, 49, 39, 23) 102.85176375507011
Q round279-s17 4 (43, 45, 0, 3) 107.82373979255722
Q round279-s17 7 (70, 48, 42, 66) 280.08152572905914
Q round279-s17 2 (14, 34, 67, 60) 108.28922542384223
Q round279-s17 0 (62, 21, 20, 16) 23.927236648933523
Q round279-s17 12 (49, 9, 14, 7) 87.62403206028803
ROUND 279 n 4560 bestJ 19.07316030276427 best (0, 69, 28, 57) eligible 562
Q round280-s17 11 (64, 31, 21, 17) 128.4715800136869
Q round280-s17 3 (45, 66, 5, 59) 127.44603298692262
Q round280-s17 5 (55, 26, 3, 52) 294.79975653801654
Q round280-s17 9 (69, 47, 3, 2) 192.5980856425127
Q round280-s17 14 (47, 59, 69, 46) 42.6900883944077
Q round280-s17 6 (53, 70, 15, 4) 43.89920374416766
Q round280-s17 12 (39, 49, 22, 52) 87.55325407433796
Q round280-s17 7 (47, 44, 57, 8) 69.12257749515109
Q round280-s17 2 (29, 23, 60, 26) 100.74143874421513
Q round280-s17 8 (64, 23, 21, 7) 150.56545472672096
Q round280-s17 15 (36, 49, 11, 51) 158.78448517823486
Q round280-s17 10 (16, 7, 7, 26) 304.88877848971003
Q round280-s17 13 (22, 56, 48, 65) 107.18915413226459
Q round280-s17 4 (55, 48, 60, 57) 190.8784357818066
Q round280-s17 0 (62, 5, 68, 16) 20.525504327765063
Q round280-s17 1 (46, 57, 63, 49) 96.21176874309728
ROUND 280 n 4576 bestJ 19.07316030276427 best (0, 69, 28, 57) eligible 498
Q round281-s17 8 (1, 12, 5, 28) 3389.0566352265573
Q round281-s17 14 (60, 26, 63, 68) 6167.297537884104
Q round281-s17 1 (57, 10, 66, 22) 99.78297950800042
Q round281-s17 11 (5, 70, 63, 57) 67.23803546813937
Q round281-s17 12 (0, 65, 23, 39) 105.12299190952402
Q round281-s17 7 (9, 45, 24, 27) 78.10714782628257
Q round281-s17 4 (40, 15, 54, 36) 97.93658370011383
Q round281-s17 13 (23, 68, 30, 2) 75.61061813012866
Q round281-s17 2 (62, 51, 52, 4) 129.09186316743848
Q round281-s17 0 (39, 45, 52, 16) 24.41222026981738
Q round281-s17 3 (9, 20, 5, 34) 189.77564419091186
Q round281-s17 15 (28, 53, 67, 35) 95.93118358807152
Q round281-s17 9 (31, 69, 35, 38) 36.8684841305125
Q round281-s17 6 (17, 20, 7, 66) 42.589105057291185
Q round281-s17 10 (29, 5, 60, 65) 93.91357860399727
Q round281-s17 5 (66, 29, 12, 61) 89.51920835076372
ROUND 281 n 4592 bestJ 19.07316030276427 best (0, 69, 28, 57) eligible 560
Q round282-s17 8 (69, 30, 2, 67) 692.9205526084185
Q round282-s17 12 (24, 30, 61, 65) 120.22062485252276
Q round282-s17 9 (42, 65, 64, 62) 47.08131315545603
Q round282-s17 6 (24, 21, 20, 4) 704.2476773371043
Q round282-s17 5 (5, 6, 19, 22) 44.22393760133924
Q round282-s17 7 (69, 63, 36, 16) 37.78408612514604
Q round282-s17 2 (20, 28, 7, 43) 415.23009547714287
Q round282-s17 11 (67, 22, 29, 49) 48.85938325973363
Q round282-s17 10 (31, 39, 58, 7) 163.0215446423431
Q round282-s17 4 (67, 14, 67, 67) 118.31954198853332
Q round282-s17 0 (63, 29, 44, 16) 24.30597689983628
Q round282-s17 1 (68, 51, 13, 57) 176.2674077437678
Q round282-s17 13 (3, 46, 43, 0) 52.271878267008624
Q round282-s17 14 (54, 63, 71, 2) 445.399361488975
Q round282-s17 15 (54, 25, 46, 29) 148.5240711860047
Q round282-s17 3 (39, 6, 0, 34) 223.9959618750896
ROUND 282 n 4608 bestJ 19.07316030276427 best (0, 69, 28, 57) eligible 597
Q round283-s17 6 (18, 56, 26, 6) 495.56016600464113
Q round283-s17 10 (45, 56, 58, 33) 186.72411278182827
Q round283-s17 15 (24, 22, 18, 16) 162.06964274528428
Q round283-s17 13 (44, 17, 5, 51) 213.0507789185657
Q round283-s17 9 (8, 44, 37, 42) 327.7075969256667
Q round283-s17 2 (63, 61, 31, 33) 86.00480950704514
Q round283-s17 3 (60, 60, 34, 32) 367.88810683919417
Q round283-s17 7 (44, 23, 29, 41) 58.77422876978046
Q round283-s17 8 (1, 47, 61, 14) 132.7592762423668
Q round283-s17 0 (39, 45, 68, 16) 23.95089365925755
Q round283-s17 1 (1, 27, 68, 45) 129.57848759274944
Q round283-s17 4 (28, 52, 27, 47) 68.06324375480972
Q round283-s17 12 (68, 17, 8, 42) 52.162209248552195
Q round283-s17 14 (35, 37, 52, 54) 53.53125762965641
Q round283-s17 11 (63, 70, 33, 18) 366.4541808837835
Q round283-s17 5 (49, 29, 61, 61) 78.63490038877612
ROUND 283 n 4624 bestJ 19.07316030276427 best (0, 69, 28, 57) eligible 552
Q round284-s17 14 (33, 11, 66, 25) 6046.681286881532
Q round284-s17 10 (69, 41, 42, 12) 2850.4758409419787
Q round284-s17 12 (39, 16, 24, 18) 200.34192237626445
Q round284-s17 3 (56, 3, 61, 10) 114.70330743066364
Q round284-s17 13 (37, 25, 17, 38) 69.38942224068634
Q round284-s17 4 (53, 55, 47, 57) 78.5660514660268
Q round284-s17 5 (49, 67, 49, 29) 55.35614476606203
Q round284-s17 8 (1, 53, 67, 4) 433.96745913196673
Q round284-s17 0 (16, 69, 12, 32) 20.4002198604469
Q round284-s17 11 (55, 53, 65, 62) 64.89338283490801
Q round284-s17 9 (69, 45, 44, 54) 86.44961647409289
Q round284-s17 15 (57, 33, 69, 5) 94.61741406033252
Q round284-s17 1 (52, 26, 46, 39) 44.41185528841104
Q round284-s17 6 (9, 22, 29, 70) 117.89051567755673
Q round284-s17 2 (60, 34, 28, 54) 60.60778673946293
Q round284-s17 7 (14, 31, 27, 1) 105.6502752216178
ROUND 284 n 4640 bestJ 19.07316030276427 best (0, 69, 28, 57) eligible 541
Q round285-s17 7 (39, 24, 26, 4) 93.95673452991099
Q round285-s17 3 (34, 28, 39, 39) 51.17028520185814
Q round285-s17 13 (8, 46, 21, 31) 137.3703695270268
Q round285-s17 2 (26, 27, 16, 44) 221.76150053607262
Q round285-s17 15 (60, 65, 53, 62) 53.975036804954804
Q round285-s17 9 (8, 67, 59, 48) 81.97270660809339
Q round285-s17 12 (24, 27, 46, 29) 45.655186351260454
Q round285-s17 14 (18, 56, 35, 56) 382.3391255618126
Q round285-s17 5 (15, 37, 28, 29) 382.00784130047447
Q round285-s17 11 (52, 41, 56, 14) 62.10955102909098
Q round285-s17 6 (46, 63, 61, 26) 268.5578490296698
Q round285-s17 1 (46, 53, 2, 2) 80.40954087198806
Q round285-s17 10 (9, 7, 3, 28) 58.676519101553886
Q round285-s17 4 (70, 21, 29, 34) 70.02565574530982
Q round285-s17 8 (33, 21, 8, 69) 44.77471078754692
Q round285-s17 0 (38, 45, 44, 0) 22.821503287814853
ROUND 285 n 4656 bestJ 19.07316030276427 best (0, 69, 28, 57) eligible 598
Q round286-s17 3 (29, 64, 66, 13) 2666.660945479491
Q round286-s17 8 (47, 45, 5, 56) 76.2345704631582
Q round286-s17 15 (53, 11, 37, 4) 99.96597728680186
Q round286-s17 4 (44, 66, 64, 60) 683.8139884855836
Q round286-s17 6 (21, 47, 41, 16) 72.66205083536704
Q round286-s17 13 (29, 66, 30, 19) 151.08671748268543
Q round286-s17 7 (29, 31, 30, 55) 80.02211083090711
Q round286-s17 1 (2, 13, 1, 9) 59.85953391584337
Q round286-s17 0 (0, 45, 44, 16) 23.486580702898916
Q round286-s17 5 (32, 18, 48, 62) 37.03454777223402
Q round286-s17 12 (23, 18, 60, 65) 58.38463136580939
Q round286-s17 14 (30, 35, 64, 16) 57.19312443114355
Q round286-s17 10 (11, 51, 39, 33) 64.51792307990956
Q round286-s17 11 (11, 3, 6, 27) 206.95043905468583
Q round286-s17 2 (64, 2, 11, 6) 34.50756239283501
Q round286-s17 9 (62, 45, 14, 0) 67.91256362318863
ROUND 286 n 4672 bestJ 19.07316030276427 best (0, 69, 28, 57) eligible 558
Q round287-s17 6 (64, 18, 0, 27) 112.7829415318583
Q round287-s17 4 (29, 59, 5, 68) 95.72774920428007
Q round287-s17 2 (66, 67, 57, 0) 61.69181973987891
Q round287-s17 3 (48, 25, 0, 55) 103.4070790967104
Q round287-s17 12 (64, 65, 31, 18) 189.16023859209145
Q round287-s17 9 (62, 10, 45, 30) 38.307595628831784
Q round287-s17 10 (25, 43, 37, 29) 217.1190692552093
Q round287-s17 5 (47, 62, 7, 12) 109.42964142732656
Q round287-s17 1 (62, 52, 35, 39) 38.982083866654314
Q round287-s17 15 (64, 61, 57, 62) 65.77563378245824
Q round287-s17 13 (70, 52, 59, 41) 35.96046452114789
Q round287-s17 11 (31, 21, 67, 16) 26.92814211620951
Q round287-s17 7 (44, 68, 22, 58) 64.80461257769026
Q round287-s17 14 (19, 49, 32, 71) 58.19496789957419
Q round287-s17 8 (51, 34, 5, 42) 197.970168245376
Q round287-s17 0 (38, 21, 12, 16) 23.528028178737564
ROUND 287 n 4688 bestJ 19.07316030276427 best (0, 69, 28, 57) eligible 556
Q round288-s17 12 (2, 55, 42, 38) 316.8533705373857
Q round288-s17 1 (24, 7, 37, 35) 125.40451439785369
Q round288-s17 13 (69, 40, 43, 2) 119.69332497902427
Q round288-s17 3 (50, 6, 44, 51) 110.23447220173922
Q round288-s17 8 (15, 28, 5, 55) 51.49790507922108
Q round288-s17 14 (21, 29, 45, 48) 274.07662411035636
Q round288-s17 2 (11, 10, 50, 1) 96.34791530016118
Q round288-s17 11 (45, 69, 31, 5) 219.476952213805
Q round288-s17 0 (39, 29, 44, 48) 24.738794966653334
Q round288-s17 10 (46, 29, 61, 6) 85.00007275363313
Q round288-s17 6 (11, 27, 14, 29) 140.23067720777271
Q round288-s17 4 (54, 40, 41, 3) 97.01523212038583
Q round288-s17 5 (17, 16, 63, 14) 105.48997308475037
Q round288-s17 7 (49, 1, 0, 46) 87.24825946976294
Q round288-s17 15 (1, 66, 54, 66) 164.88258107857084
Q round288-s17 9 (7, 14, 28, 25) 101.88990247304115
ROUND 288 n 4704 bestJ 19.07316030276427 best (0, 69, 28, 57) eligible 592
Q round289-s17 9 (45, 35, 10, 20) 110.71604557746699
Q round289-s17 5 (21, 67, 54, 62) 55.06183118135623
Q round289-s17 7 (26, 67, 5, 60) 91.32568770172485
Q round289-s17 11 (47, 17, 49, 12) 92.75208839407317
Q round289-s17 8 (24, 28, 14, 17) 68.31895315270023
Q round289-s17 14 (28, 39, 40, 36) 42.738703093872395
Q round289-s17 6 (15, 25, 41, 33) 92.27584435440968
Q round289-s17 1 (71, 65, 67, 33) 63.31369460424986
Q round289-s17 4 (17, 11, 67, 40) 76.39234610490787
Q round289-s17 2 (26, 21, 48, 37) 474.39387881560504
Q round289-s17 13 (4, 68, 60, 55) 51.81141804454975
Q round289-s17 12 (34, 45, 31, 65) 41.41315276177637
Q round289-s17 10 (51, 55, 38, 48) 63.27325805440135
Q round289-s17 3 (70, 58, 41, 10) 91.15356557077645
Q round289-s17 15 (70, 50, 28, 42) 467.3229961519028
Q round289-s17 0 (62, 29, 20, 0) 22.638750816792207
ROUND 289 n 4720 bestJ 19.07316030276427 best (0, 69, 28, 57) eligible 529
Q round290-s17 3 (2, 70, 37, 6) 35.7813222706696
Q round290-s17 5 (18, 59, 10, 69) 144.55171900224957
Q round290-s17 8 (53, 20, 50, 25) 146.9988659277465
Q round290-s17 4 (58, 41, 69, 31) 42.41206103126476
Q round290-s17 11 (8, 51, 44, 40) 77.32717732414993
Q round290-s17 13 (34, 55, 22, 17) 68.40656158183086
Q round290-s17 14 (68, 17, 60, 43) 255.67919695826149
Q round290-s17 9 (39, 33, 64, 14) 80.87343739029707
Q round290-s17 1 (9, 52, 57, 33) 42.560320638764274
Q round290-s17 15 (43, 68, 16, 23) 47.05257092600356
Q round290-s17 10 (15, 50, 0, 48) 79.74577677342708
Q round290-s17 7 (36, 6, 24, 20) 63.81104897282077
Q round290-s17 2 (35, 2, 16, 34) 100.41732218245959
Q round290-s17 0 (38, 45, 52, 16) 24.690044715730448
Q round290-s17 6 (62, 1, 4, 1) 66.18588530098089
Q round290-s17 12 (1, 18, 7, 32) 73.43435730947407
ROUND 290 n 4736 bestJ 19.07316030276427 best (0, 69, 28, 57) eligible 721
Q round291-s17 5 (56, 31, 23, 52) 104.98393214581102
Q round291-s17 8 (2, 20, 9, 11) 132.90255340308616
Q round291-s17 11 (71, 20, 21, 25) 42.42365489528266
Q round291-s17 3 (42, 66, 12, 28) 112.29526653305317
Q round291-s17 6 (34, 58, 39, 19) 107.55708796133796
Q round291-s17 10 (71, 45, 56, 61) 102.19333416583433
Q round291-s17 15 (66, 58, 16, 64) 106.84851894481095
Q round291-s17 4 (59, 12, 29, 61) 82.23241468850178
Q round291-s17 1 (20, 28, 56, 1) 48.175758352906186
Q round291-s17 9 (22, 21, 15, 52) 67.96324266526155
Q round291-s17 7 (20, 7, 24, 62) 67.03355080218823
Q round291-s17 13 (3, 61, 64, 14) 46.89729107701799
Q round291-s17 14 (12, 2, 49, 30) 48.860037200522726
Q round291-s17 2 (43, 16, 68, 3) 99.34191202275971
Q round291-s17 0 (38, 53, 20, 16) 21.448369496649207
Q round291-s17 12 (20, 66, 8, 10) 88.1438619774955
ROUND 291 n 4752 bestJ 19.07316030276427 best (0, 69, 28, 57) eligible 690
Q round292-s17 3 (45, 27, 39, 61) 143.68169068995877
Q round292-s17 12 (64, 1, 60, 28) 51.51682728368412
Q round292-s17 14 (61, 43, 4, 23) 74.4037764691069
Q round292-s17 9 (24, 70, 1, 26) 263.37971509671314
Q round292-s17 15 (67, 27, 19, 63) 479.51579620492583
Q round292-s17 13 (52, 38, 8, 9) 55.23687250801458
Q round292-s17 0 (16, 5, 68, 56) 24.546582186535836
Q round292-s17 2 (35, 29, 0, 54) 45.83592080106211
Q round292-s17 11 (51, 46, 28, 17) 46.76024318055695
Q round292-s17 5 (49, 1, 21, 61) 136.9324229314688
Q round292-s17 6 (51, 69, 56, 15) 53.26564783133332
Q round292-s17 8 (63, 62, 65, 58) 155.9464812183938
Q round292-s17 1 (52, 45, 0, 69) 284.58032486140934
Q round292-s17 7 (8, 16, 11, 57) 89.43189088538986
Q round292-s17 10 (51, 50, 51, 2) 207.0149226550541
Q round292-s17 4 (51, 8, 13, 7) 43.780711738750945
ROUND 292 n 4768 bestJ 19.07316030276427 best (0, 69, 28, 57) eligible 487
Q round293-s17 10 (69, 49, 12, 20) 2099.5727953845862
Q round293-s17 1 (34, 37, 58, 44) 116.49830947884598
Q round293-s17 12 (50, 19, 46, 8) 58.01585976041751
Q round293-s17 8 (66, 46, 11, 26) 114.51196740715527
Q round293-s17 11 (10, 59, 62, 62) 57.764718473568884
Q round293-s17 15 (51, 6, 61, 28) 86.40567866334152
Q round293-s17 13 (13, 10, 62, 48) 49.342681930180355
Q round293-s17 0 (39, 45, 12, 16) 21.37978779917677
Q round293-s17 5 (41, 60, 30, 24) 68.70695267597215
Q round293-s17 6 (31, 57, 43, 33) 55.6062165652251
Q round293-s17 9 (54, 62, 61, 56) 140.71171587774487
Q round293-s17 7 (49, 55, 6, 4) 107.98031602218525
Q round293-s17 4 (47, 22, 30, 19) 107.1999155726549
Q round293-s17 3 (60, 41, 67, 10) 259.72470063567295
Q round293-s17 14 (57, 25, 46, 35) 59.3685489930672
Q round293-s17 2 (65, 69, 63, 17) 56.562493469015514
ROUND 293 n 4784 bestJ 19.07316030276427 best (0, 69, 28, 57) eligible 557
Q round294-s17 3 (66, 9, 21, 61) 304.3729376235563
Q round294-s17 7 (58, 6, 58, 69) 397.66754613025165
Q round294-s17 14 (61, 3, 70, 8) 54.023543189205114
Q round294-s17 15 (16, 51, 30, 15) 68.99846474268625
Q round294-s17 9 (13, 46, 2, 18) 158.3064729798168
Q round294-s17 11 (53, 47, 48, 49) 72.26027231006876
Q round294-s17 5 (70, 36, 34, 7) 62.99553018236873
Q round294-s17 4 (5, 10, 36, 9) 168.93361360707857
Q round294-s17 12 (58, 21, 69, 0) 171.3854081772213
Q round294-s17 6 (6, 66, 12, 44) 82.76241432964376
Q round294-s17 2 (52, 71, 56, 48) 70.98938405295677
Q round294-s17 8 (17, 30, 45, 63) 129.53189048867964
Q round294-s17 13 (46, 38, 9, 47) 81.23276921084025
Q round294-s17 1 (31, 71, 64, 62) 133.86340173896147
Q round294-s17 0 (62, 5, 12, 16) 23.594910110052304
Q round294-s17 10 (7, 57, 40, 8) 106.25370655502485
ROUND 294 n 4800 bestJ 19.07316030276427 best (0, 69, 28, 57) eligible 505
Q round295-s17 11 (19, 32, 50, 11) 100.91608305302977
Q round295-s17 8 (68, 5, 18, 67) 129.46457195232793
Q round295-s17 10 (10, 67, 15, 38) 55.398437646042
Q round295-s17 13 (64, 35, 40, 38) 62.72884719009981
Q round295-s17 2 (60, 44, 42, 7) 671.126691283569
Q round295-s17 15 (0, 51, 20, 41) 77.36784294626682
Q round295-s17 12 (61, 39, 48, 64) 79.42214798484709
Q round295-s17 14 (1, 38, 9, 11) 61.41201458767843
Q round295-s17 3 (42, 10, 56, 50) 137.66807561431378
Q round295-s17 7 (16, 66, 63, 48) 63.49029374669254
Q round295-s17 0 (0, 5, 44, 63) 19.143299833567312
Q round295-s17 6 (52, 12, 4, 7) 53.910126898827684
Q round295-s17 9 (43, 41, 31, 5) 42.648391854872784
Q round295-s17 4 (63, 62, 55, 39) 96.51142074171193
Q round295-s17 1 (22, 9, 24, 66) 442.24480231209776
Q round295-s17 5 (17, 21, 4, 10) 447.1660141893263
ROUND 295 n 4816 bestJ 19.07316030276427 best (0, 69, 28, 57) eligible 524
Q round296-s17 13 (23, 8, 50, 65) 102.6828753142655
Q round296-s17 14 (63, 2, 16, 20) 59.23042317923785
Q round296-s17 4 (56, 9, 37, 39) 95.7860213773908
Q round296-s17 11 (22, 51, 34, 70) 71.01627881288528
Q round296-s17 5 (54, 51, 25, 26) 97.1432730975695
Q round296-s17 12 (47, 1, 20, 34) 272.51354317863496
Q round296-s17 7 (5, 45, 60, 40) 100.10998640896122
Q round296-s17 6 (10, 10, 4, 18) 207.8378771951259
Q round296-s17 0 (0, 53, 52, 56) 25.451776396347935
Q round296-s17 8 (1, 48, 10, 28) 115.17749301712098
Q round296-s17 9 (14, 42, 42, 48) 52.5467280913793
Q round296-s17 3 (7, 33, 64, 39) 98.92587508976068
Q round296-s17 2 (28, 39, 39, 24) 67.12017560859506
Q round296-s17 10 (19, 40, 35, 56) 69.16324953289616
Q round296-s17 15 (71, 70, 56, 39) 127.41172204853571
Q round296-s17 1 (38, 25, 9, 64) 66.69825315779384
ROUND 296 n 4832 bestJ 19.07316030276427 best (0, 69, 28, 57) eligible 564
Q round297-s17 15 (5, 30, 13, 28) 140.81300869227235
Q round297-s17 5 (64, 62, 8, 2) 169.8789557213271
Q round297-s17 1 (40, 46, 42, 53) 250.51137455399373
Q round297-s17 7 (63, 52, 40, 60) 43.25221590106519
Q round297-s17 4 (56, 27, 51, 1) 149.40314963353268
Q round297-s17 13 (37, 22, 5, 53) 71.41205953588226
Q round297-s17 10 (7, 68, 29, 32) 48.045543146888946
Q round297-s17 8 (40, 28, 55, 27) 58.26139568484097
Q round297-s17 14 (23, 44, 0, 7) 82.5755445217835
Q round297-s17 9 (33, 51, 42, 45) 120.72893108645673
Q round297-s17 0 (16, 29, 28, 33) 22.838980980356087
Q round297-s17 11 (9, 4, 23, 69) 40.01394430519628
Q round297-s17 12 (71, 39, 33, 37) 169.52339580576992
Q round297-s17 3 (27, 9, 55, 5) 43.01148727724885
Q round297-s17 6 (30, 15, 25, 47) 101.884451482724
Q round297-s17 2 (38, 25, 14, 24) 90.98299661625333
ROUND 297 n 4848 bestJ 19.07316030276427 best (0, 69, 28, 57) eligible 575
Q round298-s17 8 (18, 63, 14, 27) 257.18397431999864
Q round298-s17 2 (26, 49, 32, 28) 133.1433092037739
Q round298-s17 4 (15, 5, 58, 71) 76.0012961842035
Q round298-s17 9 (16, 67, 45, 1) 85.39789328145453
Q round298-s17 6 (66, 31, 3, 38) 96.67495130805148
Q round298-s17 13 (21, 2, 31, 20) 201.84423960117164
Q round298-s17 14 (12, 12, 42, 70) 266.30835106243285
Q round298-s17 3 (9, 19, 17, 41) 53.02380341138338
Q round298-s17 5 (5, 56, 12, 35) 179.11409310152257
Q round298-s17 12 (41, 19, 46, 15) 71.25426210337837
Q round298-s17 7 (57, 64, 13, 39) 107.625835849763
Q round298-s17 0 (63, 5, 68, 40) 23.975432593755187
Q round298-s17 1 (49, 26, 5, 65) 55.17324697873243
Q round298-s17 11 (28, 19, 69, 57) 208.21340791695863
Q round298-s17 10 (14, 15, 13, 42) 351.17453696268694
Q round298-s17 15 (7, 30, 19, 5) 136.6655544288381
ROUND 298 n 4864 bestJ 19.07316030276427 best (0, 69, 28, 57) eligible 637
Q round299-s17 4 (64, 49, 21, 28) 81.24698356101331
Q round299-s17 9 (21, 70, 38, 52) 38.94180888088482
Q round299-s17 8 (21, 9, 41, 37) 50.48911329943258
Q round299-s17 11 (52, 23, 42, 36) 56.1529217446446
Q round299-s17 14 (26, 35, 39, 50) 126.76249462830293
Q round299-s17 6 (2, 35, 22, 53) 126.03237493105661
Q round299-s17 12 (50, 56, 54, 41) 49.89632367002183
Q round299-s17 1 (52, 29, 50, 23) 198.2222262249529
Q round299-s17 5 (41, 45, 21, 20) 167.39084924186943
Q round299-s17 15 (63, 32, 7, 24) 96.84827501827253
Q round299-s17 7 (46, 33, 25, 51) 60.68684817381307
Q round299-s17 3 (65, 46, 70, 36) 88.18929765806672
Q round299-s17 10 (51, 64, 28, 32) 73.40734428507896
Q round299-s17 13 (63, 30, 27, 2) 115.85376455187587
Q round299-s17 0 (38, 5, 28, 16) 24.197207168793383
Q round299-s17 2 (63, 70, 70, 25) 87.6868920447208
ROUND 299 n 4880 bestJ 19.07316030276427 best (0, 69, 28, 57) eligible 680
Q round300-s17 2 (26, 48, 37, 36) 361.3130087457431
Q round300-s17 15 (64, 8, 65, 67) 84.83761856581124
Q round300-s17 13 (48, 34, 17, 3) 76.34437984904493
Q round300-s17 3 (21, 11, 55, 28) 229.27904943491433
Q round300-s17 12 (29, 46, 52, 9) 42.334187672197956
Q round300-s17 14 (69, 14, 1, 50) 59.53087217329073
Q round300-s17 6 (29, 45, 61, 54) 123.46438933261689
Q round300-s17 11 (18, 53, 71, 45) 320.701861120628
Q round300-s17 8 (12, 4, 24, 63) 46.05630902120719
Q round300-s17 7 (52, 17, 62, 24) 64.7512897934502
Q round300-s17 9 (60, 64, 22, 55) 77.49055027956355
Q round300-s17 5 (11, 64, 56, 56) 45.431024313076385
Q round300-s17 4 (67, 2, 3, 57) 106.42117715428014
Q round300-s17 0 (38, 5, 52, 16) 20.582316851370877
Q round300-s17 1 (9, 42, 0, 64) 54.15721901383646
Q round300-s17 10 (22, 57, 57, 14) 109.5735324207542
ROUND 300 n 4896 bestJ 19.07316030276427 best (0, 69, 28, 57) eligible 569
Q round301-s17 2 (34, 20, 31, 31) 55.667423666093136
Q round301-s17 6 (53, 43, 44, 45) 100.35561524039764
Q round301-s17 7 (40, 58, 37, 48) 64.45044266700849
Q round301-s17 10 (67, 67, 18, 51) 138.01198781497436
Q round301-s17 11 (40, 25, 16, 54) 96.05174351332515
Q round301-s17 9 (34, 48, 70, 6) 68.08845478402456
Q round301-s17 5 (41, 35, 45, 16) 62.42732508203528
Q round301-s17 8 (35, 28, 23, 35) 193.85526238198182
Q round301-s17 1 (9, 70, 63, 52) 95.16502485540946
Q round301-s17 14 (9, 40, 58, 15) 127.56040495957649
Q round301-s17 3 (35, 16, 16, 39) 62.15036300489336
Q round301-s17 15 (9, 31, 19, 45) 87.66736947343225
Q round301-s17 13 (12, 37, 71, 31) 53.96302928099751
Q round301-s17 12 (23, 40, 40, 63) 157.0427971001987
Q round301-s17 4 (43, 26, 46, 16) 53.260597270922844
Q round301-s17 0 (38, 21, 44, 40) 24.12969745214704
ROUND 301 n 4912 bestJ 19.07316030276427 best (0, 69, 28, 57) eligible 638
Q round302-s17 11 (26, 43, 42, 28) 136.94359781891788
Q round302-s17 12 (31, 50, 37, 44) 54.86188099295016
Q round302-s17 14 (71, 32, 58, 42) 511.71789981330863
Q round302-s17 3 (39, 11, 51, 12) 104.77452109751052
Q round302-s17 1 (57, 27, 63, 57) 49.93130937265668
Q round302-s17 9 (54, 43, 54, 31) 71.82385359025773
Q round302-s17 2 (56, 13, 1, 22) 55.006076936170075
Q round302-s17 0 (0, 13, 44, 56) 21.882381262303408
Q round302-s17 13 (17, 68, 14, 6) 64.97832273238997
Q round302-s17 5 (47, 1, 24, 63) 104.28004564366
Q round302-s17 7 (4, 43, 10, 46) 185.52560053603733
Q round302-s17 4 (46, 50, 54, 38) 78.22879838717012
Q round302-s17 6 (51, 2, 7, 56) 60.42135999334135
Q round302-s17 15 (71, 46, 51, 32) 90.59665087616351
Q round302-s17 10 (9, 48, 35, 14) 64.00251317245173
Q round302-s17 8 (25, 9, 62, 13) 151.2278259840494
ROUND 302 n 4928 bestJ 19.07316030276427 best (0, 69, 28, 57) eligible 590
Q round303-s17 1 (45, 46, 18, 39) 40.60889648134397
Q round303-s17 11 (10, 32, 33, 11) 306.0524667308532
Q round303-s17 2 (69, 31, 26, 26) 151.28515677804185
Q round303-s17 12 (50, 3, 35, 52) 93.42828746028789
Q round303-s17 8 (46, 51, 23, 23) 77.02709608049938
Q round303-s17 7 (11, 27, 59, 38) 502.2288682434177
Q round303-s17 13 (46, 67, 44, 0) 55.952169984669496
Q round303-s17 0 (0, 45, 44, 64) 22.207076495970888
Q round303-s17 10 (70, 16, 69, 56) 148.93912981596603
Q round303-s17 4 (3, 4, 71, 6) 47.319059500914115
Q round303-s17 9 (46, 35, 27, 32) 102.23341382465611
Q round303-s17 14 (26, 29, 19, 7) 206.90287562375389
Q round303-s17 15 (22, 58, 69, 52) 55.902082573330915
Q round303-s17 3 (46, 22, 0, 53) 219.53565659537736
Q round303-s17 5 (4, 15, 65, 0) 62.59033365084787
Q round303-s17 6 (41, 1, 24, 29) 129.2159261425154
ROUND 303 n 4944 bestJ 19.07316030276427 best (0, 69, 28, 57) eligible 549
Q round304-s17 14 (34, 20, 69, 49) 1853.8694553238095
Q round304-s17 15 (26, 64, 0, 28) 109.46663650307961
Q round304-s17 7 (10, 34, 21, 3) 146.49220875984244
Q round304-s17 9 (26, 69, 10, 3) 152.56909532840348
Q round304-s17 4 (16, 19, 61, 29) 379.84143178240976
Q round304-s17 8 (69, 27, 9, 59) 184.13446009816488
Q round304-s17 6 (15, 63, 8, 66) 210.0404307650232
Q round304-s17 1 (18, 71, 55, 14) 66.27382970751728
Q round304-s17 12 (48, 10, 17, 10) 73.083607344757
Q round304-s17 0 (63, 45, 44, 16) 21.181197230496988
Q round304-s17 11 (10, 42, 51, 30) 407.52259930629367
Q round304-s17 2 (67, 19, 58, 14) 154.45176141946564
Q round304-s17 10 (19, 9, 22, 33) 56.598041229423295
Q round304-s17 13 (30, 14, 60, 54) 88.26519756079406
Q round304-s17 3 (71, 54, 27, 54) 84.61596120822497
Q round304-s17 5 (22, 49, 25, 34) 183.36686242855646
ROUND 304 n 4960 bestJ 19.07316030276427 best (0, 69, 28, 57) eligible 538
Q round305-s17 4 (61, 25, 32, 4) 45.5161189300994
Q round305-s17 14 (33, 67, 22, 52) 59.1922654587513
Q round305-s17 0 (0, 5, 28, 16) 24.144949773514448
Q round305-s17 9 (23, 45, 16, 13) 129.710330809254
Q round305-s17 1 (52, 27, 57, 54) 49.72615314956872
Q round305-s17 5 (59, 38, 52, 0) 45.08330020561305
Q round305-s17 13 (11, 3, 5, 49) 206.9159064335351
Q round305-s17 3 (21, 5, 59, 7) 97.39202829696337
Q round305-s17 10 (12, 52, 37, 63) 84.59733004731636
Q round305-s17 7 (28, 28, 55, 2) 135.75997112462733
Q round305-s17 15 (60, 9, 58, 61) 52.695669406294556
Q round305-s17 6 (35, 26, 1, 21) 148.8763408394934
Q round305-s17 8 (41, 8, 24, 33) 124.928872082045
Q round305-s17 12 (51, 18, 49, 61) 211.83245271259403
Q round305-s17 11 (57, 15, 4, 46) 72.22929370413534
Q round305-s17 2 (46, 64, 35, 55) 84.91713248811226
ROUND 305 n 4976 bestJ 19.07316030276427 best (0, 69, 28, 57) eligible 551
Q round306-s17 12 (8, 36, 53, 35) 197.03331770138237
Q round306-s17 11 (22, 4, 37, 1) 50.168054161468945
Q round306-s17 8 (37, 15, 31, 15) 91.83003001963792
Q round306-s17 10 (8, 34, 43, 26) 277.7052185264764
Q round306-s17 3 (70, 38, 42, 14) 130.1764996542326
Q round306-s17 1 (9, 12, 53, 56) 52.5787166719322
Q round306-s17 5 (24, 38, 4, 15) 66.03316347475437
Q round306-s17 14 (0, 26, 0, 31) 64.54034009664609
Q round306-s17 0 (0, 5, 44, 16) 23.34976560609008
Q round306-s17 2 (68, 12, 20, 46) 55.34718498529016
Q round306-s17 9 (35, 45, 44, 19) 93.31485616684012
Q round306-s17 13 (70, 70, 71, 54) 109.5402024518011
Q round306-s17 15 (11, 40, 12, 1) 44.93034084033454
Q round306-s17 7 (28, 16, 9, 50) 30.43289263228257
Q round306-s17 6 (3, 56, 60, 24) 50.05970594795286
Q round306-s17 4 (25, 50, 39, 6) 63.953714522404724
ROUND 306 n 4992 bestJ 19.07316030276427 best (0, 69, 28, 57) eligible 564
Q round307-s17 13 (38, 58, 2, 60) 217.30602600099394
Q round307-s17 9 (40, 10, 16, 4) 48.421400780662665
Q round307-s17 11 (47, 0, 65, 50) 223.99503723987985
Q round307-s17 2 (15, 4, 7, 64) 82.26252717881194
Q round307-s17 7 (24, 12, 51, 14) 51.85411561262951
Q round307-s17 10 (5, 29, 53, 57) 243.8544357234062
Q round307-s17 8 (28, 64, 66, 63) 49.01193567376341
Q round307-s17 15 (30, 35, 30, 19) 99.75483245040432
Q round307-s17 0 (16, 21, 44, 16) 22.71626700727085
Q round307-s17 6 (13, 21, 38, 62) 36.58254156388051
Q round307-s17 5 (51, 9, 40, 45) 46.92256075716909
Q round307-s17 4 (11, 17, 60, 9) 48.48511987435495
Q round307-s17 14 (20, 0, 12, 58) 412.6437485679702
Q round307-s17 3 (4, 32, 39, 24) 52.57805904025638
Q round307-s17 12 (70, 5, 8, 55) 75.1482796222075
Q round307-s17 1 (38, 41, 20, 1) 65.73749950456069
ROUND 307 n 5008 bestJ 19.07316030276427 best (0, 69, 28, 57) eligible 526
Q round308-s17 7 (53, 71, 21, 65) 44.755679887091524
Q round308-s17 8 (71, 57, 47, 67) 81.70683211879908
Q round308-s17 11 (58, 36, 54, 22) 62.39488361518646
Q round308-s17 6 (42, 36, 34, 53) 117.82987419628545
Q round308-s17 5 (5, 49, 11, 66) 117.95102843684211
Q round308-s17 4 (69, 0, 38, 15) 73.43213506987638
Q round308-s17 3 (15, 69, 63, 42) 238.0721096190269
Q round308-s17 10 (65, 67, 4, 46) 58.08687048429771
Q round308-s17 15 (40, 0, 3, 31) 55.416905543513465
Q round308-s17 0 (64, 5, 20, 40) 25.16183248521044
Q round308-s17 14 (35, 9, 69, 26) 319.670669715295
Q round308-s17 1 (70, 32, 0, 25) 96.49555729341613
Q round308-s17 12 (31, 24, 32, 38) 132.7783160531384
Q round308-s17 2 (19, 49, 38, 54) 59.433553897837115
Q round308-s17 9 (19, 18, 55, 24) 56.905764087709294
Q round308-s17 13 (49, 17, 52, 13) 98.28049844983859
ROUND 308 n 5024 bestJ 19.07316030276427 best (0, 69, 28, 57) eligible 506
Q round309-s17 8 (58, 48, 48, 68) 72.96643557287742
Q round309-s17 3 (58, 9, 60, 9) 52.812668538014954
Q round309-s17 4 (64, 60, 64, 35) 50.328281505811425
Q round309-s17 1 (34, 70, 58, 7) 34.98523247989581
Q round309-s17 11 (66, 4, 55, 41) 51.78865521145176
Q round309-s17 6 (64, 47, 45, 31) 146.89402191367734
Q round309-s17 15 (12, 65, 71, 35) 49.63998350114586
Q round309-s17 10 (37, 42, 63, 15) 43.31739876096022
Q round309-s17 0 (63, 5, 28, 64) 21.01355856813592
Q round309-s17 5 (51, 35, 52, 66) 102.0816653023093
Q round309-s17 2 (47, 41, 4, 56) 96.11302764417863
Q round309-s17 7 (3, 57, 38, 25) 43.81219448949714
Q round309-s17 14 (51, 48, 38, 22) 59.86334685021508
Q round309-s17 9 (31, 55, 63, 55) 129.87170557361128
Q round309-s17 12 (17, 62, 23, 0) 99.18011115109498
Q round309-s17 13 (7, 62, 4, 17) 102.43957200384177
ROUND 309 n 5040 bestJ 19.07316030276427 best (0, 69, 28, 57) eligible 504
Q round310-s17 8 (45, 39, 69, 71) 39.22455143352503
Q round310-s17 7 (66, 50, 9, 31) 57.00071266221515
Q round310-s17 1 (69, 10, 53, 63) 220.63188101070384
Q round310-s17 13 (50, 29, 61, 18) 214.6893659865012
Q round310-s17 2 (50, 50, 59, 41) 181.04051617223095
Q round310-s17 9 (59, 36, 56, 56) 53.08420897745691
Q round310-s17 0 (16, 5, 28, 40) 24.488838985976017
Q round310-s17 3 (4, 6, 25, 27) 53.2887115043801
Q round310-s17 5 (7, 1, 56, 0) 110.55197651116356
Q round310-s17 10 (52, 69, 39, 71) 40.71038946994841
Q round310-s17 12 (20, 40, 68, 49) 39.243693787323515
Q round310-s17 14 (60, 8, 44, 71) 39.95609965291137
Q round310-s17 4 (14, 49, 56, 29) 161.5867615496938
Q round310-s17 11 (46, 31, 38, 1) 136.39738637185002
Q round310-s17 15 (9, 50, 32, 25) 40.62238863610818
Q round310-s17 6 (9, 10, 30, 37) 53.045929309580025
ROUND 310 n 5056 bestJ 19.07316030276427 best (0, 69, 28, 57) eligible 557
Q round311-s17 15 (53, 62, 0, 29) 55.481203970783675
Q round311-s17 10 (13, 1, 47, 56) 76.10346519805589
Q round311-s17 7 (58, 14, 33, 42) 89.28375844730354
Q round311-s17 3 (63, 29, 51, 59) 217.17332604179052
Q round311-s17 1 (34, 66, 43, 3) 160.63941159773339
Q round311-s17 14 (24, 65, 25, 58) 142.5444220672
Q round311-s17 2 (30, 38, 26, 49) 122.69282232307668
Q round311-s17 8 (1, 58, 50, 51) 312.340462911999
Q round311-s17 0 (0, 45, 28, 56) 20.843100818397765
Q round311-s17 4 (3, 52, 62, 49) 51.14800360931368
Q round311-s17 9 (14, 0, 48, 2) 235.6260680798291
Q round311-s17 5 (7, 47, 59, 6) 97.3237545738473
Q round311-s17 11 (33, 5, 62, 47) 57.86559010228968
Q round311-s17 12 (19, 2, 66, 16) 88.08726059900283
Q round311-s17 6 (27, 8, 3, 22) 49.0797197489367
Q round311-s17 13 (57, 18, 6, 41) 50.79729906802549
ROUND 311 n 5072 bestJ 19.07316030276427 best (0, 69, 28, 57) eligible 589
Q round312-s17 12 (31, 10, 51, 36) 202.78640044755733
Q round312-s17 15 (37, 31, 29, 0) 79.96112771076255
Q round312-s17 11 (63, 46, 2, 4) 97.65424803036136
Q round312-s17 5 (45, 68, 50, 71) 172.934903941528
Q round312-s17 7 (18, 12, 67, 37) 94.69317443650398
Q round312-s17 6 (18, 48, 1, 1) 45.92791635209755
Q round312-s17 1 (66, 7, 4, 33) 84.71907796927319
Q round312-s17 14 (33, 71, 35, 36) 47.598448804136545
Q round312-s17 4 (5, 10, 38, 21) 165.77120338560314
Q round312-s17 3 (14, 36, 38, 30) 65.80026106776208
Q round312-s17 8 (63, 26, 9, 46) 44.96504842259946
Q round312-s17 0 (39, 5, 68, 64) 21.803764600638736
Q round312-s17 10 (35, 33, 48, 70) 55.93588912248132
Q round312-s17 2 (30, 35, 49, 66) 34.336568034908844
Q round312-s17 13 (65, 29, 39, 59) 61.33996115045157
Q round312-s17 9 (49, 24, 33, 70) 100.12847820830986
ROUND 312 n 5088 bestJ 19.07316030276427 best (0, 69, 28, 57) eligible 570
Q round313-s17 8 (34, 9, 22, 19) 115.80158336694697
Q round313-s17 15 (13, 56, 12, 44) 326.1293665718915
Q round313-s17 14 (24, 2, 68, 21) 742.9564343684028
Q round313-s17 4 (52, 9, 2, 45) 632.8385773734059
Q round313-s17 6 (21, 22, 22, 42) 78.24329446066037
Q round313-s17 11 (23, 27, 0, 26) 42.41762708301525
Q round313-s17 2 (50, 58, 28, 36) 93.19213547200297
Q round313-s17 5 (35, 65, 34, 34) 381.7421898218581
Q round313-s17 13 (6, 47, 9, 4) 113.50454925365185
Q round313-s17 12 (61, 69, 47, 37) 23.11969802523042
Q round313-s17 0 (63, 45, 12, 63) 23.376649730746646
Q round313-s17 9 (19, 19, 29, 22) 227.95714591888293
Q round313-s17 1 (68, 4, 44, 47) 55.96919923605761
Q round313-s17 10 (52, 59, 50, 47) 144.83688656717183
Q round313-s17 3 (0, 37, 11, 63) 30.545594391921018
Q round313-s17 7 (48, 31, 39, 69) 213.9417460954459
ROUND 313 n 5104 bestJ 19.07316030276427 best (0, 69, 28, 57) eligible 539
Q round314-s17 9 (68, 57, 34, 68) 1114.4624265861478
Q round314-s17 8 (16, 44, 38, 48) 68.96584607042793
Q round314-s17 3 (2, 47, 54, 9) 51.18980659652268
Q round314-s17 1 (18, 69, 13, 65) 157.96422478261655
Q round314-s17 13 (32, 11, 7, 28) 58.48144011497561
Q round314-s17 2 (9, 43, 17, 13) 72.17827982591537
Q round314-s17 7 (29, 45, 4, 22) 78.17787382491858
Q round314-s17 11 (20, 11, 17, 0) 50.05455202611942
Q round314-s17 4 (38, 62, 16, 26) 184.53983683636272
Q round314-s17 6 (20, 17, 4, 63) 42.1836810386334
Q round314-s17 14 (51, 45, 63, 71) 51.59552504141322
Q round314-s17 12 (67, 29, 44, 50) 130.62675221397646
Q round314-s17 15 (43, 33, 64, 34) 58.06148494675965
Q round314-s17 0 (62, 53, 20, 16) 22.149466156769396
Q round314-s17 5 (25, 55, 11, 23) 69.49162073575616
Q round314-s17 10 (25, 55, 55, 46) 96.31597773198014
ROUND 314 n 5120 bestJ 19.07316030276427 best (0, 69, 28, 57) eligible 584
Q round315-s17 11 (16, 41, 33, 44) 77.40113276559855
Q round315-s17 15 (40, 51, 7, 28) 57.95184600088867
Q round315-s17 5 (18, 40, 8, 48) 42.63046762681453
Q round315-s17 7 (43, 3, 35, 65) 492.8933080098552
Q round315-s17 2 (38, 66, 15, 59) 63.56532697148421
Q round315-s17 12 (25, 65, 13, 60) 72.73423229287368
Q round315-s17 0 (48, 5, 28, 16) 25.434220311426905
Q round315-s17 10 (54, 0, 32, 52) 120.30587720785906
Q round315-s17 6 (52, 59, 70, 16) 48.54360767794819
Q round315-s17 14 (43, 14, 18, 29) 323.74715714942135
Q round315-s17 8 (51, 63, 25, 2) 55.85662650268772
Q round315-s17 1 (38, 14, 70, 27) 82.7203785991675
Q round315-s17 13 (3, 22, 67, 38) 50.14741290691633
Q round315-s17 3 (36, 26, 41, 41) 44.75035173054973
Q round315-s17 9 (14, 5, 27, 33) 51.636259626768705
Q round315-s17 4 (65, 13, 30, 47) 66.74331295468897
ROUND 315 n 5136 bestJ 19.07316030276427 best (0, 69, 28, 57) eligible 565
Q round316-s17 10 (13, 16, 10, 38) 62.69168512215837
Q round316-s17 12 (71, 41, 50, 24) 150.89026199548863
Q round316-s17 5 (32, 39, 10, 5) 132.57811431197806
Q round316-s17 3 (23, 67, 14, 54) 73.2100490748704
Q round316-s17 14 (27, 62, 13, 67) 198.13858449040353
Q round316-s17 15 (42, 71, 70, 57) 52.38977706652098
Q round316-s17 4 (56, 50, 25, 12) 117.08468806028394
Q round316-s17 7 (23, 45, 67, 34) 92.58326973483594
Q round316-s17 1 (28, 64, 69, 62) 40.14702310403978
Q round316-s17 9 (60, 52, 31, 39) 50.41956221168875
Q round316-s17 2 (20, 12, 55, 69) 55.92404017902747
Q round316-s17 8 (41, 45, 56, 68) 40.568137745414084
Q round316-s17 11 (1, 23, 20, 11) 77.59267739933678
Q round316-s17 13 (52, 0, 40, 49) 59.72028673724419
Q round316-s17 6 (3, 50, 63, 0) 63.1120138354447
Q round316-s17 0 (38, 21, 12, 0) 24.079880227026877
ROUND 316 n 5152 bestJ 19.07316030276427 best (0, 69, 28, 57) eligible 525
Q round317-s17 11 (68, 67, 63, 44) 2664.0381796680417
Q round317-s17 9 (2, 0, 2, 14) 575.6971872092128
Q round317-s17 5 (61, 12, 42, 19) 114.63058523551187
Q round317-s17 1 (31, 51, 59, 36) 232.78668402630575
Q round317-s17 13 (48, 17, 32, 57) 100.03244721374979
Q round317-s17 12 (26, 5, 40, 28) 201.7825723347511
Q round317-s17 10 (38, 27, 52, 3) 96.5376511661846
Q round317-s17 6 (5, 29, 41, 15) 44.89773560193092
Q round317-s17 7 (7, 34, 24, 48) 97.99529912561869
Q round317-s17 0 (39, 5, 12, 0) 22.22097355514415
Q round317-s17 2 (11, 70, 28, 63) 41.28505680357426
Q round317-s17 14 (51, 39, 46, 41) 58.224590473942314
Q round317-s17 15 (43, 46, 59, 15) 46.0812092800461
Q round317-s17 4 (22, 25, 54, 59) 87.87056286652431
Q round317-s17 3 (41, 58, 34, 7) 52.41343249545899
Q round317-s17 8 (14, 38, 51, 16) 58.73047456635232
ROUND 317 n 5168 bestJ 19.07316030276427 best (0, 69, 28, 57) eligible 471
Q round318-s17 15 (58, 60, 6, 64) 57.34178953253817
Q round318-s17 14 (10, 70, 60, 6) 42.39633383690483
Q round318-s17 5 (42, 51, 65, 3) 102.61844722120155
Q round318-s17 6 (0, 10, 33, 59) 119.95887398556161
Q round318-s17 13 (58, 19, 54, 45) 270.5444770367235
Q round318-s17 7 (2, 66, 41, 71) 55.191127053724166
Q round318-s17 3 (68, 63, 37, 65) 49.73411797989025
Q round318-s17 0 (64, 5, 20, 39) 25.044641445621576
Q round318-s17 1 (9, 30, 2, 67) 97.60162462724054
Q round318-s17 2 (43, 35, 44, 1) 153.16664550520508
Q round318-s17 12 (7, 54, 58, 52) 175.91027251950905
Q round318-s17 11 (20, 1, 1, 14) 59.66960423937365
Q round318-s17 4 (60, 23, 4, 29) 30.973519660355166
Q round318-s17 8 (20, 45, 17, 14) 46.11570887282883
Q round318-s17 9 (7, 6, 69, 66) 351.1504579990337
Q round318-s17 10 (55, 30, 65, 70) 101.35256846530085
ROUND 318 n 5184 bestJ 19.07316030276427 best (0, 69, 28, 57) eligible 501
Q round319-s17 4 (32, 64, 22, 67) 64.6759749683091
Q round319-s17 15 (18, 16, 54, 71) 63.367045209065566
Q round319-s17 3 (8, 19, 6, 31) 72.09493296263152
Q round319-s17 11 (48, 6, 68, 67) 69.94289667589138
Q round319-s17 7 (7, 50, 29, 26) 210.5759635688282
Q round319-s17 14 (49, 3, 55, 15) 70.22715366187661
Q round319-s17 6 (62, 40, 60, 67) 52.79108418570652
Q round319-s17 9 (59, 54, 46, 29) 60.30482088190585
Q round319-s17 8 (3, 43, 37, 26) 105.32244930165638
Q round319-s17 5 (12, 12, 12, 16) 82.63157418294814
Q round319-s17 13 (36, 56, 57, 10) 31.44831711297156
Q round319-s17 12 (46, 31, 35, 5) 166.97347687383726
Q round319-s17 1 (3, 50, 47, 50) 76.66460234779868
Q round319-s17 0 (38, 5, 28, 0) 23.449531754038386
Q round319-s17 2 (65, 45, 46, 32) 61.60603449871169
Q round319-s17 10 (31, 22, 47, 10) 299.93119165332797
ROUND 319 n 5200 bestJ 19.07316030276427 best (0, 69, 28, 57) eligible 518
Q round320-s17 9 (39, 18, 32, 60) 55.18191339087715
Q round320-s17 10 (61, 10, 2, 15) 168.50409698347502
Q round320-s17 4 (58, 60, 35, 22) 59.416901825906756
Q round320-s17 6 (62, 27, 28, 16) 60.38827751983573
Q round320-s17 12 (16, 54, 15, 10) 212.8367909088492
Q round320-s17 13 (71, 65, 57, 41) 88.98751619258188
Q round320-s17 0 (0, 5, 52, 64) 23.27692086348437
Q round320-s17 15 (40, 64, 47, 32) 111.32851250291937
Q round320-s17 2 (30, 15, 66, 11) 164.93526611248583
Q round320-s17 7 (52, 3, 63, 24) 50.8613388383222
Q round320-s17 14 (22, 36, 62, 66) 80.04412184316068
Q round320-s17 1 (15, 29, 9, 30) 53.30336441715589
Q round320-s17 11 (15, 70, 66, 64) 171.31932763159148
Q round320-s17 8 (54, 13, 0, 46) 84.79373941535476
Q round320-s17 5 (3, 0, 45, 0) 45.52097343328448
Q round320-s17 3 (25, 42, 56, 13) 60.71373558869365
ROUND 320 n 5216 bestJ 19.07316030276427 best (0, 69, 28, 57) eligible 480
Q round321-s17 12 (8, 52, 53, 28) 234.5576320534151
Q round321-s17 2 (53, 67, 5, 61) 97.56180021864773
Q round321-s17 4 (56, 59, 44, 46) 56.678133572289745
Q round321-s17 6 (63, 19, 67, 47) 61.42342473640772
Q round321-s17 10 (16, 28, 17, 40) 68.73968718557178
Q round321-s17 14 (30, 51, 21, 5) 126.97881213895823
Q round321-s17 5 (43, 25, 39, 28) 62.02750835425426
Q round321-s17 0 (0, 5, 28, 56) 23.774804750921284
Q round321-s17 7 (68, 59, 39, 52) 328.964986762241
Q round321-s17 1 (34, 42, 65, 45) 124.21354453477251
Q round321-s17 13 (11, 24, 30, 70) 59.82155638346997
Q round321-s17 3 (46, 22, 28, 57) 118.62335611633492
Q round321-s17 11 (6, 70, 59, 62) 94.91598562698911
Q round321-s17 8 (55, 23, 31, 48) 136.70809020193983
Q round321-s17 15 (6, 56, 11, 15) 79.02277548489316
Q round321-s17 9 (57, 26, 40, 46) 48.646943421551114
ROUND 321 n 5232 bestJ 19.07316030276427 best (0, 69, 28, 57) eligible 484
Q round322-s17 7 (23, 0, 16, 43) 124.49494130166333
Q round322-s17 9 (54, 8, 58, 3) 99.74705344981919
Q round322-s17 1 (15, 48, 44, 26) 193.70378952528444
Q round322-s17 4 (26, 63, 41, 2) 108.71913041937997
Q round322-s17 11 (58, 40, 0, 8) 57.3994288712557
Q round322-s17 8 (68, 47, 16, 52) 53.768911800932166
Q round322-s17 5 (63, 12, 46, 33) 66.66967729087656
Q round322-s17 3 (41, 43, 44, 16) 76.34342232611354
Q round322-s17 0 (16, 5, 20, 48) 22.814953320417814
Q round322-s17 6 (16, 58, 4, 31) 28.306989266012494
Q round322-s17 13 (49, 11, 4, 47) 45.29443047989853
Q round322-s17 10 (11, 12, 36, 7) 53.656129128268695
Q round322-s17 15 (70, 70, 7, 9) 97.9234685205456
Q round322-s17 12 (49, 31, 26, 5) 277.40385089242614
Q round322-s17 14 (47, 54, 8, 34) 346.67984941990824
Q round322-s17 2 (14, 61, 16, 63) 102.75477629262281
ROUND 322 n 5248 bestJ 19.07316030276427 best (0, 69, 28, 57) eligible 508
Q round323-s17 15 (2, 64, 53, 9) 146.07269140937174
Q round323-s17 4 (56, 14, 69, 68) 87.41047308196171
Q round323-s17 14 (34, 8, 18, 13) 153.0067845346666
Q round323-s17 3 (69, 1, 30, 38) 69.98715696035731
Q round323-s17 10 (10, 1, 19, 69) 109.09711363239411
Q round323-s17 5 (40, 68, 55, 21) 60.08981430858565
Q round323-s17 11 (64, 12, 43, 51) 101.30048646634523
Q round323-s17 12 (63, 33, 51, 21) 110.25113728726423
Q round323-s17 1 (59, 20, 21, 70) 459.1644657639373
Q round323-s17 7 (44, 69, 2, 63) 123.11274835002872
Q round323-s17 6 (14, 14, 61, 12) 130.00144736306308
Q round323-s17 8 (64, 34, 49, 8) 57.91172793303942
Q round323-s17 2 (14, 59, 1, 6) 55.04780549204462
Q round323-s17 9 (44, 5, 43, 28) 99.29655317033586
Q round323-s17 0 (38, 45, 28, 16) 21.754924319761283
Q round323-s17 13 (41, 61, 64, 29) 122.5127931227876
ROUND 323 n 5264 bestJ 19.07316030276427 best (0, 69, 28, 57) eligible 490
Q round324-s17 1 (13, 49, 20, 53) 762.1315325011211
Q round324-s17 15 (45, 71, 33, 28) 49.011776783790545
Q round324-s17 2 (42, 57, 3, 23) 80.16998999567117
Q round324-s17 4 (58, 1, 1, 45) 50.480501355872065
Q round324-s17 9 (29, 68, 5, 56) 291.6603314063131
Q round324-s17 10 (66, 60, 39, 7) 55.22539376589559
Q round324-s17 14 (47, 46, 66, 27) 100.55838674137729
Q round324-s17 12 (60, 48, 15, 4) 54.47552818700885
Q round324-s17 3 (56, 52, 40, 54) 66.90672744669143
Q round324-s17 5 (68, 28, 48, 3) 220.21325689865145
Q round324-s17 7 (31, 5, 62, 26) 153.37981615440776
Q round324-s17 0 (63, 45, 12, 16) 24.23343760827265
Q round324-s17 13 (46, 47, 69, 61) 254.8726661725509
Q round324-s17 11 (62, 29, 28, 69) 120.97858139664241
Q round324-s17 8 (54, 26, 0, 32) 103.90487992059401
Q round324-s17 6 (17, 22, 60, 17) 86.54354024154622
ROUND 324 n 5280 bestJ 19.07316030276427 best (0, 69, 28, 57) eligible 480
Q round325-s17 3 (29, 48, 59, 43) 135.7715652136476
Q round325-s17 13 (15, 8, 25, 36) 112.34239876991786
Q round325-s17 14 (61, 39, 12, 28) 148.90632799175745
Q round325-s17 4 (18, 60, 60, 10) 97.51697608824479
Q round325-s17 8 (21, 1, 12, 38) 46.3334606739487
Q round325-s17 7 (39, 63, 65, 53) 131.50617542333697
Q round325-s17 1 (11, 3, 70, 1) 51.86838202850775
Q round325-s17 11 (31, 29, 40, 31) 85.391267954227
Q round325-s17 6 (70, 22, 45, 54) 138.84387132574926
Q round325-s17 15 (70, 63, 1, 19) 86.21773159759451
Q round325-s17 10 (51, 21, 49, 39) 53.05837610327513
Q round325-s17 12 (1, 29, 21, 64) 47.53890017001599
Q round325-s17 9 (68, 50, 5, 18) 266.0590560512797
Q round325-s17 5 (30, 34, 71, 0) 91.89572530604539
Q round325-s17 2 (46, 14, 11, 57) 94.13468631083022
Q round325-s17 0 (62, 45, 52, 16) 26.91543418596172
ROUND 325 n 5296 bestJ 19.07316030276427 best (0, 69, 28, 57) eligible 526
Q round326-s17 7 (21, 59, 66, 68) 110.11714777881762
Q round326-s17 9 (2, 70, 30, 24) 64.96627254852717
Q round326-s17 5 (7, 24, 34, 55) 181.6133300086956
Q round326-s17 14 (5, 59, 9, 20) 353.9242017313878
Q round326-s17 6 (68, 34, 26, 27) 134.51842935116025
Q round326-s17 4 (24, 24, 35, 50) 161.40741820983115
Q round326-s17 12 (0, 36, 60, 70) 52.20477263706299
Q round326-s17 1 (49, 11, 5, 70) 61.185339850571616
Q round326-s17 3 (15, 34, 12, 11) 130.5035995280885
Q round326-s17 15 (25, 13, 69, 12) 107.41029843481029
Q round326-s17 0 (16, 45, 68, 56) 22.28973148087153
Q round326-s17 2 (27, 35, 71, 71) 48.48754416460481
Q round326-s17 8 (30, 69, 34, 27) 67.34520601562762
Q round326-s17 10 (25, 40, 0, 45) 162.63800819730236
Q round326-s17 13 (17, 48, 65, 56) 103.07524533276369
Q round326-s17 11 (9, 25, 40, 6) 84.74212640006999
ROUND 326 n 5312 bestJ 19.07316030276427 best (0, 69, 28, 57) eligible 434
Q round327-s17 3 (2, 14, 42, 68) 150.98415322769577
Q round327-s17 9 (23, 47, 55, 68) 140.17478512686466
Q round327-s17 14 (21, 17, 0, 12) 48.61813962212733
Q round327-s17 4 (50, 46, 30, 34) 35.54659014427797
Q round327-s17 12 (26, 67, 51, 12) 105.16505383018423
Q round327-s17 15 (37, 49, 52, 21) 114.14408998415051
Q round327-s17 5 (8, 33, 20, 53) 79.4630295601733
Q round327-s17 1 (2, 42, 19, 3) 173.6415446054586
Q round327-s17 6 (15, 53, 59, 34) 109.22851581842784
Q round327-s17 10 (31, 15, 61, 36) 143.36596693599614
Q round327-s17 2 (32, 0, 70, 65) 71.97329149626317
Q round327-s17 0 (63, 5, 68, 16) 21.849810114500727
Q round327-s17 11 (14, 6, 32, 68) 120.95440823278348
Q round327-s17 8 (52, 47, 48, 63) 75.87972265521962
Q round327-s17 13 (44, 15, 39, 49) 62.5784192801061
Q round327-s17 7 (70, 22, 62, 70) 112.21301994261312
ROUND 327 n 5328 bestJ 19.07316030276427 best (0, 69, 28, 57) eligible 452
Q round328-s17 3 (48, 63, 19, 44) 45.74901395596944
Q round328-s17 13 (53, 63, 17, 52) 41.30303013918371
Q round328-s17 11 (15, 5, 59, 28) 180.68878035844165
Q round328-s17 2 (52, 21, 37, 67) 97.21409039517964
Q round328-s17 15 (36, 67, 66, 27) 109.59241192838608
Q round328-s17 5 (29, 2, 42, 50) 315.4434421067443
Q round328-s17 4 (57, 40, 29, 7) 111.97014913019288
Q round328-s17 0 (16, 45, 28, 32) 23.273099450498936
Q round328-s17 14 (39, 26, 30, 39) 57.53059960214554
Q round328-s17 8 (17, 59, 51, 17) 97.42365285132857
Q round328-s17 6 (49, 59, 44, 8) 57.595339237621054
Q round328-s17 9 (4, 37, 11, 67) 100.75677131507628
Q round328-s17 7 (14, 6, 62, 27) 105.67277370123614
Q round328-s17 10 (6, 33, 69, 37) 207.77323035835036
Q round328-s17 12 (49, 46, 71, 22) 94.66768192857381
Q round328-s17 1 (1, 25, 64, 13) 210.646165589572
ROUND 328 n 5344 bestJ 19.07316030276427 best (0, 69, 28, 57) eligible 437
Q round329-s17 7 (28, 30, 21, 51) 622.1479470778025
Q round329-s17 13 (29, 46, 55, 68) 49.72508989487034
Q round329-s17 1 (5, 54, 40, 20) 37.642403350434584
Q round329-s17 9 (45, 11, 2, 39) 102.79246002751825
Q round329-s17 14 (34, 22, 53, 21) 137.10942743503847
Q round329-s17 5 (71, 49, 51, 66) 103.42785953572506
Q round329-s17 12 (28, 40, 37, 1) 51.693791775249466
Q round329-s17 6 (18, 37, 51, 62) 302.42517338281596
Q round329-s17 8 (52, 9, 42, 40) 58.834310099756365
Q round329-s17 4 (49, 13, 37, 51) 138.3202397762316
Q round329-s17 15 (33, 36, 43, 5) 115.6574310064923
Q round329-s17 0 (0, 21, 20, 39) 21.070737456540385
Q round329-s17 11 (31, 30, 43, 58) 146.62934179321655
Q round329-s17 10 (6, 7, 63, 4) 139.84259186901892
Q round329-s17 3 (6, 8, 55, 36) 136.2269791439901
Q round329-s17 2 (28, 41, 27, 22) 40.10029828769128
ROUND 329 n 5360 bestJ 19.07316030276427 best (0, 69, 28, 57) eligible 462
Q round330-s17 4 (23, 12, 53, 12) 92.9087685584624
Q round330-s17 12 (18, 62, 49, 64) 51.7948257169677
Q round330-s17 9 (66, 43, 23, 66) 386.458365999497
Q round330-s17 7 (21, 59, 19, 53) 108.53918550177525
Q round330-s17 11 (66, 3, 6, 57) 58.07921407945725
Q round330-s17 3 (34, 59, 12, 3) 104.44026636442251
Q round330-s17 10 (18, 58, 68, 17) 266.934016562896
Q round330-s17 5 (55, 11, 64, 29) 41.621485639522255
Q round330-s17 2 (7, 44, 51, 40) 54.282687335833195
Q round330-s17 8 (46, 39, 5, 52) 126.69365825132883
Q round330-s17 14 (68, 35, 48, 36) 85.23230274144072
Q round330-s17 15 (68, 19, 68, 4) 70.91762159038808
Q round330-s17 6 (1, 62, 10, 55) 118.28223130374384
Q round330-s17 1 (60, 13, 30, 0) 49.43796140757979
Q round330-s17 13 (40, 71, 31, 39) 117.06904435732096
Q round330-s17 0 (62, 5, 28, 0) 21.968969046516968
ROUND 330 n 5376 bestJ 19.07316030276427 best (0, 69, 28, 57) eligible 453
Q round331-s17 11 (69, 20, 61, 26) 108.62040554203843
Q round331-s17 1 (66, 39, 30, 68) 65.71652874741615
Q round331-s17 4 (8, 32, 13, 50) 211.98430126730452
Q round331-s17 8 (37, 4, 6, 22) 65.65096173775517
Q round331-s17 3 (61, 0, 68, 40) 43.790952918192936
Q round331-s17 15 (13, 56, 70, 61) 52.53212901920357
Q round331-s17 2 (16, 29, 46, 18) 112.12957446414278
Q round331-s17 14 (53, 58, 70, 62) 48.5182445741996
Q round331-s17 0 (39, 45, 44, 16) 21.29647270569764
Q round331-s17 6 (19, 30, 30, 1) 59.71686662682633
Q round331-s17 7 (1, 71, 68, 44) 80.9924509889711
Q round331-s17 9 (60, 13, 31, 9) 44.67230557135352
Q round331-s17 5 (64, 71, 11, 32) 79.88918315790113
Q round331-s17 10 (9, 39, 36, 37) 127.59272324034555
Q round331-s17 13 (22, 21, 23, 22) 88.71631759179655
Q round331-s17 12 (41, 17, 23, 70) 88.03853310849232
ROUND 331 n 5392 bestJ 19.07316030276427 best (0, 69, 28, 57) eligible 469
Q round332-s17 6 (61, 35, 0, 26) 631.6112426450703
Q round332-s17 12 (45, 33, 47, 26) 42.6233195685084
Q round332-s17 9 (62, 47, 50, 49) 143.64200452206148
Q round332-s17 7 (2, 0, 30, 32) 49.877312843868395
Q round332-s17 8 (42, 37, 70, 64) 49.64863315573867
Q round332-s17 5 (64, 46, 56, 25) 100.28514445529481
Q round332-s17 14 (62, 51, 8, 57) 54.07579588903266
Q round332-s17 13 (14, 67, 30, 57) 60.737103625845776
Q round332-s17 15 (5, 29, 38, 65) 48.48684776404728
Q round332-s17 2 (37, 37, 9, 29) 77.10706763176272
Q round332-s17 0 (16, 45, 68, 32) 22.78825740065231
Q round332-s17 10 (39, 18, 17, 64) 49.651257708719626
Q round332-s17 3 (29, 45, 49, 69) 374.72329354959237
Q round332-s17 1 (6, 37, 23, 12) 92.34502491856816
Q round332-s17 4 (7, 22, 26, 30) 164.37211603476916
Q round332-s17 11 (41, 62, 31, 31) 97.80025862654894
ROUND 332 n 5408 bestJ 19.07316030276427 best (0, 69, 28, 57) eligible 391
Q round333-s17 3 (70, 4, 69, 44) 298.0729864462117
Q round333-s17 6 (5, 70, 8, 1) 61.08592278798052
Q round333-s17 1 (13, 38, 63, 44) 46.20062888071462
Q round333-s17 14 (45, 28, 17, 71) 52.27333859606843
Q round333-s17 15 (32, 43, 23, 55) 69.93958467289093
Q round333-s17 10 (38, 20, 42, 47) 78.76930539294798
Q round333-s17 9 (18, 23, 70, 21) 32.46552762222776
Q round333-s17 13 (13, 26, 47, 57) 53.17623915272515
Q round333-s17 0 (63, 21, 44, 48) 22.732673184431988
Q round333-s17 2 (43, 67, 15, 55) 49.457899050997085
Q round333-s17 8 (43, 20, 58, 32) 83.06771240392723
Q round333-s17 7 (60, 43, 43, 51) 112.27643772539973
Q round333-s17 11 (46, 50, 53, 23) 77.9197496359151
Q round333-s17 5 (28, 53, 32, 42) 122.567389432605
Q round333-s17 12 (46, 41, 9, 50) 239.3633766272121
Q round333-s17 4 (1, 49, 49, 0) 83.8667606029554
ROUND 333 n 5424 bestJ 19.07316030276427 best (0, 69, 28, 57) eligible 429
Q round334-s17 1 (56, 15, 71, 12) 96.12012717365214
Q round334-s17 8 (21, 14, 49, 29) 50.666455207075
Q round334-s17 2 (61, 14, 23, 25) 81.3540403019235
Q round334-s17 7 (55, 67, 16, 44) 64.89544684168033
Q round334-s17 5 (69, 55, 52, 26) 210.69539021368072
Q round334-s17 3 (16, 28, 7, 17) 72.51302240359797
Q round334-s17 14 (33, 44, 7, 54) 70.93707755439243
Q round334-s17 6 (46, 4, 31, 2) 68.10477965098833
Q round334-s17 10 (45, 42, 54, 71) 50.321276876947074
Q round334-s17 15 (5, 26, 16, 39) 68.4394432513647
Q round334-s17 4 (51, 27, 67, 24) 303.57983087027816
Q round334-s17 11 (36, 26, 36, 23) 47.2673453188512
Q round334-s17 13 (3, 37, 71, 55) 46.7186975290604
Q round334-s17 0 (62, 5, 12, 0) 23.029202795546873
Q round334-s17 9 (65, 8, 48, 69) 296.7712827116994
Q round334-s17 12 (7, 22, 17, 40) 120.93059330210409
ROUND 334 n 5440 bestJ 19.07316030276427 best (0, 69, 28, 57) eligible 476
Q round335-s17 8 (27, 70, 42, 27) 183.77743161596868
Q round335-s17 5 (21, 9, 58, 40) 73.04743298041848
Q round335-s17 7 (64, 19, 22, 57) 58.86774309857048
Q round335-s17 4 (39, 3, 24, 1) 51.75873862104232
Q round335-s17 3 (2, 51, 28, 68) 89.75555254791827
Q round335-s17 2 (38, 31, 61, 17) 129.2721239116272
Q round335-s17 0 (39, 45, 28, 16) 23.75247047728757
Q round335-s17 6 (56, 62, 40, 64) 90.10984334403402
Q round335-s17 12 (29, 45, 48, 31) 37.33477282331128
Q round335-s17 11 (3, 19, 33, 64) 63.71490612030338
Q round335-s17 1 (59, 53, 28, 42) 123.39713905002323
Q round335-s17 15 (36, 63, 22, 8) 75.85417931156981
Q round335-s17 14 (35, 29, 56, 48) 51.670684971474145
Q round335-s17 13 (63, 39, 68, 22) 74.32157196501194
Q round335-s17 9 (44, 5, 49, 7) 43.422050335119394
Q round335-s17 10 (17, 69, 56, 50) 82.49016483306102
ROUND 335 n 5456 bestJ 19.07316030276427 best (0, 69, 28, 57) eligible 452
Q round336-s17 15 (50, 23, 43, 3) 110.46180846184478
Q round336-s17 14 (7, 29, 15, 43) 52.44137367301164
Q round336-s17 9 (42, 25, 33, 30) 50.32408246236066
Q round336-s17 7 (18, 4, 10, 9) 131.7728552679097
Q round336-s17 8 (40, 0, 59, 42) 142.26053944587304
Q round336-s17 13 (42, 34, 13, 6) 185.6852956722215
Q round336-s17 12 (54, 43, 8, 58) 60.26597318855666
Q round336-s17 2 (25, 68, 64, 32) 51.17976105843965
Q round336-s17 0 (63, 5, 68, 24) 21.737058949145084
Q round336-s17 3 (68, 54, 19, 15) 39.301167771174796
Q round336-s17 1 (62, 34, 57, 60) 33.31980540533605
Q round336-s17 4 (4, 33, 56, 24) 49.27820757810591
Q round336-s17 5 (52, 40, 62, 63) 65.0823894476788
Q round336-s17 6 (14, 10, 4, 44) 242.07711710757496
Q round336-s17 10 (65, 34, 22, 6) 75.42611652065398
Q round336-s17 11 (6, 48, 23, 64) 135.08514400821937
ROUND 336 n 5472 bestJ 19.07316030276427 best (0, 69, 28, 57) eligible 485
Q round337-s17 2 (5, 37, 42, 3) 134.38154528956034
Q round337-s17 3 (10, 10, 27, 47) 1056.4251282086927
Q round337-s17 10 (69, 51, 66, 47) 162.67711720567138
Q round337-s17 11 (52, 30, 39, 67) 48.21449662295178
Q round337-s17 7 (48, 68, 27, 33) 95.43310646876355
Q round337-s17 1 (37, 16, 20, 66) 349.67947650155276
Q round337-s17 9 (18, 18, 30, 28) 170.6549195268743
Q round337-s17 12 (15, 3, 62, 42) 85.69372064231024
Q round337-s17 14 (41, 44, 6, 62) 60.52952846134506
Q round337-s17 13 (20, 59, 7, 7) 55.04604717794341
Q round337-s17 4 (51, 36, 12, 64) 102.6124318801212
Q round337-s17 8 (17, 61, 42, 46) 72.05696828195741
Q round337-s17 5 (51, 45, 70, 63) 49.79894476247664
Q round337-s17 6 (41, 46, 15, 35) 94.60559423702333
Q round337-s17 15 (3, 34, 5, 29) 125.39634001718548
Q round337-s17 0 (38, 13, 44, 16) 23.721566873356583
ROUND 337 n 5488 bestJ 19.07316030276427 best (0, 69, 28, 57) eligible 411
Q round338-s17 14 (45, 34, 35, 16) 2348.3146052203915
Q round338-s17 10 (18, 7, 10, 33) 228.22989748195218
Q round338-s17 3 (64, 22, 37, 36) 114.12748423033139
Q round338-s17 12 (37, 12, 14, 59) 216.80822173496634
Q round338-s17 11 (18, 58, 38, 57) 139.43260593024314
Q round338-s17 1 (48, 20, 38, 48) 68.73936775210402
Q round338-s17 9 (0, 34, 67, 18) 354.8086852639718
Q round338-s17 0 (39, 21, 28, 64) 22.245670045507435
Q round338-s17 8 (28, 67, 63, 64) 50.17137222716575
Q round338-s17 15 (52, 15, 10, 58) 97.90949828968446
Q round338-s17 13 (7, 39, 51, 47) 74.84409213573954
Q round338-s17 4 (71, 47, 68, 8) 122.58004250642162
Q round338-s17 2 (44, 39, 30, 47) 67.88843856806805
Q round338-s17 5 (31, 38, 38, 53) 159.15786184435223
Q round338-s17 6 (4, 29, 24, 1) 45.186919804665756
Q round338-s17 7 (23, 46, 11, 52) 99.95944500668804
ROUND 338 n 5504 bestJ 19.07316030276427 best (0, 69, 28, 57) eligible 408
Q round339-s17 3 (22, 28, 42, 51) 438.18807054445415
Q round339-s17 13 (38, 36, 18, 31) 39.2656313682173
Q round339-s17 15 (42, 70, 46, 29) 38.04762362454297
Q round339-s17 8 (18, 59, 7, 30) 54.011084482686954
Q round339-s17 11 (68, 44, 58, 4) 97.53717437622412
Q round339-s17 6 (71, 19, 56, 44) 121.93743183664347
Q round339-s17 0 (0, 21, 20, 63) 21.741155314993758
Q round339-s17 12 (27, 19, 70, 6) 51.03187612749817
Q round339-s17 4 (19, 12, 23, 51) 214.15830984951373
Q round339-s17 5 (44, 19, 7, 25) 50.50148006340239
Q round339-s17 7 (3, 12, 12, 5) 78.37920003584202
Q round339-s17 1 (4, 31, 44, 19) 264.14126094470777
Q round339-s17 14 (43, 21, 29, 64) 126.60873851987809
Q round339-s17 9 (14, 47, 31, 38) 125.04204492644386
Q round339-s17 2 (20, 24, 19, 65) 60.65686865353405
Q round339-s17 10 (25, 16, 57, 53) 140.4768850031517
ROUND 339 n 5520 bestJ 19.07316030276427 best (0, 69, 28, 57) eligible 396
Q round340-s17 10 (32, 65, 3, 51) 1561.7851957245643
Q round340-s17 12 (8, 61, 69, 6) 83.06219169202141
Q round340-s17 6 (61, 38, 14, 1) 74.86326697006734
Q round340-s17 1 (45, 22, 15, 6) 83.42002281675781
Q round340-s17 2 (66, 43, 13, 21) 125.80887367358781
Q round340-s17 13 (48, 18, 13, 53) 116.97940296109678
Q round340-s17 5 (10, 45, 45, 22) 369.97437603573565
Q round340-s17 4 (62, 3, 69, 1) 87.9235631042479
Q round340-s17 0 (16, 45, 28, 56) 21.543190344682408
Q round340-s17 9 (27, 1, 16, 51) 164.50435323370775
Q round340-s17 14 (67, 17, 67, 19) 86.9944823912522
Q round340-s17 3 (14, 18, 2, 50) 92.1074828768855
Q round340-s17 15 (52, 54, 19, 41) 38.504999338462795
Q round340-s17 7 (35, 66, 33, 26) 86.98683176568319
Q round340-s17 11 (46, 70, 36, 9) 85.97411261950494
Q round340-s17 8 (49, 16, 32, 50) 335.68496265940314
ROUND 340 n 5536 bestJ 19.07316030276427 best (0, 69, 28, 57) eligible 440
Q round341-s17 12 (61, 38, 56, 19) 82.83318420589575
Q round341-s17 8 (26, 35, 2, 38) 102.13753534376382
Q round341-s17 10 (45, 41, 30, 15) 76.02357080187436
Q round341-s17 15 (71, 0, 36, 34) 167.26034645798788
Q round341-s17 6 (32, 14, 12, 12) 47.4197561526942
Q round341-s17 13 (2, 56, 12, 51) 104.13985805792215
Q round341-s17 11 (38, 36, 31, 30) 77.79671996030866
Q round341-s17 14 (14, 11, 31, 9) 56.79326270538494
Q round341-s17 9 (42, 13, 7, 10) 172.77258725426475
Q round341-s17 0 (0, 21, 44, 63) 19.80817166456783
Q round341-s17 4 (39, 41, 68, 38) 69.77276084753565
Q round341-s17 1 (40, 16, 15, 62) 101.86834057213778
Q round341-s17 5 (46, 53, 50, 11) 61.80283196519233
Q round341-s17 3 (67, 43, 40, 50) 103.44496103274645
Q round341-s17 2 (49, 26, 14, 24) 72.09539672574805
Q round341-s17 7 (38, 41, 56, 46) 87.10229234182736
ROUND 341 n 5552 bestJ 19.07316030276427 best (0, 69, 28, 57) eligible 451
Q round342-s17 12 (63, 71, 24, 44) 117.33739720836608
Q round342-s17 10 (50, 70, 32, 20) 184.7785888557294
Q round342-s17 6 (34, 13, 29, 4) 111.75420132746859
Q round342-s17 14 (45, 56, 50, 7) 112.3446938989714
Q round342-s17 13 (8, 35, 23, 56) 69.92245851562103
Q round342-s17 8 (43, 51, 45, 30) 507.49171912552487
Q round342-s17 11 (69, 37, 46, 9) 46.83150823714415
Q round342-s17 0 (63, 5, 44, 64) 22.5390505288937
Q round342-s17 5 (11, 21, 66, 64) 89.93223953788863
Q round342-s17 1 (38, 14, 14, 4) 93.91684891106532
Q round342-s17 4 (46, 30, 20, 3) 77.6531763627719
Q round342-s17 9 (35, 31, 10, 61) 63.21901031646272
Q round342-s17 3 (11, 37, 61, 5) 86.99799710078916
Q round342-s17 15 (33, 47, 22, 30) 82.52860074036451
Q round342-s17 2 (65, 23, 67, 53) 152.5033630962078
Q round342-s17 7 (65, 15, 38, 41) 95.08799041514222
ROUND 342 n 5568 bestJ 19.07316030276427 best (0, 69, 28, 57) eligible 419
Q round343-s17 4 (16, 18, 10, 15) 49.774288082082684
Q round343-s17 11 (56, 45, 18, 17) 95.29927176261829
Q round343-s17 1 (21, 43, 41, 23) 55.44667769168231
Q round343-s17 13 (61, 22, 20, 29) 51.937479679381326
Q round343-s17 10 (48, 36, 17, 56) 70.87333999821472
Q round343-s17 9 (7, 36, 32, 55) 87.53440663367014
Q round343-s17 6 (51, 66, 18, 44) 160.07677694967782
Q round343-s17 3 (45, 37, 63, 24) 41.12482779807551
Q round343-s17 14 (30, 19, 54, 8) 66.9258366483413
Q round343-s17 15 (45, 37, 32, 33) 64.735307581313
Q round343-s17 8 (48, 30, 12, 0) 78.2820178620269
Q round343-s17 12 (6, 34, 7, 35) 63.4642796575461
Q round343-s17 2 (12, 23, 40, 54) 74.84368322046059
Q round343-s17 7 (14, 14, 32, 53) 187.24306547814865
Q round343-s17 5 (38, 10, 59, 63) 46.896816723805635
Q round343-s17 0 (62, 13, 20, 16) 23.433403404216474
ROUND 343 n 5584 bestJ 19.07316030276427 best (0, 69, 28, 57) eligible 485
Q round344-s17 10 (13, 23, 20, 27) 2058.9809465185904
Q round344-s17 7 (2, 11, 20, 48) 517.7718083751013
Q round344-s17 13 (61, 17, 69, 23) 63.78930462246889
Q round344-s17 5 (40, 14, 61, 10) 222.2843890232408
Q round344-s17 2 (55, 20, 57, 27) 112.35074473115105
Q round344-s17 12 (40, 3, 44, 68) 154.85220321757416
Q round344-s17 15 (53, 10, 56, 52) 193.3581061632095
Q round344-s17 1 (6, 28, 37, 42) 60.58182372240655
Q round344-s17 0 (16, 69, 68, 57) 20.724028883220182
Q round344-s17 6 (3, 43, 55, 30) 50.21212096897651
Q round344-s17 9 (60, 20, 13, 71) 89.0257257400703
Q round344-s17 14 (12, 19, 11, 66) 122.46483411135094
Q round344-s17 11 (55, 6, 54, 4) 118.00035856055626
Q round344-s17 8 (54, 45, 24, 2) 114.58246395403206
Q round344-s17 3 (8, 47, 27, 65) 120.89148851109562
Q round344-s17 4 (30, 13, 39, 70) 83.03198615951601
ROUND 344 n 5600 bestJ 19.07316030276427 best (0, 69, 28, 57) eligible 445
Q round345-s17 12 (56, 29, 28, 44) 3736.7909818060257
Q round345-s17 2 (64, 54, 21, 49) 114.79182254297186
Q round345-s17 6 (48, 8, 51, 42) 135.63405147197793
Q round345-s17 5 (50, 59, 16, 56) 65.14243625905652
Q round345-s17 7 (24, 21, 33, 18) 140.3920393046269
Q round345-s17 0 (16, 45, 20, 63) 19.91827281430492
Q round345-s17 10 (57, 23, 15, 36) 97.75210035242294
Q round345-s17 14 (40, 58, 40, 7) 73.7722735483236
Q round345-s17 13 (36, 40, 11, 2) 426.43342719891746
Q round345-s17 9 (68, 4, 60, 22) 48.63794661684798
Q round345-s17 15 (6, 14, 31, 3) 111.38411187833812
Q round345-s17 4 (10, 69, 22, 46) 41.99395769515481
Q round345-s17 11 (9, 63, 11, 2) 71.11635866323181
Q round345-s17 3 (41, 21, 34, 18) 187.4976482510207
Q round345-s17 1 (46, 30, 71, 34) 244.75260746436223
Q round345-s17 8 (9, 1, 7, 21) 137.78539934445018
ROUND 345 n 5616 bestJ 19.07316030276427 best (0, 69, 28, 57) eligible 427
Q round346-s17 11 (26, 36, 2, 44) 117.43939903341867
Q round346-s17 7 (50, 38, 69, 33) 267.4930900453759
Q round346-s17 6 (45, 39, 32, 36) 49.077648775943
Q round346-s17 1 (50, 20, 22, 30) 51.959915718344625
Q round346-s17 14 (29, 29, 25, 51) 150.83814382408465
Q round346-s17 9 (34, 23, 0, 58) 66.13601021736145
Q round346-s17 8 (62, 44, 1, 48) 65.47547842100009
Q round346-s17 4 (63, 25, 33, 49) 76.01425791355756
Q round346-s17 0 (37, 29, 47, 37) 23.6330439731343
Q round346-s17 12 (60, 27, 33, 3) 112.65100555092613
Q round346-s17 15 (67, 54, 55, 33) 65.27030070911653
Q round346-s17 10 (51, 13, 52, 56) 237.0392157240347
Q round346-s17 3 (52, 13, 6, 64) 43.083635105754624
Q round346-s17 2 (62, 9, 39, 40) 91.00691480522761
Q round346-s17 5 (62, 21, 41, 65) 52.31758451077954
Q round346-s17 13 (43, 48, 20, 35) 131.56085735278523
ROUND 346 n 5632 bestJ 19.07316030276427 best (0, 69, 28, 57) eligible 459
Q round347-s17 7 (29, 38, 64, 68) 42.87237665562067
Q round347-s17 3 (13, 66, 5, 51) 138.22102208686303
Q round347-s17 10 (45, 46, 50, 21) 217.7526325222124
Q round347-s17 12 (34, 3, 34, 7) 233.3046584860084
Q round347-s17 11 (40, 49, 65, 26) 171.04869152380311
Q round347-s17 14 (10, 39, 41, 62) 54.23321123197289
Q round347-s17 5 (32, 56, 3, 46) 35.176334772744845
Q round347-s17 8 (55, 37, 65, 61) 139.96875136512244
Q round347-s17 0 (16, 69, 28, 56) 21.60132778549714
Q round347-s17 4 (25, 44, 3, 64) 80.2912453704493
Q round347-s17 9 (9, 4, 64, 66) 34.609562700828384
Q round347-s17 1 (52, 36, 43, 71) 71.9534400757103
Q round347-s17 13 (4, 30, 32, 22) 65.27852645683514
Q round347-s17 15 (4, 6, 14, 50) 69.82834550156147
Q round347-s17 6 (65, 26, 41, 18) 72.13710877803605
Q round347-s17 2 (25, 61, 38, 63) 82.53500916772495
ROUND 347 n 5648 bestJ 19.07316030276427 best (0, 69, 28, 57) eligible 402
Q round348-s17 10 (13, 5, 62, 27) 180.68113790845686
Q round348-s17 9 (34, 4, 59, 15) 118.9250633840549
Q round348-s17 2 (5, 23, 57, 6) 71.0562811112833
Q round348-s17 6 (48, 28, 58, 54) 41.67328395187743
Q round348-s17 14 (15, 3, 67, 48) 83.64634062312537
Q round348-s17 5 (17, 3, 2, 64) 307.3073743773281
Q round348-s17 7 (24, 6, 30, 42) 486.30621451400015
Q round348-s17 0 (0, 53, 28, 57) 19.956985834440115
Q round348-s17 15 (9, 36, 41, 37) 52.33248216188127
Q round348-s17 3 (63, 34, 43, 8) 54.46054962042787
Q round348-s17 11 (46, 50, 61, 64) 70.5256124131787
Q round348-s17 8 (11, 4, 51, 59) 97.00414902621603
Q round348-s17 13 (71, 39, 36, 45) 231.0146000016763
Q round348-s17 12 (14, 70, 52, 58) 337.94796921831414
Q round348-s17 1 (70, 24, 71, 49) 118.06521547904934
Q round348-s17 4 (49, 58, 51, 54) 43.80930131829731
ROUND 348 n 5664 bestJ 19.07316030276427 best (0, 69, 28, 57) eligible 421
Q round349-s17 9 (55, 17, 42, 36) 124.59606608607334
Q round349-s17 15 (55, 53, 24, 67) 49.08882963803041
Q round349-s17 13 (10, 11, 38, 69) 386.8408235682886
Q round349-s17 5 (32, 57, 2, 7) 85.14952673650318
Q round349-s17 10 (29, 20, 66, 69) 125.99429820859535
Q round349-s17 11 (37, 1, 70, 49) 73.15976701911919
Q round349-s17 3 (21, 20, 59, 44) 93.53856516616104
Q round349-s17 1 (55, 53, 5, 37) 94.57700690549352
Q round349-s17 7 (30, 68, 65, 44) 46.74211216284249
Q round349-s17 4 (48, 68, 38, 34) 49.76598876608495
Q round349-s17 6 (32, 24, 60, 10) 238.13466710769862
Q round349-s17 14 (4, 11, 57, 49) 54.496024478709685
Q round349-s17 2 (63, 62, 4, 36) 55.627457793740554
Q round349-s17 0 (62, 45, 12, 16) 22.02390228660601
Q round349-s17 12 (70, 57, 14, 13) 223.24435412247388
Q round349-s17 8 (31, 46, 27, 32) 99.4177371738844
ROUND 349 n 5680 bestJ 19.07316030276427 best (0, 69, 28, 57) eligible 392
Q round350-s17 12 (41, 44, 29, 4) 1072.5819144982677
Q round350-s17 9 (53, 62, 43, 66) 116.80144422450513
Q round350-s17 8 (48, 17, 45, 61) 152.0639250883803
Q round350-s17 6 (45, 51, 12, 25) 180.87187636938614
Q round350-s17 10 (13, 67, 55, 71) 59.168678305497835
Q round350-s17 15 (50, 30, 44, 23) 46.42075987231493
Q round350-s17 4 (9, 4, 32, 68) 85.26898696831756
Q round350-s17 7 (3, 46, 68, 12) 529.5306502673701
Q round350-s17 0 (0, 5, 12, 63) 22.03952381953681
Q round350-s17 3 (65, 36, 35, 32) 45.5719845382125
Q round350-s17 11 (51, 59, 28, 71) 75.91145379946325
Q round350-s17 13 (28, 55, 14, 12) 47.6578754845738
Q round350-s17 2 (27, 30, 35, 69) 431.1713610466408
Q round350-s17 5 (52, 8, 59, 36) 378.9116314738286
Q round350-s17 14 (65, 15, 17, 53) 141.2248211528832
Q round350-s17 1 (7, 14, 31, 39) 125.73706836732735
ROUND 350 n 5696 bestJ 19.07316030276427 best (0, 69, 28, 57) eligible 390
Q round351-s17 13 (47, 5, 10, 54) 70.94155115870657
Q round351-s17 15 (5, 62, 26, 23) 51.439336008567864
Q round351-s17 2 (7, 11, 32, 35) 119.71253533171304
Q round351-s17 5 (0, 68, 62, 4) 51.00244282766443
Q round351-s17 12 (5, 0, 70, 18) 51.42469262601923
Q round351-s17 6 (53, 66, 33, 39) 75.44188554491777
Q round351-s17 0 (0, 29, 12, 56) 20.701379513284312
Q round351-s17 10 (25, 58, 13, 38) 40.210688411116394
Q round351-s17 1 (61, 29, 16, 56) 32.93332217807054
Q round351-s17 3 (19, 35, 31, 24) 49.183747999178614
Q round351-s17 9 (28, 12, 55, 55) 55.04442233666969
Q round351-s17 11 (3, 17, 59, 64) 56.69838002187038
Q round351-s17 8 (54, 21, 25, 0) 72.50663940374692
Q round351-s17 7 (41, 15, 1, 37) 150.5788570188269
Q round351-s17 4 (1, 41, 62, 30) 84.02992980561035
Q round351-s17 14 (41, 32, 0, 63) 88.02383055671231
ROUND 351 n 5712 bestJ 19.07316030276427 best (0, 69, 28, 57) eligible 378
Q round352-s17 3 (5, 69, 13, 4) 106.9368905059148
Q round352-s17 4 (26, 25, 59, 59) 102.69132249156107
Q round352-s17 11 (40, 17, 50, 50) 353.0050784278524
Q round352-s17 5 (18, 42, 64, 1) 152.49153643988612
Q round352-s17 6 (40, 68, 48, 59) 64.43437104160083
Q round352-s17 1 (12, 11, 50, 52) 113.51401164259799
Q round352-s17 8 (38, 67, 40, 5) 56.27039013768294
Q round352-s17 2 (39, 20, 4, 52) 326.0601796885886
Q round352-s17 9 (44, 64, 61, 6) 55.13391863670281
Q round352-s17 0 (16, 21, 44, 48) 22.956767323947872
Q round352-s17 14 (17, 64, 9, 68) 75.07715102868261
Q round352-s17 13 (67, 4, 24, 38) 52.78085347969357
Q round352-s17 12 (22, 55, 29, 50) 457.1544871691986
Q round352-s17 15 (52, 5, 31, 9) 45.26739981710232
Q round352-s17 7 (57, 62, 41, 49) 72.09393832464109
Q round352-s17 10 (1, 70, 38, 9) 93.83667092841996
ROUND 352 n 5728 bestJ 19.07316030276427 best (0, 69, 28, 57) eligible 464
Q round353-s17 1 (24, 29, 64, 28) 43.411974024104204
Q round353-s17 2 (26, 36, 36, 33) 137.2356682172928
Q round353-s17 6 (38, 69, 42, 20) 233.96884555400075
Q round353-s17 5 (29, 51, 67, 66) 141.80011568989292
Q round353-s17 10 (59, 17, 26, 68) 280.979787395621
Q round353-s17 7 (53, 15, 51, 22) 39.46147660367246
Q round353-s17 15 (32, 9, 65, 45) 92.80089531040329
Q round353-s17 11 (65, 15, 48, 60) 99.31620184255436
Q round353-s17 8 (63, 57, 12, 58) 100.77998368632754
Q round353-s17 3 (31, 66, 55, 53) 125.03325958076606
Q round353-s17 0 (0, 69, 12, 57) 21.370370701802305
Q round353-s17 12 (17, 15, 55, 4) 108.02691926015684
Q round353-s17 9 (70, 13, 31, 68) 67.23446557143083
Q round353-s17 14 (59, 27, 42, 7) 114.2024856087583
Q round353-s17 13 (36, 4, 16, 6) 46.97296934096272
Q round353-s17 4 (71, 31, 27, 55) 92.40587038424734
ROUND 353 n 5744 bestJ 19.07316030276427 best (0, 69, 28, 57) eligible 425
Q round354-s17 13 (29, 54, 24, 67) 52.681531252100854
Q round354-s17 4 (61, 32, 36, 51) 320.3713231104907
Q round354-s17 2 (2, 47, 2, 53) 153.9067724866336
Q round354-s17 7 (49, 28, 32, 3) 214.82495808557513
Q round354-s17 9 (7, 7, 66, 64) 217.32613708684508
Q round354-s17 6 (53, 5, 11, 28) 100.76086450514943
Q round354-s17 8 (16, 28, 13, 25) 43.51934282106479
Q round354-s17 14 (21, 29, 67, 62) 715.5799004252519
Q round354-s17 12 (67, 53, 7, 51) 175.7682468430637
Q round354-s17 0 (0, 45, 12, 63) 25.10946383072325
Q round354-s17 3 (27, 33, 47, 19) 143.0780721724037
Q round354-s17 10 (46, 0, 38, 3) 100.79496629619646
Q round354-s17 11 (14, 61, 59, 68) 55.423178814704755
Q round354-s17 15 (11, 58, 52, 13) 100.42760429918803
Q round354-s17 1 (27, 18, 31, 46) 51.18036679158165
Q round354-s17 5 (1, 49, 41, 42) 169.11644300403572
ROUND 354 n 5760 bestJ 19.07316030276427 best (0, 69, 28, 57) eligible 433
Q round355-s17 5 (32, 8, 13, 28) 94.01772323993589
Q round355-s17 9 (15, 39, 26, 28) 141.78755761056254
Q round355-s17 4 (24, 41, 52, 44) 53.94494253997534
Q round355-s17 14 (5, 58, 7, 16) 46.76282245680139
Q round355-s17 11 (52, 11, 3, 16) 764.6500225326021
Q round355-s17 10 (44, 22, 56, 44) 41.21262484392144
Q round355-s17 1 (26, 13, 25, 42) 101.27465485250093
Q round355-s17 0 (48, 5, 12, 64) 21.35288578509002
Q round355-s17 3 (56, 62, 46, 24) 86.34919540759707
Q round355-s17 2 (67, 35, 24, 65) 55.84507233178538
Q round355-s17 7 (71, 29, 43, 62) 25.706245141308454
Q round355-s17 15 (30, 52, 30, 21) 51.883595299806565
Q round355-s17 8 (60, 21, 7, 22) 53.470647436353765
Q round355-s17 12 (70, 70, 36, 61) 150.7495048887877
Q round355-s17 13 (22, 18, 15, 0) 98.08738030782037
Q round355-s17 6 (40, 7, 33, 70) 102.46803035927967
ROUND 355 n 5776 bestJ 19.07316030276427 best (0, 69, 28, 57) eligible 449
Q round356-s17 11 (42, 33, 63, 42) 8051.5134593373605
Q round356-s17 6 (46, 67, 10, 59) 136.92562375399297
Q round356-s17 8 (63, 29, 18, 71) 50.3636893836602
Q round356-s17 2 (58, 9, 16, 22) 65.73112450528495
Q round356-s17 5 (53, 54, 63, 1) 73.52369179215891
Q round356-s17 14 (52, 22, 39, 59) 43.98497905357963
Q round356-s17 10 (21, 3, 26, 43) 133.9344212399607
Q round356-s17 0 (39, 5, 12, 64) 23.370576354337565
Q round356-s17 7 (35, 4, 49, 7) 48.68325626866291
Q round356-s17 3 (60, 65, 63, 57) 64.27907644235412
Q round356-s17 15 (36, 49, 9, 46) 55.997423201450424
Q round356-s17 1 (68, 32, 71, 48) 63.34891062467544
Q round356-s17 9 (27, 9, 21, 23) 43.63127010474798
Q round356-s17 4 (6, 48, 22, 38) 127.73393090209515
Q round356-s17 12 (17, 40, 51, 6) 66.4453916151387
Q round356-s17 13 (65, 22, 11, 0) 67.06777554369508
ROUND 356 n 5792 bestJ 19.07316030276427 best (0, 69, 28, 57) eligible 422
Q round357-s17 11 (8, 8, 29, 59) 89.08533186690313
Q round357-s17 12 (61, 33, 68, 25) 43.173978331513865
Q round357-s17 13 (69, 68, 49, 40) 47.93630353011579
Q round357-s17 1 (8, 62, 35, 59) 59.433257752463184
Q round357-s17 5 (8, 68, 18, 31) 55.7827558865855
Q round357-s17 4 (37, 20, 68, 17) 93.64672467200975
Q round357-s17 8 (50, 24, 33, 38) 44.51816783728096
Q round357-s17 9 (15, 19, 44, 16) 61.63734984969305
Q round357-s17 14 (37, 47, 39, 69) 97.6845758418011
Q round357-s17 10 (39, 68, 28, 61) 146.6382605107159
Q round357-s17 2 (23, 24, 29, 37) 287.0993985762066
Q round357-s17 3 (60, 13, 29, 10) 119.1608360693844
Q round357-s17 6 (17, 61, 57, 2) 96.14621098939914
Q round357-s17 15 (38, 40, 51, 55) 52.67478386889888
Q round357-s17 0 (62, 53, 4, 0) 23.031582388169884
Q round357-s17 7 (41, 18, 4, 14) 33.04156177075946
ROUND 357 n 5808 bestJ 19.07316030276427 best (0, 69, 28, 57) eligible 402
Q round358-s17 5 (45, 50, 20, 15) 3460.0805725197224
Q round358-s17 6 (45, 45, 29, 31) 1228.9657560608118
Q round358-s17 1 (48, 32, 32, 60) 79.26437733520311
Q round358-s17 14 (56, 43, 20, 40) 96.61946348117267
Q round358-s17 9 (48, 44, 53, 55) 44.43904627664189
Q round358-s17 4 (37, 43, 7, 64) 54.728489396746326
Q round358-s17 8 (57, 27, 8, 5) 98.56407182219162
Q round358-s17 10 (0, 61, 62, 70) 72.24550676506557
Q round358-s17 0 (39, 45, 28, 63) 22.572072293350388
Q round358-s17 2 (17, 1, 29, 27) 62.6942482850078
Q round358-s17 15 (17, 17, 9, 28) 67.74130805282287
Q round358-s17 3 (11, 46, 0, 13) 53.99093791022611
Q round358-s17 11 (3, 46, 34, 71) 35.91200371225096
Q round358-s17 12 (25, 0, 24, 65) 100.22565174525919
Q round358-s17 13 (23, 38, 37, 61) 200.14160585388535
Q round358-s17 7 (30, 14, 36, 70) 89.56302042441675
ROUND 358 n 5824 bestJ 19.07316030276427 best (0, 69, 28, 57) eligible 446
Q round359-s17 14 (2, 59, 45, 6) 31829.526965283392
Q round359-s17 2 (18, 70, 5, 62) 84.44923667365542
Q round359-s17 3 (40, 17, 55, 59) 81.79789866807228
Q round359-s17 5 (21, 66, 51, 71) 675.1774626891006
Q round359-s17 6 (29, 16, 69, 47) 46.521241662505275
Q round359-s17 8 (23, 48, 60, 11) 98.53776067499324
Q round359-s17 11 (10, 39, 71, 68) 59.91754560029025
Q round359-s17 7 (61, 62, 12, 70) 46.878431905235814
Q round359-s17 12 (63, 58, 28, 68) 216.78682973426987
Q round359-s17 15 (10, 40, 41, 8) 55.4853328004964
Q round359-s17 13 (42, 61, 39, 13) 244.2258747191106
Q round359-s17 0 (0, 29, 28, 56) 22.459220758991744
Q round359-s17 4 (28, 48, 20, 68) 534.7705903667057
Q round359-s17 10 (6, 58, 64, 71) 94.88758621166765
Q round359-s17 9 (65, 15, 52, 5) 151.33323863163272
Q round359-s17 1 (23, 70, 25, 70) 98.59510218754096
ROUND 359 n 5840 bestJ 19.07316030276427 best (0, 69, 28, 57) eligible 373
Q round360-s17 1 (16, 63, 13, 1) 112.46328982898284
Q round360-s17 14 (19, 27, 13, 15) 1160.5935238176514
Q round360-s17 15 (47, 71, 53, 4) 161.2436140390752
Q round360-s17 9 (68, 50, 5, 36) 101.09972502857289
Q round360-s17 13 (58, 9, 39, 28) 74.39199651435935
Q round360-s17 12 (10, 8, 16, 31) 59.587327841572275
Q round360-s17 5 (42, 37, 47, 11) 199.68531323224835
Q round360-s17 3 (64, 53, 68, 28) 177.60076340667118
Q round360-s17 7 (22, 27, 2, 48) 137.12867561890224
Q round360-s17 11 (29, 64, 54, 5) 50.30213619081171
Q round360-s17 10 (8, 45, 0, 46) 71.38487541435829
Q round360-s17 6 (64, 70, 36, 48) 73.37799949885935
Q round360-s17 0 (64, 5, 28, 24) 22.7617776602743
Q round360-s17 4 (59, 36, 31, 23) 58.405390179912
Q round360-s17 8 (10, 45, 44, 65) 484.9103501081345
Q round360-s17 2 (30, 34, 36, 30) 58.349326020257394
ROUND 360 n 5856 bestJ 19.07316030276427 best (0, 69, 28, 57) eligible 441
Q round361-s17 14 (28, 59, 0, 44) 2124.7108094050936
Q round361-s17 13 (21, 65, 13, 20) 837.2023993243868
Q round361-s17 4 (48, 54, 26, 33) 141.7347118731015
Q round361-s17 5 (34, 64, 65, 60) 59.772954778686724
Q round361-s17 10 (54, 68, 66, 18) 367.682251886386
Q round361-s17 2 (47, 0, 45, 18) 616.9127357650085
Q round361-s17 7 (47, 68, 0, 54) 74.61260503760221
Q round361-s17 8 (24, 20, 52, 10) 204.89195223343907
Q round361-s17 1 (48, 19, 16, 5) 67.21279651817636
Q round361-s17 9 (7, 5, 19, 66) 188.35054645750225
Q round361-s17 15 (35, 14, 43, 4) 174.49480894986627
Q round361-s17 0 (0, 45, 20, 48) 22.852980002392982
Q round361-s17 3 (12, 68, 9, 46) 49.00544294517723
Q round361-s17 11 (63, 2, 36, 8) 22.468778008551816
Q round361-s17 12 (4, 47, 17, 57) 59.038725187062134
Q round361-s17 6 (6, 65, 43, 53) 129.35273482776103
ROUND 361 n 5872 bestJ 19.07316030276427 best (0, 69, 28, 57) eligible 364
Q round362-s17 4 (10, 55, 66, 10) 180.21337086895286
Q round362-s17 1 (56, 24, 24, 1) 95.43715554199133
Q round362-s17 15 (37, 67, 65, 61) 87.41971636671724
Q round362-s17 7 (51, 56, 38, 43) 615.8134978391544
Q round362-s17 11 (34, 48, 17, 53) 39.7914861307297
Q round362-s17 5 (20, 41, 39, 67) 78.3270189782901
Q round362-s17 3 (32, 68, 17, 9) 48.00630678816811
Q round362-s17 2 (26, 58, 68, 12) 103.54148381904574
Q round362-s17 0 (63, 45, 44, 63) 20.934984259186333
Q round362-s17 12 (40, 34, 33, 31) 65.9122046573428
Q round362-s17 6 (41, 13, 2, 25) 42.04952705674494
Q round362-s17 8 (19, 62, 22, 24) 65.91808376340637
Q round362-s17 10 (14, 69, 65, 68) 47.993211929750785
Q round362-s17 13 (11, 48, 59, 1) 48.586585450174006
Q round362-s17 9 (57, 61, 12, 6) 40.703259393238234
Q round362-s17 14 (65, 71, 63, 6) 100.32104282927955
ROUND 362 n 5888 bestJ 19.07316030276427 best (0, 69, 28, 57) eligible 350
Q round363-s17 9 (8, 2, 26, 17) 83.6646454464646
Q round363-s17 4 (0, 57, 40, 12) 80.05427341146677
Q round363-s17 11 (50, 53, 69, 59) 123.3331180877232
Q round363-s17 6 (16, 39, 4, 26) 116.49277422420096
Q round363-s17 1 (48, 39, 20, 67) 49.110622067822106
Q round363-s17 15 (18, 66, 4, 14) 433.80198576250723
Q round363-s17 5 (48, 43, 28, 51) 91.67472671376922
Q round363-s17 3 (65, 53, 29, 49) 44.37801364392807
Q round363-s17 12 (7, 29, 55, 2) 303.2498532799006
Q round363-s17 14 (6, 19, 27, 56) 162.28999886458243
Q round363-s17 0 (16, 21, 20, 64) 24.123817957643347
Q round363-s17 8 (70, 34, 2, 7) 77.24914390287513
Q round363-s17 2 (65, 4, 46, 31) 64.19902239933334
Q round363-s17 10 (16, 16, 36, 41) 78.82316234825102
Q round363-s17 7 (9, 14, 17, 50) 175.49290371327336
Q round363-s17 13 (49, 63, 71, 47) 99.47084750268232
ROUND 363 n 5904 bestJ 19.07316030276427 best (0, 69, 28, 57) eligible 357
Q round364-s17 12 (39, 34, 47, 27) 47.06030819085605
Q round364-s17 1 (8, 21, 13, 62) 46.512209911778925
Q round364-s17 8 (55, 31, 26, 57) 192.0271987175205
Q round364-s17 9 (26, 13, 19, 68) 114.58304629872119
Q round364-s17 14 (23, 34, 35, 50) 143.6457436544264
Q round364-s17 2 (3, 30, 26, 62) 56.859530750175146
Q round364-s17 5 (7, 44, 36, 0) 49.10090282630862
Q round364-s17 0 (16, 5, 52, 56) 23.13740962169512
Q round364-s17 6 (35, 60, 54, 57) 47.824684283680746
Q round364-s17 11 (9, 56, 14, 11) 62.63263671030727
Q round364-s17 7 (4, 52, 62, 56) 47.84010979526785
Q round364-s17 13 (1, 70, 34, 10) 231.82280634127545
Q round364-s17 3 (27, 54, 56, 33) 53.21274524601301
Q round364-s17 4 (36, 32, 68, 65) 37.041294280699354
Q round364-s17 10 (43, 7, 70, 52) 40.01399916030474
Q round364-s17 15 (63, 22, 17, 13) 165.73071286403777
ROUND 364 n 5920 bestJ 19.07316030276427 best (0, 69, 28, 57) eligible 339
Q round365-s17 2 (58, 62, 48, 27) 169.92896830257348
Q round365-s17 10 (37, 1, 41, 22) 77.28482104523741
Q round365-s17 3 (66, 30, 67, 30) 51.00351171562743
Q round365-s17 5 (18, 2, 69, 32) 104.80155042734778
Q round365-s17 13 (71, 31, 43, 44) 95.53930996874828
Q round365-s17 4 (42, 2, 58, 8) 119.11811199891494
Q round365-s17 1 (54, 39, 63, 12) 107.29996642557082
Q round365-s17 15 (57, 51, 22, 49) 58.56895916459073
Q round365-s17 6 (65, 62, 13, 60) 79.38757126790247
Q round365-s17 0 (63, 45, 20, 39) 19.38133224919029
Q round365-s17 9 (35, 43, 23, 44) 212.1090630184779
Q round365-s17 11 (27, 52, 49, 8) 50.18060076446809
Q round365-s17 12 (44, 41, 44, 55) 37.599788609644094
Q round365-s17 8 (1, 25, 56, 12) 76.8023832482104
Q round365-s17 7 (17, 55, 1, 6) 97.99648275164786
Q round365-s17 14 (33, 66, 14, 38) 45.21041105277228
ROUND 365 n 5936 bestJ 19.07316030276427 best (0, 69, 28, 57) eligible 381
Q round366-s17 3 (39, 37, 51, 67) 3331.7293404579545
Q round366-s17 7 (13, 41, 1, 6) 69.95563138516675
Q round366-s17 13 (34, 28, 70, 47) 59.1175964871133
Q round366-s17 1 (53, 64, 17, 51) 152.49276091276278
Q round366-s17 9 (66, 48, 66, 34) 133.3123970702299
Q round366-s17 12 (40, 49, 68, 43) 44.03282149760977
Q round366-s17 5 (57, 11, 68, 14) 57.471495592285244
Q round366-s17 8 (15, 24, 62, 47) 116.73913300467554
Q round366-s17 2 (0, 13, 38, 15) 69.80108207951253
Q round366-s17 15 (22, 63, 67, 4) 71.45653609392808
Q round366-s17 11 (63, 13, 1, 55) 65.79184523400812
Q round366-s17 0 (63, 21, 20, 63) 21.204063646734145
Q round366-s17 10 (28, 68, 3, 38) 263.4562829835241
Q round366-s17 4 (68, 44, 70, 55) 52.35276793425706
Q round366-s17 6 (71, 5, 16, 63) 73.7657508220967
Q round366-s17 14 (65, 62, 24, 42) 193.96514627747865
ROUND 366 n 5952 bestJ 19.07316030276427 best (0, 69, 28, 57) eligible 372
Q round367-s17 14 (58, 41, 44, 36) 17796.176817553776
Q round367-s17 8 (0, 68, 21, 52) 357.59037632726324
Q round367-s17 11 (15, 10, 47, 44) 52.91090244940021
Q round367-s17 7 (34, 52, 17, 22) 51.7870165848442
Q round367-s17 13 (2, 48, 12, 52) 179.9406674590629
Q round367-s17 6 (5, 20, 0, 16) 51.7676380061481
Q round367-s17 15 (31, 25, 45, 18) 258.49987704647936
Q round367-s17 4 (18, 58, 54, 35) 151.3873259487509
Q round367-s17 12 (7, 29, 14, 35) 54.8213400074293
Q round367-s17 5 (2, 39, 6, 18) 64.22139011062848
Q round367-s17 3 (39, 44, 25, 0) 62.139263772071494
Q round367-s17 0 (16, 21, 44, 64) 23.676043097317198
Q round367-s17 9 (70, 61, 10, 64) 107.92248737138038
Q round367-s17 1 (0, 22, 63, 70) 97.01874613327098
Q round367-s17 10 (67, 2, 19, 0) 142.68579131121177
Q round367-s17 2 (41, 33, 44, 55) 55.58646668337277
ROUND 367 n 5968 bestJ 19.07316030276427 best (0, 69, 28, 57) eligible 337
Q round368-s17 6 (15, 10, 0, 35) 41.55663626463893
Q round368-s17 12 (23, 66, 69, 8) 90.10084956167519
Q round368-s17 8 (26, 17, 53, 53) 260.32076014856364
Q round368-s17 3 (61, 1, 46, 30) 78.3007083603213
Q round368-s17 2 (0, 54, 61, 55) 136.1062041946632
Q round368-s17 1 (58, 7, 41, 24) 68.7711291790227
Q round368-s17 4 (21, 56, 68, 2) 134.29188103092147
Q round368-s17 7 (36, 2, 51, 27) 132.3812837077997
Q round368-s17 13 (55, 5, 70, 34) 121.91280433719123
Q round368-s17 9 (25, 67, 20, 18) 88.57408447125994
Q round368-s17 0 (0, 45, 52, 32) 19.648022703513277
Q round368-s17 15 (25, 52, 9, 0) 48.07981260390468
Q round368-s17 10 (69, 29, 60, 63) 70.81432936000505
Q round368-s17 11 (3, 31, 13, 66) 578.8306327846648
Q round368-s17 5 (41, 31, 21, 15) 151.1065442117281
Q round368-s17 14 (49, 57, 4, 47) 58.0769165758986
ROUND 368 n 5984 bestJ 19.07316030276427 best (0, 69, 28, 57) eligible 342
Q round369-s17 9 (42, 47, 59, 3) 106.07469370049346
Q round369-s17 7 (8, 24, 20, 4) 68.43683985636042
Q round369-s17 6 (16, 53, 66, 48) 50.78153447839731
Q round369-s17 10 (33, 71, 64, 60) 90.5896364168114
Q round369-s17 3 (39, 24, 8, 49) 97.48329923993762
Q round369-s17 4 (64, 12, 5, 53) 530.6001505564082
Q round369-s17 1 (52, 15, 53, 52) 66.15563101662173
Q round369-s17 12 (55, 44, 21, 1) 37.06559871135166
Q round369-s17 14 (67, 30, 2, 15) 47.93663580350038
Q round369-s17 11 (32, 21, 1, 58) 109.28191129118777
Q round369-s17 0 (0, 13, 20, 63) 25.829339442325953
Q round369-s17 15 (62, 26, 5, 40) 42.731637415919536
Q round369-s17 13 (60, 32, 62, 37) 52.6737130040041
Q round369-s17 2 (4, 65, 50, 21) 219.752076229093
Q round369-s17 5 (47, 14, 55, 29) 195.58843061829418
Q round369-s17 8 (1, 31, 12, 1) 93.73107939027109
ROUND 369 n 6000 bestJ 19.07316030276427 best (0, 69, 28, 57) eligible 374
Q round370-s17 5 (48, 20, 26, 44) 287.55343596035533
Q round370-s17 10 (10, 14, 19, 2) 117.28551826145471
Q round370-s17 3 (66, 34, 59, 19) 144.02814454986515
Q round370-s17 14 (2, 16, 14, 65) 50.33765630731797
Q round370-s17 11 (56, 21, 6, 34) 81.26186608636358
Q round370-s17 4 (1, 59, 39, 21) 45.5139741033956
Q round370-s17 0 (0, 13, 28, 56) 25.277779348352222
Q round370-s17 9 (25, 44, 33, 64) 47.20764587736573
Q round370-s17 1 (41, 27, 11, 31) 51.676503718063096
Q round370-s17 8 (27, 19, 45, 17) 207.40536348979606
Q round370-s17 7 (30, 53, 66, 9) 51.77841854743643
Q round370-s17 12 (23, 21, 70, 24) 77.41606538826478
Q round370-s17 15 (35, 39, 59, 6) 44.35987741285517
Q round370-s17 6 (52, 64, 23, 40) 73.62751791718736
Q round370-s17 2 (4, 37, 20, 14) 66.26544284060279
Q round370-s17 13 (57, 14, 67, 6) 52.661204496123965
ROUND 370 n 6016 bestJ 19.07316030276427 best (0, 69, 28, 57) eligible 351
Q round371-s17 15 (0, 48, 2, 61) 197.89764608777537
Q round371-s17 2 (63, 21, 32, 43) 117.57018157668875
Q round371-s17 14 (10, 18, 30, 27) 112.56180943149975
Q round371-s17 1 (66, 26, 37, 38) 156.0745554689025
Q round371-s17 6 (68, 21, 65, 29) 1045.255783923262
Q round371-s17 3 (4, 37, 9, 11) 264.68838380203016
Q round371-s17 7 (4, 7, 5, 57) 48.503116379792786
Q round371-s17 8 (9, 66, 31, 3) 103.72897676843036
Q round371-s17 0 (39, 5, 12, 16) 22.944336003601705
Q round371-s17 11 (51, 44, 8, 30) 53.36499176462484
Q round371-s17 5 (34, 69, 24, 55) 39.81664002949894
Q round371-s17 4 (0, 58, 51, 16) 64.48100775899876
Q round371-s17 13 (28, 44, 5, 45) 87.2604078278308
Q round371-s17 12 (68, 30, 24, 65) 62.587725951571045
Q round371-s17 9 (44, 48, 65, 33) 48.69915410770273
Q round371-s17 10 (49, 50, 12, 45) 925.3158042267055
ROUND 371 n 6032 bestJ 19.07316030276427 best (0, 69, 28, 57) eligible 318
Q round372-s17 7 (15, 45, 29, 19) 98.14835901111515
Q round372-s17 4 (48, 51, 65, 49) 51.58446007769269
Q round372-s17 15 (64, 49, 46, 39) 98.7524094859654
Q round372-s17 1 (71, 4, 67, 11) 140.00211818641154
Q round372-s17 3 (5, 7, 52, 21) 158.37552334157854
Q round372-s17 10 (2, 23, 36, 71) 42.89944164843028
Q round372-s17 13 (50, 31, 19, 10) 151.3839907528929
Q round372-s17 5 (11, 12, 64, 27) 161.60433655410233
Q round372-s17 0 (39, 21, 52, 39) 20.855924865409687
Q round372-s17 12 (59, 45, 51, 38) 305.23020511210706
Q round372-s17 11 (4, 62, 0, 32) 58.19448435489302
Q round372-s17 6 (14, 58, 28, 24) 52.17903730250892
Q round372-s17 8 (47, 23, 36, 24) 116.69750757315569
Q round372-s17 2 (3, 31, 1, 22) 61.4062971946777
Q round372-s17 9 (14, 22, 1, 62) 112.76480965481494
Q round372-s17 14 (70, 25, 48, 64) 104.86458926133669
ROUND 372 n 6048 bestJ 19.07316030276427 best (0, 69, 28, 57) eligible 387
Q round373-s17 13 (39, 55, 45, 39) 144.5037583103638
Q round373-s17 11 (70, 43, 18, 68) 119.86799867888755
Q round373-s17 12 (57, 64, 45, 38) 97.62949579755784
Q round373-s17 10 (21, 62, 32, 3) 270.49805864368426
Q round373-s17 3 (10, 39, 22, 56) 60.988773897171285
Q round373-s17 7 (13, 26, 31, 27) 168.02736810887677
Q round373-s17 5 (8, 40, 48, 30) 99.93284133620911
Q round373-s17 0 (0, 13, 68, 57) 23.85360209342123
Q round373-s17 6 (27, 71, 2, 0) 56.19014126471889
Q round373-s17 9 (70, 71, 6, 4) 121.90890680080686
Q round373-s17 14 (54, 38, 45, 56) 137.48897747277374
Q round373-s17 15 (38, 47, 55, 42) 321.92622241669227
Q round373-s17 1 (67, 1, 53, 56) 46.42014932937076
Q round373-s17 4 (57, 37, 12, 26) 267.1009243923779
Q round373-s17 2 (31, 39, 39, 1) 111.05436793476846
Q round373-s17 8 (68, 7, 27, 46) 34.61712748621255
ROUND 373 n 6064 bestJ 19.07316030276427 best (0, 69, 28, 57) eligible 408
Q round374-s17 8 (27, 19, 62, 53) 9141.776139468808
Q round374-s17 5 (26, 64, 34, 35) 132.59691855756728
Q round374-s17 3 (48, 6, 33, 51) 87.14962771918039
Q round374-s17 6 (56, 20, 21, 25) 80.2242906963689
Q round374-s17 13 (53, 28, 53, 46) 99.66888379702976
Q round374-s17 9 (50, 20, 64, 18) 103.54068766748489
Q round374-s17 7 (60, 5, 5, 49) 361.7291511601578
Q round374-s17 1 (26, 16, 43, 13) 110.2064128852734
Q round374-s17 14 (30, 51, 15, 49) 62.42120040294767
Q round374-s17 0 (0, 53, 12, 57) 21.744063063920834
Q round374-s17 2 (41, 22, 29, 49) 122.17378975579939
Q round374-s17 10 (3, 22, 11, 10) 122.08399486758377
Q round374-s17 4 (25, 48, 44, 52) 64.4885875255682
Q round374-s17 11 (11, 15, 56, 45) 37.359316984776186
Q round374-s17 12 (41, 63, 30, 64) 93.05227274994782
Q round374-s17 15 (63, 30, 27, 31) 60.85169699729551
ROUND 374 n 6080 bestJ 19.07316030276427 best (0, 69, 28, 57) eligible 342
Q round375-s17 2 (32, 2, 7, 68) 64.08871415541876
Q round375-s17 14 (0, 58, 57, 43) 123.67345764249578
Q round375-s17 13 (42, 36, 43, 67) 119.79227806940547
Q round375-s17 3 (58, 59, 57, 71) 57.239400502129165
Q round375-s17 11 (26, 4, 8, 32) 78.02753313633927
Q round375-s17 8 (63, 51, 38, 34) 85.41429706930955
Q round375-s17 9 (34, 7, 31, 0) 77.79867165658533
Q round375-s17 4 (44, 35, 50, 59) 115.07820381119798
Q round375-s17 5 (33, 55, 61, 10) 190.27863104478087
Q round375-s17 0 (0, 45, 68, 32) 22.387747396572856
Q round375-s17 7 (14, 12, 22, 55) 72.04204106006898
Q round375-s17 12 (19, 39, 4, 64) 52.28665478143273
Q round375-s17 6 (27, 48, 6, 32) 61.83275284843729
Q round375-s17 15 (27, 66, 32, 14) 57.94741659669235
Q round375-s17 10 (17, 15, 6, 50) 233.63506761010535
Q round375-s17 1 (49, 9, 55, 25) 81.22085813799352
ROUND 375 n 6096 bestJ 19.07316030276427 best (0, 69, 28, 57) eligible 396
Q round376-s17 14 (45, 36, 10, 40) 481.1438773734238
Q round376-s17 12 (1, 60, 24, 52) 41.03400358784119
Q round376-s17 4 (20, 49, 18, 43) 174.31169791796745
Q round376-s17 10 (63, 59, 31, 0) 70.91165755433904
Q round376-s17 3 (37, 36, 26, 41) 250.01388893211944
Q round376-s17 13 (40, 39, 37, 21) 179.59576286864018
Q round376-s17 2 (50, 18, 69, 38) 96.46605061698956
Q round376-s17 6 (58, 42, 54, 3) 108.06870924367104
Q round376-s17 5 (38, 4, 30, 1) 62.88213612675427
Q round376-s17 0 (39, 21, 68, 56) 25.53835258089955
Q round376-s17 7 (10, 42, 30, 59) 124.73822797846928
Q round376-s17 1 (36, 12, 12, 4) 102.77481743877448
Q round376-s17 8 (36, 54, 25, 25) 60.00170088434379
Q round376-s17 15 (25, 30, 66, 26) 251.59449726732305
Q round376-s17 11 (30, 23, 37, 53) 251.5928152390147
Q round376-s17 9 (33, 66, 39, 17) 34.31732430787569
ROUND 376 n 6112 bestJ 19.07316030276427 best (0, 69, 28, 57) eligible 421
Q round377-s17 13 (37, 53, 32, 44) 797.4029511282521
Q round377-s17 7 (40, 56, 2, 24) 121.19606954003757
Q round377-s17 11 (0, 59, 69, 68) 329.90773934284096
Q round377-s17 8 (36, 32, 2, 41) 53.46040767967055
Q round377-s17 14 (37, 70, 23, 61) 100.26919081314352
Q round377-s17 15 (58, 46, 60, 64) 41.95800292184411
Q round377-s17 1 (52, 25, 20, 52) 1403.9221563994497
Q round377-s17 10 (4, 38, 8, 9) 51.5284520860137
Q round377-s17 6 (34, 53, 48, 38) 40.218473232840594
Q round377-s17 9 (65, 69, 23, 36) 50.84218775648121
Q round377-s17 2 (48, 24, 55, 57) 109.07889613967292
Q round377-s17 5 (22, 65, 67, 10) 93.28065612590036
Q round377-s17 3 (30, 2, 20, 53) 126.38330141856147
Q round377-s17 0 (38, 69, 20, 0) 22.063812409358345
Q round377-s17 12 (65, 48, 54, 5) 149.67172707593463
Q round377-s17 4 (71, 6, 7, 55) 123.85809602059899
ROUND 377 n 6128 bestJ 19.07316030276427 best (0, 69, 28, 57) eligible 434
Q round378-s17 8 (13, 60, 46, 5) 56.282969669871214
Q round378-s17 2 (53, 11, 63, 51) 141.26137947879192
Q round378-s17 15 (54, 59, 16, 20) 62.212736037007794
Q round378-s17 6 (64, 28, 4, 17) 49.50120117583819
Q round378-s17 14 (48, 30, 42, 37) 244.23845917610083
Q round378-s17 5 (2, 69, 49, 19) 111.05121099035053
Q round378-s17 1 (58, 69, 71, 11) 199.358213531581
Q round378-s17 9 (10, 21, 43, 10) 201.65466909794873
Q round378-s17 0 (0, 69, 52, 57) 24.06030676182362
Q round378-s17 3 (68, 11, 63, 47) 45.87073192932869
Q round378-s17 7 (25, 63, 14, 28) 87.9977203441161
Q round378-s17 11 (9, 21, 70, 68) 39.661521024924056
Q round378-s17 10 (7, 16, 57, 22) 102.85545080253993
Q round378-s17 4 (14, 63, 12, 16) 95.7586771805621
Q round378-s17 12 (30, 55, 1, 24) 124.7055001691879
Q round378-s17 13 (6, 14, 55, 71) 121.32215951406285
ROUND 378 n 6144 bestJ 19.07316030276427 best (0, 69, 28, 57) eligible 344
Q round379-s17 15 (18, 38, 9, 39) 48.25006295535787
Q round379-s17 12 (5, 34, 55, 55) 46.03917647086222
Q round379-s17 8 (18, 6, 28, 33) 81.87453586943523
Q round379-s17 3 (32, 67, 69, 35) 124.83111195856021
Q round379-s17 6 (9, 24, 61, 27) 89.9795525809128
Q round379-s17 9 (17, 36, 38, 41) 59.677216583082824
Q round379-s17 11 (39, 69, 11, 22) 26.05456292341576
Q round379-s17 2 (71, 70, 42, 1) 153.87258734217636
Q round379-s17 7 (67, 49, 63, 9) 47.62558747951205
Q round379-s17 1 (67, 21, 46, 12) 365.7973202268256
Q round379-s17 13 (54, 7, 59, 33) 112.44691432453251
Q round379-s17 14 (62, 65, 8, 16) 85.81354634043441
Q round379-s17 0 (62, 69, 4, 16) 22.773297412715003
Q round379-s17 5 (57, 25, 28, 38) 54.586632154520736
Q round379-s17 10 (6, 33, 22, 55) 91.90717128000963
Q round379-s17 4 (17, 1, 56, 48) 94.27073145240222
ROUND 379 n 6160 bestJ 19.07316030276427 best (0, 69, 28, 57) eligible 339
Q round380-s17 2 (0, 31, 19, 68) 69.23506094723523
Q round380-s17 6 (10, 14, 17, 62) 59.709924385841056
Q round380-s17 8 (47, 32, 29, 37) 178.75186642969598
Q round380-s17 9 (37, 20, 48, 26) 314.8496656522928
Q round380-s17 3 (13, 14, 40, 49) 72.48061881770018
Q round380-s17 7 (34, 70, 44, 57) 62.2831261776055
Q round380-s17 5 (5, 41, 15, 3) 90.26513261524138
Q round380-s17 0 (39, 45, 44, 63) 20.352385266486507
Q round380-s17 11 (17, 23, 10, 33) 147.03670629942016
Q round380-s17 12 (12, 44, 1, 55) 46.638846583746535
Q round380-s17 4 (36, 3, 17, 36) 90.5602552255625
Q round380-s17 15 (15, 21, 1, 41) 59.323566214269846
Q round380-s17 1 (19, 23, 43, 3) 97.38192871684606
Q round380-s17 13 (1, 62, 39, 2) 195.8752285601268
Q round380-s17 14 (38, 0, 59, 15) 58.3314091996769
Q round380-s17 10 (6, 29, 31, 9) 74.60364568673776
ROUND 380 n 6176 bestJ 19.07316030276427 best (0, 69, 28, 57) eligible 359
Q round381-s17 1 (31, 55, 18, 36) 101.42989155192112
Q round381-s17 12 (18, 14, 53, 12) 407.71016911200263
Q round381-s17 15 (47, 17, 33, 44) 95.91248728138923
Q round381-s17 2 (0, 25, 45, 59) 66.74129567361905
Q round381-s17 3 (50, 38, 30, 41) 55.82210786947278
Q round381-s17 9 (58, 12, 37, 49) 204.67258140663182
Q round381-s17 10 (42, 11, 37, 56) 183.68189287101805
Q round381-s17 5 (50, 19, 42, 57) 98.46267008799013
Q round381-s17 6 (59, 33, 64, 12) 68.58001482309214
Q round381-s17 14 (1, 26, 13, 50) 1315.9470543832726
Q round381-s17 8 (32, 34, 57, 41) 38.054762457541955
Q round381-s17 0 (63, 21, 28, 39) 20.51896275811027
Q round381-s17 13 (28, 13, 4, 58) 108.03322830176286
Q round381-s17 11 (19, 16, 0, 53) 36.84280501362675
Q round381-s17 7 (6, 34, 63, 16) 99.60527253983626
Q round381-s17 4 (40, 23, 55, 37) 253.98365973817863
ROUND 381 n 6192 bestJ 19.07316030276427 best (0, 69, 28, 57) eligible 368
Q round382-s17 10 (21, 64, 29, 67) 248.70691832730722
Q round382-s17 1 (10, 14, 10, 44) 242.7939602924243
Q round382-s17 13 (47, 71, 23, 4) 136.38631919728132
Q round382-s17 12 (37, 56, 45, 40) 44.07029842657888
Q round382-s17 9 (33, 26, 18, 55) 204.88080725385714
Q round382-s17 4 (10, 17, 9, 36) 62.65069668661758
Q round382-s17 7 (2, 44, 31, 32) 56.11835742373004
Q round382-s17 14 (40, 58, 48, 62) 70.20443747555377
Q round382-s17 2 (23, 50, 46, 25) 73.98363091393215
Q round382-s17 0 (0, 69, 44, 32) 23.097967633692292
Q round382-s17 5 (8, 66, 31, 0) 68.99931505568263
Q round382-s17 3 (15, 18, 52, 71) 59.29929312693603
Q round382-s17 11 (3, 46, 19, 34) 111.2557242588031
Q round382-s17 15 (67, 34, 22, 57) 53.97869538654944
Q round382-s17 8 (62, 6, 27, 23) 74.72190621716842
Q round382-s17 6 (33, 17, 19, 29) 82.31348180916315
ROUND 382 n 6208 bestJ 19.07316030276427 best (0, 69, 28, 57) eligible 383
Q round383-s17 13 (61, 71, 34, 57) 66.18723027349643
Q round383-s17 1 (42, 48, 26, 70) 295.9693719838187
Q round383-s17 6 (15, 13, 5, 8) 80.40778258625315
Q round383-s17 3 (13, 38, 18, 55) 51.550039724809864
Q round383-s17 10 (2, 9, 5, 26) 115.01051985313144
Q round383-s17 15 (64, 1, 50, 13) 177.1718446697375
Q round383-s17 8 (19, 65, 50, 44) 123.65674248147641
Q round383-s17 9 (29, 55, 71, 25) 70.50463620587762
Q round383-s17 14 (53, 32, 23, 16) 72.1159198873418
Q round383-s17 7 (71, 37, 63, 29) 166.09515181524296
Q round383-s17 2 (71, 33, 41, 64) 86.89976082604967
Q round383-s17 0 (39, 5, 28, 64) 21.239613627776134
Q round383-s17 11 (71, 54, 59, 44) 78.67693883037748
Q round383-s17 5 (27, 51, 60, 69) 77.47540744222344
Q round383-s17 4 (40, 6, 40, 55) 108.57500738304498
Q round383-s17 12 (24, 15, 49, 31) 93.0842033147458
ROUND 383 n 6224 bestJ 19.07316030276427 best (0, 69, 28, 57) eligible 352
Q round384-s17 9 (61, 15, 15, 51) 39.335777602922306
Q round384-s17 7 (31, 13, 21, 70) 79.47127083404155
Q round384-s17 10 (43, 63, 58, 19) 120.0678355685416
Q round384-s17 6 (64, 12, 48, 52) 45.08553873885023
Q round384-s17 12 (48, 38, 1, 26) 188.04390347343815
Q round384-s17 3 (52, 24, 64, 35) 52.571851747301864
Q round384-s17 15 (33, 13, 61, 7) 53.942396470683796
Q round384-s17 13 (70, 36, 44, 2) 320.18538696680776
Q round384-s17 5 (39, 50, 54, 38) 51.67911047814892
Q round384-s17 0 (16, 21, 44, 39) 20.837977298787642
Q round384-s17 1 (41, 36, 70, 53) 53.50981387812464
Q round384-s17 4 (24, 61, 12, 24) 46.68072279898404
Q round384-s17 8 (60, 52, 27, 6) 52.91746168572234
Q round384-s17 2 (26, 29, 16, 48) 48.80595681060204
Q round384-s17 14 (70, 9, 54, 42) 216.77706926320218
Q round384-s17 11 (71, 15, 35, 41) 142.97130199078865
ROUND 384 n 6240 bestJ 19.07316030276427 best (0, 69, 28, 57) eligible 399
Q round385-s17 2 (31, 41, 37, 11) 111.808302885698
Q round385-s17 1 (21, 65, 16, 64) 65.23979720874489
Q round385-s17 4 (24, 28, 5, 66) 703.2176538362323
Q round385-s17 8 (69, 53, 27, 0) 1065.3263128540352
Q round385-s17 3 (42, 30, 6, 38) 64.98171721956948
Q round385-s17 14 (61, 20, 21, 63) 378.1808687521038
Q round385-s17 13 (71, 43, 57, 21) 95.63916871322897
Q round385-s17 12 (36, 47, 48, 60) 67.30018577747178
Q round385-s17 7 (60, 22, 21, 60) 48.5547823171637
Q round385-s17 15 (3, 35, 37, 59) 81.74349041651028
Q round385-s17 0 (0, 69, 28, 32) 21.3616662881756
Q round385-s17 6 (68, 11, 13, 42) 125.31009245626207
Q round385-s17 9 (14, 6, 26, 59) 145.86819159514437
Q round385-s17 5 (44, 59, 12, 71) 63.24053974416096
Q round385-s17 10 (11, 33, 35, 61) 180.73258584970532
Q round385-s17 11 (19, 47, 24, 32) 60.721248681712005
ROUND 385 n 6256 bestJ 19.07316030276427 best (0, 69, 28, 57) eligible 419
Q round386-s17 14 (64, 37, 31, 3) 45.40699468338061
Q round386-s17 3 (21, 59, 19, 47) 112.99936102870618
Q round386-s17 15 (21, 41, 62, 14) 69.49371152752275
Q round386-s17 4 (58, 60, 4, 2) 126.96613840949725
Q round386-s17 2 (2, 44, 12, 23) 84.51247872756478
Q round386-s17 11 (58, 47, 24, 69) 45.34961844761397
Q round386-s17 1 (47, 27, 70, 29) 46.89008986409642
Q round386-s17 12 (64, 49, 43, 23) 56.23727232009006
Q round386-s17 8 (8, 27, 15, 18) 48.380267154523885
Q round386-s17 0 (39, 5, 68, 63) 21.72379364657539
Q round386-s17 6 (36, 67, 44, 49) 92.5079394990455
Q round386-s17 5 (24, 16, 12, 6) 78.84067965529027
Q round386-s17 10 (1, 66, 16, 65) 59.48260572388392
Q round386-s17 7 (43, 58, 50, 45) 197.11657195255594
Q round386-s17 13 (30, 71, 19, 49) 93.63226994268699
Q round386-s17 9 (17, 50, 41, 22) 67.18120439859126
ROUND 386 n 6272 bestJ 19.07316030276427 best (0, 69, 28, 57) eligible 341
Q round387-s17 4 (35, 8, 53, 20) 8096.597165323527
Q round387-s17 1 (58, 24, 65, 51) 1819.1144954922127
Q round387-s17 3 (24, 31, 67, 3) 57.51597211216863
Q round387-s17 7 (35, 32, 2, 56) 657.4204331612888
Q round387-s17 5 (13, 68, 39, 47) 55.61574675026115
Q round387-s17 8 (39, 59, 9, 56) 53.6821833244091
Q round387-s17 13 (40, 67, 40, 20) 87.28139794897649
Q round387-s17 6 (7, 53, 1, 37) 105.20159800175462
Q round387-s17 2 (40, 50, 54, 10) 74.39438884876934
Q round387-s17 10 (22, 39, 53, 9) 112.46183666104203
Q round387-s17 11 (39, 62, 29, 63) 116.32120477196409
Q round387-s17 0 (39, 5, 52, 64) 19.34726751499717
Q round387-s17 9 (12, 42, 14, 27) 142.0671153809657
Q round387-s17 12 (19, 26, 7, 44) 220.5875563907659
Q round387-s17 14 (62, 29, 56, 56) 59.35131855744891
Q round387-s17 15 (70, 26, 62, 62) 80.99881816271748
ROUND 387 n 6288 bestJ 19.07316030276427 best (0, 69, 28, 57) eligible 380
Q round388-s17 11 (66, 63, 61, 59) 254.8807213008476
Q round388-s17 7 (33, 69, 42, 17) 103.2333031174893
Q round388-s17 10 (56, 36, 25, 4) 54.80302599426651
Q round388-s17 14 (10, 6, 56, 36) 47.62846050298318
Q round388-s17 1 (70, 19, 29, 25) 72.75628842251558
Q round388-s17 13 (23, 1, 11, 50) 146.65752790937526
Q round388-s17 12 (62, 35, 7, 26) 46.635173870529215
Q round388-s17 6 (57, 59, 40, 42) 112.45616047475018
Q round388-s17 0 (16, 21, 44, 63) 20.85625798472415
Q round388-s17 9 (25, 37, 0, 59) 45.3188228790332
Q round388-s17 4 (51, 20, 71, 16) 48.31712617853838
Q round388-s17 3 (1, 56, 5, 56) 104.38238718595126
Q round388-s17 5 (4, 33, 14, 18) 28.050593256959697
Q round388-s17 2 (43, 5, 3, 60) 73.58476093467264
Q round388-s17 15 (68, 18, 61, 48) 258.03289798036144
Q round388-s17 8 (39, 70, 68, 31) 76.33782815368511
ROUND 388 n 6304 bestJ 19.07316030276427 best (0, 69, 28, 57) eligible 341
Q round389-s17 12 (16, 24, 65, 19) 78.72521160511177
Q round389-s17 5 (42, 58, 42, 6) 102.74173089776319
Q round389-s17 6 (29, 12, 58, 13) 114.70570764076363
Q round389-s17 4 (3, 2, 10, 11) 161.2107019888901
Q round389-s17 15 (5, 21, 58, 34) 259.3552191010671
Q round389-s17 13 (23, 42, 41, 9) 62.03010673553138
Q round389-s17 0 (48, 5, 28, 48) 25.621601067103338
Q round389-s17 9 (59, 54, 46, 57) 67.36865283861533
Q round389-s17 1 (52, 43, 44, 6) 62.08285514407984
Q round389-s17 2 (51, 9, 36, 6) 47.09907180405307
Q round389-s17 14 (65, 2, 12, 43) 145.9570149709194
Q round389-s17 10 (31, 40, 70, 48) 103.8282650561653
Q round389-s17 8 (49, 16, 24, 26) 294.70472288088126
Q round389-s17 11 (30, 10, 40, 22) 80.30656612813743
Q round389-s17 3 (41, 29, 38, 7) 69.13963056706233
Q round389-s17 7 (1, 45, 16, 64) 62.48553276988528
ROUND 389 n 6320 bestJ 19.07316030276427 best (0, 69, 28, 57) eligible 344
Q round390-s17 6 (55, 24, 35, 11) 85.73516674941312
Q round390-s17 2 (5, 8, 35, 58) 147.40595623248356
Q round390-s17 1 (66, 57, 27, 37) 127.08721916688516
Q round390-s17 11 (48, 60, 19, 55) 47.627949313138004
Q round390-s17 15 (53, 13, 49, 59) 314.67142119384937
Q round390-s17 14 (8, 61, 45, 5) 114.08807226618715
Q round390-s17 9 (45, 29, 34, 58) 260.9571192539269
Q round390-s17 4 (0, 5, 22, 48) 70.82286177013692
Q round390-s17 7 (59, 21, 39, 3) 120.12158362966274
Q round390-s17 0 (0, 69, 68, 33) 22.216489031144693
Q round390-s17 8 (67, 4, 62, 9) 53.54118499983984
Q round390-s17 10 (67, 12, 68, 18) 102.6600942522873
Q round390-s17 13 (68, 22, 4, 38) 33.871617358539446
Q round390-s17 3 (12, 65, 64, 2) 43.37067219519027
Q round390-s17 12 (27, 63, 20, 15) 45.00241319517156
Q round390-s17 5 (25, 21, 51, 41) 53.48400354415052
ROUND 390 n 6336 bestJ 19.07316030276427 best (0, 69, 28, 57) eligible 353
Q round391-s17 7 (24, 63, 69, 56) 128.51013147572112
Q round391-s17 2 (29, 70, 45, 69) 77.78518945210355
Q round391-s17 9 (69, 19, 35, 25) 187.13588871153672
Q round391-s17 5 (38, 62, 2, 23) 119.17130856859646
Q round391-s17 1 (66, 34, 8, 62) 100.32966625924408
Q round391-s17 0 (63, 45, 68, 63) 24.45668605988442
Q round391-s17 11 (17, 30, 5, 38) 118.85510087501999
Q round391-s17 14 (19, 47, 10, 39) 48.86992484356252
Q round391-s17 6 (16, 22, 41, 13) 172.7233475450797
Q round391-s17 12 (12, 32, 4, 24) 43.59977217831233
Q round391-s17 8 (52, 50, 11, 68) 93.13323691549442
Q round391-s17 10 (54, 32, 35, 29) 146.38117291119474
Q round391-s17 13 (71, 70, 38, 65) 110.7691858326191
Q round391-s17 3 (17, 54, 63, 24) 107.60187453900535
Q round391-s17 15 (46, 29, 12, 16) 55.1540013593085
Q round391-s17 4 (22, 16, 65, 69) 276.76368656663453
ROUND 391 n 6352 bestJ 19.07316030276427 best (0, 69, 28, 57) eligible 343
Q round392-s17 5 (5, 20, 64, 12) 3097.389314192389
Q round392-s17 6 (15, 9, 45, 19) 78.91066878578229
Q round392-s17 14 (0, 17, 12, 27) 42.2573982723599
Q round392-s17 7 (53, 12, 29, 52) 113.89472689145026
Q round392-s17 12 (13, 49, 36, 4) 302.7723228736941
Q round392-s17 10 (5, 6, 36, 5) 96.92843355120208
Q round392-s17 2 (26, 32, 64, 5) 158.45117779256984
Q round392-s17 1 (56, 11, 14, 16) 63.036253728654955
Q round392-s17 3 (31, 1, 63, 56) 117.72217399662856
Q round392-s17 9 (16, 53, 33, 42) 104.15285060091928
Q round392-s17 4 (71, 65, 70, 2) 234.09538027607277
Q round392-s17 0 (0, 21, 52, 32) 25.04858693493
Q round392-s17 13 (60, 38, 65, 5) 48.020542347756844
Q round392-s17 8 (52, 2, 14, 11) 146.79006546288986
Q round392-s17 11 (31, 30, 62, 1) 112.89527893158211
Q round392-s17 15 (19, 24, 61, 24) 39.947583069689294
ROUND 392 n 6368 bestJ 19.07316030276427 best (0, 69, 28, 57) eligible 112
Q round393-s17 3 (58, 67, 55, 20) 2754.426091246812
Q round393-s17 13 (5, 15, 0, 36) 42.17401264889181
Q round393-s17 1 (61, 30, 59, 4) 242.0285430219464
Q round393-s17 11 (69, 29, 64, 3) 169.97649273735354
Q round393-s17 12 (58, 31, 25, 35) 99.01055818540364
Q round393-s17 4 (5, 8, 67, 10) 115.71623850338003
Q round393-s17 2 (61, 1, 61, 54) 65.11700612372252
Q round393-s17 10 (32, 67, 60, 51) 97.47270371169857
Q round393-s17 5 (13, 51, 45, 66) 142.99104947537032
Q round393-s17 15 (56, 20, 9, 44) 97.70682709534938
Q round393-s17 6 (11, 45, 0, 3) 119.59413705281048
Q round393-s17 7 (37, 0, 3, 41) 42.74624684103551
Q round393-s17 14 (24, 34, 23, 21) 92.67455156291788
Q round393-s17 8 (67, 53, 31, 43) 161.72192981838896
Q round393-s17 0 (39, 45, 20, 48) 21.435075824575346
Q round393-s17 9 (68, 8, 34, 31) 40.335367303024
ROUND 393 n 6384 bestJ 19.07316030276427 best (0, 69, 28, 57) eligible 353
Q round394-s17 8 (34, 52, 65, 68) 1968.8094552378604
Q round394-s17 6 (16, 33, 37, 62) 97.54769150874901
Q round394-s17 4 (26, 6, 16, 17) 59.90343440386844
Q round394-s17 12 (50, 4, 9, 1) 58.07229757929158
Q round394-s17 13 (2, 19, 36, 64) 151.42490531936343
Q round394-s17 9 (18, 23, 70, 42) 42.88056192849684
Q round394-s17 7 (67, 43, 46, 35) 484.51748016939996
Q round394-s17 14 (50, 37, 11, 29) 131.71480268826937
Q round394-s17 0 (39, 5, 12, 63) 20.912499032020207
Q round394-s17 2 (23, 2, 25, 65) 68.52492934922175
Q round394-s17 11 (0, 64, 20, 9) 66.23768618519921
Q round394-s17 15 (49, 32, 28, 19) 73.72129010835455
Q round394-s17 10 (27, 25, 30, 2) 33.19205733385635
Q round394-s17 5 (68, 50, 51, 32) 104.6462304222187
Q round394-s17 1 (6, 38, 25, 54) 92.91949078689903
Q round394-s17 3 (33, 23, 43, 0) 55.09597148176111
ROUND 394 n 6400 bestJ 19.07316030276427 best (0, 69, 28, 57) eligible 338
Q round395-s17 4 (38, 10, 5, 68) 611.5835320951271
Q round395-s17 2 (69, 41, 16, 22) 73.80746589992442
Q round395-s17 8 (32, 27, 14, 50) 96.38191885260065
Q round395-s17 13 (32, 27, 28, 25) 76.14382859276186
Q round395-s17 6 (29, 1, 37, 47) 57.23956250677368
Q round395-s17 11 (18, 23, 33, 49) 47.593495925088064
Q round395-s17 7 (2, 61, 69, 29) 136.41936513633985
Q round395-s17 10 (40, 38, 25, 64) 80.58660789414196
Q round395-s17 5 (59, 9, 29, 34) 467.9864478041851
Q round395-s17 3 (41, 33, 26, 19) 47.95085920525011
Q round395-s17 0 (0, 53, 12, 33) 22.509280175468
Q round395-s17 9 (35, 52, 41, 65) 49.38017871188276
Q round395-s17 1 (6, 32, 23, 52) 106.51430700859608
Q round395-s17 12 (4, 61, 38, 11) 335.21811982915636
Q round395-s17 14 (49, 46, 36, 49) 94.10819494519403
Q round395-s17 15 (7, 6, 17, 30) 108.28594977266839
ROUND 395 n 6416 bestJ 19.07316030276427 best (0, 69, 28, 57) eligible 343
Q round396-s17 6 (5, 45, 26, 11) 139.4391681725249
Q round396-s17 9 (42, 33, 38, 11) 452.6281940612174
Q round396-s17 1 (10, 6, 14, 1) 67.53941727109242
Q round396-s17 13 (50, 30, 15, 30) 67.29082819026623
Q round396-s17 5 (21, 58, 67, 16) 274.5242812884125
Q round396-s17 10 (34, 3, 60, 13) 93.48550191321732
Q round396-s17 15 (18, 42, 53, 53) 165.3430907083611
Q round396-s17 14 (13, 13, 21, 58) 186.84652045397536
Q round396-s17 3 (26, 13, 16, 13) 204.6639613074287
Q round396-s17 2 (7, 34, 57, 33) 86.63681168908725
Q round396-s17 7 (35, 60, 52, 26) 82.1584294907807
Q round396-s17 8 (20, 60, 39, 63) 44.1130123167291
Q round396-s17 0 (37, 45, 47, 37) 26.847073267732487
Q round396-s17 11 (11, 37, 69, 69) 87.07288390157719
Q round396-s17 12 (12, 7, 14, 10) 72.76720960395322
Q round396-s17 4 (65, 26, 30, 45) 46.71472417980486
ROUND 396 n 6432 bestJ 19.07316030276427 best (0, 69, 28, 57) eligible 337
Q round397-s17 11 (71, 41, 23, 28) 107.92409526207132
Q round397-s17 7 (13, 35, 55, 28) 130.58181927419628
Q round397-s17 2 (50, 54, 0, 33) 48.674970778011755
Q round397-s17 4 (63, 28, 67, 20) 166.68696952427976
Q round397-s17 10 (26, 50, 38, 65) 105.70227781463676
Q round397-s17 15 (9, 3, 17, 55) 61.74731866191639
Q round397-s17 3 (70, 70, 13, 1) 131.98527755184827
Q round397-s17 14 (14, 27, 40, 34) 43.5472175642761
Q round397-s17 8 (24, 31, 60, 11) 83.52673093055868
Q round397-s17 5 (6, 43, 29, 62) 61.11749481230096
Q round397-s17 0 (63, 45, 20, 64) 21.779957113642443
Q round397-s17 13 (46, 2, 50, 33) 56.20588490824241
Q round397-s17 1 (12, 10, 52, 19) 105.63667506459952
Q round397-s17 12 (68, 39, 13, 26) 268.07788603900684
Q round397-s17 9 (22, 49, 9, 39) 86.91434256945745
Q round397-s17 6 (40, 55, 62, 32) 114.55889956233428
ROUND 397 n 6448 bestJ 19.07316030276427 best (0, 69, 28, 57) eligible 277
Q round398-s17 10 (15, 13, 66, 42) 93.469691148185
Q round398-s17 6 (55, 25, 69, 15) 132.1244149051074
Q round398-s17 14 (39, 19, 35, 33) 164.22040333814698
Q round398-s17 5 (69, 19, 18, 49) 125.44543001643731
Q round398-s17 13 (8, 5, 37, 56) 53.996044645250954
Q round398-s17 1 (22, 36, 58, 50) 61.199726803570556
Q round398-s17 12 (10, 50, 18, 61) 212.7309363679065
Q round398-s17 8 (53, 42, 29, 8) 131.1947228550968
Q round398-s17 7 (10, 64, 12, 29) 180.6987735343293
Q round398-s17 3 (12, 6, 61, 23) 77.38896900413442
Q round398-s17 4 (59, 46, 46, 62) 69.77258106617106
Q round398-s17 0 (16, 69, 52, 57) 21.04491822957277
Q round398-s17 9 (52, 68, 60, 67) 84.1477337173189
Q round398-s17 11 (60, 33, 67, 8) 46.426835048612915
Q round398-s17 15 (23, 5, 33, 14) 69.83912713926546
Q round398-s17 2 (38, 30, 19, 69) 112.44704416106867
ROUND 398 n 6464 bestJ 19.07316030276427 best (0, 69, 28, 57) eligible 182
Q round399-s17 5 (42, 23, 13, 43) 160.1053261329189
Q round399-s17 11 (69, 36, 66, 0) 503.15229576382166
Q round399-s17 13 (0, 64, 17, 59) 79.72662396469353
Q round399-s17 2 (7, 19, 23, 29) 52.68069448283749
Q round399-s17 3 (56, 9, 56, 65) 79.41547339127594
Q round399-s17 1 (54, 55, 29, 63) 166.64449458315445
Q round399-s17 10 (14, 43, 55, 26) 47.23578995847727
Q round399-s17 12 (28, 17, 34, 48) 40.98811156239158
Q round399-s17 6 (49, 68, 61, 7) 46.04870557836218
Q round399-s17 0 (16, 21, 20, 39) 22.295142050444444
Q round399-s17 4 (19, 65, 49, 51) 362.07679036351703
Q round399-s17 9 (3, 33, 44, 71) 51.357399532647115
Q round399-s17 14 (49, 38, 32, 41) 96.94037612420203
Q round399-s17 15 (49, 45, 17, 58) 71.81182233456155
Q round399-s17 7 (16, 23, 49, 30) 91.44176968705123
Q round399-s17 8 (25, 5, 70, 38) 58.331470475585384
ROUND 399 n 6480 bestJ 19.07316030276427 best (0, 69, 28, 57) eligible 183
Q round400-s17 11 (58, 25, 65, 3) 744.0624686594027
Q round400-s17 8 (71, 24, 59, 52) 86.73297451777077
Q round400-s17 1 (20, 38, 50, 44) 282.596367138398
Q round400-s17 15 (21, 38, 25, 52) 55.41689769217056
Q round400-s17 3 (2, 64, 21, 63) 220.39836749342365
Q round400-s17 4 (26, 14, 34, 58) 207.62135260791095
Q round400-s17 13 (8, 53, 46, 3) 55.131659614701775
Q round400-s17 12 (48, 27, 48, 10) 68.68934697012028
Q round400-s17 10 (29, 18, 46, 37) 157.35175348343822
Q round400-s17 0 (63, 45, 28, 63) 24.756415351328815
Q round400-s17 6 (44, 44, 41, 18) 340.195099262853
Q round400-s17 9 (59, 22, 1, 38) 63.1244163258126
Q round400-s17 14 (71, 10, 65, 1) 54.5568006506754
Q round400-s17 7 (20, 28, 12, 3) 78.09847865525474
Q round400-s17 2 (17, 17, 51, 2) 55.685414320655106
Q round400-s17 5 (4, 15, 71, 37) 68.96916991448758
ROUND 400 n 6496 bestJ 19.07316030276427 best (0, 69, 28, 57) eligible 178
Q round401-s17 8 (61, 6, 5, 35) 61.19068163372803
Q round401-s17 14 (51, 14, 66, 27) 175.8925068117563
Q round401-s17 2 (28, 58, 37, 44) 98.6204304084845
Q round401-s17 15 (45, 54, 40, 13) 66.69959231081751
Q round401-s17 7 (32, 45, 26, 55) 67.22468516596864
Q round401-s17 3 (8, 40, 70, 58) 241.27484479695337
Q round401-s17 13 (65, 19, 60, 7) 55.23680336349675
Q round401-s17 5 (59, 71, 18, 47) 39.47183758697691
Q round401-s17 9 (54, 24, 58, 47) 166.91452151521545
Q round401-s17 0 (63, 5, 12, 24) 21.69039585486509
Q round401-s17 12 (19, 51, 61, 45) 83.2813395612768
Q round401-s17 11 (17, 27, 68, 69) 146.798285733175
Q round401-s17 4 (46, 7, 38, 42) 252.54674388009363
Q round401-s17 10 (52, 45, 33, 16) 46.16220674101376
Q round401-s17 6 (15, 40, 70, 22) 90.66297678702523
Q round401-s17 1 (57, 41, 1, 49) 68.28884297026964
ROUND 401 n 6512 bestJ 19.07316030276427 best (0, 69, 28, 57) eligible 344
Q round402-s17 9 (71, 66, 2, 4) 103.1947067991322
Q round402-s17 4 (18, 17, 45, 25) 123.89507228682577
Q round402-s17 13 (12, 47, 50, 3) 252.39159060559217
Q round402-s17 5 (71, 66, 32, 20) 49.448561393591525
Q round402-s17 11 (34, 17, 29, 55) 39.02369243147048
Q round402-s17 2 (64, 60, 46, 21) 64.6147957355724
Q round402-s17 12 (5, 36, 35, 12) 107.95335848696783
Q round402-s17 6 (63, 40, 51, 60) 47.75753239545006
Q round402-s17 1 (63, 25, 16, 10) 168.1507652726029
Q round402-s17 15 (16, 10, 41, 62) 52.30675943806837
Q round402-s17 0 (16, 45, 52, 32) 21.787515166342217
Q round402-s17 10 (43, 25, 45, 15) 45.938458367622175
Q round402-s17 7 (49, 40, 60, 28) 68.15160009578814
Q round402-s17 14 (11, 29, 14, 29) 198.67375745906836
Q round402-s17 3 (27, 29, 38, 17) 51.59853801109747
Q round402-s17 8 (67, 50, 39, 54) 56.60563934204541
ROUND 402 n 6528 bestJ 19.07316030276427 best (0, 69, 28, 57) eligible 97
Q round403-s17 4 (0, 16, 69, 38) 122.63054961609849
Q round403-s17 5 (55, 64, 57, 28) 110.89827938420846
Q round403-s17 3 (13, 12, 24, 2) 460.75618902663376
Q round403-s17 10 (50, 9, 35, 57) 166.06765861132945
Q round403-s17 1 (34, 3, 53, 10) 134.86224742205087
Q round403-s17 12 (26, 6, 68, 27) 178.1538073018738
Q round403-s17 7 (8, 69, 48, 65) 68.64036110808266
Q round403-s17 8 (19, 52, 51, 40) 703.0576016915109
Q round403-s17 13 (21, 34, 3, 31) 515.073754247929
Q round403-s17 15 (57, 43, 1, 33) 54.928107152462935
Q round403-s17 9 (45, 5, 37, 18) 185.18414771469563
Q round403-s17 0 (16, 69, 20, 56) 24.377830862076053
Q round403-s17 6 (70, 12, 19, 10) 118.70749110509739
Q round403-s17 14 (9, 48, 5, 13) 157.46116572987881
Q round403-s17 2 (3, 34, 5, 1) 132.267573589159
Q round403-s17 11 (16, 39, 9, 55) 68.4106733899126
ROUND 403 n 6544 bestJ 19.07316030276427 best (0, 69, 28, 57) eligible 331
Q round404-s17 2 (37, 17, 36, 43) 4131.007869894182
Q round404-s17 1 (47, 45, 15, 44) 66.74807009324417
Q round404-s17 12 (71, 26, 35, 52) 178.22328694674138
Q round404-s17 7 (24, 42, 47, 67) 80.74390545703245
Q round404-s17 15 (61, 54, 4, 48) 51.52425226650956
Q round404-s17 4 (61, 12, 29, 32) 468.0828107447172
Q round404-s17 3 (24, 30, 4, 12) 68.62494902062589
Q round404-s17 8 (60, 51, 50, 19) 128.11812709085413
Q round404-s17 0 (0, 29, 68, 57) 21.627919499059303
Q round404-s17 11 (39, 29, 3, 49) 37.112509479497966
Q round404-s17 5 (4, 20, 48, 53) 170.631198926803
Q round404-s17 10 (6, 37, 71, 12) 90.90853557252024
Q round404-s17 14 (11, 64, 51, 29) 90.23809875696494
Q round404-s17 13 (28, 8, 46, 46) 66.44801786868193
Q round404-s17 9 (14, 26, 35, 55) 41.83768450823814
Q round404-s17 6 (22, 48, 57, 49) 127.67658625825437
ROUND 404 n 6560 bestJ 19.07316030276427 best (0, 69, 28, 57) eligible 100
Q round405-s17 9 (33, 47, 34, 25) 110.33042004774116
Q round405-s17 12 (24, 13, 24, 35) 37.85979338438304
Q round405-s17 7 (9, 53, 18, 10) 1102.163164563409
Q round405-s17 13 (13, 47, 70, 38) 74.18421125565645
Q round405-s17 8 (56, 61, 11, 69) 269.91530520793975
Q round405-s17 2 (28, 5, 29, 71) 368.16627714273136
Q round405-s17 0 (39, 21, 68, 64) 22.92857840917691
Q round405-s17 14 (55, 53, 55, 71) 85.62641920152062
Q round405-s17 5 (58, 66, 57, 45) 104.26875698929298
Q round405-s17 15 (27, 67, 27, 7) 83.40489735884388
Q round405-s17 4 (36, 1, 46, 2) 73.72292883832473
Q round405-s17 11 (59, 7, 46, 45) 64.28243771634455
Q round405-s17 3 (62, 38, 61, 34) 300.7970945947247
Q round405-s17 10 (12, 71, 46, 22) 72.9551190214271
Q round405-s17 6 (25, 38, 46, 66) 154.80093920101874
Q round405-s17 1 (6, 50, 3, 46) 37.00213098099126
ROUND 405 n 6576 bestJ 19.07316030276427 best (0, 69, 28, 57) eligible 314
Q round406-s17 4 (64, 33, 61, 14) 95.27040857518433
Q round406-s17 3 (66, 67, 30, 22) 57.13240925088692
Q round406-s17 5 (37, 25, 15, 2) 85.5435976843115
Q round406-s17 15 (47, 51, 7, 11) 85.32463729071762
Q round406-s17 8 (33, 51, 21, 70) 116.99303599452367
Q round406-s17 2 (34, 42, 44, 30) 687.2096463412004
Q round406-s17 0 (16, 21, 52, 32) 25.34075585856459
Q round406-s17 13 (38, 21, 14, 19) 73.20739116485132
Q round406-s17 6 (46, 36, 65, 0) 67.22701818962092
Q round406-s17 10 (35, 62, 54, 18) 47.710186255401865
Q round406-s17 9 (35, 19, 13, 45) 93.85190976530443
Q round406-s17 1 (46, 46, 39, 14) 122.23587782158391
Q round406-s17 11 (57, 71, 55, 57) 93.04843725093757
Q round406-s17 7 (65, 38, 41, 55) 85.9937924637091
Q round406-s17 12 (49, 66, 57, 7) 68.33137011184549
Q round406-s17 14 (49, 56, 60, 7) 61.38569283075651
ROUND 406 n 6592 bestJ 19.07316030276427 best (0, 69, 28, 57) eligible 156
Q round407-s17 15 (12, 41, 58, 4) 329.15259093456257
Q round407-s17 14 (45, 16, 15, 19) 90.4101858523414
Q round407-s17 13 (58, 41, 12, 15) 45.43119366173309
Q round407-s17 6 (50, 8, 59, 44) 98.84082241164424
Q round407-s17 5 (46, 4, 47, 12) 42.66641887789587
Q round407-s17 11 (22, 43, 47, 46) 72.85107519052285
Q round407-s17 4 (47, 16, 44, 23) 99.99324547684024
Q round407-s17 0 (63, 45, 28, 24) 25.097398829512475
Q round407-s17 3 (22, 66, 60, 28) 57.092591791842494
Q round407-s17 1 (32, 15, 9, 49) 61.94057690627639
Q round407-s17 8 (19, 1, 11, 41) 54.68570801334644
Q round407-s17 10 (35, 39, 43, 64) 69.35049501925225
Q round407-s17 12 (70, 16, 69, 13) 221.85303918175745
Q round407-s17 7 (57, 1, 34, 40) 103.70878932922083
Q round407-s17 2 (63, 30, 10, 31) 142.73953381857902
Q round407-s17 9 (31, 22, 35, 65) 94.7249061647734
ROUND 407 n 6608 bestJ 19.07316030276427 best (0, 69, 28, 57) eligible 313
Q round408-s17 15 (30, 4, 58, 44) 1209.2300880976763
Q round408-s17 9 (24, 54, 21, 3) 94.84331003779765
Q round408-s17 13 (69, 36, 23, 18) 62.66816474676117
Q round408-s17 6 (15, 35, 64, 30) 67.77401704571373
Q round408-s17 10 (48, 43, 58, 64) 432.60987539720736
Q round408-s17 3 (39, 50, 41, 20) 73.75727784999802
Q round408-s17 5 (64, 19, 62, 35) 198.46150186353097
Q round408-s17 1 (22, 51, 15, 21) 47.23403015136866
Q round408-s17 0 (39, 45, 28, 64) 21.360236043407095
Q round408-s17 12 (59, 37, 48, 41) 45.88407854107814
Q round408-s17 14 (49, 16, 68, 12) 66.05796166742972
Q round408-s17 2 (48, 47, 17, 56) 107.47135103234898
Q round408-s17 4 (70, 13, 20, 13) 99.05077862569436
Q round408-s17 11 (41, 41, 19, 53) 69.58212050348321
Q round408-s17 8 (6, 69, 22, 23) 91.97839681112723
Q round408-s17 7 (57, 30, 47, 6) 88.89831349414469
ROUND 408 n 6624 bestJ 19.07316030276427 best (0, 69, 28, 57) eligible 304
Q round409-s17 7 (5, 38, 61, 17) 37.0374859392625
Q round409-s17 4 (61, 60, 65, 48) 56.51955984229303
Q round409-s17 3 (50, 33, 26, 8) 189.30729215465297
Q round409-s17 13 (5, 3, 20, 44) 91.14348967081023
Q round409-s17 1 (14, 27, 63, 15) 69.60556645201552
Q round409-s17 2 (56, 26, 48, 23) 54.11633940811171
Q round409-s17 0 (63, 21, 12, 39) 20.672257731763747
Q round409-s17 14 (47, 17, 32, 8) 106.16345704931022
Q round409-s17 9 (55, 54, 11, 67) 68.77660618728316
Q round409-s17 5 (28, 17, 1, 8) 59.74853748419726
Q round409-s17 15 (58, 26, 32, 45) 105.95677579618302
Q round409-s17 12 (3, 41, 16, 53) 33.79843130390134
Q round409-s17 10 (51, 31, 48, 8) 64.06934359218003
Q round409-s17 6 (19, 32, 22, 42) 42.44832587105487
Q round409-s17 8 (9, 57, 46, 54) 76.57805501795032
Q round409-s17 11 (65, 1, 6, 8) 89.79813584395454
ROUND 409 n 6640 bestJ 19.07316030276427 best (0, 69, 28, 57) eligible 269
Q round410-s17 15 (66, 30, 43, 71) 63.32973448616068
Q round410-s17 14 (53, 10, 26, 54) 150.1369683481583
Q round410-s17 13 (29, 49, 3, 49) 62.27725410553864
Q round410-s17 3 (45, 43, 40, 35) 222.50767335424752
Q round410-s17 8 (50, 34, 57, 67) 96.65825268103211
Q round410-s17 12 (31, 67, 61, 37) 98.44299450700898
Q round410-s17 4 (52, 39, 39, 4) 45.58338799242324
Q round410-s17 9 (54, 27, 49, 31) 67.66508921774339
Q round410-s17 0 (0, 5, 20, 39) 21.35573002802484
Q round410-s17 7 (22, 11, 22, 59) 52.592643739494015
Q round410-s17 2 (43, 67, 67, 15) 110.61065093055453
Q round410-s17 6 (20, 23, 57, 28) 42.14889184866901
Q round410-s17 1 (52, 57, 32, 30) 53.90827356946559
Q round410-s17 5 (68, 55, 43, 8) 39.66218008115026
Q round410-s17 10 (41, 42, 8, 31) 59.94845203226123
Q round410-s17 11 (49, 16, 16, 71) 98.24806323212009
ROUND 410 n 6656 bestJ 19.07316030276427 best (0, 69, 28, 57) eligible 298
Q round411-s17 1 (2, 67, 28, 6) 84.4611325987262
Q round411-s17 9 (55, 25, 24, 49) 103.45260545232173
Q round411-s17 11 (33, 59, 21, 17) 123.82079266456992
Q round411-s17 10 (55, 11, 6, 1) 67.93106742731581
Q round411-s17 4 (40, 27, 38, 44) 94.92083619587737
Q round411-s17 6 (39, 52, 14, 69) 54.490291231862216
Q round411-s17 12 (62, 51, 60, 13) 216.58994587792614
Q round411-s17 13 (2, 21, 46, 11) 147.47019201640958
Q round411-s17 0 (0, 5, 44, 39) 20.343353145835106
Q round411-s17 15 (30, 18, 49, 36) 43.703383838009486
Q round411-s17 14 (68, 56, 12, 8) 41.80667983153635
Q round411-s17 8 (51, 40, 32, 54) 52.350723395948705
Q round411-s17 5 (52, 7, 11, 69) 144.8968459550614
Q round411-s17 7 (60, 58, 34, 37) 108.19125357682167
Q round411-s17 3 (44, 0, 27, 50) 161.7163122181454
Q round411-s17 2 (25, 13, 31, 25) 68.76512909529247
ROUND 411 n 6672 bestJ 19.07316030276427 best (0, 69, 28, 57) eligible 284
Q round412-s17 1 (39, 26, 18, 68) 64733.54750758696
Q round412-s17 10 (61, 62, 45, 52) 86.55360729846608
Q round412-s17 8 (46, 59, 66, 4) 206.9147093132593
Q round412-s17 14 (18, 4, 68, 29) 101.00425638714812
Q round412-s17 13 (56, 62, 59, 28) 63.445309080121646
Q round412-s17 15 (62, 51, 62, 57) 51.35136373869613
Q round412-s17 6 (12, 31, 24, 12) 48.801206539635935
Q round412-s17 11 (68, 14, 26, 37) 52.105272090486444
Q round412-s17 5 (19, 58, 3, 70) 659.4768490010046
Q round412-s17 4 (59, 14, 41, 38) 62.56265160468869
Q round412-s17 7 (53, 53, 60, 32) 143.6547308213315
Q round412-s17 2 (68, 6, 63, 54) 72.66567510688812
Q round412-s17 12 (22, 62, 38, 43) 87.81457202521278
Q round412-s17 3 (19, 32, 44, 37) 211.60168219879787
Q round412-s17 9 (62, 54, 16, 14) 107.22441734795031
Q round412-s17 0 (62, 13, 20, 64) 23.15333033789289
ROUND 412 n 6688 bestJ 19.07316030276427 best (0, 69, 28, 57) eligible 283
Q round413-s17 8 (45, 33, 4, 21) 165.7491325150549
Q round413-s17 4 (5, 35, 36, 41) 67.18640386555396
Q round413-s17 6 (66, 30, 42, 13) 189.9278905080177
Q round413-s17 15 (7, 36, 41, 9) 67.5887873190852
Q round413-s17 10 (30, 43, 17, 22) 63.7455811262114
Q round413-s17 11 (39, 20, 12, 34) 242.61043357853748
Q round413-s17 3 (39, 33, 23, 24) 92.17142976083215
Q round413-s17 5 (27, 52, 58, 38) 160.9217467113357
Q round413-s17 12 (9, 68, 4, 18) 116.72008098910227
Q round413-s17 0 (61, 53, 23, 37) 24.429794161066905
Q round413-s17 7 (35, 4, 47, 66) 170.51688497646563
Q round413-s17 14 (14, 28, 16, 24) 64.94737773345385
Q round413-s17 13 (22, 46, 35, 19) 75.6317696333554
Q round413-s17 1 (62, 49, 53, 13) 182.1815057443397
Q round413-s17 9 (46, 0, 38, 56) 134.6940696842659
Q round413-s17 2 (9, 6, 56, 14) 99.57258070826327
ROUND 413 n 6704 bestJ 19.07316030276427 best (0, 69, 28, 57) eligible 260
Q round414-s17 11 (8, 47, 24, 4) 119.85640188137891
Q round414-s17 7 (29, 57, 10, 46) 62.864110543551504
Q round414-s17 2 (56, 33, 1, 3) 39.48389272331768
Q round414-s17 5 (48, 14, 45, 58) 231.44079879445894
Q round414-s17 4 (9, 68, 47, 4) 49.364586943299734
Q round414-s17 3 (68, 70, 71, 59) 44.71262159112065
Q round414-s17 12 (26, 59, 6, 3) 184.5987708006235
Q round414-s17 9 (30, 71, 42, 32) 196.84201586637005
Q round414-s17 0 (0, 45, 20, 39) 19.961250355559923
Q round414-s17 6 (40, 64, 19, 6) 58.969454160174934
Q round414-s17 8 (4, 0, 37, 18) 122.40171709419089
Q round414-s17 14 (51, 1, 4, 63) 52.56336221568024
Q round414-s17 1 (25, 40, 23, 36) 93.63630398602143
Q round414-s17 15 (22, 50, 48, 54) 82.68566331746183
Q round414-s17 13 (22, 63, 27, 15) 84.05646785496498
Q round414-s17 10 (49, 63, 12, 57) 77.4205658371947
ROUND 414 n 6720 bestJ 19.07316030276427 best (0, 69, 28, 57) eligible 135
Q round415-s17 11 (57, 53, 56, 43) 189.294064542471
Q round415-s17 8 (42, 3, 47, 62) 55.633266193901804
Q round415-s17 5 (34, 13, 26, 69) 164.0602462606738
Q round415-s17 7 (5, 0, 44, 17) 46.87784728834643
Q round415-s17 15 (35, 29, 13, 38) 467.51076576545483
Q round415-s17 3 (48, 62, 20, 21) 139.78342613265218
Q round415-s17 9 (46, 67, 21, 47) 47.97425166136265
Q round415-s17 2 (46, 63, 42, 11) 145.48107849819937
Q round415-s17 10 (28, 8, 3, 19) 108.57759840003746
Q round415-s17 13 (39, 54, 56, 67) 86.43929991643206
Q round415-s17 0 (0, 21, 44, 64) 22.028505509026232
Q round415-s17 6 (12, 27, 22, 57) 48.97388604254094
Q round415-s17 1 (27, 11, 64, 51) 95.50303657221065
Q round415-s17 12 (71, 42, 48, 23) 85.61461220201144
Q round415-s17 4 (19, 53, 1, 66) 142.29691449419076
Q round415-s17 14 (3, 8, 59, 68) 126.4685816381454
ROUND 415 n 6736 bestJ 19.07316030276427 best (0, 69, 28, 57) eligible 283
Q round416-s17 9 (48, 63, 66, 48) 139.6452600961951
Q round416-s17 4 (12, 71, 2, 51) 500.2991663666956
Q round416-s17 14 (13, 25, 20, 49) 45.9346394650205
Q round416-s17 11 (69, 8, 9, 29) 37.766216293418424
Q round416-s17 2 (10, 54, 10, 15) 61.642959262738145
Q round416-s17 8 (60, 21, 61, 6) 59.818878520286454
Q round416-s17 10 (18, 7, 24, 57) 49.385732329663455
Q round416-s17 7 (53, 16, 23, 61) 74.15735207839136
Q round416-s17 1 (24, 43, 23, 31) 73.05355333391881
Q round416-s17 5 (26, 0, 7, 39) 64.96530370034338
Q round416-s17 0 (63, 21, 52, 63) 22.96629599445043
Q round416-s17 15 (60, 2, 33, 44) 178.10313900935128
Q round416-s17 12 (63, 50, 11, 46) 36.90537011948579
Q round416-s17 6 (31, 47, 24, 49) 124.16454431475697
Q round416-s17 13 (25, 8, 68, 1) 136.30248168500046
Q round416-s17 3 (25, 30, 27, 55) 57.05064351220136
ROUND 416 n 6752 bestJ 19.07316030276427 best (0, 69, 28, 57) eligible 297
Q round417-s17 11 (40, 34, 39, 3) 67.10803283658969
Q round417-s17 9 (10, 22, 47, 47) 81.4812187977783
Q round417-s17 2 (48, 12, 31, 46) 76.71658841973286
Q round417-s17 15 (56, 24, 56, 63) 91.43270023933465
Q round417-s17 8 (16, 45, 43, 39) 44.077259231049325
Q round417-s17 0 (63, 45, 20, 63) 19.4782282384002
Q round417-s17 6 (59, 30, 9, 0) 55.99781712030674
Q round417-s17 13 (27, 12, 62, 9) 54.264075144268396
Q round417-s17 10 (52, 22, 52, 68) 76.07411388693107
Q round417-s17 1 (3, 1, 16, 14) 58.957098050560745
Q round417-s17 4 (35, 64, 47, 0) 69.7379334754192
Q round417-s17 5 (35, 40, 35, 8) 48.0543596019396
Q round417-s17 7 (20, 55, 70, 57) 64.39026561769779
Q round417-s17 3 (31, 30, 25, 33) 105.92482772845979
Q round417-s17 12 (68, 48, 31, 6) 69.18049562364166
Q round417-s17 14 (54, 22, 16, 0) 133.46868027414152
ROUND 417 n 6768 bestJ 19.07316030276427 best (0, 69, 28, 57) eligible 241
Q round418-s17 11 (47, 69, 62, 20) 59.85122613607276
Q round418-s17 9 (48, 13, 10, 4) 105.4708118490277
Q round418-s17 6 (19, 71, 50, 51) 142.45463002710457
Q round418-s17 8 (18, 28, 11, 61) 99.29424752762485
Q round418-s17 10 (66, 71, 55, 38) 64.56960607633043
Q round418-s17 0 (0, 5, 20, 63) 19.96484115578775
Q round418-s17 7 (41, 11, 52, 28) 193.30324868205128
Q round418-s17 4 (14, 63, 58, 66) 343.80614650818615
Q round418-s17 13 (27, 54, 21, 45) 187.39007853649036
Q round418-s17 14 (51, 69, 64, 26) 102.93613339553428
Q round418-s17 12 (44, 39, 63, 30) 61.618101516618935
Q round418-s17 1 (19, 45, 11, 44) 89.64124894578306
Q round418-s17 3 (65, 57, 39, 50) 143.50412083871717
Q round418-s17 5 (28, 24, 64, 24) 63.08547376424351
Q round418-s17 15 (20, 10, 63, 26) 103.63212785546273
Q round418-s17 2 (55, 22, 12, 17) 108.03236654589487
ROUND 418 n 6784 bestJ 19.07316030276427 best (0, 69, 28, 57) eligible 90
Q round419-s17 13 (13, 68, 70, 67) 1138.7232891131603
Q round419-s17 12 (2, 57, 11, 32) 734.2161214697996
Q round419-s17 6 (59, 69, 48, 69) 1427.2856126974368
Q round419-s17 9 (6, 35, 42, 1) 84.80445537594537
Q round419-s17 10 (34, 65, 45, 47) 43.96599321161833
Q round419-s17 8 (8, 58, 16, 10) 71.87655479243799
Q round419-s17 2 (45, 66, 7, 3) 151.25808351735455
Q round419-s17 14 (52, 32, 10, 9) 89.51155240503685
Q round419-s17 11 (40, 30, 39, 45) 177.8487429874788
Q round419-s17 1 (27, 47, 8, 3) 68.55910648543063
Q round419-s17 4 (13, 42, 25, 32) 86.07192233244133
Q round419-s17 0 (16, 5, 12, 63) 21.591981535672485
Q round419-s17 15 (51, 56, 9, 50) 216.91864843199926
Q round419-s17 7 (36, 55, 33, 31) 77.5241569677295
Q round419-s17 5 (35, 42, 33, 22) 54.58298849153794
Q round419-s17 3 (38, 32, 64, 23) 88.54408698945437
ROUND 419 n 6800 bestJ 19.07316030276427 best (0, 69, 28, 57) eligible 134
Q round420-s17 14 (50, 1, 62, 3) 720.2224303461667
Q round420-s17 10 (64, 65, 19, 44) 77.93745597427537
Q round420-s17 7 (40, 2, 71, 35) 56.742867020312666
Q round420-s17 8 (36, 26, 45, 20) 105.22013037434333
Q round420-s17 15 (23, 29, 9, 67) 39.28041924273065
Q round420-s17 4 (37, 17, 9, 22) 63.830462183093815
Q round420-s17 6 (34, 1, 50, 16) 182.6748892947052
Q round420-s17 5 (44, 62, 45, 7) 48.32713504460649
Q round420-s17 9 (59, 62, 46, 49) 61.3309531050845
Q round420-s17 12 (1, 69, 53, 3) 372.4774638783188
Q round420-s17 0 (39, 5, 52, 63) 22.82960807615088
Q round420-s17 3 (27, 52, 64, 8) 52.022739341705474
Q round420-s17 2 (60, 19, 37, 39) 139.4742606008567
Q round420-s17 13 (50, 45, 3, 23) 467.61664658357887
Q round420-s17 11 (58, 10, 64, 70) 54.6848390380699
Q round420-s17 1 (1, 47, 25, 9) 84.09124509861616
ROUND 420 n 6816 bestJ 19.07316030276427 best (0, 69, 28, 57) eligible 90
Q round421-s17 7 (67, 12, 51, 62) 1802.1428118649346
Q round421-s17 6 (53, 17, 11, 5) 212.8387619022858
Q round421-s17 8 (33, 44, 29, 6) 47.863472809237535
Q round421-s17 1 (48, 35, 12, 5) 219.77656354035963
Q round421-s17 11 (39, 33, 4, 36) 36.82245507916697
Q round421-s17 0 (63, 21, 44, 39) 21.355706562752825
Q round421-s17 9 (4, 3, 6, 32) 50.02765290478292
Q round421-s17 13 (20, 20, 58, 39) 151.9444815807943
Q round421-s17 4 (70, 65, 69, 55) 121.16409484875822
Q round421-s17 15 (43, 57, 62, 40) 52.838025949574885
Q round421-s17 2 (51, 16, 57, 41) 45.051136981140594
Q round421-s17 3 (19, 15, 6, 68) 39.7440241629002
Q round421-s17 5 (4, 69, 57, 31) 44.86533900161165
Q round421-s17 14 (31, 47, 30, 70) 105.92131827835343
Q round421-s17 12 (9, 54, 25, 26) 158.38029870669396
Q round421-s17 10 (41, 34, 48, 24) 77.1925826810691
ROUND 421 n 6832 bestJ 19.07316030276427 best (0, 69, 28, 57) eligible 148
Q round422-s17 2 (32, 25, 53, 42) 113.90232553885228
Q round422-s17 7 (55, 28, 43, 5) 217.7362947892758
Q round422-s17 13 (16, 9, 52, 33) 66.5411608493126
Q round422-s17 9 (27, 60, 10, 17) 282.7474122392913
Q round422-s17 0 (63, 5, 28, 63) 22.393833728100592
Q round422-s17 12 (9, 28, 1, 10) 33.58044425049233
Q round422-s17 4 (71, 14, 29, 20) 132.01078915055328
Q round422-s17 1 (19, 43, 12, 13) 78.30221500713716
Q round422-s17 10 (19, 27, 63, 60) 185.53842955517683
Q round422-s17 6 (36, 20, 28, 50) 94.560797286592
Q round422-s17 8 (57, 33, 13, 13) 99.95873405814525
Q round422-s17 11 (17, 29, 10, 61) 82.63195078280737
Q round422-s17 14 (33, 22, 9, 35) 64.46938307726374
Q round422-s17 15 (3, 56, 21, 48) 80.05120057257317
Q round422-s17 3 (4, 37, 19, 29) 90.73864278388882
Q round422-s17 5 (44, 2, 36, 62) 144.0928101074952
ROUND 422 n 6848 bestJ 19.07316030276427 best (0, 69, 28, 57) eligible 129
Q round423-s17 3 (56, 35, 61, 19) 160.81626818805194
Q round423-s17 12 (16, 7, 8, 19) 117.81002263389614
Q round423-s17 2 (31, 26, 45, 12) 63.87877835530355
Q round423-s17 11 (28, 44, 50, 3) 125.51277877356827
Q round423-s17 10 (53, 51, 52, 20) 88.87317632182283
Q round423-s17 4 (38, 20, 56, 12) 73.7964037796749
Q round423-s17 6 (48, 9, 47, 48) 106.94049084957503
Q round423-s17 1 (62, 60, 51, 62) 53.879476589471594
Q round423-s17 0 (39, 21, 20, 63) 24.219447412088524
Q round423-s17 5 (41, 59, 57, 22) 52.40882630519112
Q round423-s17 15 (11, 17, 54, 48) 64.28992318490569
Q round423-s17 9 (67, 5, 31, 31) 45.266131106301245
Q round423-s17 8 (67, 40, 9, 7) 54.01620396897541
Q round423-s17 7 (12, 15, 61, 26) 135.08222492576525
Q round423-s17 13 (62, 34, 8, 31) 68.88711227422051
Q round423-s17 14 (22, 45, 54, 21) 123.46022238985101
ROUND 423 n 6864 bestJ 19.07316030276427 best (0, 69, 28, 57) eligible 112
Q round424-s17 3 (26, 3, 43, 40) 240.30104583214882
Q round424-s17 9 (57, 63, 21, 55) 105.19119852417838
Q round424-s17 6 (54, 27, 21, 63) 66.42526974525937
Q round424-s17 5 (11, 43, 69, 11) 100.32232250840435
Q round424-s17 15 (23, 1, 64, 13) 195.22503085763643
Q round424-s17 1 (47, 24, 35, 55) 87.92285337307479
Q round424-s17 0 (16, 45, 44, 39) 19.25727967129061
Q round424-s17 14 (4, 59, 33, 46) 50.15596882075005
Q round424-s17 11 (23, 62, 64, 60) 107.71650314340509
Q round424-s17 8 (49, 69, 53, 40) 57.8238017679264
Q round424-s17 13 (22, 30, 69, 42) 322.4891608837365
Q round424-s17 4 (23, 47, 31, 32) 144.02815278813395
Q round424-s17 7 (51, 24, 54, 45) 38.97672039667378
Q round424-s17 2 (46, 25, 55, 57) 111.16090173162905
Q round424-s17 12 (33, 47, 28, 17) 75.95852104869316
Q round424-s17 10 (1, 50, 63, 5) 80.21602868318195
ROUND 424 n 6880 bestJ 19.07316030276427 best (0, 69, 28, 57) eligible 112
Q round425-s17 10 (58, 39, 48, 51) 368.8758764326246
Q round425-s17 3 (0, 16, 25, 43) 76.3756870903457
Q round425-s17 7 (31, 65, 29, 43) 85.17563377615511
Q round425-s17 8 (16, 38, 61, 51) 78.50503475890334
Q round425-s17 11 (26, 9, 29, 7) 47.029914336839184
Q round425-s17 6 (24, 62, 33, 59) 67.47008712408352
Q round425-s17 9 (26, 71, 40, 24) 62.872305777977466
Q round425-s17 1 (5, 32, 62, 50) 96.07455446190043
Q round425-s17 2 (64, 31, 0, 33) 118.1590796327177
Q round425-s17 13 (62, 12, 15, 22) 77.71897330828068
Q round425-s17 4 (40, 46, 54, 26) 223.06086976385848
Q round425-s17 0 (16, 5, 20, 63) 21.222523997370033
Q round425-s17 12 (46, 0, 53, 35) 120.90792729725234
Q round425-s17 14 (59, 28, 51, 45) 100.94167053268626
Q round425-s17 5 (38, 34, 4, 23) 40.10261818999393
Q round425-s17 15 (33, 62, 54, 47) 81.74439030656946
ROUND 425 n 6896 bestJ 19.07316030276427 best (0, 69, 28, 57) eligible 298
Q round426-s17 14 (42, 15, 17, 44) 107.60758611357136
Q round426-s17 11 (20, 38, 39, 12) 50.233292250590054
Q round426-s17 7 (16, 25, 68, 64) 76.33285383981912
Q round426-s17 10 (24, 52, 19, 62) 63.77794030430709
Q round426-s17 9 (41, 43, 32, 6) 55.70273944286212
Q round426-s17 4 (63, 49, 19, 13) 94.48666110026133
Q round426-s17 8 (21, 26, 71, 1) 50.47102356460599
Q round426-s17 12 (12, 25, 49, 23) 65.88548632495151
Q round426-s17 6 (25, 54, 53, 14) 119.10479588444706
Q round426-s17 2 (46, 15, 36, 18) 200.3764499152025
Q round426-s17 13 (60, 50, 22, 13) 138.33169343823076
Q round426-s17 15 (68, 31, 38, 16) 70.6643981286456
Q round426-s17 5 (52, 23, 43, 64) 37.16602203614361
Q round426-s17 0 (38, 53, 44, 16) 22.810788116874196
Q round426-s17 3 (22, 16, 70, 56) 131.81572702990226
Q round426-s17 1 (62, 22, 17, 9) 107.94322950676643
ROUND 426 n 6912 bestJ 19.07316030276427 best (0, 69, 28, 57) eligible 287
Q round427-s17 2 (18, 0, 42, 36) 138.86064413365446
Q round427-s17 6 (66, 41, 18, 52) 149.29891086871442
Q round427-s17 8 (37, 57, 44, 59) 346.7541431109379
Q round427-s17 11 (69, 26, 42, 25) 102.24961292659033
Q round427-s17 15 (66, 11, 51, 14) 300.33451691047304
Q round427-s17 7 (18, 20, 31, 7) 52.741004464743035
Q round427-s17 1 (49, 11, 27, 12) 115.48926494632184
Q round427-s17 3 (49, 4, 14, 27) 83.28437701629991
Q round427-s17 0 (16, 45, 44, 63) 20.61608135792323
Q round427-s17 14 (30, 20, 71, 0) 65.31529713262294
Q round427-s17 13 (27, 19, 3, 67) 105.98997144284971
Q round427-s17 10 (3, 12, 26, 58) 140.2129091333037
Q round427-s17 12 (25, 38, 26, 32) 117.05376713975991
Q round427-s17 5 (27, 29, 47, 10) 459.0287739533738
Q round427-s17 4 (43, 50, 30, 44) 148.437436978772
Q round427-s17 9 (56, 22, 52, 58) 176.29548430259072
ROUND 427 n 6928 bestJ 19.07316030276427 best (0, 69, 28, 57) eligible 129
Q round428-s17 4 (47, 37, 42, 54) 114.08689359405139
Q round428-s17 3 (69, 9, 58, 31) 42.64717933571052
Q round428-s17 12 (26, 43, 40, 55) 55.640585277893045
Q round428-s17 7 (18, 52, 56, 18) 99.38486191289915
Q round428-s17 9 (58, 51, 17, 41) 59.157393799773786
Q round428-s17 11 (21, 10, 51, 27) 147.35710465661458
Q round428-s17 8 (24, 7, 63, 66) 218.7940171516865
Q round428-s17 13 (64, 33, 39, 45) 172.10704944632366
Q round428-s17 0 (0, 21, 44, 39) 20.36416273646752
Q round428-s17 5 (35, 41, 54, 33) 60.355834258902114
Q round428-s17 15 (70, 10, 18, 17) 46.88869561177765
Q round428-s17 14 (68, 3, 26, 42) 173.9566729517667
Q round428-s17 1 (64, 71, 63, 49) 105.63586665815227
Q round428-s17 6 (17, 17, 46, 66) 156.86176979345018
Q round428-s17 2 (3, 48, 30, 52) 45.03540010465654
Q round428-s17 10 (49, 41, 46, 32) 94.13793335320591
ROUND 428 n 6944 bestJ 19.07316030276427 best (0, 69, 28, 57) eligible 117
Q round429-s17 2 (63, 10, 18, 43) 275.2438197258056
Q round429-s17 3 (45, 35, 8, 34) 479.5067687017028
Q round429-s17 5 (61, 70, 67, 29) 158.4740140235861
Q round429-s17 1 (66, 24, 12, 37) 405.95874529955927
Q round429-s17 11 (61, 51, 30, 30) 57.31359419637431
Q round429-s17 7 (45, 19, 21, 38) 231.28138984742893
Q round429-s17 4 (38, 15, 26, 43) 117.4666593439926
Q round429-s17 6 (1, 19, 47, 62) 64.31499275491733
Q round429-s17 8 (39, 25, 54, 23) 85.1039227251916
Q round429-s17 0 (0, 45, 44, 63) 21.775770334726353
Q round429-s17 14 (35, 68, 27, 35) 80.00289384088525
Q round429-s17 10 (64, 0, 54, 1) 82.25895400539865
Q round429-s17 15 (70, 49, 66, 45) 213.34543487610972
Q round429-s17 12 (44, 10, 22, 42) 190.08945278965572
Q round429-s17 9 (25, 50, 63, 6) 64.9806917240419
Q round429-s17 13 (17, 56, 38, 6) 80.52387186177612
ROUND 429 n 6960 bestJ 19.07316030276427 best (0, 69, 28, 57) eligible 106
Q round430-s17 6 (8, 44, 37, 3) 679.6396729003882
Q round430-s17 2 (69, 58, 51, 43) 152.8650339801328
Q round430-s17 11 (58, 20, 36, 57) 186.76689944938192
Q round430-s17 12 (13, 4, 37, 55) 86.59382121134561
Q round430-s17 1 (40, 35, 67, 30) 56.69531709576602
Q round430-s17 10 (58, 62, 19, 40) 97.1900297343248
Q round430-s17 13 (5, 29, 45, 64) 220.130260095554
Q round430-s17 0 (16, 45, 20, 39) 19.12621627437738
Q round430-s17 9 (68, 21, 15, 11) 349.71809999302366
Q round430-s17 3 (3, 69, 25, 68) 361.04434664478873
Q round430-s17 15 (70, 29, 33, 59) 44.63153273500124
Q round430-s17 5 (23, 1, 30, 70) 114.65703495344624
Q round430-s17 14 (46, 63, 52, 33) 103.70774175421471
Q round430-s17 8 (14, 18, 16, 39) 79.87823024279474
Q round430-s17 7 (28, 7, 34, 29) 143.58312513433614
Q round430-s17 4 (3, 32, 69, 31) 47.048091830800615
ROUND 430 n 6976 bestJ 19.07316030276427 best (0, 69, 28, 57) eligible 109
Q round431-s17 6 (69, 7, 59, 43) 232.78551515906923
Q round431-s17 11 (59, 19, 39, 13) 1219.4596199611185
Q round431-s17 1 (58, 24, 47, 43) 173.12895751932
Q round431-s17 14 (55, 3, 58, 19) 114.38599117491935
Q round431-s17 9 (35, 13, 34, 3) 120.54886010019965
Q round431-s17 15 (26, 40, 6, 20) 69.0128850742806
Q round431-s17 3 (42, 38, 27, 27) 105.43477155876869
Q round431-s17 10 (40, 4, 71, 9) 58.89486667129289
Q round431-s17 0 (16, 45, 4, 39) 18.20120939039346
Q round431-s17 4 (71, 65, 7, 17) 90.3176296325191
Q round431-s17 7 (33, 2, 51, 59) 114.09591420539002
Q round431-s17 8 (39, 10, 16, 22) 58.565343674676036
Q round431-s17 5 (13, 45, 30, 56) 37.31603384789604
Q round431-s17 2 (35, 27, 38, 24) 53.903778630384046
Q round431-s17 13 (67, 29, 18, 58) 210.52693052293378
Q round431-s17 12 (56, 71, 55, 33) 94.8166262849976
ROUND 431 n 6992 bestJ 18.20120939039346 best (16, 45, 4, 39) eligible 118
Q round432-s17 15 (23, 16, 15, 67) 115.99749076984324
Q round432-s17 5 (18, 33, 30, 37) 43.554312943038155
Q round432-s17 7 (21, 67, 21, 57) 164.40801290673224
Q round432-s17 6 (18, 33, 48, 62) 44.07499378945276
Q round432-s17 13 (45, 18, 26, 58) 246.33515879691075
Q round432-s17 2 (0, 29, 14, 68) 45.92546747183296
Q round432-s17 14 (58, 37, 13, 32) 190.46928138888072
Q round432-s17 9 (37, 31, 41, 29) 90.21742573612596
Q round432-s17 3 (60, 29, 61, 41) 80.98816809254178
Q round432-s17 11 (11, 33, 33, 51) 253.33077518449235
Q round432-s17 0 (0, 29, 52, 33) 21.592985374833795
Q round432-s17 10 (60, 67, 28, 21) 77.22543089452623
Q round432-s17 1 (6, 38, 45, 2) 268.6920898204218
Q round432-s17 4 (35, 0, 11, 46) 44.464808389515085
Q round432-s17 8 (1, 40, 46, 43) 79.74365529556837
Q round432-s17 12 (15, 70, 7, 25) 106.921171547302
ROUND 432 n 7008 bestJ 18.20120939039346 best (16, 45, 4, 39) eligible 297
Q round433-s17 14 (47, 8, 69, 51) 97.58828502547863
Q round433-s17 12 (61, 69, 10, 41) 2607.3168509024017
Q round433-s17 2 (45, 41, 5, 9) 57.063427712540864
Q round433-s17 5 (9, 27, 42, 12) 98.93065942780491
Q round433-s17 3 (48, 21, 67, 20) 507.7283968371243
Q round433-s17 4 (58, 68, 48, 36) 168.6550869219802
Q round433-s17 13 (33, 58, 35, 43) 109.95460880897004
Q round433-s17 11 (5, 59, 43, 29) 113.66741346005824
Q round433-s17 1 (69, 0, 71, 53) 60.103035130519594
Q round433-s17 0 (0, 45, 44, 39) 20.604085223923555
Q round433-s17 6 (59, 38, 64, 21) 38.33900520805579
Q round433-s17 8 (54, 37, 47, 51) 69.36730034136924
Q round433-s17 15 (19, 63, 65, 66) 43.761600799713634
Q round433-s17 10 (57, 16, 56, 71) 89.3170863681041
Q round433-s17 9 (14, 57, 71, 55) 94.23836351101535
Q round433-s17 7 (38, 49, 11, 48) 52.52766382592929
ROUND 433 n 7024 bestJ 18.20120939039346 best (16, 45, 4, 39) eligible 60
Q round434-s17 2 (53, 71, 42, 13) 111.02251043951954
Q round434-s17 13 (30, 7, 50, 35) 101.6028920283604
Q round434-s17 1 (55, 60, 71, 56) 86.89563177003981
Q round434-s17 11 (63, 20, 50, 32) 229.45189116725274
Q round434-s17 5 (50, 0, 64, 62) 42.256880471056505
Q round434-s17 4 (57, 42, 17, 27) 777.1911215786604
Q round434-s17 12 (23, 52, 61, 13) 56.800774430717865
Q round434-s17 0 (16, 69, 68, 32) 21.001891491408102
Q round434-s17 10 (19, 36, 71, 46) 52.565817400279734
Q round434-s17 8 (52, 35, 18, 31) 167.9087021670581
Q round434-s17 14 (68, 4, 24, 56) 48.890366584742246
Q round434-s17 9 (65, 56, 42, 66) 179.49345510291198
Q round434-s17 7 (67, 39, 43, 14) 51.05072645169239
Q round434-s17 3 (4, 63, 6, 58) 52.39255205820703
Q round434-s17 6 (33, 61, 71, 47) 72.74784508443123
Q round434-s17 15 (40, 7, 55, 16) 123.22078365581166
ROUND 434 n 7040 bestJ 18.20120939039346 best (16, 45, 4, 39) eligible 139
Q round435-s17 7 (21, 31, 2, 25) 60.103405402797144
Q round435-s17 8 (39, 34, 29, 30) 52.70812378085884
Q round435-s17 14 (47, 24, 2, 66) 342.4937446442054
Q round435-s17 15 (13, 65, 2, 64) 92.73006918394586
Q round435-s17 10 (42, 6, 70, 0) 67.26724250883282
Q round435-s17 12 (29, 14, 46, 7) 84.47153824668094
Q round435-s17 5 (58, 63, 16, 24) 58.847983423043054
Q round435-s17 9 (24, 20, 12, 34) 278.4671370468464
Q round435-s17 6 (56, 43, 35, 42) 116.21133850119502
Q round435-s17 3 (9, 25, 24, 60) 80.06654594726473
Q round435-s17 0 (39, 45, 20, 39) 20.463650079417626
Q round435-s17 13 (4, 38, 12, 59) 214.64240397224793
Q round435-s17 11 (70, 18, 24, 30) 73.50729164718379
Q round435-s17 2 (25, 22, 34, 40) 150.66090242861992
Q round435-s17 1 (33, 55, 62, 70) 84.6414055366994
Q round435-s17 4 (9, 16, 19, 30) 52.61646748602741
ROUND 435 n 7056 bestJ 18.20120939039346 best (16, 45, 4, 39) eligible 114
Q round436-s17 11 (61, 56, 9, 68) 51.54783816282304
Q round436-s17 12 (56, 24, 35, 20) 46.01230344204034
Q round436-s17 9 (8, 19, 49, 43) 784.9665511461931
Q round436-s17 3 (57, 59, 24, 41) 52.23385214817887
Q round436-s17 2 (23, 28, 54, 39) 79.6913842710529
Q round436-s17 13 (15, 23, 62, 36) 114.01593072148239
Q round436-s17 10 (42, 26, 48, 17) 109.52513394055967
Q round436-s17 0 (0, 29, 28, 57) 20.310113193047965
Q round436-s17 5 (9, 62, 50, 42) 202.53440249547023
Q round436-s17 1 (22, 29, 29, 57) 75.54186327670418
Q round436-s17 6 (38, 17, 14, 68) 82.46906374260283
Q round436-s17 8 (52, 31, 51, 34) 348.2902509416421
Q round436-s17 14 (44, 0, 38, 61) 48.76883825448381
Q round436-s17 4 (17, 42, 31, 2) 51.48999245495655
Q round436-s17 15 (70, 13, 20, 40) 52.40798661749804
Q round436-s17 7 (65, 8, 15, 61) 205.82000058766005
ROUND 436 n 7072 bestJ 18.20120939039346 best (16, 45, 4, 39) eligible 174
Q round437-s17 13 (2, 51, 53, 23) 1791.9137643125705
Q round437-s17 7 (10, 36, 47, 54) 59.64949438804831
Q round437-s17 4 (29, 20, 26, 21) 137.27691637958884
Q round437-s17 11 (40, 43, 47, 64) 66.67891839879279
Q round437-s17 3 (62, 8, 20, 43) 64.4368445650522
Q round437-s17 14 (37, 34, 34, 37) 163.36668827962592
Q round437-s17 0 (39, 45, 20, 63) 20.707273639193264
Q round437-s17 5 (15, 71, 12, 29) 163.88195365833965
Q round437-s17 6 (11, 27, 8, 41) 57.66429568655936
Q round437-s17 2 (36, 27, 56, 71) 49.12739000278993
Q round437-s17 15 (35, 6, 45, 7) 54.782467826716264
Q round437-s17 10 (26, 5, 12, 64) 316.35540645199785
Q round437-s17 12 (48, 32, 51, 16) 39.82178514509325
Q round437-s17 8 (20, 2, 42, 23) 89.86680500708769
Q round437-s17 9 (44, 48, 8, 57) 50.87465516306476
Q round437-s17 1 (14, 14, 4, 46) 95.83821637581094
ROUND 437 n 7088 bestJ 18.20120939039346 best (16, 45, 4, 39) eligible 105
Q round438-s17 9 (61, 14, 43, 27) 320.77754798978003
Q round438-s17 5 (10, 26, 2, 43) 194.86820094712903
Q round438-s17 3 (64, 36, 5, 70) 46.84756401697838
Q round438-s17 7 (64, 7, 28, 2) 187.37755811323024
Q round438-s17 12 (69, 16, 32, 18) 52.73828496895501
Q round438-s17 11 (4, 69, 69, 36) 121.13716296865711
Q round438-s17 6 (13, 45, 0, 18) 204.37389942853318
Q round438-s17 1 (54, 17, 61, 59) 99.72344510818655
Q round438-s17 0 (63, 29, 20, 39) 20.886252499263417
Q round438-s17 8 (54, 60, 63, 17) 65.35473493295905
Q round438-s17 4 (50, 66, 34, 7) 93.75822300468134
Q round438-s17 14 (43, 36, 18, 23) 274.12232620703094
Q round438-s17 13 (35, 63, 54, 53) 49.39785247732477
Q round438-s17 15 (9, 38, 63, 42) 164.2813419163473
Q round438-s17 10 (28, 48, 49, 33) 53.17258151013221
Q round438-s17 2 (9, 57, 62, 6) 75.71815593543312
ROUND 438 n 7104 bestJ 18.20120939039346 best (16, 45, 4, 39) eligible 120
Q round439-s17 10 (56, 24, 24, 44) 91.36011633780157
Q round439-s17 14 (24, 37, 37, 63) 90.68727302516217
Q round439-s17 5 (66, 22, 12, 50) 166.10032731986888
Q round439-s17 9 (32, 6, 15, 4) 95.62212699183894
Q round439-s17 15 (18, 15, 38, 17) 50.560307313310666
Q round439-s17 11 (24, 68, 53, 9) 45.68291444224672
Q round439-s17 7 (62, 28, 43, 9) 77.16148992969792
Q round439-s17 3 (30, 3, 56, 18) 155.4971251084389
Q round439-s17 0 (0, 21, 28, 56) 25.004096481982444
Q round439-s17 1 (59, 67, 15, 65) 52.31848966851238
Q round439-s17 8 (59, 21, 6, 34) 262.62064914994386
Q round439-s17 6 (25, 47, 17, 12) 97.43441630162145
Q round439-s17 13 (20, 26, 28, 48) 686.8702747315542
Q round439-s17 2 (55, 71, 71, 40) 132.63976848968193
Q round439-s17 12 (22, 6, 44, 27) 97.57840883955475
Q round439-s17 4 (41, 55, 63, 54) 111.55339397019478
ROUND 439 n 7120 bestJ 18.20120939039346 best (16, 45, 4, 39) eligible 119
Q round440-s17 7 (0, 35, 9, 51) 1485.7690813105107
Q round440-s17 6 (8, 9, 51, 3) 183.65104743012975
Q round440-s17 13 (55, 50, 25, 43) 73.85301401681762
Q round440-s17 8 (4, 66, 42, 60) 123.3431771784251
Q round440-s17 9 (18, 28, 11, 10) 151.54044436697524
Q round440-s17 11 (31, 11, 21, 50) 144.9841901037916
Q round440-s17 12 (23, 3, 9, 11) 219.4345564721241
Q round440-s17 3 (59, 40, 31, 43) 77.8924765676789
Q round440-s17 0 (63, 45, 44, 39) 19.944025790320737
Q round440-s17 4 (58, 66, 61, 24) 150.24683486687513
Q round440-s17 1 (1, 28, 49, 54) 56.796008267864366
Q round440-s17 14 (54, 18, 68, 44) 133.78199634570828
Q round440-s17 5 (44, 31, 61, 63) 62.67798627259182
Q round440-s17 15 (27, 0, 63, 50) 36.086804929832404
Q round440-s17 10 (43, 31, 35, 50) 96.29874421454087
Q round440-s17 2 (8, 47, 40, 0) 150.99394492247527
ROUND 440 n 7136 bestJ 18.20120939039346 best (16, 45, 4, 39) eligible 125
Q round441-s17 5 (50, 33, 43, 39) 583.9441536244555
Q round441-s17 3 (45, 45, 66, 59) 129.44139684868853
Q round441-s17 7 (50, 54, 55, 25) 59.16297785276231
Q round441-s17 1 (42, 19, 42, 46) 110.66096396296221
Q round441-s17 12 (63, 27, 37, 35) 254.76150769655945
Q round441-s17 15 (37, 4, 54, 61) 47.527434277619236
Q round441-s17 14 (45, 2, 0, 60) 424.14957292659324
Q round441-s17 13 (62, 60, 65, 22) 71.76027294122409
Q round441-s17 8 (58, 18, 53, 22) 211.64006866148446
Q round441-s17 0 (0, 5, 12, 39) 21.360892285207253
Q round441-s17 2 (52, 68, 38, 40) 43.843043088831465
Q round441-s17 6 (67, 57, 49, 10) 53.72890405799096
Q round441-s17 10 (38, 57, 24, 63) 84.64047081058547
Q round441-s17 4 (63, 14, 64, 58) 218.55056507157406
Q round441-s17 11 (22, 6, 71, 29) 223.07461360479266
Q round441-s17 9 (65, 31, 12, 32) 103.73043494882276
ROUND 441 n 7152 bestJ 18.20120939039346 best (16, 45, 4, 39) eligible 118
Q round442-s17 14 (66, 35, 10, 67) 125.89212546696638
Q round442-s17 2 (50, 30, 41, 49) 54.60063278198436
Q round442-s17 12 (45, 17, 39, 61) 55.48361475028143
Q round442-s17 5 (61, 32, 48, 30) 67.87622090141558
Q round442-s17 10 (18, 47, 7, 2) 46.05963841466664
Q round442-s17 9 (44, 38, 66, 41) 51.457239440107415
Q round442-s17 11 (7, 37, 46, 12) 88.38676066823446
Q round442-s17 15 (67, 47, 18, 30) 47.66468859086111
Q round442-s17 6 (38, 36, 6, 58) 72.18955539690272
Q round442-s17 13 (63, 42, 56, 25) 47.22735190868707
Q round442-s17 1 (56, 1, 25, 31) 71.93978717266528
Q round442-s17 7 (59, 3, 47, 1) 51.483039741137475
Q round442-s17 0 (39, 21, 20, 39) 23.335464262018803
Q round442-s17 3 (4, 12, 62, 16) 44.41271344973229
Q round442-s17 8 (44, 31, 16, 69) 56.97591134275054
Q round442-s17 4 (49, 1, 19, 53) 65.1590046547477
ROUND 442 n 7168 bestJ 18.20120939039346 best (16, 45, 4, 39) eligible 120
Q round443-s17 14 (13, 31, 50, 33) 54.267021402748234
Q round443-s17 12 (45, 64, 18, 21) 246.19378585595044
Q round443-s17 1 (66, 52, 13, 16) 285.2827067992216
Q round443-s17 8 (13, 64, 24, 22) 67.10058697000919
Q round443-s17 6 (17, 37, 2, 20) 90.75053402251308
Q round443-s17 5 (33, 44, 39, 69) 44.89832981532994
Q round443-s17 11 (21, 34, 54, 15) 46.75856694242361
Q round443-s17 10 (55, 37, 70, 37) 137.91529791749997
Q round443-s17 9 (60, 20, 71, 12) 86.14798848117145
Q round443-s17 15 (41, 30, 48, 60) 98.83983435485185
Q round443-s17 0 (63, 5, 52, 39) 22.828297733040092
Q round443-s17 7 (6, 42, 38, 67) 50.63809028917065
Q round443-s17 4 (11, 63, 5, 58) 202.26982469871263
Q round443-s17 13 (19, 69, 35, 47) 80.17848587235666
Q round443-s17 3 (68, 0, 1, 13) 40.99575388957753
Q round443-s17 2 (27, 18, 55, 14) 51.93109369220539
ROUND 443 n 7184 bestJ 18.20120939039346 best (16, 45, 4, 39) eligible 184
Q round444-s17 8 (69, 47, 58, 13) 63.83810150525452
Q round444-s17 5 (42, 22, 11, 31) 57.26916984181875
Q round444-s17 2 (2, 56, 24, 71) 47.14035763433646
Q round444-s17 7 (42, 71, 11, 71) 69.73043226736232
Q round444-s17 6 (50, 61, 38, 11) 133.3955609372517
Q round444-s17 9 (34, 24, 47, 29) 44.22858735384711
Q round444-s17 10 (50, 37, 62, 57) 74.19091444666279
Q round444-s17 15 (32, 14, 48, 41) 95.251930025492
Q round444-s17 0 (0, 21, 44, 38) 20.96039831302454
Q round444-s17 13 (28, 35, 17, 5) 305.8337180464476
Q round444-s17 11 (36, 48, 1, 36) 48.60963475213394
Q round444-s17 14 (49, 56, 45, 37) 130.63415419997813
Q round444-s17 12 (3, 16, 5, 22) 51.98572132981295
Q round444-s17 4 (27, 47, 15, 16) 73.626540859762
Q round444-s17 1 (7, 38, 71, 66) 263.17683970198595
Q round444-s17 3 (17, 62, 6, 9) 72.65375031672797
ROUND 444 n 7200 bestJ 18.20120939039346 best (16, 45, 4, 39) eligible 109
Q round445-s17 14 (56, 8, 50, 54) 119.65395607902718
Q round445-s17 2 (32, 1, 18, 54) 89.56742053238463
Q round445-s17 8 (55, 48, 8, 35) 123.6204120713969
Q round445-s17 13 (34, 56, 15, 19) 225.1356216452599
Q round445-s17 15 (18, 49, 17, 46) 59.04160746320273
Q round445-s17 11 (61, 41, 70, 27) 43.6433334732223
Q round445-s17 6 (58, 39, 46, 59) 97.63507835771401
Q round445-s17 10 (40, 62, 6, 48) 92.91784324207752
Q round445-s17 7 (27, 27, 61, 4) 83.52435849420151
Q round445-s17 5 (26, 5, 21, 58) 217.2487886086061
Q round445-s17 0 (0, 45, 52, 56) 21.998152251409817
Q round445-s17 3 (11, 20, 67, 61) 73.2257819605821
Q round445-s17 9 (67, 60, 16, 36) 68.60708884856584
Q round445-s17 1 (12, 70, 49, 53) 51.79379056626697
Q round445-s17 4 (38, 33, 49, 5) 142.03364648518368
Q round445-s17 12 (68, 61, 25, 62) 42.4594957357099
ROUND 445 n 7216 bestJ 18.20120939039346 best (16, 45, 4, 39) eligible 174
Q round446-s17 5 (10, 51, 47, 4) 907.3239097515406
Q round446-s17 7 (26, 11, 6, 14) 55.25759389548767
Q round446-s17 12 (0, 68, 56, 25) 58.473281691678515
Q round446-s17 3 (48, 51, 69, 27) 114.17274755840509
Q round446-s17 2 (69, 63, 59, 63) 47.54194807342644
Q round446-s17 9 (60, 8, 63, 28) 47.962219689657154
Q round446-s17 13 (35, 39, 30, 4) 52.6001298158059
Q round446-s17 4 (7, 65, 47, 14) 100.4108343470365
Q round446-s17 15 (14, 25, 63, 51) 79.37558583902243
Q round446-s17 14 (1, 46, 21, 27) 94.63037304420237
Q round446-s17 0 (0, 21, 4, 39) 21.350862964080235
Q round446-s17 10 (6, 1, 53, 30) 120.08486118397589
Q round446-s17 8 (32, 18, 24, 8) 34.32607058781083
Q round446-s17 11 (51, 9, 19, 58) 79.64423416082808
Q round446-s17 1 (30, 55, 71, 30) 116.20577177597167
Q round446-s17 6 (71, 62, 27, 40) 67.24945929870078
ROUND 446 n 7232 bestJ 18.20120939039346 best (16, 45, 4, 39) eligible 171
Q round447-s17 15 (34, 45, 37, 25) 1961.402381933054
Q round447-s17 14 (64, 38, 18, 32) 120.88814576933056
Q round447-s17 5 (24, 66, 7, 42) 85.16834980544516
Q round447-s17 3 (69, 44, 2, 13) 135.99313467879688
Q round447-s17 9 (0, 13, 69, 23) 69.3735974811831
Q round447-s17 2 (69, 10, 13, 71) 349.5122399952959
Q round447-s17 12 (66, 48, 55, 16) 62.85909661367543
Q round447-s17 10 (0, 3, 56, 21) 127.73127533724372
Q round447-s17 4 (63, 50, 46, 58) 76.00845818561844
Q round447-s17 1 (40, 21, 44, 29) 167.5409006885636
Q round447-s17 0 (39, 21, 28, 39) 19.90226132534999
Q round447-s17 11 (38, 7, 33, 11) 98.79159653155415
Q round447-s17 8 (39, 31, 1, 45) 197.10749310240342
Q round447-s17 13 (19, 62, 32, 69) 45.97561936486121
Q round447-s17 7 (49, 71, 10, 23) 155.40081459744533
Q round447-s17 6 (67, 48, 22, 48) 67.50691808577962
ROUND 447 n 7248 bestJ 18.20120939039346 best (16, 45, 4, 39) eligible 173
Q round448-s17 3 (3, 45, 67, 49) 25476.405574843564
Q round448-s17 15 (37, 71, 55, 67) 46.043626318891434
Q round448-s17 9 (70, 36, 42, 1) 45.630814630146716
Q round448-s17 13 (63, 11, 45, 4) 176.9366907694577
Q round448-s17 10 (47, 10, 12, 50) 118.64930711133725
Q round448-s17 5 (55, 49, 17, 36) 90.54377017659125
Q round448-s17 6 (31, 27, 46, 56) 68.14100883769446
Q round448-s17 1 (37, 31, 32, 55) 87.30745154480526
Q round448-s17 14 (33, 27, 34, 22) 102.31406424946174
Q round448-s17 8 (13, 61, 62, 61) 68.0204134497777
Q round448-s17 2 (29, 42, 22, 55) 48.45292171460758
Q round448-s17 4 (59, 71, 65, 11) 69.21806918644495
Q round448-s17 0 (0, 45, 20, 63) 21.13555391061438
Q round448-s17 7 (68, 24, 60, 6) 40.6464162984011
Q round448-s17 11 (43, 5, 44, 70) 136.60886619315295
Q round448-s17 12 (25, 29, 43, 58) 202.13217100571666
ROUND 448 n 7264 bestJ 18.20120939039346 best (16, 45, 4, 39) eligible 131
Q round449-s17 15 (58, 4, 4, 0) 826.5809363567024
Q round449-s17 5 (9, 52, 42, 44) 201.87908032602203
Q round449-s17 10 (39, 0, 30, 60) 87.73243256129483
Q round449-s17 12 (63, 63, 61, 32) 131.56803030946634
Q round449-s17 9 (69, 4, 16, 61) 93.35046145589513
Q round449-s17 1 (8, 11, 1, 38) 55.65341080858137
Q round449-s17 11 (50, 37, 10, 0) 101.15947427797644
Q round449-s17 4 (7, 41, 5, 29) 201.51909828550146
Q round449-s17 6 (26, 10, 54, 5) 181.69832061839887
Q round449-s17 0 (63, 29, 20, 63) 22.96194033370006
Q round449-s17 8 (11, 51, 41, 9) 58.73549303085874
Q round449-s17 7 (53, 53, 14, 0) 37.596266305605845
Q round449-s17 14 (50, 29, 15, 61) 509.0632550615289
Q round449-s17 13 (52, 37, 62, 56) 40.216900636954776
Q round449-s17 3 (70, 23, 30, 45) 228.09330143451666
Q round449-s17 2 (70, 45, 22, 31) 86.28618798368669
ROUND 449 n 7280 bestJ 18.20120939039346 best (16, 45, 4, 39) eligible 113
Q round450-s17 6 (63, 42, 66, 0) 82.72429121555497
Q round450-s17 9 (5, 5, 5, 4) 113.94342882915602
Q round450-s17 7 (34, 15, 29, 16) 35.050064253455204
Q round450-s17 4 (45, 11, 13, 48) 353.98289275577446
Q round450-s17 1 (54, 35, 66, 32) 117.98012845234126
Q round450-s17 14 (37, 58, 35, 42) 154.37022574706916
Q round450-s17 15 (48, 14, 0, 66) 288.6584010945756
Q round450-s17 8 (8, 62, 51, 25) 54.349370790802965
Q round450-s17 0 (40, 5, 12, 39) 21.253068377968663
Q round450-s17 3 (24, 50, 38, 24) 52.28955874914529
Q round450-s17 5 (24, 32, 14, 69) 224.05830111433616
Q round450-s17 13 (14, 47, 34, 34) 386.95478119043025
Q round450-s17 2 (20, 38, 11, 9) 50.86435977271613
Q round450-s17 12 (35, 18, 36, 48) 185.39459319587226
Q round450-s17 10 (54, 66, 63, 42) 121.39320762646175
Q round450-s17 11 (65, 16, 28, 8) 78.54190529920056
ROUND 450 n 7296 bestJ 18.20120939039346 best (16, 45, 4, 39) eligible 115
Q round451-s17 15 (13, 39, 47, 16) 77.56348553174362
Q round451-s17 11 (17, 56, 69, 62) 97.54516736313576
Q round451-s17 4 (14, 44, 69, 24) 38.75938904558902
Q round451-s17 2 (23, 1, 51, 71) 68.80947687812537
Q round451-s17 0 (0, 29, 52, 57) 21.332603084277363
Q round451-s17 10 (59, 36, 32, 66) 266.3056661246213
Q round451-s17 8 (59, 35, 23, 7) 57.36755068933658
Q round451-s17 5 (57, 49, 1, 4) 65.38931244948435
Q round451-s17 13 (54, 25, 12, 68) 65.2334424902706
Q round451-s17 3 (55, 57, 67, 64) 51.688763245000644
Q round451-s17 12 (40, 15, 22, 2) 370.63896864847635
Q round451-s17 7 (49, 21, 10, 64) 44.231505311809215
Q round451-s17 14 (55, 8, 65, 25) 181.21458491305685
Q round451-s17 6 (4, 69, 16, 38) 44.39482389115879
Q round451-s17 9 (56, 23, 4, 32) 84.09529423555045
Q round451-s17 1 (6, 69, 69, 61) 101.81023738765627
ROUND 451 n 7312 bestJ 18.20120939039346 best (16, 45, 4, 39) eligible 156
Q round452-s17 1 (39, 69, 71, 36) 53.94652449470261
Q round452-s17 13 (48, 23, 29, 39) 154.47631886837405
Q round452-s17 5 (66, 32, 70, 64) 51.905418352974614
Q round452-s17 9 (45, 10, 34, 50) 238.43477165468096
Q round452-s17 2 (16, 64, 1, 69) 151.51626609242243
Q round452-s17 4 (20, 3, 21, 43) 107.20181947753912
Q round452-s17 12 (63, 61, 39, 50) 239.62374980382634
Q round452-s17 11 (0, 29, 62, 69) 92.80659860809477
Q round452-s17 0 (16, 29, 44, 63) 24.759690869486985
Q round452-s17 3 (58, 13, 65, 65) 46.44693501917382
Q round452-s17 10 (57, 39, 56, 6) 80.3908641996371
Q round452-s17 7 (12, 66, 14, 2) 160.9735734871083
Q round452-s17 14 (4, 61, 16, 22) 42.55987620393278
Q round452-s17 6 (31, 55, 31, 23) 125.17086976560067
Q round452-s17 15 (41, 7, 70, 2) 376.686669811962
Q round452-s17 8 (33, 6, 1, 13) 235.6073216057491
ROUND 452 n 7328 bestJ 18.20120939039346 best (16, 45, 4, 39) eligible 161
Q round453-s17 3 (53, 55, 2, 59) 222.10018073951426
Q round453-s17 11 (42, 40, 45, 44) 147.7983893518535
Q round453-s17 14 (42, 28, 25, 3) 122.96486011529949
Q round453-s17 6 (69, 67, 35, 63) 192.56179064230454
Q round453-s17 8 (15, 59, 50, 26) 115.929044303798
Q round453-s17 15 (69, 53, 4, 3) 109.48818532080469
Q round453-s17 2 (36, 32, 44, 3) 176.05486520084563
Q round453-s17 4 (56, 8, 36, 54) 80.36375592317056
Q round453-s17 0 (63, 21, 20, 39) 23.085348794345627
Q round453-s17 10 (70, 10, 66, 68) 109.3988086705913
Q round453-s17 5 (68, 44, 55, 33) 45.602601656678516
Q round453-s17 13 (12, 4, 62, 11) 235.95052835847125
Q round453-s17 12 (67, 69, 19, 46) 100.92523124723934
Q round453-s17 1 (70, 39, 70, 46) 98.6694771123167
Q round453-s17 7 (55, 64, 56, 63) 122.30292728716331
Q round453-s17 9 (57, 64, 55, 69) 159.142242450174
ROUND 453 n 7344 bestJ 18.20120939039346 best (16, 45, 4, 39) eligible 98
Q round454-s17 15 (56, 48, 42, 54) 109.19155441563221
Q round454-s17 13 (29, 33, 4, 2) 114.7398298916405
Q round454-s17 12 (13, 60, 44, 56) 184.9995531751414
Q round454-s17 14 (1, 36, 43, 19) 113.6849447553166
Q round454-s17 9 (60, 14, 24, 36) 62.61232552702638
Q round454-s17 10 (16, 9, 54, 69) 117.68192556958627
Q round454-s17 0 (16, 5, 44, 39) 20.7493105363031
Q round454-s17 6 (41, 2, 50, 18) 200.61794138064604
Q round454-s17 7 (27, 48, 15, 3) 95.52864112452413
Q round454-s17 4 (27, 6, 24, 69) 53.781018930724194
Q round454-s17 8 (35, 0, 59, 48) 47.46567450767132
Q round454-s17 3 (38, 13, 63, 26) 94.23949529099497
Q round454-s17 11 (1, 69, 5, 37) 52.70461114960002
Q round454-s17 2 (71, 23, 9, 46) 86.46870244999965
Q round454-s17 1 (38, 7, 17, 57) 115.08373961815677
Q round454-s17 5 (19, 2, 25, 40) 58.10614332786393
ROUND 454 n 7360 bestJ 18.20120939039346 best (16, 45, 4, 39) eligible 170
Q round455-s17 11 (29, 63, 67, 59) 158.49822364746404
Q round455-s17 6 (58, 4, 71, 54) 52.12245486901678
Q round455-s17 4 (42, 60, 36, 60) 212.23704926923165
Q round455-s17 10 (53, 39, 56, 22) 68.4467590592309
Q round455-s17 2 (31, 11, 19, 43) 99.28252716353518
Q round455-s17 15 (28, 51, 30, 18) 445.50445125366895
Q round455-s17 3 (62, 47, 46, 67) 95.2936827010633
Q round455-s17 5 (47, 50, 19, 65) 42.32530467484116
Q round455-s17 0 (63, 5, 12, 39) 20.220384429356184
Q round455-s17 14 (11, 68, 51, 15) 139.28798966815316
Q round455-s17 12 (46, 12, 47, 45) 59.9341375894619
Q round455-s17 8 (35, 47, 46, 1) 69.385616258985
Q round455-s17 7 (54, 9, 45, 40) 129.119873242294
Q round455-s17 1 (14, 15, 27, 42) 181.73352826795085
Q round455-s17 13 (0, 39, 59, 46) 61.149784481818365
Q round455-s17 9 (56, 31, 33, 25) 85.93680173488572
ROUND 455 n 7376 bestJ 18.20120939039346 best (16, 45, 4, 39) eligible 183
Q round456-s17 9 (5, 41, 69, 11) 378.7471506357902
Q round456-s17 6 (48, 29, 5, 41) 52.62995693411644
Q round456-s17 3 (37, 56, 30, 68) 34.029991522945764
Q round456-s17 11 (45, 52, 31, 66) 180.80842634880682
Q round456-s17 2 (37, 24, 30, 8) 79.86252608037961
Q round456-s17 13 (49, 64, 5, 63) 122.36547223296279
Q round456-s17 1 (27, 45, 12, 8) 905.5854813681514
Q round456-s17 15 (33, 60, 49, 64) 55.60371962894
Q round456-s17 0 (16, 29, 68, 57) 21.66683885758036
Q round456-s17 12 (32, 21, 71, 0) 57.93916861507492
Q round456-s17 10 (59, 8, 26, 47) 57.091080474565935
Q round456-s17 5 (38, 38, 11, 68) 39.24380468651888
Q round456-s17 7 (60, 5, 67, 33) 621.6024294281556
Q round456-s17 4 (35, 43, 22, 63) 50.10155364171441
Q round456-s17 14 (53, 13, 12, 46) 59.170596570260756
Q round456-s17 8 (44, 39, 20, 16) 38.35320768538833
ROUND 456 n 7392 bestJ 18.20120939039346 best (16, 45, 4, 39) eligible 120
Q round457-s17 14 (63, 53, 12, 27) 58799.653492214005
Q round457-s17 15 (37, 37, 2, 63) 542.1594370495623
Q round457-s17 2 (8, 12, 31, 14) 74.62465341056584
Q round457-s17 6 (8, 4, 31, 29) 51.75026271530101
Q round457-s17 1 (62, 20, 30, 16) 69.94156596317164
Q round457-s17 11 (60, 64, 43, 19) 143.61560390082357
Q round457-s17 12 (41, 47, 2, 62) 154.51781268684672
Q round457-s17 0 (0, 45, 4, 39) 20.530453564828786
Q round457-s17 9 (60, 55, 10, 23) 79.20891841097983
Q round457-s17 5 (36, 9, 17, 46) 64.11942880351805
Q round457-s17 10 (64, 46, 1, 25) 93.83454822555345
Q round457-s17 7 (28, 54, 41, 10) 55.81377466454776
Q round457-s17 8 (55, 24, 55, 30) 111.17181505395546
Q round457-s17 3 (4, 65, 54, 60) 38.60458386068437
Q round457-s17 13 (46, 16, 17, 66) 200.7505933617304
Q round457-s17 4 (56, 7, 28, 57) 88.16987383514598
ROUND 457 n 7408 bestJ 18.20120939039346 best (16, 45, 4, 39) eligible 153
Q round458-s17 14 (26, 53, 34, 27) 139.60760007667605
Q round458-s17 6 (10, 0, 49, 36) 58.43395153611362
Q round458-s17 13 (64, 35, 45, 24) 71.6712055363129
Q round458-s17 3 (55, 68, 38, 40) 78.07149174562485
Q round458-s17 1 (0, 64, 1, 5) 178.11412496214666
Q round458-s17 7 (54, 39, 40, 36) 106.74554785127648
Q round458-s17 8 (1, 38, 16, 60) 86.67246931500593
Q round458-s17 12 (10, 34, 28, 6) 174.9746736195013
Q round458-s17 4 (62, 52, 55, 55) 69.3890577622171
Q round458-s17 0 (0, 5, 4, 63) 20.823538118472275
Q round458-s17 11 (15, 54, 61, 38) 144.05963215992887
Q round458-s17 2 (27, 25, 40, 16) 61.43108715432506
Q round458-s17 10 (60, 55, 16, 17) 75.20169208788589
Q round458-s17 15 (6, 22, 32, 18) 253.97710294358558
Q round458-s17 9 (46, 10, 68, 37) 239.41000488428097
Q round458-s17 5 (65, 14, 62, 23) 92.77044000526665
ROUND 458 n 7424 bestJ 18.20120939039346 best (16, 45, 4, 39) eligible 76
Q round459-s17 12 (37, 27, 64, 12) 549.6380161128635
Q round459-s17 8 (29, 38, 54, 4) 41.29009880640769
Q round459-s17 13 (26, 36, 53, 28) 101.29960298715767
Q round459-s17 4 (23, 24, 62, 10) 232.94638607910028
Q round459-s17 6 (13, 51, 41, 55) 50.240643350120855
Q round459-s17 11 (64, 4, 22, 36) 45.23105848949226
Q round459-s17 1 (39, 21, 67, 21) 378.9081656090101
Q round459-s17 2 (49, 68, 7, 31) 70.45174927103675
Q round459-s17 0 (39, 13, 20, 39) 22.43390987321636
Q round459-s17 15 (29, 53, 63, 15) 35.91407149652708
Q round459-s17 3 (60, 12, 59, 7) 52.7521289099449
Q round459-s17 9 (12, 21, 24, 62) 44.95309615329905
Q round459-s17 10 (39, 71, 43, 71) 60.921626995300564
Q round459-s17 14 (4, 69, 67, 40) 448.1574251468732
Q round459-s17 5 (30, 8, 49, 9) 108.40212502076952
Q round459-s17 7 (57, 14, 12, 64) 67.72776530984247
ROUND 459 n 7440 bestJ 18.20120939039346 best (16, 45, 4, 39) eligible 163
Q round460-s17 13 (50, 57, 66, 68) 107.36269940796706
Q round460-s17 12 (39, 26, 13, 1) 42.704727011645396
Q round460-s17 8 (26, 35, 4, 57) 299.42203507795045
Q round460-s17 2 (53, 13, 10, 41) 218.58773738059335
Q round460-s17 15 (34, 60, 33, 40) 51.17914329903838
Q round460-s17 3 (69, 1, 31, 2) 65.5107009660171
Q round460-s17 7 (64, 59, 21, 38) 88.7132410408188
Q round460-s17 10 (57, 50, 29, 68) 221.0077263978926
Q round460-s17 4 (71, 53, 28, 2) 70.48456941402307
Q round460-s17 11 (33, 3, 21, 19) 93.8955907945773
Q round460-s17 5 (26, 29, 26, 16) 101.48966891114529
Q round460-s17 6 (62, 4, 62, 34) 35.72815801686916
Q round460-s17 0 (0, 5, 4, 39) 20.82626886686026
Q round460-s17 14 (6, 31, 18, 56) 217.93988676098087
Q round460-s17 9 (12, 22, 36, 34) 40.36879738106142
Q round460-s17 1 (38, 18, 64, 62) 56.901720672147455
ROUND 460 n 7456 bestJ 18.20120939039346 best (16, 45, 4, 39) eligible 140
Q round461-s17 10 (19, 46, 67, 37) 20145.168156415653
Q round461-s17 14 (51, 57, 18, 17) 776.0194575434809
Q round461-s17 4 (26, 38, 33, 64) 45.53998264890376
Q round461-s17 9 (26, 46, 57, 66) 73.7128623767353
Q round461-s17 3 (53, 30, 15, 59) 39.917395496894
Q round461-s17 7 (69, 39, 4, 42) 212.6176568466307
Q round461-s17 8 (20, 51, 67, 41) 339.33467176947175
Q round461-s17 0 (40, 5, 28, 63) 25.097192230683024
Q round461-s17 11 (67, 43, 26, 70) 124.20218409368326
Q round461-s17 12 (36, 43, 60, 66) 76.15047481191691
Q round461-s17 15 (67, 40, 54, 57) 56.52014013176172
Q round461-s17 6 (1, 32, 12, 35) 55.852080174179164
Q round461-s17 5 (49, 58, 25, 29) 62.94811164833563
Q round461-s17 2 (65, 24, 30, 6) 80.98152691655551
Q round461-s17 1 (41, 2, 49, 39) 81.53991358004302
Q round461-s17 13 (6, 45, 60, 41) 59.98091824148112
ROUND 461 n 7472 bestJ 18.20120939039346 best (16, 45, 4, 39) eligible 146
Q round462-s17 6 (67, 30, 42, 19) 187.14466304721142
Q round462-s17 7 (8, 9, 57, 38) 88.81406658700458
Q round462-s17 5 (33, 45, 50, 51) 131.93412477734435
Q round462-s17 2 (24, 51, 34, 45) 103.67840608948583
Q round462-s17 13 (8, 36, 41, 8) 74.25303767926215
Q round462-s17 14 (56, 4, 62, 32) 55.49582637509848
Q round462-s17 9 (22, 3, 22, 4) 54.446394235338715
Q round462-s17 11 (7, 34, 48, 37) 146.9286433059818
Q round462-s17 10 (22, 67, 40, 34) 40.06092293610309
Q round462-s17 15 (40, 29, 57, 33) 55.43393254674618
Q round462-s17 8 (64, 50, 20, 39) 51.3483554242888
Q round462-s17 0 (63, 45, 28, 39) 23.34363058128359
Q round462-s17 1 (33, 70, 63, 67) 68.59207744039041
Q round462-s17 4 (3, 66, 12, 68) 83.06107788077841
Q round462-s17 3 (25, 29, 24, 10) 74.45253215015568
Q round462-s17 12 (65, 9, 68, 0) 58.30483561694411
ROUND 462 n 7488 bestJ 18.20120939039346 best (16, 45, 4, 39) eligible 145
Q round463-s17 5 (32, 40, 45, 24) 112.21502753948701
Q round463-s17 6 (18, 30, 23, 28) 44.30856109563532
Q round463-s17 12 (13, 0, 3, 35) 161.2832554817504
Q round463-s17 1 (42, 4, 42, 9) 102.90762499809037
Q round463-s17 7 (64, 12, 19, 60) 354.5623369805551
Q round463-s17 3 (10, 40, 44, 38) 71.15009614600675
Q round463-s17 10 (53, 61, 67, 44) 100.07761422818919
Q round463-s17 13 (45, 23, 63, 14) 77.03118322929032
Q round463-s17 14 (35, 5, 3, 19) 129.8326818878945
Q round463-s17 4 (36, 27, 53, 63) 373.989004126635
Q round463-s17 0 (16, 5, 12, 39) 20.03465064095455
Q round463-s17 8 (34, 2, 25, 63) 64.73562921304175
Q round463-s17 15 (3, 2, 54, 61) 766.8221434108827
Q round463-s17 11 (3, 29, 20, 12) 75.72029206024878
Q round463-s17 9 (43, 10, 31, 47) 50.39312527707304
Q round463-s17 2 (62, 33, 7, 40) 92.176121713126
ROUND 463 n 7504 bestJ 18.20120939039346 best (16, 45, 4, 39) eligible 162
Q round464-s17 3 (32, 62, 2, 25) 83.8412833214443
Q round464-s17 6 (37, 40, 19, 3) 195.2514762247791
Q round464-s17 14 (34, 20, 27, 30) 131.90192869747156
Q round464-s17 13 (64, 19, 25, 39) 54.03185602045064
Q round464-s17 7 (18, 42, 14, 36) 348.87804903346125
Q round464-s17 1 (10, 53, 42, 40) 102.95713200484224
Q round464-s17 4 (57, 27, 45, 47) 71.79257168745592
Q round464-s17 15 (59, 45, 48, 35) 200.02522526059036
Q round464-s17 8 (23, 10, 12, 37) 86.01722189868036
Q round464-s17 10 (0, 23, 43, 26) 163.3350013974496
Q round464-s17 0 (39, 5, 28, 39) 19.301854235816403
Q round464-s17 9 (64, 26, 51, 31) 56.34807589363191
Q round464-s17 5 (45, 21, 0, 17) 46.93474717319368
Q round464-s17 11 (51, 17, 54, 22) 63.17889731236118
Q round464-s17 12 (3, 25, 55, 61) 53.714910477463
Q round464-s17 2 (70, 37, 46, 31) 96.13965170822631
ROUND 464 n 7520 bestJ 18.20120939039346 best (16, 45, 4, 39) eligible 135
Q round465-s17 12 (66, 15, 18, 64) 187.6847064747763
Q round465-s17 3 (15, 44, 69, 12) 160.77182283415283
Q round465-s17 11 (7, 8, 54, 3) 135.6888452426636
Q round465-s17 13 (26, 57, 5, 61) 165.81646443119286
Q round465-s17 9 (10, 33, 57, 62) 45.59380236344872
Q round465-s17 6 (37, 47, 29, 61) 86.71986919189847
Q round465-s17 1 (53, 59, 6, 26) 181.26749422301106
Q round465-s17 14 (61, 28, 47, 14) 64.28828157724497
Q round465-s17 5 (42, 36, 18, 56) 98.67449126271968
Q round465-s17 15 (40, 59, 4, 4) 158.62449428092592
Q round465-s17 7 (11, 34, 6, 21) 1497.8290757704347
Q round465-s17 0 (0, 21, 52, 56) 22.8420020661885
Q round465-s17 8 (41, 18, 54, 4) 47.02359853419698
Q round465-s17 4 (51, 70, 54, 13) 50.13756420901187
Q round465-s17 10 (68, 7, 68, 56) 35.56362614317723
Q round465-s17 2 (49, 16, 46, 5) 162.85496547791723
ROUND 465 n 7536 bestJ 18.20120939039346 best (16, 45, 4, 39) eligible 146
Q round466-s17 12 (18, 51, 9, 46) 60.0833960892951
Q round466-s17 10 (10, 62, 51, 44) 106.06250119670327
Q round466-s17 3 (18, 33, 70, 25) 47.94671737132677
Q round466-s17 15 (50, 46, 19, 57) 213.5634372229919
Q round466-s17 13 (45, 49, 3, 43) 105.38172496158656
Q round466-s17 11 (49, 5, 53, 17) 43.565859292217645
Q round466-s17 4 (8, 2, 3, 23) 52.38529619357013
Q round466-s17 5 (25, 51, 56, 45) 148.0292817046136
Q round466-s17 0 (39, 5, 52, 39) 21.70403648042397
Q round466-s17 6 (62, 23, 44, 12) 86.88138401552399
Q round466-s17 1 (19, 36, 7, 28) 63.40779335690587
Q round466-s17 8 (20, 54, 8, 0) 64.49960841786644
Q round466-s17 14 (39, 16, 35, 9) 60.961603144776596
Q round466-s17 2 (51, 10, 33, 20) 92.8747918258675
Q round466-s17 7 (33, 21, 12, 29) 523.7076013785344
Q round466-s17 9 (49, 33, 52, 58) 83.38661284480533
ROUND 466 n 7552 bestJ 18.20120939039346 best (16, 45, 4, 39) eligible 138
Q round467-s17 4 (28, 30, 12, 11) 7641.131130745331
Q round467-s17 3 (56, 57, 58, 71) 87.9957287286257
Q round467-s17 6 (13, 27, 36, 28) 119.9234459070087
Q round467-s17 14 (18, 9, 61, 66) 173.5481475232138
Q round467-s17 9 (13, 19, 34, 10) 149.529413558832
Q round467-s17 12 (18, 2, 32, 47) 114.6915293700261
Q round467-s17 5 (70, 52, 13, 10) 134.13234814444866
Q round467-s17 11 (0, 54, 7, 17) 93.34496565836027
Q round467-s17 15 (53, 66, 11, 30) 296.2322119063794
Q round467-s17 13 (56, 45, 59, 46) 31.420285173469736
Q round467-s17 1 (39, 41, 35, 15) 51.81575642014201
Q round467-s17 0 (63, 5, 68, 63) 22.3426976364314
Q round467-s17 8 (31, 0, 16, 34) 500.7846132366772
Q round467-s17 10 (28, 69, 23, 30) 48.02905731399252
Q round467-s17 2 (52, 0, 12, 32) 38.25740119835733
Q round467-s17 7 (65, 32, 3, 37) 49.23296495912065
ROUND 467 n 7568 bestJ 18.20120939039346 best (16, 45, 4, 39) eligible 134
Q round468-s17 8 (53, 23, 19, 44) 1532.1056251780417
Q round468-s17 3 (32, 13, 26, 45) 1030.7745226190175
Q round468-s17 2 (24, 45, 42, 17) 46.62008357002726
Q round468-s17 9 (2, 30, 25, 8) 54.314289181218506
Q round468-s17 7 (26, 19, 25, 39) 60.367181014500616
Q round468-s17 4 (15, 43, 29, 8) 80.21942796457301
Q round468-s17 15 (69, 56, 7, 63) 71.80305938465779
Q round468-s17 1 (16, 66, 3, 35) 220.73238805719848
Q round468-s17 14 (63, 33, 30, 25) 67.61856507957376
Q round468-s17 11 (45, 37, 46, 37) 43.51622136552826
Q round468-s17 0 (16, 5, 4, 63) 21.422251503024217
Q round468-s17 10 (68, 43, 50, 42) 204.10460770425078
Q round468-s17 12 (15, 26, 67, 22) 28.180740690999006
Q round468-s17 5 (6, 28, 41, 71) 67.46670044739223
Q round468-s17 6 (65, 5, 65, 37) 56.12453722813974
Q round468-s17 13 (25, 13, 14, 7) 71.08315393067525
ROUND 468 n 7584 bestJ 18.20120939039346 best (16, 45, 4, 39) eligible 73
Q round469-s17 13 (24, 31, 53, 30) 129.45807605472524
Q round469-s17 9 (40, 17, 54, 44) 83.4823798273653
Q round469-s17 2 (66, 21, 10, 32) 108.70686452649481
Q round469-s17 12 (59, 18, 34, 52) 130.8425909771104
Q round469-s17 7 (32, 32, 63, 24) 79.40533471207846
Q round469-s17 14 (28, 70, 5, 23) 61.80555034102544
Q round469-s17 8 (19, 30, 59, 67) 121.47892842473574
Q round469-s17 10 (29, 42, 15, 49) 50.17456846084868
Q round469-s17 0 (40, 21, 44, 39) 19.061964477788404
Q round469-s17 5 (63, 38, 57, 52) 81.40325209139759
Q round469-s17 3 (52, 70, 59, 37) 101.23203408231883
Q round469-s17 6 (36, 17, 41, 61) 62.7648734193424
Q round469-s17 11 (51, 18, 59, 40) 166.93659006365397
Q round469-s17 4 (65, 15, 63, 34) 194.3221804873365
Q round469-s17 1 (38, 40, 59, 57) 70.6615125816763
Q round469-s17 15 (41, 10, 32, 42) 177.0900125081066
ROUND 469 n 7600 bestJ 18.20120939039346 best (16, 45, 4, 39) eligible 120
Q round470-s17 3 (56, 0, 21, 49) 97.60894525754091
Q round470-s17 1 (8, 22, 8, 11) 112.63094691082927
Q round470-s17 5 (10, 63, 17, 68) 86.53023568342971
Q round470-s17 12 (61, 46, 32, 37) 88.39722565215017
Q round470-s17 9 (58, 6, 21, 23) 42.82902901243677
Q round470-s17 11 (54, 42, 2, 11) 240.90735722275735
Q round470-s17 2 (23, 37, 53, 26) 258.07453692705315
Q round470-s17 6 (18, 23, 36, 10) 290.40219775566254
Q round470-s17 14 (32, 52, 41, 23) 69.8154402694334
Q round470-s17 13 (22, 3, 9, 8) 52.15797097147784
Q round470-s17 0 (40, 5, 44, 39) 20.159338538952845
Q round470-s17 7 (32, 70, 14, 47) 89.15615427432719
Q round470-s17 8 (33, 48, 0, 50) 219.76921024935257
Q round470-s17 15 (22, 58, 43, 59) 347.65884822549657
Q round470-s17 10 (54, 24, 68, 35) 93.67948412099153
Q round470-s17 4 (1, 29, 30, 26) 80.55808914051681
ROUND 470 n 7616 bestJ 18.20120939039346 best (16, 45, 4, 39) eligible 127
Q round471-s17 15 (24, 50, 5, 20) 6431.613413178676
Q round471-s17 14 (8, 0, 0, 28) 106.22252855355447
Q round471-s17 3 (7, 61, 43, 12) 52.05615667893681
Q round471-s17 6 (34, 5, 34, 62) 136.63193913872936
Q round471-s17 7 (61, 67, 32, 6) 51.821217094129466
Q round471-s17 2 (12, 25, 35, 43) 123.87431634338515
Q round471-s17 5 (8, 22, 16, 30) 104.89914136019523
Q round471-s17 8 (6, 4, 37, 7) 60.926782886708835
Q round471-s17 0 (40, 5, 44, 63) 20.341130232734283
Q round471-s17 1 (68, 44, 23, 7) 56.98998327535167
Q round471-s17 10 (19, 38, 32, 39) 50.69150418069679
Q round471-s17 12 (14, 64, 21, 55) 145.30287757339352
Q round471-s17 13 (11, 47, 28, 56) 42.481561690380744
Q round471-s17 11 (38, 55, 11, 14) 98.50643417888593
Q round471-s17 4 (15, 62, 14, 13) 160.44354188968694
Q round471-s17 9 (25, 18, 20, 49) 56.51962960812816
ROUND 471 n 7632 bestJ 18.20120939039346 best (16, 45, 4, 39) eligible 128
Q round472-s17 12 (58, 47, 55, 12) 40.60754862958912
Q round472-s17 7 (2, 8, 48, 40) 48.9336810116655
Q round472-s17 1 (32, 50, 37, 64) 81.66380399827626
Q round472-s17 2 (29, 27, 62, 35) 271.24512933176845
Q round472-s17 6 (2, 32, 6, 57) 45.03444382657293
Q round472-s17 5 (56, 36, 55, 10) 57.939032614743
Q round472-s17 9 (32, 24, 63, 7) 92.01792097184624
Q round472-s17 8 (22, 11, 59, 12) 179.2990951402918
Q round472-s17 0 (0, 45, 4, 63) 21.41274547453865
Q round472-s17 14 (49, 54, 7, 27) 95.53724448878539
Q round472-s17 11 (54, 62, 13, 42) 246.78776935389246
Q round472-s17 4 (35, 51, 36, 67) 69.94235426644023
Q round472-s17 15 (66, 29, 15, 48) 39.41480644414713
Q round472-s17 3 (12, 6, 70, 42) 75.54034947902154
Q round472-s17 13 (11, 69, 59, 15) 119.1023065100284
Q round472-s17 10 (35, 0, 49, 49) 55.39426196530591
ROUND 472 n 7648 bestJ 18.20120939039346 best (16, 45, 4, 39) eligible 77
Q round473-s17 8 (14, 11, 18, 51) 104.01600266667438
Q round473-s17 1 (34, 28, 69, 13) 105.69014255117978
Q round473-s17 7 (69, 14, 25, 15) 73.31325501242216
Q round473-s17 10 (45, 19, 15, 53) 143.33703504465427
Q round473-s17 2 (64, 68, 55, 68) 42.6790657617943
Q round473-s17 5 (36, 36, 37, 20) 296.2864144176944
Q round473-s17 15 (10, 16, 3, 69) 107.02698697119301
Q round473-s17 0 (16, 5, 44, 63) 19.578959842962533
Q round473-s17 12 (59, 51, 41, 43) 104.03509459339813
Q round473-s17 11 (17, 38, 43, 11) 96.4756045116024
Q round473-s17 4 (28, 39, 28, 61) 85.60712067439506
Q round473-s17 3 (43, 69, 48, 10) 128.2655173173721
Q round473-s17 6 (60, 50, 3, 13) 112.61698214487372
Q round473-s17 13 (27, 50, 56, 9) 112.01259028465513
Q round473-s17 14 (39, 30, 64, 21) 179.13505696953433
Q round473-s17 9 (41, 64, 57, 69) 151.15927003768036
ROUND 473 n 7664 bestJ 18.20120939039346 best (16, 45, 4, 39) eligible 140
Q round474-s17 12 (18, 63, 10, 59) 110.16137437705494
Q round474-s17 2 (31, 56, 61, 68) 116.48029380753154
Q round474-s17 9 (26, 3, 40, 30) 57.076525907692194
Q round474-s17 15 (48, 11, 61, 10) 307.25489093358544
Q round474-s17 3 (8, 12, 59, 25) 58.755848304608314
Q round474-s17 6 (50, 2, 58, 57) 122.24172928574625
Q round474-s17 14 (23, 65, 31, 13) 168.22110673944545
Q round474-s17 10 (56, 16, 28, 46) 68.42309697089016
Q round474-s17 5 (62, 57, 45, 24) 100.79679250252775
Q round474-s17 0 (63, 5, 44, 39) 21.164660457402867
Q round474-s17 1 (0, 2, 25, 47) 55.29668179671352
Q round474-s17 8 (54, 41, 61, 40) 139.02274939682664
Q round474-s17 13 (68, 37, 68, 25) 79.16368952941048
Q round474-s17 11 (46, 29, 21, 8) 79.28073051942913
Q round474-s17 7 (22, 2, 52, 16) 61.414615554197
Q round474-s17 4 (49, 25, 51, 17) 45.07545029907274
ROUND 474 n 7680 bestJ 18.20120939039346 best (16, 45, 4, 39) eligible 124
Q round475-s17 13 (61, 36, 10, 68) 139.03879229551393
Q round475-s17 11 (21, 22, 37, 60) 51.325127134329506
Q round475-s17 5 (37, 38, 40, 14) 80.57893863678385
Q round475-s17 2 (24, 19, 52, 58) 107.74502175007683
Q round475-s17 6 (32, 37, 56, 62) 58.18513336112476
Q round475-s17 3 (22, 11, 45, 56) 68.3295145327868
Q round475-s17 0 (16, 45, 20, 38) 20.285855974372875
Q round475-s17 9 (48, 48, 71, 65) 102.7442259462878
Q round475-s17 14 (28, 59, 6, 33) 49.65317415329705
Q round475-s17 1 (8, 42, 11, 70) 45.91160785335653
Q round475-s17 7 (9, 29, 61, 62) 51.4448281891215
Q round475-s17 4 (50, 26, 13, 61) 157.50225457263582
Q round475-s17 12 (11, 54, 0, 6) 65.80241963371486
Q round475-s17 8 (11, 17, 41, 40) 60.19010293740543
Q round475-s17 10 (67, 38, 69, 10) 227.22086668965773
Q round475-s17 15 (4, 24, 68, 15) 35.82257349999008
ROUND 475 n 7696 bestJ 18.20120939039346 best (16, 45, 4, 39) eligible 120
Q round476-s17 10 (13, 59, 19, 0) 4278.656122191982
Q round476-s17 1 (45, 5, 24, 20) 274.8416847554155
Q round476-s17 11 (24, 36, 54, 54) 76.99417579721108
Q round476-s17 9 (32, 19, 12, 50) 104.7944683573041
Q round476-s17 4 (54, 35, 16, 4) 55.46694017857326
Q round476-s17 14 (62, 29, 29, 35) 156.017288725873
Q round476-s17 5 (29, 4, 66, 21) 135.9277855009902
Q round476-s17 8 (43, 34, 69, 35) 110.03624530018025
Q round476-s17 12 (49, 3, 6, 58) 49.55898691827094
Q round476-s17 6 (0, 53, 4, 15) 34.538471356105525
Q round476-s17 0 (40, 45, 4, 63) 21.488899590606472
Q round476-s17 3 (25, 52, 53, 0) 32.024534411956004
Q round476-s17 13 (46, 22, 36, 2) 191.76577907110877
Q round476-s17 15 (38, 8, 53, 21) 240.55074192816488
Q round476-s17 7 (52, 32, 17, 5) 30.172668604937105
Q round476-s17 2 (49, 31, 11, 18) 158.49854706177427
ROUND 476 n 7712 bestJ 18.20120939039346 best (16, 45, 4, 39) eligible 114
Q round477-s17 1 (45, 7, 26, 35) 239.92525115156982
Q round477-s17 13 (34, 70, 45, 36) 162.06845963678973
Q round477-s17 15 (42, 37, 58, 60) 111.98711930176692
Q round477-s17 8 (13, 67, 2, 68) 116.63225643040529
Q round477-s17 12 (48, 12, 8, 28) 46.631032082485255
Q round477-s17 3 (24, 58, 10, 42) 290.3578822304862
Q round477-s17 14 (34, 54, 38, 54) 70.00503014686818
Q round477-s17 4 (14, 60, 25, 67) 54.693154487592125
Q round477-s17 9 (11, 19, 4, 63) 617.5450850647734
Q round477-s17 7 (2, 0, 16, 49) 43.46471442501382
Q round477-s17 11 (38, 28, 29, 29) 271.9189818255073
Q round477-s17 10 (56, 1, 55, 8) 88.69166945244638
Q round477-s17 6 (47, 66, 43, 40) 35.8458260410298
Q round477-s17 2 (33, 52, 46, 31) 63.969720260970014
Q round477-s17 0 (16, 21, 4, 39) 22.095693942480978
Q round477-s17 5 (11, 10, 45, 17) 131.88025107442465
ROUND 477 n 7728 bestJ 18.20120939039346 best (16, 45, 4, 39) eligible 106
Q round478-s17 9 (34, 17, 41, 29) 39.32709789057588
Q round478-s17 5 (45, 8, 19, 69) 162.67530334085296
Q round478-s17 1 (21, 19, 55, 59) 354.27703209783385
Q round478-s17 2 (48, 59, 1, 10) 67.78423403780731
Q round478-s17 11 (39, 67, 18, 34) 110.971332253825
Q round478-s17 4 (3, 55, 5, 25) 52.485246416204774
Q round478-s17 6 (40, 38, 70, 49) 78.02856398723344
Q round478-s17 8 (55, 65, 22, 63) 93.99962577929782
Q round478-s17 0 (0, 5, 28, 39) 22.008422131914443
Q round478-s17 14 (41, 35, 48, 15) 60.34086569772707
Q round478-s17 7 (66, 18, 60, 66) 153.1611588705788
Q round478-s17 15 (20, 51, 39, 38) 53.66747398893217
Q round478-s17 12 (9, 57, 10, 23) 92.63375100882871
Q round478-s17 13 (41, 21, 69, 71) 53.55164213018929
Q round478-s17 10 (30, 54, 1, 7) 105.20929946505552
Q round478-s17 3 (23, 30, 24, 55) 123.28304148534511
ROUND 478 n 7744 bestJ 18.20120939039346 best (16, 45, 4, 39) eligible 103
Q round479-s17 14 (15, 26, 45, 1) 54.97623765295622
Q round479-s17 4 (34, 42, 10, 44) 157.359295418276
Q round479-s17 2 (58, 70, 55, 63) 74.70452838371676
Q round479-s17 9 (15, 32, 20, 28) 62.38885620473418
Q round479-s17 11 (29, 27, 68, 0) 188.6258681569903
Q round479-s17 7 (32, 1, 24, 23) 81.8287674758524
Q round479-s17 0 (16, 29, 68, 56) 20.53698196024324
Q round479-s17 5 (64, 50, 6, 54) 57.381058353765646
Q round479-s17 12 (60, 62, 24, 55) 73.67205772850994
Q round479-s17 6 (59, 38, 51, 39) 67.70691523716403
Q round479-s17 8 (70, 45, 34, 35) 73.72668866487149
Q round479-s17 15 (35, 41, 63, 41) 60.45875687291435
Q round479-s17 3 (12, 32, 69, 39) 43.722800096305335
Q round479-s17 1 (9, 10, 45, 34) 381.021730955049
Q round479-s17 13 (4, 38, 44, 55) 39.121269707818975
Q round479-s17 10 (43, 65, 13, 55) 44.62620331668479
ROUND 479 n 7760 bestJ 18.20120939039346 best (16, 45, 4, 39) eligible 79
Q round480-s17 1 (2, 7, 34, 44) 268.0164405471951
Q round480-s17 14 (50, 16, 61, 43) 125.32519500933583
Q round480-s17 15 (58, 59, 48, 32) 61.50633310330263
Q round480-s17 7 (26, 28, 46, 69) 136.18976767984162
Q round480-s17 13 (15, 5, 46, 4) 53.8191175769338
Q round480-s17 2 (55, 4, 19, 12) 234.34179330259204
Q round480-s17 9 (69, 71, 44, 22) 45.36025425807054
Q round480-s17 10 (71, 26, 34, 58) 184.87940507233378
Q round480-s17 3 (57, 4, 21, 8) 88.3496221014361
Q round480-s17 0 (16, 53, 28, 57) 19.767429215143313
Q round480-s17 8 (40, 0, 30, 24) 96.68125734585769
Q round480-s17 4 (15, 34, 20, 38) 50.515438143134624
Q round480-s17 11 (11, 24, 54, 44) 53.36056541825858
Q round480-s17 5 (54, 47, 60, 9) 94.22027620255568
Q round480-s17 12 (46, 29, 27, 28) 150.01100210040386
Q round480-s17 6 (7, 63, 40, 64) 131.37957189024036
ROUND 480 n 7776 bestJ 18.20120939039346 best (16, 45, 4, 39) eligible 76
Q round481-s17 9 (48, 29, 2, 20) 145.9514389558002
Q round481-s17 15 (18, 40, 50, 21) 134.87767794818484
Q round481-s17 12 (18, 27, 56, 37) 285.89545661965786
Q round481-s17 13 (65, 38, 18, 22) 104.58468004631911
Q round481-s17 2 (36, 44, 13, 30) 80.81179227291447
Q round481-s17 0 (0, 45, 44, 38) 18.273084527485913
Q round481-s17 7 (25, 30, 34, 44) 114.72220747623514
Q round481-s17 10 (23, 25, 59, 70) 76.45426855822457
Q round481-s17 8 (61, 21, 63, 37) 64.01567036287634
Q round481-s17 3 (46, 29, 69, 52) 46.58279139797654
Q round481-s17 1 (67, 48, 47, 32) 63.74642092101522
Q round481-s17 4 (11, 48, 67, 37) 243.0065503702888
Q round481-s17 5 (28, 58, 16, 0) 46.90209477301111
Q round481-s17 11 (22, 53, 1, 67) 40.37431832825767
Q round481-s17 14 (9, 13, 20, 15) 26.76064825963962
Q round481-s17 6 (41, 69, 31, 38) 66.84193758206017
ROUND 481 n 7792 bestJ 18.20120939039346 best (16, 45, 4, 39) eligible 73
Q round482-s17 15 (44, 38, 2, 51) 169.74085291136484
Q round482-s17 3 (63, 4, 10, 19) 146.44532086475948
Q round482-s17 5 (66, 6, 38, 62) 62.44530208505233
Q round482-s17 12 (64, 1, 42, 58) 221.5131669106768
Q round482-s17 14 (34, 19, 28, 15) 108.53927578201937
Q round482-s17 11 (48, 54, 3, 68) 58.20451149521122
Q round482-s17 9 (55, 51, 13, 70) 53.34844182990142
Q round482-s17 2 (37, 0, 41, 5) 71.01143534042166
Q round482-s17 10 (57, 36, 59, 68) 254.09550453019128
Q round482-s17 0 (16, 5, 4, 39) 22.102536839786247
Q round482-s17 13 (36, 13, 67, 52) 95.95502930409513
Q round482-s17 8 (22, 35, 59, 40) 45.03963570202247
Q round482-s17 7 (52, 35, 68, 2) 101.84229853384991
Q round482-s17 6 (49, 56, 28, 44) 43.265670427891386
Q round482-s17 4 (36, 56, 64, 2) 59.16040611141808
Q round482-s17 1 (27, 47, 36, 22) 44.06661196383869
ROUND 482 n 7808 bestJ 18.20120939039346 best (16, 45, 4, 39) eligible 115
Q round483-s17 7 (39, 49, 50, 43) 81.88961209754133
Q round483-s17 2 (24, 32, 22, 66) 178.52337815861316
Q round483-s17 13 (26, 50, 39, 7) 58.46030123814258
Q round483-s17 10 (0, 15, 5, 53) 203.68006550662375
Q round483-s17 9 (63, 33, 54, 16) 83.12884103979309
Q round483-s17 15 (48, 55, 41, 2) 212.1525894770906
Q round483-s17 0 (0, 45, 20, 38) 18.98628810284288
Q round483-s17 1 (8, 63, 40, 38) 104.48569286260725
Q round483-s17 11 (35, 62, 70, 59) 47.17150498083805
Q round483-s17 12 (52, 55, 26, 34) 82.99120959477389
Q round483-s17 14 (20, 55, 14, 36) 50.68385798119337
Q round483-s17 6 (39, 16, 4, 71) 72.83278349619574
Q round483-s17 4 (59, 0, 20, 1) 46.500490354872014
Q round483-s17 8 (30, 70, 20, 57) 103.0840455507541
Q round483-s17 3 (41, 34, 11, 67) 240.6674681730562
Q round483-s17 5 (6, 40, 41, 8) 126.79540065070297
ROUND 483 n 7824 bestJ 18.20120939039346 best (16, 45, 4, 39) eligible 119
Q round484-s17 6 (50, 41, 27, 11) 103.20098870100736
Q round484-s17 7 (71, 20, 53, 47) 51.7701119406507
Q round484-s17 5 (47, 67, 49, 18) 51.544055553915165
Q round484-s17 15 (61, 3, 25, 3) 157.79953075248065
Q round484-s17 14 (10, 7, 19, 70) 51.95292624254919
Q round484-s17 8 (69, 15, 9, 22) 61.06719123939596
Q round484-s17 3 (4, 30, 53, 17) 50.613839035051946
Q round484-s17 9 (20, 15, 23, 68) 53.085426129123746
Q round484-s17 0 (16, 45, 44, 38) 19.703061232291425
Q round484-s17 1 (27, 49, 67, 3) 87.73453367918876
Q round484-s17 2 (19, 14, 61, 22) 58.302345866959854
Q round484-s17 10 (52, 44, 46, 19) 438.70020466069076
Q round484-s17 4 (70, 25, 29, 13) 161.17146247033645
Q round484-s17 11 (30, 38, 27, 2) 107.38745174838971
Q round484-s17 13 (36, 66, 7, 49) 41.60182007497459
Q round484-s17 12 (62, 48, 52, 33) 106.66698023082206
ROUND 484 n 7840 bestJ 18.20120939039346 best (16, 45, 4, 39) eligible 131
Q round485-s17 3 (12, 28, 71, 11) 1046.473918355903
Q round485-s17 9 (55, 10, 25, 51) 69.96763904093379
Q round485-s17 13 (26, 61, 50, 22) 143.98150287704604
Q round485-s17 15 (21, 63, 15, 36) 37.711034532975305
Q round485-s17 2 (53, 23, 70, 8) 80.45411661406632
Q round485-s17 1 (65, 23, 56, 12) 106.56859467685292
Q round485-s17 14 (56, 21, 14, 53) 48.22584061654619
Q round485-s17 5 (65, 11, 35, 2) 98.9067928511773
Q round485-s17 0 (16, 69, 52, 33) 20.378005268061898
Q round485-s17 6 (35, 25, 3, 46) 49.256843441007945
Q round485-s17 7 (15, 61, 17, 47) 84.7508855725423
Q round485-s17 8 (46, 28, 22, 53) 59.07023280366016
Q round485-s17 4 (60, 61, 61, 8) 54.00893675528107
Q round485-s17 10 (28, 10, 51, 29) 114.5080336198919
Q round485-s17 12 (43, 34, 51, 45) 132.11543893763488
Q round485-s17 11 (6, 17, 16, 6) 108.93884823936749
ROUND 485 n 7856 bestJ 18.20120939039346 best (16, 45, 4, 39) eligible 90
Q round486-s17 11 (23, 15, 32, 36) 125.4314468855462
Q round486-s17 12 (9, 20, 64, 28) 61.27282117866807
Q round486-s17 13 (48, 3, 39, 7) 67.70820846995782
Q round486-s17 2 (37, 0, 19, 33) 65.31215772821095
Q round486-s17 9 (71, 44, 64, 19) 86.4989347485211
Q round486-s17 5 (36, 71, 32, 27) 40.67885101210544
Q round486-s17 6 (53, 55, 60, 14) 51.24923558646823
Q round486-s17 15 (49, 27, 67, 11) 89.60438574685338
Q round486-s17 7 (15, 65, 12, 40) 72.06790287195305
Q round486-s17 8 (19, 57, 21, 54) 60.015402829245254
Q round486-s17 0 (16, 5, 20, 39) 21.701511146246887
Q round486-s17 1 (35, 4, 35, 4) 74.33423223864848
Q round486-s17 3 (51, 33, 32, 16) 43.415714745777755
Q round486-s17 14 (70, 54, 53, 5) 211.76903818752066
Q round486-s17 10 (24, 24, 62, 47) 101.81923750377199
Q round486-s17 4 (57, 26, 6, 48) 52.73585197906043
ROUND 486 n 7872 bestJ 18.20120939039346 best (16, 45, 4, 39) eligible 136
Q round487-s17 6 (15, 40, 42, 39) 171.02885882389296
Q round487-s17 4 (2, 57, 65, 40) 45.79961704661582
Q round487-s17 15 (61, 67, 58, 31) 513.4964357365482
Q round487-s17 7 (2, 38, 60, 2) 118.20679807008463
Q round487-s17 2 (5, 34, 29, 58) 162.99116084346508
Q round487-s17 14 (24, 25, 36, 38) 71.40742786068697
Q round487-s17 13 (31, 4, 40, 50) 57.422405335815334
Q round487-s17 10 (48, 17, 16, 40) 107.60847935156409
Q round487-s17 9 (30, 38, 58, 28) 124.10600367654995
Q round487-s17 3 (67, 41, 26, 39) 75.52757739898331
Q round487-s17 0 (16, 21, 44, 38) 21.714431401287577
Q round487-s17 5 (36, 36, 55, 2) 41.89580010797567
Q round487-s17 8 (7, 29, 57, 40) 79.50173473762854
Q round487-s17 1 (49, 53, 69, 56) 49.33463208388094
Q round487-s17 11 (62, 9, 47, 62) 87.70370335677073
Q round487-s17 12 (1, 64, 14, 18) 240.52474207486273
ROUND 487 n 7888 bestJ 18.20120939039346 best (16, 45, 4, 39) eligible 147
Q round488-s17 5 (55, 28, 42, 67) 1070.4672099371153
Q round488-s17 2 (16, 23, 42, 39) 172.13789268121022
Q round488-s17 8 (37, 27, 11, 48) 432.3705119995189
Q round488-s17 7 (32, 57, 18, 16) 84.1882251749787
Q round488-s17 13 (54, 68, 2, 40) 40.73189217932811
Q round488-s17 6 (48, 28, 16, 59) 69.24359104261536
Q round488-s17 14 (52, 33, 42, 70) 77.3989910306154
Q round488-s17 10 (70, 4, 33, 5) 40.91733039998146
Q round488-s17 0 (40, 45, 20, 63) 22.175412970277534
Q round488-s17 12 (67, 51, 23, 7) 52.86278011303804
Q round488-s17 15 (60, 11, 49, 69) 122.18290058198635
Q round488-s17 4 (30, 10, 51, 18) 212.07457508670896
Q round488-s17 1 (17, 55, 30, 10) 208.31035027641266
Q round488-s17 11 (3, 34, 6, 16) 50.38309548629485
Q round488-s17 3 (57, 23, 71, 8) 103.47574801498236
Q round488-s17 9 (48, 15, 51, 63) 66.56554692478124
ROUND 488 n 7904 bestJ 18.20120939039346 best (16, 45, 4, 39) eligible 125
Q round489-s17 11 (31, 13, 10, 2) 94.99601233796088
Q round489-s17 8 (45, 49, 52, 33) 56.226035326746576
Q round489-s17 5 (21, 35, 17, 71) 50.26960516509516
Q round489-s17 9 (42, 11, 59, 53) 111.35715400582701
Q round489-s17 12 (55, 67, 56, 6) 65.33953074472282
Q round489-s17 14 (21, 16, 59, 29) 220.32087746820775
Q round489-s17 13 (23, 58, 54, 64) 91.07549773667093
Q round489-s17 1 (18, 10, 23, 34) 144.10403278295283
Q round489-s17 0 (63, 21, 44, 63) 21.885557854235504
Q round489-s17 2 (17, 31, 3, 44) 60.060098021819826
Q round489-s17 3 (59, 51, 5, 64) 132.59879986898423
Q round489-s17 4 (14, 9, 43, 54) 61.58148990733334
Q round489-s17 15 (52, 66, 35, 7) 89.8283115762209
Q round489-s17 6 (3, 0, 51, 30) 52.51533604058496
Q round489-s17 10 (65, 58, 3, 22) 40.65975589275012
Q round489-s17 7 (9, 48, 62, 46) 87.82132482439835
ROUND 489 n 7920 bestJ 18.20120939039346 best (16, 45, 4, 39) eligible 124
Q round490-s17 4 (39, 10, 64, 11) 93.35529536755402
Q round490-s17 1 (53, 9, 32, 65) 56.8682033268308
Q round490-s17 12 (66, 25, 34, 46) 80.44604679098853
Q round490-s17 14 (15, 61, 33, 66) 145.7275018606909
Q round490-s17 8 (31, 52, 52, 39) 43.213911491803756
Q round490-s17 6 (12, 66, 5, 70) 285.09068968463004
Q round490-s17 11 (46, 27, 53, 6) 46.587501244698835
Q round490-s17 0 (40, 21, 4, 63) 18.73610882000208
Q round490-s17 9 (51, 50, 45, 65) 95.04581092876215
Q round490-s17 7 (66, 42, 51, 33) 99.39739796145682
Q round490-s17 5 (51, 35, 41, 2) 143.41294184928756
Q round490-s17 10 (55, 30, 55, 20) 121.84375368661307
Q round490-s17 3 (3, 22, 51, 34) 111.27748454820852
Q round490-s17 15 (27, 47, 44, 42) 191.9400075356957
Q round490-s17 13 (27, 18, 51, 61) 110.35172454261506
Q round490-s17 2 (54, 57, 20, 57) 77.83477069560611
ROUND 490 n 7936 bestJ 18.20120939039346 best (16, 45, 4, 39) eligible 150
Q round491-s17 9 (5, 0, 45, 49) 51.318957888856715
Q round491-s17 4 (42, 59, 12, 16) 552.2280043183863
Q round491-s17 15 (66, 38, 39, 63) 56.66913013974525
Q round491-s17 1 (48, 18, 47, 20) 42.41047227150582
Q round491-s17 5 (57, 42, 48, 27) 366.1967794155492
Q round491-s17 7 (34, 67, 59, 10) 134.70044322099054
Q round491-s17 8 (5, 47, 27, 9) 56.217134572545646
Q round491-s17 11 (62, 62, 63, 20) 88.53356505903797
Q round491-s17 2 (63, 60, 37, 5) 42.728081895422
Q round491-s17 10 (33, 27, 21, 34) 100.27400949979426
Q round491-s17 0 (16, 21, 20, 63) 21.504932434072636
Q round491-s17 12 (15, 62, 71, 12) 104.47318180994424
Q round491-s17 13 (58, 5, 65, 9) 50.88440145260966
Q round491-s17 6 (51, 2, 57, 43) 79.72689314526711
Q round491-s17 14 (19, 34, 22, 67) 144.214889222676
Q round491-s17 3 (46, 32, 32, 22) 105.09524010080838
ROUND 491 n 7952 bestJ 18.20120939039346 best (16, 45, 4, 39) eligible 127
Q round492-s17 5 (45, 46, 35, 52) 648.1875568140271
Q round492-s17 1 (48, 26, 7, 51) 72.45864043617031
Q round492-s17 14 (47, 13, 26, 49) 78.70075038336144
Q round492-s17 4 (13, 33, 43, 41) 88.95741996853008
Q round492-s17 13 (34, 13, 39, 27) 151.29723884847667
Q round492-s17 8 (21, 40, 9, 7) 59.494613437471024
Q round492-s17 7 (33, 11, 41, 49) 51.82882537119652
Q round492-s17 2 (58, 37, 22, 68) 180.77801938406895
Q round492-s17 0 (16, 45, 4, 63) 20.952115205231813
Q round492-s17 12 (34, 66, 19, 21) 171.02773925032116
Q round492-s17 6 (58, 50, 32, 22) 80.59681637042233
Q round492-s17 10 (10, 5, 27, 0) 206.92661348705448
Q round492-s17 3 (54, 30, 51, 59) 63.43245092264791
Q round492-s17 9 (33, 7, 19, 8) 52.16837684949293
Q round492-s17 15 (14, 62, 35, 8) 70.87025922733305
Q round492-s17 11 (41, 21, 32, 29) 53.83279993054215
ROUND 492 n 7968 bestJ 18.20120939039346 best (16, 45, 4, 39) eligible 124
Q round493-s17 11 (58, 52, 9, 64) 55.653991985645646
Q round493-s17 12 (38, 67, 21, 9) 109.86119792146225
Q round493-s17 13 (69, 39, 51, 46) 43.656676559479884
Q round493-s17 10 (0, 9, 8, 38) 89.75132404897445
Q round493-s17 5 (37, 39, 28, 36) 87.2584870554361
Q round493-s17 2 (38, 3, 49, 46) 60.21719024369734
Q round493-s17 4 (33, 57, 70, 68) 61.71008457958113
Q round493-s17 8 (17, 69, 2, 52) 161.87780460100623
Q round493-s17 0 (16, 21, 4, 63) 21.647259569562763
Q round493-s17 9 (6, 25, 34, 43) 112.22430116091545
Q round493-s17 7 (70, 32, 37, 48) 128.18719241322643
Q round493-s17 15 (38, 57, 46, 66) 128.9192423520763
Q round493-s17 1 (4, 69, 68, 10) 103.73627761475329
Q round493-s17 6 (62, 41, 24, 46) 96.30599141800076
Q round493-s17 14 (57, 22, 49, 42) 188.91306665681233
Q round493-s17 3 (63, 30, 23, 24) 110.0691939567723
ROUND 493 n 7984 bestJ 18.20120939039346 best (16, 45, 4, 39) eligible 135
Q round494-s17 15 (22, 52, 61, 19) 133.91597595590994
Q round494-s17 4 (66, 33, 47, 57) 51.283316941101575
Q round494-s17 13 (13, 4, 55, 41) 50.800611938917164
Q round494-s17 5 (37, 17, 60, 32) 41.748371890681575
Q round494-s17 6 (29, 56, 26, 58) 163.99266785247258
Q round494-s17 14 (48, 28, 51, 53) 169.33926088986377
Q round494-s17 8 (24, 27, 52, 55) 52.341711046964924
Q round494-s17 1 (31, 10, 20, 13) 92.35607719420642
Q round494-s17 0 (40, 45, 4, 39) 21.443599398396444
Q round494-s17 3 (43, 1, 51, 4) 96.84646604111342
Q round494-s17 9 (39, 39, 51, 0) 49.034465508575906
Q round494-s17 10 (19, 50, 60, 48) 454.4952690761689
Q round494-s17 12 (43, 65, 14, 10) 41.51271745440488
Q round494-s17 2 (25, 56, 64, 30) 89.67258674722463
Q round494-s17 7 (20, 26, 66, 37) 149.48702614644571
Q round494-s17 11 (49, 10, 56, 25) 52.39123336805755
ROUND 494 n 8000 bestJ 18.20120939039346 best (16, 45, 4, 39) eligible 113
Q round495-s17 13 (56, 16, 26, 62) 108.33587996793746
Q round495-s17 1 (40, 14, 53, 38) 124.31178400834293
Q round495-s17 10 (13, 33, 59, 47) 47.53132650649175
Q round495-s17 9 (13, 14, 57, 15) 75.51663712110576
Q round495-s17 8 (69, 14, 68, 32) 39.452971311452906
Q round495-s17 14 (15, 27, 66, 41) 116.77464227243468
Q round495-s17 7 (31, 2, 43, 37) 137.9066285102723
Q round495-s17 12 (46, 27, 57, 67) 393.97838194077434
Q round495-s17 5 (59, 9, 21, 54) 53.51903391440378
Q round495-s17 15 (57, 35, 45, 61) 254.98445086299793
Q round495-s17 6 (33, 19, 56, 60) 108.10222605248352
Q round495-s17 3 (14, 3, 41, 37) 47.442737191100406
Q round495-s17 4 (15, 49, 14, 6) 90.25044133209555
Q round495-s17 0 (0, 69, 52, 33) 20.71439583575859
Q round495-s17 11 (19, 61, 33, 43) 109.57939248305524
Q round495-s17 2 (64, 47, 68, 30) 89.9035198938194
ROUND 495 n 8016 bestJ 18.20120939039346 best (16, 45, 4, 39) eligible 141
Q round496-s17 2 (26, 9, 57, 54) 56.81790955681966
Q round496-s17 1 (66, 41, 15, 6) 69.96869540114295
Q round496-s17 8 (12, 23, 18, 11) 112.06126552170409
Q round496-s17 6 (10, 59, 33, 66) 107.09014989733895
Q round496-s17 15 (50, 32, 25, 71) 48.21513268945409
Q round496-s17 3 (48, 65, 16, 23) 102.35474681138193
Q round496-s17 10 (10, 56, 17, 14) 53.333524412146026
Q round496-s17 9 (8, 70, 22, 46) 97.64665857147659
Q round496-s17 13 (9, 45, 37, 25) 44.4627597292597
Q round496-s17 0 (0, 5, 28, 38) 20.320548426778863
Q round496-s17 14 (65, 60, 6, 53) 54.78822948697628
Q round496-s17 7 (58, 42, 35, 53) 134.2308549596402
Q round496-s17 12 (3, 59, 35, 67) 86.51259272996164
Q round496-s17 4 (20, 42, 58, 64) 92.37869302388972
Q round496-s17 11 (44, 45, 53, 16) 516.243935451089
Q round496-s17 5 (46, 15, 16, 23) 124.434394485534
ROUND 496 n 8032 bestJ 18.20120939039346 best (16, 45, 4, 39) eligible 139
Q round497-s17 13 (31, 29, 42, 60) 82.18542546450108
Q round497-s17 10 (30, 68, 58, 35) 443.40978548761717
Q round497-s17 1 (33, 42, 50, 56) 244.9770777935885
Q round497-s17 14 (26, 67, 24, 22) 56.121945226356445
Q round497-s17 5 (63, 9, 1, 48) 91.65687772210286
Q round497-s17 8 (7, 1, 1, 51) 88.14983038491512
Q round497-s17 9 (31, 31, 34, 49) 168.61462214639022
Q round497-s17 12 (54, 19, 23, 32) 66.46997704592503
Q round497-s17 4 (56, 37, 64, 30) 71.91930147149631
Q round497-s17 2 (60, 6, 29, 35) 47.53128418632289
Q round497-s17 3 (64, 26, 0, 40) 57.10728813822454
Q round497-s17 6 (70, 5, 42, 28) 83.59241043978906
Q round497-s17 0 (0, 69, 12, 32) 20.06750525328774
Q round497-s17 11 (59, 36, 53, 24) 155.33553658394092
Q round497-s17 7 (20, 13, 58, 26) 184.17413047271745
Q round497-s17 15 (14, 53, 24, 21) 108.60906396994342
ROUND 497 n 8048 bestJ 18.20120939039346 best (16, 45, 4, 39) eligible 105
Q round498-s17 8 (64, 34, 66, 20) 226.93553124907464
Q round498-s17 7 (34, 0, 5, 51) 153.52507505930768
Q round498-s17 12 (40, 21, 61, 11) 116.8649847919796
Q round498-s17 14 (36, 50, 5, 51) 127.37075057457132
Q round498-s17 5 (53, 52, 59, 30) 73.42196748990263
Q round498-s17 2 (23, 11, 32, 70) 63.710117709429106
Q round498-s17 15 (50, 50, 66, 62) 118.38036182424565
Q round498-s17 6 (15, 28, 6, 61) 76.55812447899734
Q round498-s17 13 (25, 67, 61, 49) 57.02384083180581
Q round498-s17 10 (27, 52, 21, 70) 347.3717557729267
Q round498-s17 0 (16, 29, 44, 38) 21.487128857648017
Q round498-s17 11 (24, 61, 32, 54) 73.27869855779171
Q round498-s17 3 (58, 53, 44, 49) 461.9873621234321
Q round498-s17 9 (54, 13, 45, 31) 86.59398581162212
Q round498-s17 4 (30, 18, 70, 6) 77.55764402439725
Q round498-s17 1 (41, 56, 49, 58) 143.87638549357035
ROUND 498 n 8064 bestJ 18.20120939039346 best (16, 45, 4, 39) eligible 144
Q round499-s17 10 (21, 4, 45, 52) 98.9412499942416
Q round499-s17 13 (13, 60, 11, 4) 93.0025832108525
Q round499-s17 11 (10, 51, 49, 60) 240.67387721434065
Q round499-s17 7 (4, 46, 9, 44) 49.777572717915426
Q round499-s17 14 (61, 40, 4, 25) 33.984349165764144
Q round499-s17 4 (35, 42, 58, 59) 142.02523111116082
Q round499-s17 6 (65, 52, 5, 15) 40.53678834389572
Q round499-s17 12 (17, 70, 18, 71) 135.80808285117286
Q round499-s17 5 (10, 10, 62, 41) 64.05619388895876
Q round499-s17 0 (16, 69, 68, 33) 22.92694271308359
Q round499-s17 1 (52, 19, 41, 39) 49.71647648537582
Q round499-s17 15 (27, 35, 50, 45) 135.77310978807247
Q round499-s17 3 (55, 63, 65, 5) 207.36930871207124
Q round499-s17 8 (3, 37, 56, 43) 113.27233911799709
Q round499-s17 2 (43, 23, 65, 70) 59.89488821000066
Q round499-s17 9 (65, 71, 3, 63) 68.10817173517488
ROUND 499 n 8080 bestJ 18.20120939039346 best (16, 45, 4, 39) eligible 136
Q round500-s17 1 (61, 35, 8, 35) 3099.6729036252086
Q round500-s17 5 (63, 16, 11, 20) 52.02576895280538
Q round500-s17 9 (59, 21, 2, 4) 136.87712828310802
Q round500-s17 6 (17, 19, 32, 10) 601.4040824676865
Q round500-s17 15 (58, 8, 10, 29) 133.8501564292484
Q round500-s17 7 (50, 36, 28, 49) 146.38747857108385
Q round500-s17 11 (24, 67, 44, 33) 114.46945038267033
Q round500-s17 4 (27, 6, 34, 36) 93.33269726992032
Q round500-s17 2 (63, 20, 40, 1) 61.04905311072511
Q round500-s17 13 (50, 13, 34, 34) 260.2058627848042
Q round500-s17 0 (0, 45, 44, 62) 19.46649391362946
Q round500-s17 3 (12, 60, 52, 11) 82.56694418905762
Q round500-s17 8 (51, 70, 49, 50) 38.662165858233685
Q round500-s17 14 (38, 2, 15, 47) 74.70689003088631
Q round500-s17 12 (39, 6, 8, 22) 99.53397292256696
Q round500-s17 10 (16, 31, 25, 64) 92.72901109074677
ROUND 500 n 8096 bestJ 18.20120939039346 best (16, 45, 4, 39) eligible 118
Q round501-s17 7 (69, 23, 0, 60) 52.96245755475303
Q round501-s17 8 (26, 56, 2, 17) 394.8918790177235
Q round501-s17 12 (50, 49, 65, 18) 220.0302360428146
Q round501-s17 14 (21, 16, 34, 10) 323.0514376529958
Q round501-s17 1 (64, 62, 12, 68) 50.40338428162838
Q round501-s17 10 (18, 43, 11, 34) 142.3774513268025
Q round501-s17 4 (57, 19, 42, 38) 239.55775686458654
Q round501-s17 9 (62, 51, 19, 43) 105.35369202694831
Q round501-s17 0 (16, 5, 28, 38) 19.771207947942067
Q round501-s17 2 (49, 37, 31, 43) 48.169307084826
Q round501-s17 3 (68, 46, 4, 7) 44.581318585751696
Q round501-s17 13 (35, 65, 41, 6) 62.86927135068762
Q round501-s17 6 (51, 21, 71, 22) 48.23393912362792
Q round501-s17 11 (67, 23, 46, 50) 57.80720963797321
Q round501-s17 5 (17, 45, 58, 2) 247.05117782316145
Q round501-s17 15 (54, 9, 6, 26) 199.730997510969
ROUND 501 n 8112 bestJ 18.20120939039346 best (16, 45, 4, 39) eligible 121
Q round502-s17 1 (26, 48, 5, 3) 118.33898944746672
Q round502-s17 15 (39, 32, 24, 36) 82.28791845336029
Q round502-s17 3 (8, 61, 42, 49) 72.17209501624703
Q round502-s17 11 (48, 9, 23, 44) 89.07640018862361
Q round502-s17 9 (66, 20, 14, 49) 53.18981573674316
Q round502-s17 12 (24, 70, 32, 2) 197.0994998315231
Q round502-s17 10 (22, 52, 45, 49) 47.94652362053987
Q round502-s17 0 (16, 53, 28, 32) 19.595797237468542
Q round502-s17 2 (6, 60, 15, 65) 71.3945305452967
Q round502-s17 4 (3, 47, 59, 43) 108.1292623061342
Q round502-s17 5 (44, 31, 4, 19) 281.6036204571782
Q round502-s17 13 (52, 0, 68, 55) 36.994318393816
Q round502-s17 14 (54, 25, 55, 34) 187.0841714221096
Q round502-s17 8 (68, 37, 52, 9) 83.81478224693231
Q round502-s17 7 (44, 61, 0, 29) 107.07393147646964
Q round502-s17 6 (49, 40, 33, 9) 83.60974631546132
ROUND 502 n 8128 bestJ 18.20120939039346 best (16, 45, 4, 39) eligible 72
Q round503-s17 12 (45, 54, 1, 47) 75.94813703291649
Q round503-s17 11 (10, 57, 32, 8) 43.82264988188249
Q round503-s17 15 (5, 1, 46, 70) 72.23994507076397
Q round503-s17 7 (69, 44, 31, 24) 52.592575169552305
Q round503-s17 14 (8, 66, 55, 18) 85.6608256590409
Q round503-s17 3 (51, 46, 37, 57) 45.296430696002645
Q round503-s17 0 (40, 21, 44, 63) 20.4743562034382
Q round503-s17 9 (51, 31, 18, 16) 69.88816000386623
Q round503-s17 8 (52, 4, 5, 47) 175.04862748133613
Q round503-s17 4 (55, 29, 22, 71) 80.8631737154501
Q round503-s17 1 (34, 10, 6, 31) 42.58016447820052
Q round503-s17 5 (27, 18, 56, 43) 92.33570983785734
Q round503-s17 10 (30, 62, 2, 42) 410.9511234238793
Q round503-s17 6 (0, 22, 70, 17) 88.02234537181384
Q round503-s17 13 (62, 23, 64, 54) 112.38895414382391
Q round503-s17 2 (31, 0, 1, 54) 108.81313539452206
ROUND 503 n 8144 bestJ 18.20120939039346 best (16, 45, 4, 39) eligible 128
Q round504-s17 11 (13, 71, 20, 11) 556.560797380258
Q round504-s17 10 (18, 62, 50, 37) 121.24959823726792
Q round504-s17 4 (34, 46, 35, 40) 45.7855655689958
Q round504-s17 12 (62, 19, 62, 35) 184.10989796620703
Q round504-s17 6 (2, 61, 16, 40) 53.73677263978518
Q round504-s17 14 (25, 0, 56, 4) 93.41085675161176
Q round504-s17 1 (48, 38, 24, 16) 98.14588855948347
Q round504-s17 9 (28, 12, 0, 68) 175.59553766184183
Q round504-s17 5 (6, 19, 48, 66) 48.2579991387222
Q round504-s17 0 (0, 21, 20, 38) 21.95596267066261
Q round504-s17 13 (67, 12, 15, 70) 46.976305421341564
Q round504-s17 3 (55, 32, 19, 15) 52.70031472032707
Q round504-s17 15 (68, 55, 30, 64) 72.65536060508039
Q round504-s17 2 (70, 16, 64, 61) 205.78866534023965
Q round504-s17 8 (6, 15, 62, 30) 118.2301790627915
Q round504-s17 7 (41, 34, 65, 61) 80.40637597955954
ROUND 504 n 8160 bestJ 18.20120939039346 best (16, 45, 4, 39) eligible 106
Q round505-s17 6 (34, 70, 63, 0) 72.2109272366189
Q round505-s17 8 (2, 33, 68, 71) 65.33520752087634
Q round505-s17 3 (13, 6, 52, 71) 53.891842513108124
Q round505-s17 13 (12, 5, 0, 3) 155.9177583426059
Q round505-s17 2 (46, 57, 37, 70) 110.43482547407163
Q round505-s17 9 (70, 4, 47, 46) 77.72323289470627
Q round505-s17 11 (63, 5, 63, 22) 65.5361033938559
Q round505-s17 0 (16, 69, 28, 57) 21.099003325519973
Q round505-s17 5 (49, 44, 7, 7) 69.40132134455429
Q round505-s17 15 (11, 65, 34, 48) 52.143138662842716
Q round505-s17 7 (32, 15, 14, 54) 82.2974825374757
Q round505-s17 14 (38, 64, 8, 62) 97.36862869692338
Q round505-s17 10 (54, 29, 45, 53) 71.75786413831999
Q round505-s17 4 (49, 69, 5, 2) 117.22016058303568
Q round505-s17 12 (60, 64, 64, 10) 64.03856252805804
Q round505-s17 1 (70, 34, 40, 69) 191.60863955517974
ROUND 505 n 8176 bestJ 18.20120939039346 best (16, 45, 4, 39) eligible 126
Q round506-s17 1 (5, 19, 46, 66) 1222.2158843825023
Q round506-s17 10 (66, 41, 60, 39) 47.00297761942044
Q round506-s17 8 (34, 56, 22, 38) 60.62436929789509
Q round506-s17 13 (58, 63, 67, 13) 132.03115470092962
Q round506-s17 11 (34, 66, 2, 15) 106.07688785003407
Q round506-s17 6 (8, 19, 69, 32) 169.120062572973
Q round506-s17 2 (69, 45, 26, 47) 211.74208280874365
Q round506-s17 14 (12, 37, 31, 35) 156.97892052748463
Q round506-s17 0 (40, 45, 44, 39) 22.2329406146449
Q round506-s17 4 (66, 26, 57, 17) 118.77162956656532
Q round506-s17 12 (30, 11, 25, 71) 55.569609498197494
Q round506-s17 15 (13, 21, 35, 0) 337.4382956766463
Q round506-s17 9 (28, 3, 8, 34) 221.5368127856358
Q round506-s17 7 (51, 16, 63, 32) 50.642230607735215
Q round506-s17 3 (27, 31, 17, 22) 61.98879812150752
Q round506-s17 5 (60, 6, 30, 13) 80.45894779526594
ROUND 506 n 8192 bestJ 18.20120939039346 best (16, 45, 4, 39) eligible 129
Q round507-s17 4 (5, 40, 21, 64) 51.6676941606087
Q round507-s17 15 (56, 24, 69, 52) 87.35110809064956
Q round507-s17 5 (45, 21, 1, 68) 982.106781578972
Q round507-s17 8 (29, 4, 70, 70) 56.35558785880688
Q round507-s17 1 (32, 51, 47, 11) 232.6575470624689
Q round507-s17 7 (46, 22, 66, 14) 162.75556576791988
Q round507-s17 6 (46, 41, 0, 52) 109.6172038820492
Q round507-s17 9 (14, 27, 17, 20) 83.82383469290619
Q round507-s17 0 (40, 21, 44, 38) 20.835261867463903
Q round507-s17 10 (45, 21, 7, 37) 62.69205271617835
Q round507-s17 3 (16, 64, 57, 64) 95.70104351207483
Q round507-s17 2 (28, 43, 29, 22) 155.95526017236756
Q round507-s17 13 (43, 31, 17, 52) 42.807687311081736
Q round507-s17 12 (57, 21, 56, 6) 50.95538848136311
Q round507-s17 11 (22, 30, 9, 61) 149.27071804804785
Q round507-s17 14 (17, 45, 39, 70) 62.6596641051383
ROUND 507 n 8208 bestJ 18.20120939039346 best (16, 45, 4, 39) eligible 134
Q round508-s17 1 (15, 1, 39, 36) 97.61967056794056
Q round508-s17 4 (39, 67, 63, 24) 61.84806472440903
Q round508-s17 2 (66, 4, 53, 35) 98.44200694869956
Q round508-s17 9 (42, 9, 42, 69) 115.87507505903301
Q round508-s17 6 (69, 48, 17, 8) 65.48247635905621
Q round508-s17 14 (61, 15, 23, 42) 141.19461284985488
Q round508-s17 15 (64, 55, 12, 11) 73.84985054245662
Q round508-s17 0 (0, 5, 20, 38) 21.391583352720797
Q round508-s17 5 (59, 3, 48, 48) 54.0655703479579
Q round508-s17 8 (7, 62, 64, 36) 107.93930976366947
Q round508-s17 13 (20, 2, 30, 53) 699.5391361311446
Q round508-s17 10 (22, 39, 62, 59) 99.63803393001793
Q round508-s17 11 (19, 25, 13, 63) 46.36066411701211
Q round508-s17 3 (65, 63, 20, 34) 128.1238242066185
Q round508-s17 12 (67, 18, 14, 17) 55.04865507604527
Q round508-s17 7 (38, 37, 54, 31) 77.9589076272525
ROUND 508 n 8224 bestJ 18.20120939039346 best (16, 45, 4, 39) eligible 134
Q round509-s17 8 (32, 8, 64, 36) 89.34825532395553
Q round509-s17 4 (18, 22, 48, 33) 53.14729282808193
Q round509-s17 1 (2, 43, 41, 36) 344.7310657751879
Q round509-s17 2 (42, 60, 42, 31) 147.6013081717613
Q round509-s17 11 (69, 48, 16, 10) 58.65801765415948
Q round509-s17 15 (46, 58, 19, 59) 810.5547081345983
Q round509-s17 10 (65, 9, 5, 12) 61.94988812687269
Q round509-s17 12 (40, 33, 44, 64) 54.192843973591856
Q round509-s17 0 (0, 5, 44, 62) 19.61109653346659
Q round509-s17 13 (70, 5, 39, 52) 52.312941058897906
Q round509-s17 14 (4, 30, 7, 60) 54.498878346332575
Q round509-s17 6 (13, 5, 20, 61) 93.08049659788546
Q round509-s17 3 (41, 42, 13, 6) 39.5743917223885
Q round509-s17 5 (32, 54, 22, 9) 70.13182311005448
Q round509-s17 9 (54, 21, 20, 46) 52.021553256736404
Q round509-s17 7 (14, 13, 33, 5) 105.2686083668843
ROUND 509 n 8240 bestJ 18.20120939039346 best (16, 45, 4, 39) eligible 129
Q round510-s17 9 (62, 20, 58, 37) 1572.6060503943088
Q round510-s17 13 (24, 42, 5, 39) 57.587441205073695
Q round510-s17 12 (50, 54, 59, 54) 52.0641172596516
Q round510-s17 8 (58, 38, 1, 15) 64.42896852458061
Q round510-s17 5 (42, 23, 70, 28) 55.278367594179
Q round510-s17 2 (29, 44, 16, 8) 52.11130093637705
Q round510-s17 3 (34, 55, 68, 10) 443.6371698137375
Q round510-s17 14 (31, 44, 12, 45) 266.6426555014663
Q round510-s17 1 (0, 25, 0, 61) 136.0996852604045
Q round510-s17 7 (57, 43, 59, 1) 99.54761982574125
Q round510-s17 4 (31, 42, 19, 8) 51.71937418824501
Q round510-s17 0 (16, 29, 44, 62) 22.89054607733953
Q round510-s17 15 (22, 48, 0, 12) 128.1124874110085
Q round510-s17 11 (43, 20, 61, 10) 92.92089461890782
Q round510-s17 10 (4, 47, 70, 16) 70.90361133619321
Q round510-s17 6 (3, 10, 67, 36) 74.18577482352767
ROUND 510 n 8256 bestJ 18.20120939039346 best (16, 45, 4, 39) eligible 128
Q round511-s17 4 (32, 8, 45, 65) 103.2159383080814
Q round511-s17 10 (0, 61, 34, 55) 90.85816575762559
Q round511-s17 12 (13, 54, 4, 34) 243.08657644244326
Q round511-s17 11 (5, 46, 9, 70) 60.63309727304078
Q round511-s17 7 (2, 22, 52, 31) 42.7579351971468
Q round511-s17 1 (47, 51, 70, 45) 48.00347390508788
Q round511-s17 13 (1, 44, 59, 51) 93.99616840195718
Q round511-s17 0 (40, 45, 4, 62) 20.52953534667254
Q round511-s17 3 (59, 70, 51, 24) 52.03039471944654
Q round511-s17 14 (37, 45, 47, 57) 35.48070872388281
Q round511-s17 5 (11, 11, 46, 25) 51.19914075679825
Q round511-s17 15 (3, 44, 37, 66) 92.13256040010069
Q round511-s17 9 (0, 15, 33, 5) 203.2667513658679
Q round511-s17 6 (70, 29, 57, 15) 70.73979499391397
Q round511-s17 8 (1, 26, 17, 56) 59.39925755480517
Q round511-s17 2 (41, 65, 20, 37) 299.2507897132159
ROUND 511 n 8272 bestJ 18.20120939039346 best (16, 45, 4, 39) eligible 108
Q round512-s17 6 (47, 4, 61, 43) 302.78635358210585
Q round512-s17 3 (2, 71, 28, 15) 45.401178427899886
Q round512-s17 14 (58, 34, 18, 6) 108.18938109605311
Q round512-s17 7 (18, 7, 12, 60) 660.3600031980307
Q round512-s17 9 (16, 30, 54, 36) 91.40175204916042
Q round512-s17 8 (53, 62, 71, 24) 78.36232983528588
Q round512-s17 12 (2, 30, 22, 8) 68.18889261020868
Q round512-s17 4 (55, 45, 12, 51) 243.06105141955683
Q round512-s17 1 (40, 49, 71, 16) 108.67220570810026
Q round512-s17 13 (69, 63, 55, 5) 60.24468514196997
Q round512-s17 10 (38, 35, 61, 47) 43.32938122317326
Q round512-s17 0 (16, 21, 20, 14) 24.5832167419994
Q round512-s17 11 (30, 21, 34, 44) 62.95280995985181
Q round512-s17 2 (51, 30, 8, 42) 37.83404443714103
Q round512-s17 5 (6, 1, 22, 33) 111.22108898933335
Q round512-s17 15 (49, 10, 0, 30) 64.62650408952139
ROUND 512 n 8288 bestJ 18.20120939039346 best (16, 45, 4, 39) eligible 115
Q round513-s17 8 (15, 51, 17, 43) 4681.3056888943365
Q round513-s17 7 (61, 71, 71, 68) 64.75706284176383
Q round513-s17 9 (53, 47, 29, 14) 62.82963729077407
Q round513-s17 3 (10, 52, 62, 8) 53.45735312267301
Q round513-s17 2 (31, 12, 64, 49) 69.63097186410576
Q round513-s17 4 (58, 47, 1, 58) 41.27443054597539
Q round513-s17 5 (16, 23, 57, 59) 96.61677647386098
Q round513-s17 15 (9, 27, 3, 38) 116.55074818987349
Q round513-s17 12 (31, 49, 60, 70) 79.80859293635943
Q round513-s17 0 (0, 53, 12, 32) 19.506839363608343
Q round513-s17 1 (69, 21, 65, 32) 45.85310956719928
Q round513-s17 13 (28, 38, 9, 15) 55.18475676125527
Q round513-s17 6 (43, 29, 3, 70) 180.02082728998988
Q round513-s17 10 (51, 21, 69, 34) 126.38365323991049
Q round513-s17 14 (46, 31, 59, 39) 114.77324347584701
Q round513-s17 11 (25, 46, 70, 14) 91.46719916232333
ROUND 513 n 8304 bestJ 18.20120939039346 best (16, 45, 4, 39) eligible 102
Q round514-s17 11 (8, 33, 61, 49) 91.03952227449125
Q round514-s17 13 (0, 9, 21, 70) 97.90053031273865
Q round514-s17 6 (63, 65, 26, 47) 117.97034053034099
Q round514-s17 1 (57, 16, 66, 56) 112.69822832946777
Q round514-s17 8 (39, 35, 9, 64) 51.84142739136381
Q round514-s17 4 (68, 34, 19, 4) 111.38604331507531
Q round514-s17 3 (63, 68, 67, 53) 213.08436556017156
Q round514-s17 9 (36, 70, 37, 55) 81.87951731112697
Q round514-s17 15 (57, 31, 10, 64) 140.99676920747925
Q round514-s17 0 (0, 29, 28, 32) 20.642295013930024
Q round514-s17 2 (57, 2, 34, 21) 161.46438553887177
Q round514-s17 10 (60, 26, 1, 3) 144.1065624104139
Q round514-s17 14 (67, 56, 5, 48) 63.958647574890584
Q round514-s17 5 (57, 32, 17, 53) 108.7880060397465
Q round514-s17 7 (63, 7, 36, 39) 94.27405731334926
Q round514-s17 12 (17, 6, 54, 64) 109.68172575394897
ROUND 514 n 8320 bestJ 18.20120939039346 best (16, 45, 4, 39) eligible 108
Q round515-s17 6 (26, 49, 65, 3) 17408.406725316618
Q round515-s17 3 (5, 11, 18, 52) 121.89636679110524
Q round515-s17 7 (2, 39, 18, 24) 405.2637720162692
Q round515-s17 5 (18, 24, 57, 30) 48.21810408276432
Q round515-s17 1 (18, 38, 51, 5) 109.85426245106203
Q round515-s17 13 (66, 59, 33, 51) 96.4119914563647
Q round515-s17 15 (70, 20, 66, 38) 56.714283451472674
Q round515-s17 14 (34, 67, 6, 12) 168.34862885825348
Q round515-s17 10 (27, 46, 24, 3) 72.19978224944363
Q round515-s17 11 (64, 18, 46, 20) 49.918459774280436
Q round515-s17 4 (0, 5, 27, 61) 245.76276418911837
Q round515-s17 9 (48, 10, 33, 63) 52.7522457563337
Q round515-s17 0 (0, 45, 20, 62) 18.721663025994275
Q round515-s17 8 (46, 36, 16, 58) 82.4625442621766
Q round515-s17 2 (12, 49, 59, 49) 43.12532327133059
Q round515-s17 12 (54, 55, 14, 14) 121.79112205913727
ROUND 515 n 8336 bestJ 18.20120939039346 best (16, 45, 4, 39) eligible 110
Q round516-s17 12 (0, 39, 57, 67) 71.05285086210846
Q round516-s17 7 (23, 34, 49, 43) 49.46552806758528
Q round516-s17 2 (26, 41, 1, 1) 52.30590439703045
Q round516-s17 5 (21, 3, 2, 63) 96.92655786247317
Q round516-s17 14 (37, 35, 17, 43) 204.01445956414182
Q round516-s17 4 (43, 41, 45, 4) 244.05193440610304
Q round516-s17 15 (38, 28, 11, 52) 206.7013704304418
Q round516-s17 3 (5, 45, 36, 24) 121.81072970110415
Q round516-s17 10 (45, 53, 5, 58) 180.60769661186768
Q round516-s17 0 (0, 45, 4, 38) 19.286987471087976
Q round516-s17 11 (14, 64, 40, 60) 107.5315497204193
Q round516-s17 9 (36, 2, 41, 14) 44.613506014672254
Q round516-s17 8 (14, 54, 44, 55) 99.16928472041387
Q round516-s17 1 (33, 45, 56, 0) 47.2460259633825
Q round516-s17 13 (1, 30, 16, 29) 162.06700353667847
Q round516-s17 6 (71, 30, 46, 69) 182.3346211924917
ROUND 516 n 8352 bestJ 18.20120939039346 best (16, 45, 4, 39) eligible 115
Q round517-s17 9 (23, 16, 66, 12) 100.31041923117235
Q round517-s17 5 (45, 51, 69, 15) 1252.3081662550321
Q round517-s17 13 (45, 11, 26, 43) 134.58575560418407
Q round517-s17 8 (2, 30, 66, 28) 188.26980636795867
Q round517-s17 14 (61, 21, 42, 68) 116.16005138444864
Q round517-s17 12 (2, 24, 20, 47) 63.0627834521624
Q round517-s17 1 (66, 51, 62, 3) 115.56610387786864
Q round517-s17 3 (64, 11, 33, 12) 141.25256126829862
Q round517-s17 2 (29, 15, 35, 25) 40.32721045678685
Q round517-s17 7 (56, 36, 36, 29) 132.49625179874943
Q round517-s17 0 (16, 5, 28, 39) 21.221504210273288
Q round517-s17 11 (35, 34, 30, 66) 231.46472323466296
Q round517-s17 10 (27, 48, 32, 57) 42.134655779672386
Q round517-s17 6 (71, 23, 11, 63) 111.17008711081873
Q round517-s17 15 (43, 64, 41, 7) 61.004278287163274
Q round517-s17 4 (4, 66, 62, 2) 89.03385117172432
ROUND 517 n 8368 bestJ 18.20120939039346 best (16, 45, 4, 39) eligible 105
Q round518-s17 7 (34, 44, 54, 33) 53.81156992014763
Q round518-s17 5 (2, 14, 34, 37) 418.54312304769604
Q round518-s17 8 (56, 51, 48, 14) 57.91407163967058
Q round518-s17 3 (7, 58, 9, 29) 83.22762432669907
Q round518-s17 15 (10, 52, 26, 65) 130.31665216029253
Q round518-s17 9 (60, 21, 13, 14) 119.75401500824535
Q round518-s17 11 (21, 69, 17, 14) 48.29177765348584
Q round518-s17 12 (11, 22, 50, 16) 45.25936718921211
Q round518-s17 1 (13, 42, 15, 31) 47.56279223530826
Q round518-s17 0 (0, 5, 4, 38) 20.440447695335788
Q round518-s17 13 (48, 58, 71, 30) 66.8172923758938
Q round518-s17 10 (20, 13, 50, 10) 214.8426254687159
Q round518-s17 14 (4, 38, 7, 33) 62.03462055828531
Q round518-s17 4 (54, 25, 54, 15) 91.39685901319406
Q round518-s17 2 (30, 5, 70, 70) 77.28458369528504
Q round518-s17 6 (6, 22, 9, 25) 90.57143318035337
ROUND 518 n 8384 bestJ 18.20120939039346 best (16, 45, 4, 39) eligible 96
Q round519-s17 2 (24, 4, 37, 59) 1240.8545408277796
Q round519-s17 13 (48, 14, 53, 20) 110.16477147981297
Q round519-s17 15 (42, 68, 24, 58) 162.6784155100277
Q round519-s17 4 (18, 33, 63, 12) 169.58763600253724
Q round519-s17 9 (21, 54, 31, 60) 47.2307801857129
Q round519-s17 3 (16, 57, 60, 68) 43.29130475389635
Q round519-s17 12 (58, 2, 69, 39) 111.86002643876098
Q round519-s17 0 (0, 21, 12, 62) 18.75123229993941
Q round519-s17 6 (13, 53, 36, 8) 89.78648284018716
Q round519-s17 11 (58, 2, 51, 16) 138.5371527112996
Q round519-s17 1 (17, 41, 44, 19) 56.61023450731514
Q round519-s17 7 (57, 50, 17, 10) 152.03273750013923
Q round519-s17 8 (64, 63, 11, 33) 61.809519963407155
Q round519-s17 5 (3, 2, 26, 45) 184.99699612894935
Q round519-s17 10 (16, 71, 24, 56) 119.54020137976825
Q round519-s17 14 (9, 70, 28, 63) 77.47337551136523
ROUND 519 n 8400 bestJ 18.20120939039346 best (16, 45, 4, 39) eligible 103
Q round520-s17 1 (55, 49, 61, 28) 121.94071343323016
Q round520-s17 2 (64, 30, 34, 14) 126.48329592683949
Q round520-s17 12 (15, 24, 6, 67) 108.07465194244041
Q round520-s17 9 (15, 27, 58, 24) 107.76980037380463
Q round520-s17 6 (40, 46, 17, 10) 213.16118393927556
Q round520-s17 7 (56, 40, 57, 38) 79.52772376746216
Q round520-s17 15 (41, 65, 10, 28) 80.41855161867628
Q round520-s17 13 (38, 57, 66, 16) 104.26461531393866
Q round520-s17 0 (0, 69, 28, 33) 21.999123479274147
Q round520-s17 4 (30, 13, 0, 28) 63.8824648353196
Q round520-s17 5 (3, 38, 27, 32) 135.96167425909402
Q round520-s17 3 (35, 64, 56, 21) 40.43206181409598
Q round520-s17 10 (14, 63, 62, 54) 104.09138563871225
Q round520-s17 14 (19, 32, 11, 36) 149.259989462023
Q round520-s17 8 (48, 23, 39, 45) 235.369251615399
Q round520-s17 11 (70, 15, 11, 41) 97.15661570122488
ROUND 520 n 8416 bestJ 18.20120939039346 best (16, 45, 4, 39) eligible 115
Q round521-s17 11 (40, 3, 41, 3) 2394.9435576108845
Q round521-s17 8 (55, 37, 23, 4) 91.89409785704562
Q round521-s17 9 (16, 64, 32, 43) 80.3018495886674
Q round521-s17 4 (58, 62, 32, 26) 125.91686211337138
Q round521-s17 2 (67, 57, 18, 65) 302.1829766687371
Q round521-s17 6 (54, 0, 66, 31) 163.97431143805684
Q round521-s17 0 (16, 45, 44, 62) 18.156177194169597
Q round521-s17 3 (15, 69, 54, 23) 78.41959524275205
Q round521-s17 12 (9, 20, 69, 47) 37.067221099594086
Q round521-s17 1 (41, 10, 15, 4) 41.49419513994237
Q round521-s17 15 (71, 15, 44, 23) 102.28996443697298
Q round521-s17 7 (55, 14, 24, 26) 218.74604727748127
Q round521-s17 10 (52, 66, 52, 13) 90.82748234410043
Q round521-s17 13 (71, 48, 56, 16) 147.39908974865963
Q round521-s17 5 (12, 8, 67, 69) 268.804385886875
Q round521-s17 14 (25, 71, 12, 15) 81.24449544343679
ROUND 521 n 8432 bestJ 18.156177194169597 best (16, 45, 44, 62) eligible 104
Q round522-s17 2 (21, 27, 5, 29) 113.49428402139428
Q round522-s17 12 (42, 30, 51, 39) 131.24879432160157
Q round522-s17 7 (26, 8, 14, 14) 64.02948847362174
Q round522-s17 5 (10, 43, 24, 25) 63.51147560449649
Q round522-s17 15 (60, 64, 0, 3) 49.155111780282944
Q round522-s17 10 (70, 63, 53, 22) 125.78456531950417
Q round522-s17 14 (70, 70, 50, 63) 163.78543119374007
Q round522-s17 3 (27, 20, 26, 54) 180.21654898167805
Q round522-s17 0 (16, 5, 12, 62) 19.868605077204563
Q round522-s17 13 (37, 21, 31, 14) 45.368520723762565
Q round522-s17 6 (51, 49, 3, 47) 54.054292836667656
Q round522-s17 9 (60, 45, 43, 49) 201.47854120987392
Q round522-s17 8 (20, 1, 21, 29) 269.67138616159303
Q round522-s17 11 (43, 7, 47, 55) 75.28475796379223
Q round522-s17 4 (17, 42, 58, 7) 59.46788159631879
Q round522-s17 1 (38, 23, 4, 65) 111.89325236790698
ROUND 522 n 8448 bestJ 18.156177194169597 best (16, 45, 44, 62) eligible 111
Q round523-s17 13 (48, 32, 18, 41) 106.8361156144099
Q round523-s17 15 (24, 31, 45, 28) 133.60570700439254
Q round523-s17 10 (64, 23, 3, 52) 67.54572736041123
Q round523-s17 1 (13, 36, 7, 16) 64.36208541554834
Q round523-s17 8 (60, 40, 59, 26) 1321.4716556081564
Q round523-s17 5 (23, 51, 1, 49) 57.28959969396627
Q round523-s17 11 (31, 58, 8, 22) 75.74735331240849
Q round523-s17 2 (7, 48, 64, 25) 120.54869600270453
Q round523-s17 7 (60, 39, 18, 7) 58.05603249434539
Q round523-s17 6 (52, 46, 8, 41) 71.54514279744639
Q round523-s17 12 (31, 17, 60, 24) 75.02737846661934
Q round523-s17 3 (25, 1, 21, 57) 97.59492535378962
Q round523-s17 0 (0, 5, 52, 62) 24.337016347004095
Q round523-s17 14 (12, 30, 9, 63) 55.999033860842175
Q round523-s17 4 (30, 63, 51, 13) 96.56459714457658
Q round523-s17 9 (11, 61, 28, 50) 117.13560485205446
ROUND 523 n 8464 bestJ 18.156177194169597 best (16, 45, 44, 62) eligible 98
Q round524-s17 3 (13, 20, 54, 50) 659.6318953260403
Q round524-s17 4 (68, 63, 50, 33) 75.13859903738134
Q round524-s17 10 (40, 33, 10, 47) 104.99386435491513
Q round524-s17 9 (47, 33, 52, 43) 45.80669466866292
Q round524-s17 6 (40, 68, 55, 41) 73.38672386627965
Q round524-s17 15 (26, 0, 56, 15) 55.0082990677245
Q round524-s17 5 (57, 45, 60, 27) 275.51041515772846
Q round524-s17 14 (65, 20, 62, 68) 55.02206514628364
Q round524-s17 0 (0, 5, 44, 38) 20.737934897453837
Q round524-s17 13 (58, 66, 27, 29) 150.31212294795432
Q round524-s17 11 (15, 34, 41, 25) 64.2778988288975
Q round524-s17 2 (68, 63, 14, 69) 53.0874536991556
Q round524-s17 12 (22, 34, 12, 54) 63.7808733527105
Q round524-s17 7 (9, 24, 48, 10) 202.7935723418319
Q round524-s17 8 (22, 0, 65, 62) 123.68655905355261
Q round524-s17 1 (17, 33, 27, 70) 40.0081546577426
ROUND 524 n 8480 bestJ 18.156177194169597 best (16, 45, 44, 62) eligible 95
Q round525-s17 4 (32, 7, 16, 4) 103.07392002091557
Q round525-s17 11 (37, 47, 25, 44) 46.15157361127802
Q round525-s17 10 (10, 55, 12, 60) 331.7663060155449
Q round525-s17 3 (67, 44, 42, 67) 123.5469352374608
Q round525-s17 12 (13, 37, 4, 27) 103.07269781809975
Q round525-s17 6 (3, 33, 37, 35) 209.09376493303324
Q round525-s17 8 (18, 10, 30, 29) 194.41355243722802
Q round525-s17 0 (40, 5, 4, 39) 19.073252579749823
Q round525-s17 5 (56, 23, 40, 29) 171.48783674303496
Q round525-s17 15 (51, 60, 5, 2) 114.25523164691289
Q round525-s17 9 (32, 6, 34, 24) 134.26590234591544
Q round525-s17 2 (33, 54, 54, 51) 66.11366070561223
Q round525-s17 13 (44, 40, 46, 68) 30.327576825549947
Q round525-s17 1 (9, 9, 44, 42) 91.40582307133032
Q round525-s17 14 (41, 6, 9, 14) 81.70802967506981
Q round525-s17 7 (1, 23, 41, 42) 373.7093181663039
ROUND 525 n 8496 bestJ 18.156177194169597 best (16, 45, 44, 62) eligible 96
Q round526-s17 7 (8, 9, 53, 51) 51.926630368354616
Q round526-s17 1 (24, 10, 44, 36) 206.2022022880268
Q round526-s17 10 (28, 30, 16, 27) 47.26717715041494
Q round526-s17 12 (57, 35, 44, 68) 150.09047720615501
Q round526-s17 14 (17, 53, 45, 54) 53.837324764162595
Q round526-s17 0 (0, 21, 12, 38) 20.42301733437417
Q round526-s17 6 (46, 31, 49, 12) 118.22889448118217
Q round526-s17 8 (57, 68, 59, 34) 109.82780251442736
Q round526-s17 2 (27, 68, 70, 14) 48.037274189198804
Q round526-s17 5 (4, 43, 40, 61) 112.10878309846134
Q round526-s17 15 (4, 36, 17, 3) 254.57672241803246
Q round526-s17 11 (53, 5, 68, 45) 109.13934301681752
Q round526-s17 3 (49, 54, 70, 3) 83.03901021490591
Q round526-s17 4 (67, 50, 65, 57) 85.18492366371984
Q round526-s17 13 (52, 24, 6, 17) 62.65698099117524
Q round526-s17 9 (23, 23, 9, 47) 91.83437459674178
ROUND 526 n 8512 bestJ 18.156177194169597 best (16, 45, 44, 62) eligible 92
Q round527-s17 2 (69, 34, 15, 4) 1288.3686508747908
Q round527-s17 15 (56, 13, 21, 19) 357.0063476061957
Q round527-s17 7 (2, 3, 52, 4) 93.00398610851911
Q round527-s17 9 (24, 20, 25, 23) 67.87303561480938
Q round527-s17 1 (46, 44, 47, 35) 44.95309609217144
Q round527-s17 6 (2, 42, 65, 10) 105.38109489253836
Q round527-s17 12 (56, 49, 63, 65) 74.67403528715349
Q round527-s17 0 (0, 45, 12, 62) 23.882770679117247
Q round527-s17 14 (55, 49, 16, 56) 107.78392583147874
Q round527-s17 11 (6, 44, 70, 22) 66.25076076501337
Q round527-s17 3 (66, 53, 35, 54) 119.03223516531529
Q round527-s17 13 (68, 31, 43, 50) 164.45517441869018
Q round527-s17 5 (27, 24, 70, 20) 55.475380443746026
Q round527-s17 10 (20, 30, 56, 9) 49.12819124008524
Q round527-s17 4 (51, 31, 30, 31) 67.93737278734567
Q round527-s17 8 (33, 42, 60, 55) 29.713199238291367
ROUND 527 n 8528 bestJ 18.156177194169597 best (16, 45, 44, 62) eligible 99
Q round528-s17 6 (40, 59, 44, 36) 1071.046633225222
Q round528-s17 10 (58, 39, 14, 34) 32.03838087703622
Q round528-s17 14 (33, 45, 2, 48) 117.94964911511637
Q round528-s17 3 (69, 1, 38, 42) 43.615224403044024
Q round528-s17 4 (10, 46, 59, 47) 45.88720998432859
Q round528-s17 9 (33, 53, 65, 35) 93.73538407857053
Q round528-s17 7 (52, 37, 51, 51) 120.95620616616323
Q round528-s17 5 (10, 66, 5, 10) 240.40678414322326
Q round528-s17 0 (16, 21, 4, 38) 22.70976905882581
Q round528-s17 2 (4, 38, 60, 22) 39.41028561932572
Q round528-s17 13 (35, 16, 31, 45) 51.9753211102917
Q round528-s17 1 (51, 40, 49, 35) 82.93180542578605
Q round528-s17 8 (49, 23, 45, 50) 304.1581676326325
Q round528-s17 12 (38, 69, 23, 6) 71.7545784322439
Q round528-s17 11 (0, 31, 7, 57) 118.36901928949459
Q round528-s17 15 (1, 14, 15, 7) 104.10807857860061
ROUND 528 n 8544 bestJ 18.156177194169597 best (16, 45, 44, 62) eligible 96
Q round529-s17 15 (5, 41, 37, 44) 177.19957871958906
Q round529-s17 7 (66, 25, 15, 56) 61.11253740193705
Q round529-s17 2 (53, 63, 34, 69) 186.66453377015688
Q round529-s17 12 (5, 16, 4, 32) 77.04121943754103
Q round529-s17 14 (51, 60, 34, 17) 409.22409896402615
Q round529-s17 6 (37, 37, 71, 29) 35.79764772100502
Q round529-s17 0 (16, 5, 28, 62) 20.142415578542924
Q round529-s17 8 (30, 49, 5, 27) 90.61641418676663
Q round529-s17 10 (23, 18, 35, 63) 46.5876944379761
Q round529-s17 4 (40, 42, 63, 38) 51.786132595226256
Q round529-s17 9 (35, 41, 35, 53) 316.7808670476602
Q round529-s17 3 (59, 32, 56, 46) 51.11604868654822
Q round529-s17 13 (28, 53, 3, 32) 202.04858857877093
Q round529-s17 1 (54, 30, 68, 55) 102.05151550066594
Q round529-s17 5 (24, 47, 35, 25) 92.29215601223194
Q round529-s17 11 (70, 48, 23, 6) 111.02057175356266
ROUND 529 n 8560 bestJ 18.156177194169597 best (16, 45, 44, 62) eligible 96
Q round530-s17 1 (29, 63, 43, 3) 109.67551769381987
Q round530-s17 15 (21, 24, 47, 63) 74.11233763632823
Q round530-s17 10 (45, 51, 70, 11) 224.26675299139484
Q round530-s17 3 (58, 43, 55, 46) 54.673654752021925
Q round530-s17 2 (52, 43, 34, 60) 86.70768353641172
Q round530-s17 9 (69, 10, 14, 13) 594.8161333158668
Q round530-s17 12 (24, 54, 20, 63) 84.13630580812774
Q round530-s17 0 (16, 21, 28, 38) 19.98903453232545
Q round530-s17 5 (59, 70, 31, 33) 65.76136082278342
Q round530-s17 11 (32, 66, 20, 47) 38.80783420953563
Q round530-s17 6 (63, 16, 6, 37) 247.20203285306593
Q round530-s17 7 (28, 39, 46, 6) 68.64953948355326
Q round530-s17 4 (62, 64, 3, 23) 61.23590869013896
Q round530-s17 13 (28, 45, 28, 40) 150.8609341887913
Q round530-s17 8 (27, 64, 56, 32) 43.53300256077946
Q round530-s17 14 (9, 46, 28, 71) 76.14547746952081
ROUND 530 n 8576 bestJ 18.156177194169597 best (16, 45, 44, 62) eligible 79
Q round531-s17 9 (64, 62, 7, 68) 93.65466552858538
Q round531-s17 10 (58, 17, 20, 63) 66.31566558206742
Q round531-s17 12 (23, 36, 51, 22) 44.3618947803972
Q round531-s17 15 (21, 58, 20, 50) 179.17883575818368
Q round531-s17 13 (26, 53, 68, 4) 102.2417099443397
Q round531-s17 5 (55, 59, 50, 34) 141.7592289901048
Q round531-s17 3 (70, 20, 16, 4) 46.9899846495709
Q round531-s17 4 (71, 18, 0, 9) 61.56548165619654
Q round531-s17 8 (28, 9, 42, 37) 570.5192203674427
Q round531-s17 0 (0, 45, 12, 38) 22.98507310427888
Q round531-s17 7 (52, 9, 15, 51) 70.24070613791248
Q round531-s17 1 (24, 56, 68, 1) 66.91239541518847
Q round531-s17 14 (27, 70, 14, 27) 48.01654286680304
Q round531-s17 11 (70, 5, 38, 60) 48.89446982586418
Q round531-s17 2 (19, 33, 35, 63) 57.09383534325738
Q round531-s17 6 (9, 25, 28, 50) 98.25110094727192
ROUND 531 n 8592 bestJ 18.156177194169597 best (16, 45, 44, 62) eligible 91
Q round532-s17 7 (18, 10, 67, 70) 2410.78455427303
Q round532-s17 3 (58, 65, 58, 4) 165.64747688944954
Q round532-s17 4 (34, 30, 2, 19) 210.07742240106506
Q round532-s17 2 (56, 5, 45, 19) 230.2742229718927
Q round532-s17 6 (71, 58, 35, 21) 105.5459266117235
Q round532-s17 8 (66, 56, 9, 64) 47.05202578206502
Q round532-s17 9 (47, 1, 41, 37) 151.6066232324378
Q round532-s17 13 (68, 44, 45, 22) 109.17963054090727
Q round532-s17 0 (40, 21, 44, 62) 19.90528064567298
Q round532-s17 14 (51, 18, 45, 9) 111.67650462578916
Q round532-s17 10 (43, 9, 26, 18) 100.43834102293049
Q round532-s17 15 (52, 10, 29, 34) 141.9268824665087
Q round532-s17 12 (1, 61, 3, 58) 207.3572440092666
Q round532-s17 11 (7, 38, 55, 10) 226.31994818668923
Q round532-s17 1 (9, 63, 59, 23) 51.82968530108485
Q round532-s17 5 (17, 10, 62, 0) 65.28344755439495
ROUND 532 n 8608 bestJ 18.156177194169597 best (16, 45, 44, 62) eligible 87
Q round533-s17 11 (47, 10, 34, 51) 133.1207348610809
Q round533-s17 7 (42, 62, 12, 42) 111.98876567974925
Q round533-s17 5 (48, 57, 1, 67) 56.92626534137276
Q round533-s17 3 (7, 12, 71, 34) 81.60351320126603
Q round533-s17 15 (71, 35, 69, 42) 299.10436469897235
Q round533-s17 8 (19, 70, 29, 54) 48.935421601845334
Q round533-s17 2 (3, 4, 69, 25) 545.4661081902323
Q round533-s17 14 (32, 20, 53, 34) 190.30540640337733
Q round533-s17 4 (17, 65, 29, 49) 92.881917268817
Q round533-s17 0 (40, 45, 44, 38) 20.496984839671317
Q round533-s17 12 (59, 9, 8, 41) 49.586972522149445
Q round533-s17 6 (30, 8, 32, 19) 126.46646415289334
Q round533-s17 13 (51, 5, 7, 46) 46.70880732614466
Q round533-s17 9 (43, 50, 17, 59) 86.8094465850241
Q round533-s17 1 (46, 69, 68, 37) 70.33369408613176
Q round533-s17 10 (41, 26, 31, 10) 86.28107869891899
ROUND 533 n 8624 bestJ 18.156177194169597 best (16, 45, 44, 62) eligible 77
Q round534-s17 1 (10, 69, 66, 33) 104.88265236061568
Q round534-s17 9 (13, 54, 71, 53) 74.49136074675314
Q round534-s17 2 (10, 68, 65, 66) 175.5188916117471
Q round534-s17 12 (47, 7, 50, 31) 202.89136039720134
Q round534-s17 14 (2, 29, 16, 60) 504.7123911428131
Q round534-s17 3 (42, 0, 30, 65) 50.26977214862215
Q round534-s17 10 (8, 69, 25, 10) 94.30757051812469
Q round534-s17 8 (2, 29, 43, 69) 145.59912300325874
Q round534-s17 0 (16, 21, 4, 62) 21.056778863418746
Q round534-s17 6 (50, 66, 28, 17) 201.80217190781943
Q round534-s17 4 (48, 23, 62, 36) 107.02787047549471
Q round534-s17 5 (40, 40, 52, 30) 80.59573872486939
Q round534-s17 13 (59, 60, 52, 67) 72.70169436615289
Q round534-s17 15 (3, 51, 2, 31) 88.0472474781324
Q round534-s17 7 (11, 64, 9, 5) 47.0788318934686
Q round534-s17 11 (41, 65, 20, 25) 57.914723296086045
ROUND 534 n 8640 bestJ 18.156177194169597 best (16, 45, 44, 62) eligible 88
Q round535-s17 3 (39, 71, 26, 8) 158.86511069066756
Q round535-s17 12 (66, 30, 3, 22) 49.07888158251803
Q round535-s17 1 (56, 37, 26, 55) 58.03921209194691
Q round535-s17 15 (32, 24, 37, 7) 115.74504802966574
Q round535-s17 11 (5, 3, 15, 27) 207.75910870931511
Q round535-s17 4 (23, 59, 14, 0) 77.40181620569518
Q round535-s17 2 (65, 56, 50, 20) 72.51055081304595
Q round535-s17 13 (29, 34, 1, 2) 143.79194510073228
Q round535-s17 14 (30, 43, 44, 36) 394.5461924274325
Q round535-s17 7 (1, 59, 51, 51) 100.95689777146573
Q round535-s17 10 (30, 25, 29, 68) 99.39500297788572
Q round535-s17 0 (40, 5, 44, 38) 20.620867129619807
Q round535-s17 8 (11, 70, 45, 40) 31.768241644202885
Q round535-s17 5 (38, 47, 6, 42) 283.941371014938
Q round535-s17 6 (62, 25, 60, 68) 49.674182069590756
Q round535-s17 9 (4, 16, 57, 22) 58.19425353103507
ROUND 535 n 8656 bestJ 18.156177194169597 best (16, 45, 44, 62) eligible 78
Q round536-s17 8 (69, 7, 13, 9) 45.8395085835275
Q round536-s17 13 (34, 42, 19, 47) 2106.526461637682
Q round536-s17 15 (45, 12, 43, 62) 568.1590249903483
Q round536-s17 9 (29, 39, 53, 26) 534.4764889988635
Q round536-s17 2 (7, 58, 47, 33) 91.65750730912045
Q round536-s17 6 (58, 29, 57, 2) 110.32806442440324
Q round536-s17 0 (40, 45, 44, 62) 22.171125687494197
Q round536-s17 14 (6, 33, 18, 32) 130.80496477143737
Q round536-s17 11 (65, 37, 19, 2) 1010.887855660756
Q round536-s17 12 (54, 64, 40, 12) 114.9254604022642
Q round536-s17 10 (17, 64, 53, 44) 92.16461253726501
Q round536-s17 1 (49, 52, 19, 33) 97.88283310777383
Q round536-s17 7 (19, 16, 33, 20) 111.60430714187096
Q round536-s17 5 (67, 55, 64, 8) 65.13416539854454
Q round536-s17 3 (52, 48, 61, 45) 43.89657916310614
Q round536-s17 4 (62, 0, 6, 57) 102.46902983597323
ROUND 536 n 8672 bestJ 18.156177194169597 best (16, 45, 44, 62) eligible 77
Q round537-s17 12 (58, 25, 57, 35) 215.5015076298653
Q round537-s17 14 (10, 68, 16, 47) 49.19152784297965
Q round537-s17 3 (26, 8, 70, 4) 103.78199174505913
Q round537-s17 4 (0, 59, 71, 67) 108.76758462689685
Q round537-s17 10 (63, 60, 23, 63) 83.81581874707784
Q round537-s17 8 (15, 68, 0, 6) 75.68053033580598
Q round537-s17 9 (2, 21, 32, 71) 78.00692813550965
Q round537-s17 6 (64, 13, 44, 25) 23.55783759169665
Q round537-s17 1 (40, 45, 11, 30) 24.536017950315152
Q round537-s17 0 (40, 5, 20, 63) 19.882654470411545
Q round537-s17 7 (36, 25, 11, 60) 176.30278765697776
Q round537-s17 11 (63, 22, 23, 43) 99.34057300326657
Q round537-s17 13 (36, 48, 66, 26) 133.40548393525947
Q round537-s17 5 (67, 65, 56, 41) 49.91747240552046
Q round537-s17 15 (1, 46, 59, 26) 105.03742320064966
Q round537-s17 2 (43, 18, 33, 44) 87.49803832132554
ROUND 537 n 8688 bestJ 18.156177194169597 best (16, 45, 44, 62) eligible 71
Q round538-s17 13 (37, 32, 34, 30) 40.893060056184865
Q round538-s17 12 (46, 27, 18, 3) 106.20027890736884
Q round538-s17 7 (50, 44, 54, 7) 57.24116942325833
Q round538-s17 8 (15, 19, 7, 9) 58.560397394420214
Q round538-s17 9 (65, 67, 16, 38) 54.66989033220168
Q round538-s17 11 (32, 48, 70, 69) 214.51861633473573
Q round538-s17 6 (44, 43, 51, 62) 495.45753052013697
Q round538-s17 1 (55, 49, 23, 64) 111.06263536252479
Q round538-s17 0 (40, 5, 20, 39) 19.774872305404337
Q round538-s17 15 (30, 59, 32, 40) 51.91620389002673
Q round538-s17 2 (68, 66, 26, 7) 129.64975202813727
Q round538-s17 3 (44, 31, 28, 44) 184.11880871746078
Q round538-s17 4 (14, 63, 41, 64) 113.15325691221526
Q round538-s17 14 (22, 32, 3, 45) 84.25881997943742
Q round538-s17 10 (17, 62, 4, 38) 67.53629981866355
Q round538-s17 5 (49, 9, 36, 55) 62.24037031729123
ROUND 538 n 8704 bestJ 18.156177194169597 best (16, 45, 44, 62) eligible 72
Q round539-s17 2 (26, 28, 63, 64) 53.75868656671167
Q round539-s17 10 (42, 44, 22, 65) 53.889823744516086
Q round539-s17 9 (45, 63, 71, 14) 72.09344269876084
Q round539-s17 3 (23, 32, 58, 53) 230.0274908114513
Q round539-s17 7 (23, 67, 65, 63) 63.524213614815736
Q round539-s17 8 (7, 12, 60, 5) 83.71931354621374
Q round539-s17 6 (45, 32, 52, 1) 51.640432443460455
Q round539-s17 4 (47, 1, 24, 22) 105.24683537999448
Q round539-s17 12 (47, 0, 3, 24) 85.07237380197523
Q round539-s17 5 (22, 12, 37, 50) 60.10750823388653
Q round539-s17 0 (0, 5, 20, 62) 21.830272662041242
Q round539-s17 15 (4, 49, 14, 27) 59.25370642277638
Q round539-s17 1 (19, 68, 33, 5) 181.04492211599745
Q round539-s17 14 (43, 9, 59, 37) 191.1941733984539
Q round539-s17 13 (38, 5, 22, 29) 83.70112519568607
Q round539-s17 11 (1, 5, 36, 38) 32.42841698404682
ROUND 539 n 8720 bestJ 18.156177194169597 best (16, 45, 44, 62) eligible 74
Q round540-s17 1 (18, 64, 53, 6) 69.66765073210827
Q round540-s17 10 (21, 38, 52, 31) 42.52692023470999
Q round540-s17 12 (2, 2, 11, 50) 237.5413354688114
Q round540-s17 8 (39, 29, 42, 29) 124.87409498827874
Q round540-s17 11 (48, 20, 28, 39) 47.72446229438818
Q round540-s17 15 (39, 35, 44, 69) 207.96804116136826
Q round540-s17 2 (62, 4, 11, 35) 131.52764445649802
Q round540-s17 5 (43, 57, 61, 25) 59.51761357456134
Q round540-s17 0 (40, 21, 20, 39) 19.795752675226705
Q round540-s17 9 (28, 30, 65, 58) 52.10573389318
Q round540-s17 6 (11, 47, 7, 23) 77.80094838832436
Q round540-s17 13 (36, 69, 38, 56) 41.22277301521017
Q round540-s17 14 (39, 71, 62, 0) 104.70164496326133
Q round540-s17 7 (6, 23, 8, 42) 303.92783705850286
Q round540-s17 4 (47, 23, 62, 29) 269.92037463334873
Q round540-s17 3 (70, 41, 16, 34) 199.5944487608412
ROUND 540 n 8736 bestJ 18.156177194169597 best (16, 45, 44, 62) eligible 66
Q round541-s17 7 (37, 65, 50, 30) 40.31676608430576
Q round541-s17 5 (7, 50, 35, 27) 412.40533947984835
Q round541-s17 12 (5, 33, 41, 30) 61.22031377503849
Q round541-s17 6 (53, 41, 55, 60) 45.156022481232306
Q round541-s17 11 (21, 66, 44, 24) 267.9781721277494
Q round541-s17 1 (8, 4, 27, 56) 118.45879772587956
Q round541-s17 3 (71, 48, 41, 67) 104.15266496284592
Q round541-s17 10 (22, 11, 5, 7) 43.520632316686225
Q round541-s17 2 (66, 61, 51, 23) 189.87902008300998
Q round541-s17 0 (16, 5, 44, 38) 21.6038481970296
Q round541-s17 4 (46, 11, 44, 9) 48.20325830476141
Q round541-s17 9 (51, 6, 31, 64) 71.50106300461273
Q round541-s17 14 (52, 21, 4, 54) 81.49410594409704
Q round541-s17 15 (54, 47, 4, 53) 401.5558925384837
Q round541-s17 13 (11, 26, 51, 18) 198.2043799581833
Q round541-s17 8 (9, 63, 25, 32) 81.93825696198843
ROUND 541 n 8752 bestJ 18.156177194169597 best (16, 45, 44, 62) eligible 74
Q round542-s17 5 (8, 54, 59, 69) 97.5999772398128
Q round542-s17 10 (64, 19, 34, 40) 196.90374255209233
Q round542-s17 1 (18, 42, 12, 6) 403.71317116005014
Q round542-s17 8 (24, 26, 24, 17) 57.77389345481621
Q round542-s17 6 (42, 58, 11, 66) 202.66015014152617
Q round542-s17 9 (57, 35, 41, 47) 56.3199740428483
Q round542-s17 14 (28, 37, 61, 17) 88.96979546915254
Q round542-s17 12 (62, 49, 66, 63) 117.98462868877688
Q round542-s17 4 (44, 52, 11, 19) 92.0267213260836
Q round542-s17 0 (16, 5, 68, 62) 19.045543494667132
Q round542-s17 11 (35, 36, 27, 70) 62.4736863905226
Q round542-s17 13 (3, 68, 0, 57) 55.28127118338789
Q round542-s17 7 (51, 9, 4, 63) 55.8747319994168
Q round542-s17 15 (52, 71, 47, 2) 91.33501713969814
Q round542-s17 3 (49, 34, 36, 10) 143.606202016971
Q round542-s17 2 (14, 22, 25, 37) 163.29147303992542
ROUND 542 n 8768 bestJ 18.156177194169597 best (16, 45, 44, 62) eligible 71
Q round543-s17 14 (13, 23, 18, 15) 56.00966597001316
Q round543-s17 11 (38, 69, 45, 36) 78.36934978109969
Q round543-s17 5 (13, 57, 24, 7) 69.42452560178764
Q round543-s17 6 (21, 20, 20, 44) 91.74897778183981
Q round543-s17 13 (43, 20, 61, 35) 82.18695887610916
Q round543-s17 15 (39, 37, 54, 63) 76.72554275577514
Q round543-s17 2 (47, 13, 52, 70) 54.42159809558723
Q round543-s17 0 (0, 5, 12, 62) 18.275345966847638
Q round543-s17 7 (20, 36, 15, 69) 48.475139171295766
Q round543-s17 10 (71, 57, 33, 38) 85.47408960328492
Q round543-s17 8 (19, 14, 11, 41) 50.161149360619255
Q round543-s17 12 (54, 7, 5, 42) 455.1937120909564
Q round543-s17 9 (35, 40, 22, 26) 49.85339029419599
Q round543-s17 3 (30, 5, 49, 20) 41.33807481687645
Q round543-s17 4 (65, 14, 60, 10) 136.2406348931822
Q round543-s17 1 (25, 8, 49, 71) 119.03314376681396
ROUND 543 n 8784 bestJ 18.156177194169597 best (16, 45, 44, 62) eligible 67
Q round544-s17 10 (10, 65, 50, 33) 428.1862494831117
Q round544-s17 12 (21, 28, 59, 67) 105.30961112226053
Q round544-s17 13 (65, 36, 39, 68) 45.94662735506849
Q round544-s17 7 (37, 48, 54, 48) 82.02193734715662
Q round544-s17 3 (40, 20, 60, 52) 295.2202537041803
Q round544-s17 15 (37, 11, 11, 49) 227.78814235851254
Q round544-s17 6 (23, 34, 9, 5) 93.23980813913965
Q round544-s17 1 (44, 38, 61, 33) 40.07744165392355
Q round544-s17 0 (16, 21, 20, 38) 22.98374309610046
Q round544-s17 8 (0, 0, 38, 23) 99.32259052920085
Q round544-s17 5 (41, 12, 35, 29) 262.29142036205405
Q round544-s17 11 (31, 18, 32, 64) 81.33539959730433
Q round544-s17 14 (67, 15, 59, 38) 46.42074470567381
Q round544-s17 4 (36, 40, 30, 58) 73.90980308702541
Q round544-s17 9 (25, 71, 14, 26) 223.97709715213483
Q round544-s17 2 (41, 50, 36, 0) 38.212402348056465
ROUND 544 n 8800 bestJ 18.156177194169597 best (16, 45, 44, 62) eligible 79
Q round545-s17 10 (69, 45, 16, 68) 4911.063496771823
Q round545-s17 9 (50, 0, 29, 65) 167.26978332795215
Q round545-s17 12 (56, 27, 23, 1) 61.8329575742232
Q round545-s17 1 (10, 52, 31, 63) 50.404852191101675
Q round545-s17 3 (13, 68, 3, 3) 121.22905761592024
Q round545-s17 2 (10, 55, 48, 22) 67.29924679340823
Q round545-s17 4 (65, 36, 19, 52) 227.31569768561266
Q round545-s17 15 (8, 57, 62, 9) 60.465169243513216
Q round545-s17 8 (49, 40, 34, 43) 103.41160398620063
Q round545-s17 0 (0, 21, 28, 38) 19.222353456266188
Q round545-s17 14 (43, 3, 44, 19) 90.98178421786592
Q round545-s17 6 (51, 38, 36, 41) 47.671237281274536
Q round545-s17 11 (12, 5, 31, 24) 40.8587676276699
Q round545-s17 5 (70, 34, 34, 40) 90.01929193404068
Q round545-s17 7 (3, 39, 7, 49) 58.409998220124066
Q round545-s17 13 (4, 45, 34, 10) 200.4039953634293
ROUND 545 n 8816 bestJ 18.156177194169597 best (16, 45, 44, 62) eligible 71
Q round546-s17 9 (53, 23, 34, 46) 63.18271506476194
Q round546-s17 5 (40, 5, 27, 53) 1683.4624770873825
Q round546-s17 10 (40, 52, 61, 11) 251.96740354264716
Q round546-s17 8 (13, 17, 43, 32) 127.18245852002725
Q round546-s17 2 (64, 67, 0, 67) 275.9241390361185
Q round546-s17 7 (58, 6, 3, 61) 411.12278552529204
Q round546-s17 14 (43, 22, 61, 27) 248.597362204576
Q round546-s17 1 (20, 12, 41, 20) 494.69193372556697
Q round546-s17 12 (69, 13, 17, 58) 587.0787679885062
Q round546-s17 0 (16, 45, 28, 38) 22.878301933280966
Q round546-s17 15 (17, 67, 9, 8) 48.13289108344551
Q round546-s17 6 (36, 14, 54, 42) 90.07152633674842
Q round546-s17 11 (15, 23, 6, 20) 128.59798507004405
Q round546-s17 13 (51, 25, 67, 41) 57.827954887700415
Q round546-s17 3 (1, 70, 61, 40) 134.7256992598034
Q round546-s17 4 (68, 53, 59, 1) 148.97549162816654
ROUND 546 n 8832 bestJ 18.156177194169597 best (16, 45, 44, 62) eligible 67
Q round547-s17 4 (58, 31, 53, 20) 4514.496804092928
Q round547-s17 6 (47, 63, 37, 32) 154.20109638997573
Q round547-s17 8 (53, 2, 26, 9) 109.50536518872218
Q round547-s17 14 (60, 40, 11, 44) 649.7588843779449
Q round547-s17 1 (26, 35, 12, 28) 88.54313453444674
Q round547-s17 13 (5, 34, 34, 24) 111.51237215140128
Q round547-s17 9 (42, 16, 44, 31) 63.409274360363526
Q round547-s17 15 (58, 31, 70, 71) 72.85734702577567
Q round547-s17 5 (10, 42, 51, 60) 108.97584050691034
Q round547-s17 10 (31, 2, 41, 45) 305.39101081189096
Q round547-s17 12 (17, 27, 49, 41) 44.59621803227802
Q round547-s17 0 (0, 5, 28, 62) 21.322407572163137
Q round547-s17 7 (43, 3, 14, 56) 55.341687249836276
Q round547-s17 11 (50, 42, 12, 9) 207.46428244622504
Q round547-s17 2 (60, 14, 70, 47) 78.95606411005664
Q round547-s17 3 (6, 14, 60, 58) 305.60101139546833
ROUND 547 n 8848 bestJ 18.156177194169597 best (16, 45, 44, 62) eligible 70
Q round548-s17 2 (8, 15, 8, 59) 107.93389514685367
Q round548-s17 12 (66, 24, 4, 7) 50.29261532738601
Q round548-s17 15 (62, 34, 18, 1) 48.05192008689781
Q round548-s17 11 (19, 53, 27, 3) 124.26240877919986
Q round548-s17 1 (56, 26, 9, 48) 34.7993036483873
Q round548-s17 3 (1, 29, 39, 27) 61.9343126546234
Q round548-s17 0 (40, 5, 4, 62) 19.882843449110457
Q round548-s17 4 (6, 7, 2, 34) 342.7971136118088
Q round548-s17 9 (20, 68, 11, 1) 206.294224999235
Q round548-s17 7 (44, 56, 60, 11) 211.60059590156496
Q round548-s17 14 (22, 26, 18, 50) 79.30571683207644
Q round548-s17 13 (62, 42, 62, 33) 51.55580330500171
Q round548-s17 6 (7, 23, 52, 17) 130.05648058498218
Q round548-s17 10 (25, 66, 24, 8) 62.13654921450263
Q round548-s17 8 (17, 39, 6, 70) 85.96458738546302
Q round548-s17 5 (41, 9, 25, 38) 78.93391359320839
ROUND 548 n 8864 bestJ 18.156177194169597 best (16, 45, 44, 62) eligible 69
Q round549-s17 4 (32, 33, 67, 27) 1485.1259536506582
Q round549-s17 5 (45, 33, 5, 3) 138.79051655787143
Q round549-s17 12 (7, 13, 21, 68) 59.20794698882124
Q round549-s17 1 (37, 25, 54, 17) 73.1089323458802
Q round549-s17 14 (26, 23, 28, 67) 181.72511416176278
Q round549-s17 9 (42, 46, 24, 54) 60.6880457238594
Q round549-s17 11 (64, 52, 16, 53) 48.38759497410385
Q round549-s17 13 (45, 56, 59, 47) 45.39881562271219
Q round549-s17 10 (7, 43, 15, 35) 74.58318577805589
Q round549-s17 6 (47, 62, 21, 22) 127.88114906332137
Q round549-s17 0 (0, 21, 44, 62) 20.204733541700946
Q round549-s17 8 (6, 35, 48, 70) 60.937091106512455
Q round549-s17 15 (46, 49, 53, 7) 132.22469161248546
Q round549-s17 3 (38, 45, 24, 66) 91.18993032907697
Q round549-s17 7 (30, 34, 12, 40) 55.83206559614252
Q round549-s17 2 (25, 14, 20, 25) 73.76083661248805
ROUND 549 n 8880 bestJ 18.156177194169597 best (16, 45, 44, 62) eligible 62
Q round550-s17 5 (62, 31, 18, 20) 98.65202494834563
Q round550-s17 6 (5, 56, 2, 20) 145.93214757895674
Q round550-s17 8 (10, 17, 17, 6) 62.69323594823447
Q round550-s17 11 (5, 41, 33, 68) 71.39596671057367
Q round550-s17 2 (38, 12, 23, 49) 70.7997741021999
Q round550-s17 9 (70, 11, 22, 28) 49.659985085197604
Q round550-s17 12 (64, 57, 71, 53) 126.17741888062797
Q round550-s17 0 (0, 21, 20, 62) 20.082735615884054
Q round550-s17 4 (40, 53, 43, 71) 29.149675908155345
Q round550-s17 1 (59, 46, 67, 29) 359.25653116949
Q round550-s17 10 (63, 29, 51, 25) 46.56951137828484
Q round550-s17 13 (20, 25, 68, 65) 42.92559024503188
Q round550-s17 14 (36, 69, 16, 53) 81.82121991100178
Q round550-s17 3 (25, 69, 61, 56) 54.26315411552812
Q round550-s17 7 (55, 70, 24, 17) 116.05943421804209
Q round550-s17 15 (70, 7, 12, 32) 125.60016559712255
ROUND 550 n 8896 bestJ 18.156177194169597 best (16, 45, 44, 62) eligible 65
Q round551-s17 7 (36, 11, 51, 0) 4639.936585618167
Q round551-s17 4 (61, 40, 10, 68) 97.92414900821916
Q round551-s17 5 (40, 10, 69, 9) 45.586257134243574
Q round551-s17 6 (34, 63, 1, 43) 298.8657683799049
Q round551-s17 8 (32, 30, 53, 4) 80.01029993963468
Q round551-s17 10 (48, 18, 42, 21) 467.3352449115976
Q round551-s17 15 (53, 36, 38, 15) 60.713419161953965
Q round551-s17 9 (50, 12, 51, 31) 379.4212084340822
Q round551-s17 3 (18, 3, 4, 28) 93.14518717742548
Q round551-s17 1 (31, 20, 48, 11) 59.60040857637961
Q round551-s17 11 (5, 15, 24, 33) 61.99533037339564
Q round551-s17 12 (69, 71, 56, 53) 57.0924114297267
Q round551-s17 14 (33, 3, 68, 41) 70.63809690079846
Q round551-s17 0 (40, 45, 20, 39) 21.032695083847756
Q round551-s17 2 (65, 32, 66, 34) 149.50340292997234
Q round551-s17 13 (33, 39, 19, 22) 41.36968499296761
ROUND 551 n 8912 bestJ 18.156177194169597 best (16, 45, 44, 62) eligible 72
Q round552-s17 10 (52, 59, 71, 50) 6183.961436207177
Q round552-s17 9 (38, 51, 34, 70) 121.28061107858076
Q round552-s17 3 (29, 8, 50, 0) 94.82334550329055
Q round552-s17 15 (7, 51, 69, 51) 128.269886003928
Q round552-s17 4 (57, 20, 21, 57) 120.90359092158624
Q round552-s17 2 (62, 59, 55, 15) 74.1312403937721
Q round552-s17 8 (32, 52, 0, 55) 68.05536024720404
Q round552-s17 13 (56, 12, 19, 23) 51.97924785954005
Q round552-s17 5 (63, 5, 28, 66) 468.77755119175356
Q round552-s17 14 (67, 25, 10, 6) 54.842202365851904
Q round552-s17 11 (64, 5, 16, 55) 66.71275658035076
Q round552-s17 0 (0, 21, 4, 62) 20.555840034684458
Q round552-s17 6 (50, 5, 26, 66) 578.3329854910327
Q round552-s17 12 (64, 56, 65, 47) 79.07981296834501
Q round552-s17 1 (41, 44, 22, 10) 37.132404695432264
Q round552-s17 7 (23, 15, 36, 9) 94.6328150482938
ROUND 552 n 8928 bestJ 18.156177194169597 best (16, 45, 44, 62) eligible 64
Q round553-s17 12 (64, 55, 26, 17) 138.76761159330533
Q round553-s17 7 (26, 63, 45, 67) 136.50027855134917
Q round553-s17 15 (66, 9, 61, 5) 561.8281352837797
Q round553-s17 1 (47, 26, 7, 12) 62.58037420550921
Q round553-s17 10 (66, 17, 36, 45) 389.09607148079476
Q round553-s17 5 (46, 51, 36, 51) 115.07809538358532
Q round553-s17 0 (40, 21, 20, 62) 20.270317099711917
Q round553-s17 8 (68, 43, 7, 67) 335.4456781310137
Q round553-s17 3 (36, 20, 32, 46) 40.96629827398556
Q round553-s17 14 (11, 60, 14, 47) 57.822611454374716
Q round553-s17 11 (28, 30, 60, 24) 43.58784377686157
Q round553-s17 13 (43, 14, 71, 16) 69.25341829835486
Q round553-s17 2 (44, 55, 19, 49) 39.50801291859807
Q round553-s17 4 (17, 48, 35, 31) 70.48013090197803
Q round553-s17 6 (33, 54, 68, 16) 68.9774852947667
Q round553-s17 9 (25, 30, 0, 48) 101.94237446476937
ROUND 553 n 8944 bestJ 18.156177194169597 best (16, 45, 44, 62) eligible 55
Q round554-s17 15 (62, 42, 10, 36) 1022.5447143231711
Q round554-s17 7 (28, 33, 66, 67) 152.56358478663117
Q round554-s17 14 (18, 1, 50, 15) 507.94531117369735
Q round554-s17 8 (34, 46, 60, 29) 130.80977246069438
Q round554-s17 2 (29, 21, 21, 20) 110.38426544198876
Q round554-s17 3 (18, 30, 19, 44) 121.38938195648485
Q round554-s17 9 (0, 67, 28, 67) 117.19529097140611
Q round554-s17 5 (25, 60, 5, 2) 485.4998236990996
Q round554-s17 4 (20, 49, 13, 52) 188.11508881748645
Q round554-s17 13 (38, 11, 10, 34) 110.68815769115852
Q round554-s17 0 (16, 21, 68, 38) 19.494358654795157
Q round554-s17 6 (12, 68, 22, 52) 60.57547617956904
Q round554-s17 12 (4, 3, 52, 23) 63.260811941658
Q round554-s17 10 (23, 30, 20, 68) 103.39332493368661
Q round554-s17 11 (33, 31, 27, 24) 55.46138458516953
Q round554-s17 1 (41, 21, 55, 63) 68.44636887439374
ROUND 554 n 8960 bestJ 18.156177194169597 best (16, 45, 44, 62) eligible 62
Q round555-s17 8 (13, 6, 21, 1) 50.74403925709243
Q round555-s17 5 (50, 20, 34, 18) 201.0694347679458
Q round555-s17 9 (13, 64, 0, 13) 50.22058452747695
Q round555-s17 14 (32, 41, 59, 10) 103.82340415877341
Q round555-s17 3 (40, 15, 43, 18) 153.58752079914703
Q round555-s17 12 (14, 51, 70, 60) 55.04112560644519
Q round555-s17 0 (40, 5, 44, 62) 19.954675207707034
Q round555-s17 11 (9, 68, 11, 71) 42.4619337919756
Q round555-s17 4 (0, 6, 49, 34) 200.2581124478254
Q round555-s17 6 (59, 9, 57, 53) 46.66789840069283
Q round555-s17 7 (65, 4, 12, 40) 41.141865015780105
Q round555-s17 2 (27, 61, 42, 58) 183.1385476092567
Q round555-s17 15 (20, 25, 51, 29) 125.43805791563128
Q round555-s17 10 (6, 8, 23, 15) 151.34146457943038
Q round555-s17 13 (54, 10, 35, 70) 41.11879648544448
Q round555-s17 1 (31, 16, 70, 23) 110.9043105465121
ROUND 555 n 8976 bestJ 18.156177194169597 best (16, 45, 44, 62) eligible 68
Q round556-s17 9 (5, 49, 10, 60) 682.5704625329591
Q round556-s17 6 (21, 27, 31, 1) 54.76312063715359
Q round556-s17 14 (13, 46, 8, 57) 67.6133048334247
Q round556-s17 7 (45, 11, 24, 57) 61.22892696183439
Q round556-s17 13 (2, 11, 37, 56) 189.4801383743618
Q round556-s17 11 (23, 55, 10, 42) 357.07557848280953
Q round556-s17 10 (47, 27, 17, 69) 47.14226006094111
Q round556-s17 12 (64, 69, 28, 5) 171.3349003790835
Q round556-s17 1 (40, 41, 32, 63) 93.50342795683642
Q round556-s17 2 (14, 43, 63, 38) 58.12528929013201
Q round556-s17 15 (33, 31, 45, 66) 202.9395493973844
Q round556-s17 0 (16, 45, 4, 62) 19.505140850351587
Q round556-s17 4 (67, 15, 59, 60) 474.09642071322224
Q round556-s17 8 (35, 45, 44, 70) 90.76842327862957
Q round556-s17 5 (1, 41, 36, 20) 50.45758846693642
Q round556-s17 3 (25, 34, 4, 59) 419.16290827816397
ROUND 556 n 8992 bestJ 18.156177194169597 best (16, 45, 44, 62) eligible 61
Q round557-s17 8 (5, 28, 7, 34) 93.96185851076581
Q round557-s17 12 (34, 51, 19, 3) 135.007317827656
Q round557-s17 1 (45, 41, 10, 7) 41.396962948511636
Q round557-s17 4 (16, 12, 8, 16) 64.37028084985639
Q round557-s17 3 (48, 40, 59, 29) 97.3387349556974
Q round557-s17 5 (53, 31, 49, 30) 70.42837004202985
Q round557-s17 13 (65, 51, 14, 28) 72.36756536677815
Q round557-s17 0 (16, 5, 12, 38) 20.661254621254127
Q round557-s17 6 (28, 3, 14, 59) 367.8352389565478
Q round557-s17 9 (4, 30, 71, 62) 68.58471574748957
Q round557-s17 10 (51, 48, 54, 15) 66.36056171120211
Q round557-s17 15 (38, 7, 36, 29) 168.6574603235613
Q round557-s17 11 (12, 26, 31, 9) 49.01209503004201
Q round557-s17 14 (6, 54, 52, 34) 619.3674537321533
Q round557-s17 7 (14, 0, 38, 49) 111.67411016148252
Q round557-s17 2 (23, 30, 67, 32) 96.6186576152767
ROUND 557 n 9008 bestJ 18.156177194169597 best (16, 45, 44, 62) eligible 56
Q round558-s17 8 (5, 65, 66, 57) 136.53215017941872
Q round558-s17 5 (9, 52, 21, 11) 209.42787000457153
Q round558-s17 2 (36, 40, 42, 46) 57.40561768793565
Q round558-s17 1 (50, 32, 15, 5) 108.26772587506284
Q round558-s17 14 (62, 27, 21, 62) 97.61486731116497
Q round558-s17 10 (47, 67, 65, 59) 136.1856916293313
Q round558-s17 0 (40, 5, 20, 62) 19.95565734253888
Q round558-s17 4 (16, 6, 14, 21) 177.2915838716878
Q round558-s17 15 (12, 15, 5, 48) 55.25759856187319
Q round558-s17 9 (46, 31, 14, 18) 248.59993395298878
Q round558-s17 3 (43, 33, 13, 69) 141.98984171804156
Q round558-s17 7 (67, 10, 1, 23) 50.00481738308184
Q round558-s17 6 (20, 53, 17, 14) 43.64306086063219
Q round558-s17 13 (71, 23, 46, 21) 269.0813596817614
Q round558-s17 11 (38, 31, 41, 31) 97.67113162450039
Q round558-s17 12 (46, 10, 36, 31) 62.21051677286256
ROUND 558 n 9024 bestJ 18.156177194169597 best (16, 45, 44, 62) eligible 56
Q round559-s17 1 (61, 7, 15, 52) 71.6206086934353
Q round559-s17 9 (64, 57, 43, 3) 365.36022590741743
Q round559-s17 10 (32, 57, 29, 4) 44.36452469448016
Q round559-s17 11 (58, 25, 36, 54) 47.547273917813314
Q round559-s17 7 (24, 62, 45, 7) 119.96848639632944
Q round559-s17 8 (42, 25, 59, 2) 122.0041548424822
Q round559-s17 15 (24, 43, 66, 13) 104.85780090192256
Q round559-s17 3 (0, 45, 32, 31) 66.71946894375976
Q round559-s17 5 (61, 53, 19, 29) 117.34925407073209
Q round559-s17 13 (61, 37, 16, 61) 33.52209850139789
Q round559-s17 6 (33, 70, 61, 65) 100.8915596341188
Q round559-s17 14 (32, 21, 33, 56) 35.776747964716
Q round559-s17 12 (63, 14, 16, 4) 105.43185337637348
Q round559-s17 0 (0, 5, 68, 62) 22.151548304238467
Q round559-s17 2 (3, 27, 9, 17) 56.40922936750268
Q round559-s17 4 (0, 50, 14, 25) 49.71837855537989
ROUND 559 n 9040 bestJ 18.156177194169597 best (16, 45, 44, 62) eligible 50
Q round560-s17 13 (33, 55, 5, 33) 111.63517873970802
Q round560-s17 5 (69, 8, 15, 31) 79.70328598464245
Q round560-s17 7 (5, 54, 41, 17) 66.76366584692906
Q round560-s17 10 (23, 27, 41, 28) 55.810493348776475
Q round560-s17 4 (31, 21, 26, 37) 91.97152543484431
Q round560-s17 3 (5, 0, 44, 5) 360.43581389503044
Q round560-s17 14 (28, 34, 71, 36) 123.59029639820545
Q round560-s17 2 (69, 42, 28, 31) 291.3312555378445
Q round560-s17 0 (0, 21, 4, 63) 21.507608032615057
Q round560-s17 9 (0, 61, 12, 63) 44.838167346774725
Q round560-s17 8 (10, 2, 31, 71) 54.53186251500237
Q round560-s17 6 (44, 44, 20, 36) 119.01008831459205
Q round560-s17 11 (62, 66, 55, 42) 72.32183810917597
Q round560-s17 1 (11, 6, 58, 29) 113.71398422572878
Q round560-s17 12 (44, 47, 35, 22) 35.82295018182543
Q round560-s17 15 (7, 71, 15, 6) 122.8003916799432
ROUND 560 n 9056 bestJ 18.156177194169597 best (16, 45, 44, 62) eligible 51
Q round561-s17 1 (18, 65, 38, 10) 149.53851500915252
Q round561-s17 3 (57, 64, 29, 1) 94.16548066510781
Q round561-s17 5 (23, 34, 20, 19) 104.03117230084267
Q round561-s17 9 (53, 7, 70, 12) 46.33580400020103
Q round561-s17 4 (2, 49, 42, 55) 316.69082225686196
Q round561-s17 8 (22, 60, 54, 43) 42.78960030049444
Q round561-s17 7 (15, 35, 48, 52) 49.20922868849665
Q round561-s17 12 (45, 63, 47, 56) 71.2986323506591
Q round561-s17 11 (35, 36, 61, 7) 52.85292198503812
Q round561-s17 0 (40, 21, 4, 62) 19.69273616133568
Q round561-s17 10 (44, 70, 58, 58) 109.73623583387719
Q round561-s17 6 (52, 62, 54, 42) 55.45899744923305
Q round561-s17 13 (27, 22, 36, 71) 46.463155880522464
Q round561-s17 14 (3, 47, 70, 69) 49.83140970663211
Q round561-s17 2 (33, 1, 65, 42) 126.1579457544898
Q round561-s17 15 (46, 45, 56, 66) 252.4108404660493
ROUND 561 n 9072 bestJ 18.156177194169597 best (16, 45, 44, 62) eligible 50
Q round562-s17 11 (24, 2, 10, 68) 979.6742504973382
Q round562-s17 9 (0, 69, 58, 6) 56.97151978563317
Q round562-s17 8 (2, 47, 63, 12) 74.61267258792476
Q round562-s17 3 (16, 59, 46, 38) 67.60695039910142
Q round562-s17 7 (47, 13, 13, 40) 96.66542520767754
Q round562-s17 14 (56, 0, 62, 14) 81.20379352446744
Q round562-s17 1 (49, 67, 53, 16) 70.26058563818368
Q round562-s17 0 (16, 45, 12, 62) 22.01095927635148
Q round562-s17 12 (69, 42, 13, 61) 129.55167409053723
Q round562-s17 6 (33, 26, 44, 3) 108.37146963587102
Q round562-s17 5 (46, 64, 39, 28) 117.23958022517422
Q round562-s17 15 (35, 52, 0, 13) 139.5605482425923
Q round562-s17 10 (23, 31, 31, 1) 128.26744604179996
Q round562-s17 4 (1, 70, 43, 20) 44.90772548722776
Q round562-s17 13 (43, 42, 65, 36) 204.2465371650548
Q round562-s17 2 (65, 23, 7, 39) 109.55126325699506
ROUND 562 n 9088 bestJ 18.156177194169597 best (16, 45, 44, 62) eligible 59
Q round563-s17 2 (16, 8, 33, 12) 103.89070104062291
Q round563-s17 14 (63, 42, 18, 62) 97.86633233216264
Q round563-s17 6 (9, 59, 50, 35) 98.17016768903346
Q round563-s17 3 (16, 10, 29, 30) 41.504003884936054
Q round563-s17 11 (66, 54, 39, 18) 45.913261918262684
Q round563-s17 1 (0, 19, 57, 15) 59.00398007589466
Q round563-s17 7 (9, 36, 21, 64) 39.61971673058918
Q round563-s17 0 (40, 21, 4, 39) 20.384306216991874
Q round563-s17 5 (55, 53, 25, 25) 57.73176022604327
Q round563-s17 4 (40, 24, 68, 14) 91.33707091490399
Q round563-s17 13 (49, 31, 64, 50) 223.05862269072728
Q round563-s17 12 (3, 13, 43, 51) 126.8422466212903
Q round563-s17 8 (4, 48, 71, 66) 52.02867982582923
Q round563-s17 15 (49, 25, 32, 66) 167.43963363287332
Q round563-s17 9 (54, 22, 22, 34) 235.3120886562745
Q round563-s17 10 (41, 53, 3, 70) 28.613394295696622
ROUND 563 n 9104 bestJ 18.156177194169597 best (16, 45, 44, 62) eligible 51
Q round564-s17 3 (31, 37, 58, 22) 109.84623744475066
Q round564-s17 2 (29, 9, 43, 54) 51.161525451086455
Q round564-s17 12 (66, 39, 68, 67) 125.18125783245891
Q round564-s17 15 (42, 21, 48, 27) 105.1772708551461
Q round564-s17 7 (29, 37, 45, 10) 170.08456927765292
Q round564-s17 8 (49, 3, 33, 43) 204.19483568866406
Q round564-s17 6 (0, 53, 36, 63) 37.37357065271291
Q round564-s17 0 (0, 5, 68, 38) 18.451532655118523
Q round564-s17 14 (62, 30, 61, 30) 117.64817089615593
Q round564-s17 5 (43, 51, 49, 71) 53.7654783530558
Q round564-s17 4 (3, 12, 58, 40) 133.51348522831887
Q round564-s17 11 (50, 69, 20, 58) 190.47488522463013
Q round564-s17 9 (20, 46, 70, 63) 69.421436173835
Q round564-s17 1 (54, 38, 17, 40) 100.40148656510956
Q round564-s17 10 (15, 14, 27, 52) 77.73570482352875
Q round564-s17 13 (20, 2, 64, 54) 49.44622376480688
ROUND 564 n 9120 bestJ 18.156177194169597 best (16, 45, 44, 62) eligible 42
Q round565-s17 9 (26, 48, 48, 51) 1151.4942900769584
Q round565-s17 3 (2, 7, 8, 36) 55.04529329818119
Q round565-s17 11 (55, 58, 19, 20) 206.79043502819795
Q round565-s17 1 (21, 36, 62, 31) 59.24650465955604
Q round565-s17 7 (43, 58, 50, 3) 177.38192379382974
Q round565-s17 5 (53, 64, 30, 47) 74.7585426864464
Q round565-s17 13 (47, 3, 45, 0) 68.28920094994118
Q round565-s17 2 (7, 12, 23, 52) 54.38585188900154
Q round565-s17 12 (71, 28, 70, 50) 63.361770691078384
Q round565-s17 4 (39, 5, 31, 42) 102.46413484688598
Q round565-s17 14 (12, 0, 23, 27) 47.57877866403571
Q round565-s17 8 (41, 55, 26, 25) 135.5545160024155
Q round565-s17 0 (16, 45, 12, 38) 18.928455373833597
Q round565-s17 6 (47, 49, 35, 15) 62.96692935271398
Q round565-s17 15 (59, 1, 35, 25) 52.07904782321453
Q round565-s17 10 (33, 47, 54, 65) 82.39059983098753
ROUND 565 n 9136 bestJ 18.156177194169597 best (16, 45, 44, 62) eligible 53
Q round566-s17 9 (16, 2, 4, 44) 1085.5549798062561
Q round566-s17 10 (21, 22, 56, 34) 59.753232807986514
Q round566-s17 5 (18, 19, 16, 48) 60.84508543463008
Q round566-s17 8 (15, 12, 54, 14) 78.1702950816321
Q round566-s17 13 (16, 67, 60, 51) 116.74843563103576
Q round566-s17 2 (28, 27, 13, 60) 110.27941740938827
Q round566-s17 1 (38, 4, 36, 26) 294.3024628304046
Q round566-s17 6 (14, 57, 66, 3) 82.46977932686242
Q round566-s17 7 (52, 30, 19, 2) 162.79788863368879
Q round566-s17 0 (16, 45, 4, 38) 19.919261641004816
Q round566-s17 12 (52, 21, 2, 21) 169.3949451957009
Q round566-s17 11 (14, 36, 3, 38) 35.891720219357104
Q round566-s17 4 (17, 52, 20, 49) 39.28136336808659
Q round566-s17 15 (51, 37, 19, 31) 138.59131356800302
Q round566-s17 14 (11, 69, 19, 34) 123.89976814977679
Q round566-s17 3 (30, 39, 6, 69) 164.36080727423393
ROUND 566 n 9152 bestJ 18.156177194169597 best (16, 45, 44, 62) eligible 43
Q round567-s17 3 (29, 22, 2, 51) 454.5846210213181
Q round567-s17 2 (64, 49, 67, 12) 51.11631931919423
Q round567-s17 6 (21, 55, 28, 42) 723.2391518596181
Q round567-s17 15 (5, 12, 26, 41) 192.18581139249432
Q round567-s17 7 (47, 67, 31, 14) 73.67810629278605
Q round567-s17 8 (61, 11, 66, 21) 130.07790934274345
Q round567-s17 5 (46, 67, 42, 63) 175.42172334476564
Q round567-s17 9 (53, 23, 14, 45) 80.54579737646579
Q round567-s17 14 (5, 69, 31, 22) 50.29926259258964
Q round567-s17 10 (49, 16, 26, 6) 124.76770666878043
Q round567-s17 12 (50, 34, 56, 17) 158.62623415625532
Q round567-s17 13 (13, 26, 8, 66) 107.71884365572048
Q round567-s17 0 (40, 45, 20, 38) 19.492260853764307
Q round567-s17 4 (35, 61, 11, 67) 101.52614252337882
Q round567-s17 1 (70, 45, 32, 23) 82.57405702246183
Q round567-s17 11 (25, 21, 56, 47) 61.352157807178635
ROUND 567 n 9168 bestJ 18.156177194169597 best (16, 45, 44, 62) eligible 38
Q round568-s17 4 (35, 69, 28, 57) 6201.190632892168
Q round568-s17 13 (58, 52, 8, 43) 141.38404453219414
Q round568-s17 9 (56, 9, 37, 19) 45.590239043569746
Q round568-s17 11 (24, 31, 70, 44) 106.40722329850439
Q round568-s17 8 (21, 17, 46, 70) 71.83856348197298
Q round568-s17 6 (10, 14, 0, 21) 34.88301425864467
Q round568-s17 3 (69, 48, 55, 41) 71.59964368177123
Q round568-s17 12 (26, 47, 71, 34) 49.371119013690354
Q round568-s17 2 (67, 70, 12, 20) 1068.9973243361565
Q round568-s17 15 (65, 55, 63, 20) 105.9260429741923
Q round568-s17 1 (8, 30, 28, 55) 88.89773580698385
Q round568-s17 10 (70, 67, 55, 66) 43.470044570688884
Q round568-s17 7 (49, 43, 23, 11) 118.53636107437966
Q round568-s17 5 (2, 5, 1, 28) 185.28558271067135
Q round568-s17 0 (16, 21, 28, 62) 18.615123655645743
Q round568-s17 14 (1, 32, 19, 65) 41.177796245773635
ROUND 568 n 9184 bestJ 18.156177194169597 best (16, 45, 44, 62) eligible 38
Q round569-s17 8 (18, 60, 6, 33) 52.01876302254101
Q round569-s17 2 (39, 3, 7, 40) 70.35419119878799
Q round569-s17 9 (26, 66, 66, 32) 128.95960072752592
Q round569-s17 4 (53, 67, 14, 70) 57.124609383619244
Q round569-s17 6 (58, 39, 59, 47) 50.44995906852281
Q round569-s17 15 (68, 64, 70, 43) 76.96185978745825
Q round569-s17 0 (16, 5, 68, 38) 19.081328476574647
Q round569-s17 11 (61, 53, 14, 33) 33.49127059077831
Q round569-s17 7 (51, 51, 69, 28) 75.90735874367509
Q round569-s17 5 (15, 63, 28, 61) 163.78378046950436
Q round569-s17 13 (15, 14, 13, 25) 128.4974890733065
Q round569-s17 3 (67, 10, 44, 3) 108.5018639237927
Q round569-s17 14 (22, 26, 16, 42) 127.35945241072093
Q round569-s17 10 (27, 50, 39, 70) 56.37683388662653
Q round569-s17 12 (32, 22, 9, 45) 118.4018934700869
Q round569-s17 1 (15, 6, 48, 16) 131.1575097591877
ROUND 569 n 9200 bestJ 18.156177194169597 best (16, 45, 44, 62) eligible 45
Q round570-s17 4 (37, 33, 40, 25) 63.84902915185387
Q round570-s17 9 (66, 22, 4, 45) 340.68266391658153
Q round570-s17 5 (40, 13, 5, 61) 63.29964226226204
Q round570-s17 6 (71, 13, 34, 15) 94.18028162502185
Q round570-s17 7 (16, 20, 30, 25) 62.749295597583284
Q round570-s17 1 (18, 2, 48, 1) 115.87579367467237
Q round570-s17 12 (62, 51, 69, 1) 97.01100403979837
Q round570-s17 3 (20, 50, 45, 14) 169.05007026109396
Q round570-s17 0 (16, 21, 12, 38) 20.43623954418535
Q round570-s17 13 (32, 15, 36, 7) 67.95788073858925
Q round570-s17 15 (55, 47, 52, 47) 114.87306610714646
Q round570-s17 10 (19, 21, 13, 40) 153.70167892597985
Q round570-s17 8 (27, 10, 3, 13) 124.94062145555554
Q round570-s17 2 (46, 17, 31, 26) 227.05330435056433
Q round570-s17 14 (70, 30, 63, 16) 126.66838212538319
Q round570-s17 11 (44, 66, 3, 46) 178.79051687404794
ROUND 570 n 9216 bestJ 18.156177194169597 best (16, 45, 44, 62) eligible 44
Q round571-s17 14 (71, 33, 64, 3) 74.60642268370808
Q round571-s17 10 (40, 20, 61, 60) 99.34114114009876
Q round571-s17 7 (10, 9, 62, 8) 59.14505827130722
Q round571-s17 5 (26, 25, 33, 18) 315.0195336119468
Q round571-s17 12 (2, 48, 54, 33) 48.4739718197196
Q round571-s17 11 (2, 27, 5, 54) 308.42523398092897
Q round571-s17 13 (10, 36, 33, 58) 206.39169771682145
Q round571-s17 2 (53, 1, 8, 29) 51.58548643060963
Q round571-s17 4 (71, 20, 62, 51) 114.69326675250106
Q round571-s17 8 (7, 43, 16, 6) 67.56142642065522
Q round571-s17 9 (69, 0, 64, 18) 63.8176424412622
Q round571-s17 6 (57, 55, 65, 19) 70.74906213723814
Q round571-s17 0 (40, 5, 20, 38) 21.426498644263294
Q round571-s17 1 (16, 23, 17, 37) 168.5377693173171
Q round571-s17 3 (28, 32, 16, 48) 57.86551340458442
Q round571-s17 15 (41, 18, 19, 59) 150.67592370162185
ROUND 571 n 9232 bestJ 18.156177194169597 best (16, 45, 44, 62) eligible 28
Q round572-s17 11 (5, 64, 58, 37) 1004.9845202783569
Q round572-s17 8 (18, 62, 36, 14) 46.704970855447584
Q round572-s17 3 (21, 33, 41, 6) 64.75250635002268
Q round572-s17 9 (21, 45, 61, 64) 921.7808554184538
Q round572-s17 1 (37, 62, 9, 23) 66.31230667615488
Q round572-s17 14 (57, 45, 50, 14) 83.48154577058821
Q round572-s17 2 (16, 51, 21, 57) 290.4472311235559
Q round572-s17 10 (7, 35, 54, 5) 56.472210651972624
Q round572-s17 12 (39, 17, 56, 50) 211.13512976046476
Q round572-s17 4 (70, 4, 52, 52) 459.00947550528264
Q round572-s17 0 (0, 45, 4, 62) 17.985040982462767
Q round572-s17 13 (64, 30, 27, 65) 73.65803044620476
Q round572-s17 7 (34, 66, 53, 40) 142.7610182354799
Q round572-s17 6 (22, 56, 21, 57) 125.22214317230602
Q round572-s17 5 (65, 63, 51, 36) 40.732021135255664
Q round572-s17 15 (49, 10, 60, 36) 116.6632158935472
ROUND 572 n 9248 bestJ 17.985040982462767 best (0, 45, 4, 62) eligible 38
Q round573-s17 1 (56, 16, 59, 19) 99.71663373422206
Q round573-s17 9 (64, 38, 21, 16) 115.19141174802382
Q round573-s17 7 (39, 67, 0, 46) 64.29806371634392
Q round573-s17 5 (54, 60, 29, 30) 62.08148612589785
Q round573-s17 11 (65, 47, 5, 14) 127.03462230408681
Q round573-s17 2 (37, 16, 59, 24) 36.398022825579176
Q round573-s17 15 (63, 20, 40, 0) 68.19783936878528
Q round573-s17 3 (56, 20, 68, 47) 48.02437518837757
Q round573-s17 8 (10, 37, 70, 32) 49.40368624151739
Q round573-s17 0 (0, 5, 12, 38) 19.577623713302103
Q round573-s17 13 (65, 12, 65, 37) 35.3224460939427
Q round573-s17 10 (27, 4, 55, 60) 69.59062740407198
Q round573-s17 12 (65, 10, 46, 68) 40.47848629166945
Q round573-s17 4 (57, 41, 37, 42) 146.40559539687686
Q round573-s17 6 (49, 26, 41, 68) 49.056827813176696
Q round573-s17 14 (19, 55, 67, 29) 184.41548183670966
ROUND 573 n 9264 bestJ 17.985040982462767 best (0, 45, 4, 62) eligible 40
Q round574-s17 9 (42, 25, 39, 51) 534.8784424103789
Q round574-s17 8 (34, 11, 52, 5) 103.5577064051849
Q round574-s17 10 (32, 19, 31, 69) 55.328300383281686
Q round574-s17 12 (63, 10, 36, 51) 295.50843755760445
Q round574-s17 13 (45, 48, 23, 63) 76.4909447343166
Q round574-s17 15 (55, 43, 30, 32) 61.84217146250849
Q round574-s17 5 (3, 36, 25, 4) 463.52078389760067
Q round574-s17 14 (3, 54, 31, 27) 56.76778321131567
Q round574-s17 0 (16, 21, 68, 62) 18.129738825350408
Q round574-s17 3 (49, 7, 66, 46) 146.90479342395537
Q round574-s17 4 (67, 1, 5, 7) 40.44374778919412
Q round574-s17 2 (56, 54, 0, 53) 226.4713242585666
Q round574-s17 11 (46, 70, 15, 17) 118.66961101551998
Q round574-s17 1 (9, 8, 4, 58) 139.21157159060903
Q round574-s17 6 (1, 38, 6, 59) 74.04025347530006
Q round574-s17 7 (22, 8, 44, 57) 157.95148508720152
ROUND 574 n 9280 bestJ 17.985040982462767 best (0, 45, 4, 62) eligible 36
Q round575-s17 14 (53, 8, 17, 50) 44.27238575395075
Q round575-s17 10 (58, 22, 6, 51) 84.2852378380338
Q round575-s17 9 (37, 51, 11, 28) 92.20006568786147
Q round575-s17 11 (69, 63, 1, 14) 67.18019610319678
Q round575-s17 4 (19, 46, 50, 62) 58.47611345200406
Q round575-s17 12 (1, 43, 64, 66) 132.4324706662636
Q round575-s17 0 (16, 45, 20, 62) 20.087803851535956
Q round575-s17 1 (57, 0, 27, 67) 102.87581648600185
Q round575-s17 8 (65, 54, 58, 25) 113.60786470641435
Q round575-s17 2 (30, 47, 13, 71) 168.86535581175676
Q round575-s17 7 (62, 25, 46, 52) 83.41011208807632
Q round575-s17 6 (14, 54, 47, 61) 179.38774902656246
Q round575-s17 13 (62, 1, 71, 25) 91.67143777775306
Q round575-s17 3 (65, 58, 57, 40) 61.7835764479561
Q round575-s17 15 (31, 0, 25, 33) 128.4193358856854
Q round575-s17 5 (1, 15, 17, 49) 99.71649857307791
ROUND 575 n 9296 bestJ 17.985040982462767 best (0, 45, 4, 62) eligible 34
Q round576-s17 9 (5, 9, 67, 8) 82.13239390296066
Q round576-s17 10 (23, 66, 0, 43) 53.37205017402995
Q round576-s17 4 (26, 65, 24, 7) 62.29172257208332
Q round576-s17 12 (61, 24, 60, 10) 98.71817244138508
Q round576-s17 1 (56, 4, 33, 38) 50.92022365237428
Q round576-s17 14 (29, 64, 6, 57) 66.02964239777643
Q round576-s17 15 (70, 4, 26, 40) 51.298866603858336
Q round576-s17 0 (40, 5, 4, 63) 19.76669755016563
Q round576-s17 5 (67, 19, 55, 28) 222.79376501857075
Q round576-s17 11 (54, 56, 50, 2) 219.56587816680118
Q round576-s17 7 (30, 28, 47, 0) 72.37337201023747
Q round576-s17 8 (19, 61, 2, 2) 212.45361421407688
Q round576-s17 13 (44, 58, 35, 4) 99.46787889625688
Q round576-s17 6 (6, 53, 45, 26) 108.76495042616973
Q round576-s17 2 (25, 56, 25, 56) 76.04415905648484
Q round576-s17 3 (41, 40, 17, 16) 96.74077700021644
ROUND 576 n 9312 bestJ 17.985040982462767 best (0, 45, 4, 62) eligible 44
Q round577-s17 10 (44, 2, 46, 53) 2526.5612258230594
Q round577-s17 12 (48, 63, 29, 35) 89.06412601523863
Q round577-s17 8 (60, 59, 13, 67) 90.73908455764457
Q round577-s17 5 (48, 43, 4, 3) 92.54064845503657
Q round577-s17 15 (22, 35, 21, 39) 46.01580622844939
Q round577-s17 6 (49, 69, 34, 49) 46.101111410462146
Q round577-s17 7 (59, 56, 2, 48) 204.82990183942252
Q round577-s17 0 (0, 21, 68, 62) 22.504294579974207
Q round577-s17 14 (51, 4, 41, 50) 123.34672453272208
Q round577-s17 3 (54, 47, 20, 3) 99.06816225040855
Q round577-s17 4 (51, 57, 46, 7) 65.8030291166068
Q round577-s17 2 (68, 45, 40, 25) 44.127326767165194
Q round577-s17 1 (19, 69, 55, 61) 75.27742739157945
Q round577-s17 13 (22, 21, 10, 7) 83.39787453069002
Q round577-s17 9 (47, 70, 56, 8) 133.27838026512956
Q round577-s17 11 (54, 32, 11, 6) 74.7460631391578
ROUND 577 n 9328 bestJ 17.985040982462767 best (0, 45, 4, 62) eligible 35
Q round578-s17 1 (71, 53, 33, 27) 45.30197815445122
Q round578-s17 4 (10, 18, 42, 51) 201.69806376498164
Q round578-s17 15 (33, 5, 53, 59) 284.0863610882342
Q round578-s17 13 (26, 59, 29, 24) 201.91249097734902
Q round578-s17 3 (29, 41, 32, 2) 41.84826602261483
Q round578-s17 2 (69, 43, 70, 67) 231.7369076366256
Q round578-s17 9 (18, 50, 71, 5) 113.60893166962933
Q round578-s17 14 (54, 4, 55, 68) 41.319441422317425
Q round578-s17 6 (45, 0, 61, 37) 63.3282078858955
Q round578-s17 5 (32, 69, 56, 66) 60.20659575544241
Q round578-s17 11 (52, 46, 34, 15) 63.35973962773853
Q round578-s17 10 (49, 13, 0, 36) 50.424788477494815
Q round578-s17 0 (16, 45, 28, 62) 24.675397809990205
Q round578-s17 8 (19, 20, 1, 19) 118.47736259755716
Q round578-s17 12 (12, 65, 25, 34) 34.23734258164306
Q round578-s17 7 (4, 40, 36, 48) 36.67383253039669
ROUND 578 n 9344 bestJ 17.985040982462767 best (0, 45, 4, 62) eligible 39
Q round579-s17 11 (45, 58, 46, 44) 975.445799899076
Q round579-s17 4 (58, 24, 21, 44) 212.5506149903235
Q round579-s17 15 (16, 36, 18, 14) 42.78373272152071
Q round579-s17 5 (2, 8, 45, 27) 108.47305411922363
Q round579-s17 6 (71, 27, 19, 53) 116.84060173684964
Q round579-s17 9 (38, 43, 60, 71) 55.92650351808607
Q round579-s17 12 (35, 38, 67, 51) 88.57441762860957
Q round579-s17 0 (16, 21, 12, 62) 19.966343700091123
Q round579-s17 10 (66, 2, 44, 52) 112.58091653482906
Q round579-s17 1 (19, 20, 57, 12) 234.35714250546513
Q round579-s17 8 (52, 70, 43, 1) 39.37314239881298
Q round579-s17 13 (54, 17, 28, 20) 67.77372989512672
Q round579-s17 14 (17, 45, 57, 11) 90.21454439047118
Q round579-s17 2 (28, 40, 30, 39) 66.18165273162806
Q round579-s17 3 (25, 22, 53, 40) 136.5716128380145
Q round579-s17 7 (31, 0, 4, 56) 105.73122724924173
ROUND 579 n 9360 bestJ 17.985040982462767 best (0, 45, 4, 62) eligible 21
Q round580-s17 11 (48, 48, 29, 25) 117.2131475129688
Q round580-s17 13 (66, 57, 59, 70) 67.34072417983988
Q round580-s17 14 (50, 27, 45, 27) 119.51030552137611
Q round580-s17 9 (71, 35, 65, 58) 43.56524979914538
Q round580-s17 10 (37, 60, 42, 34) 121.86420427196002
Q round580-s17 15 (66, 48, 30, 1) 55.50127718229888
Q round580-s17 6 (61, 7, 24, 29) 106.75820222043377
Q round580-s17 8 (48, 29, 15, 10) 102.83474512307527
Q round580-s17 5 (12, 7, 5, 1) 58.23659298649753
Q round580-s17 0 (0, 21, 4, 38) 21.174872819351975
Q round580-s17 3 (70, 1, 19, 44) 43.50183859326299
Q round580-s17 2 (30, 68, 57, 37) 44.838649335713626
Q round580-s17 1 (30, 6, 50, 19) 157.1673904208159
Q round580-s17 12 (46, 62, 15, 0) 120.58923287541013
Q round580-s17 7 (12, 31, 6, 9) 59.50049582434752
Q round580-s17 4 (65, 50, 25, 21) 66.3275236877896
ROUND 580 n 9376 bestJ 17.985040982462767 best (0, 45, 4, 62) eligible 24
Q round581-s17 4 (28, 37, 48, 11) 3035.2827417951476
Q round581-s17 5 (53, 70, 39, 64) 79.12727880026625
Q round581-s17 14 (66, 44, 28, 7) 85.88548438365991
Q round581-s17 3 (52, 36, 55, 51) 622.6791463484828
Q round581-s17 9 (58, 59, 43, 28) 104.00487335444888
Q round581-s17 1 (5, 1, 12, 17) 46.86975280609599
Q round581-s17 7 (63, 11, 63, 47) 66.87737908446476
Q round581-s17 11 (24, 60, 48, 0) 79.44583065761482
Q round581-s17 15 (18, 56, 6, 38) 53.0874184325647
Q round581-s17 12 (28, 4, 5, 36) 116.96032017319534
Q round581-s17 6 (17, 36, 43, 18) 110.70641973665505
Q round581-s17 8 (33, 4, 29, 64) 72.0868619973681
Q round581-s17 0 (40, 45, 4, 38) 18.245120620600037
Q round581-s17 2 (28, 51, 42, 2) 200.78799624954632
Q round581-s17 13 (30, 31, 13, 67) 140.86660957717933
Q round581-s17 10 (4, 8, 29, 32) 47.38488337208624
ROUND 581 n 9392 bestJ 17.985040982462767 best (0, 45, 4, 62) eligible 27
Q round582-s17 2 (13, 0, 10, 44) 447680.7711153315
Q round582-s17 7 (53, 60, 52, 64) 90.4428816968256
Q round582-s17 15 (4, 29, 61, 19) 98.571994892742
Q round582-s17 4 (69, 38, 21, 15) 41.693514414132906
Q round582-s17 14 (31, 25, 21, 26) 228.37605118560032
Q round582-s17 5 (13, 48, 35, 50) 158.67440962782226
Q round582-s17 6 (53, 24, 40, 6) 71.71081297360986
Q round582-s17 9 (53, 21, 48, 27) 192.52937313612543
Q round582-s17 0 (16, 21, 44, 62) 20.83051786992615
Q round582-s17 1 (62, 71, 6, 4) 106.15089558196408
Q round582-s17 13 (46, 59, 31, 66) 43.11795174097145
Q round582-s17 8 (59, 45, 56, 1) 54.20418445692375
Q round582-s17 11 (55, 13, 9, 65) 52.15644347771102
Q round582-s17 3 (39, 23, 51, 61) 252.6407080302422
Q round582-s17 10 (11, 7, 51, 32) 80.47903206186768
Q round582-s17 12 (4, 69, 5, 13) 100.96142249092557
ROUND 582 n 9408 bestJ 17.985040982462767 best (0, 45, 4, 62) eligible 24
Q round583-s17 13 (5, 12, 8, 12) 733.1774615944819
Q round583-s17 7 (15, 40, 7, 36) 111.05250983510582
Q round583-s17 4 (10, 43, 28, 50) 146.53760480761036
Q round583-s17 11 (13, 49, 68, 38) 42.27292865602399
Q round583-s17 14 (58, 4, 37, 33) 388.4594380274654
Q round583-s17 3 (53, 60, 24, 47) 59.20439623865182
Q round583-s17 1 (53, 28, 6, 25) 52.68233532747092
Q round583-s17 2 (35, 32, 50, 1) 211.143228783681
Q round583-s17 12 (9, 19, 51, 21) 97.35106868007402
Q round583-s17 15 (28, 51, 50, 38) 95.88272883457702
Q round583-s17 9 (64, 54, 59, 17) 78.40083497586107
Q round583-s17 0 (40, 21, 12, 38) 18.808323004097495
Q round583-s17 5 (36, 3, 67, 9) 212.78434896833045
Q round583-s17 6 (16, 6, 17, 40) 93.83953832330894
Q round583-s17 10 (51, 53, 30, 0) 48.71650241533023
Q round583-s17 8 (4, 10, 69, 8) 128.31605437341113
ROUND 583 n 9424 bestJ 17.985040982462767 best (0, 45, 4, 62) eligible 30
Q round584-s17 15 (32, 0, 58, 55) 117.52911976304874
Q round584-s17 13 (24, 64, 44, 27) 54.418461949853246
Q round584-s17 4 (37, 63, 47, 46) 82.69235040375398
Q round584-s17 10 (28, 41, 56, 35) 65.45562105414095
Q round584-s17 11 (3, 25, 8, 19) 152.8232631401624
Q round584-s17 14 (15, 28, 15, 33) 73.36294902411709
Q round584-s17 12 (38, 38, 29, 22) 106.74896627105066
Q round584-s17 0 (0, 21, 28, 62) 20.305462061223956
Q round584-s17 9 (67, 44, 20, 34) 92.58907186561655
Q round584-s17 6 (22, 10, 29, 32) 64.49556576329412
Q round584-s17 1 (49, 30, 37, 18) 231.54488945892533
Q round584-s17 2 (38, 24, 63, 58) 245.5858584189802
Q round584-s17 7 (7, 31, 56, 22) 132.2057456217285
Q round584-s17 3 (30, 24, 31, 26) 225.21124040803306
Q round584-s17 8 (6, 26, 56, 14) 83.33928634669533
Q round584-s17 5 (22, 33, 41, 63) 98.29358659471586
ROUND 584 n 9440 bestJ 17.985040982462767 best (0, 45, 4, 62) eligible 25
Q round585-s17 11 (50, 0, 53, 22) 70.29073562148352
Q round585-s17 1 (69, 41, 13, 16) 41.35261880065613
Q round585-s17 12 (5, 34, 47, 64) 46.78422597510721
Q round585-s17 3 (16, 51, 16, 56) 50.54029863418731
Q round585-s17 10 (7, 35, 37, 48) 51.64183903213169
Q round585-s17 15 (0, 4, 40, 44) 52.038558834504606
Q round585-s17 5 (15, 13, 33, 58) 142.05545828753554
Q round585-s17 4 (19, 38, 42, 47) 79.94328588362714
Q round585-s17 0 (40, 5, 12, 62) 20.97035777129012
Q round585-s17 2 (59, 46, 3, 24) 49.88314652953015
Q round585-s17 13 (11, 20, 0, 64) 49.754242738943155
Q round585-s17 9 (1, 8, 53, 57) 132.98137613296382
Q round585-s17 14 (8, 32, 62, 9) 65.97585597429055
Q round585-s17 8 (33, 47, 71, 55) 97.40553294305417
Q round585-s17 6 (43, 31, 60, 7) 42.72668114651515
Q round585-s17 7 (17, 69, 27, 38) 36.68725369135272
ROUND 585 n 9456 bestJ 17.985040982462767 best (0, 45, 4, 62) eligible 24
Q round586-s17 4 (45, 56, 51, 11) 105.71856764618528
Q round586-s17 2 (58, 52, 56, 21) 215.1809235492696
Q round586-s17 8 (38, 16, 63, 52) 99.87239332723586
Q round586-s17 6 (66, 46, 13, 70) 38.656494170819265
Q round586-s17 12 (0, 59, 25, 70) 60.739854087795486
Q round586-s17 13 (29, 32, 59, 37) 340.1716890858614
Q round586-s17 5 (15, 4, 51, 59) 128.95907592086328
Q round586-s17 3 (62, 7, 71, 27) 107.59142376277036
Q round586-s17 1 (40, 41, 39, 56) 96.2455545198494
Q round586-s17 10 (24, 22, 1, 39) 106.15766747989386
Q round586-s17 15 (48, 53, 30, 23) 70.6794368887335
Q round586-s17 9 (44, 51, 69, 19) 99.99069007206785
Q round586-s17 0 (40, 45, 20, 62) 20.111095107380972
Q round586-s17 14 (12, 36, 55, 57) 45.04146129343554
Q round586-s17 11 (46, 30, 1, 2) 200.55545631416192
Q round586-s17 7 (4, 56, 4, 45) 182.00542180428937
ROUND 586 n 9472 bestJ 17.985040982462767 best (0, 45, 4, 62) eligible 26
Q round587-s17 1 (58, 63, 2, 43) 114.80425871849611
Q round587-s17 12 (33, 42, 48, 27) 595.2804656089497
Q round587-s17 3 (61, 22, 64, 34) 107.27705242623944
Q round587-s17 4 (15, 27, 26, 38) 134.16987550362413
Q round587-s17 10 (36, 2, 32, 20) 163.6885740514171
Q round587-s17 11 (16, 32, 40, 22) 86.87482318948182
Q round587-s17 7 (47, 17, 36, 64) 82.207745145423
Q round587-s17 15 (41, 1, 37, 52) 94.85509119262022
Q round587-s17 0 (40, 21, 20, 38) 21.868656349731886
Q round587-s17 9 (34, 42, 71, 25) 63.07444546501709
Q round587-s17 13 (51, 43, 0, 14) 53.69776077011334
Q round587-s17 6 (68, 40, 59, 46) 38.3946996648394
Q round587-s17 5 (27, 10, 48, 31) 53.17130369589795
Q round587-s17 14 (63, 38, 7, 55) 99.26220140207877
Q round587-s17 8 (65, 8, 6, 9) 101.04832556331057
Q round587-s17 2 (22, 21, 6, 33) 84.96084533293177
ROUND 587 n 9488 bestJ 17.985040982462767 best (0, 45, 4, 62) eligible 21
Q round588-s17 11 (48, 47, 18, 43) 97.67199719348115
Q round588-s17 15 (58, 40, 0, 59) 142.22821775134014
Q round588-s17 3 (21, 50, 2, 11) 180.10212569139443
Q round588-s17 14 (64, 50, 28, 28) 803.026343427002
Q round588-s17 5 (2, 57, 6, 45) 56.51461396045033
Q round588-s17 8 (23, 51, 53, 58) 172.39786648533465
Q round588-s17 2 (31, 48, 22, 18) 228.2471578052193
Q round588-s17 1 (58, 0, 44, 14) 47.35748217485719
Q round588-s17 9 (36, 37, 9, 51) 491.3547076138065
Q round588-s17 7 (60, 29, 46, 20) 100.26413126713152
Q round588-s17 0 (40, 5, 4, 38) 21.65896049661526
Q round588-s17 10 (46, 35, 8, 40) 54.60975500414421
Q round588-s17 12 (4, 4, 55, 62) 44.899756694560004
Q round588-s17 13 (55, 18, 57, 56) 62.968956561685715
Q round588-s17 6 (12, 24, 19, 14) 40.00508875643386
Q round588-s17 4 (16, 31, 12, 14) 96.93775976839257
ROUND 588 n 9504 bestJ 17.985040982462767 best (0, 45, 4, 62) eligible 20
Q round589-s17 11 (58, 37, 49, 28) 18718.590728132607
Q round589-s17 9 (26, 17, 15, 33) 55.09527468987381
Q round589-s17 8 (2, 48, 1, 12) 122.42610745035272
Q round589-s17 5 (26, 34, 34, 71) 107.05232183537134
Q round589-s17 3 (59, 69, 37, 65) 488.97163906904154
Q round589-s17 12 (71, 36, 53, 42) 52.967805263629785
Q round589-s17 14 (8, 41, 8, 38) 92.35725152381563
Q round589-s17 15 (4, 54, 15, 67) 48.11200414314242
Q round589-s17 0 (16, 21, 20, 62) 21.360349694289695
Q round589-s17 6 (20, 0, 42, 37) 501.9222154638911
Q round589-s17 2 (59, 35, 19, 55) 91.92053204064852
Q round589-s17 10 (20, 52, 10, 13) 102.6269239967673
Q round589-s17 1 (59, 58, 40, 46) 50.33724183313955
Q round589-s17 7 (67, 71, 54, 17) 61.564506295829844
Q round589-s17 13 (1, 64, 5, 37) 162.24227194394496
Q round589-s17 4 (15, 23, 16, 64) 141.5808966106447
ROUND 589 n 9520 bestJ 17.985040982462767 best (0, 45, 4, 62) eligible 15
Q round590-s17 4 (58, 39, 29, 52) 378.39209382447
Q round590-s17 5 (10, 68, 26, 12) 115.36722783229588
Q round590-s17 9 (64, 60, 59, 20) 309.74742408006745
Q round590-s17 7 (64, 43, 51, 43) 112.01378346198503
Q round590-s17 3 (63, 4, 6, 29) 54.82365740592528
Q round590-s17 10 (35, 2, 18, 9) 90.67166004486897
Q round590-s17 11 (47, 71, 16, 5) 217.55740496052255
Q round590-s17 12 (0, 21, 71, 21) 118.17939270786358
Q round590-s17 0 (40, 5, 28, 62) 23.72472805160303
Q round590-s17 2 (68, 11, 25, 56) 53.42399495239581
Q round590-s17 14 (27, 12, 63, 41) 48.63622870648271
Q round590-s17 6 (10, 2, 45, 47) 126.56116533015621
Q round590-s17 13 (55, 69, 9, 41) 52.80927564370356
Q round590-s17 1 (17, 30, 66, 7) 139.83860561034118
Q round590-s17 8 (3, 9, 44, 49) 53.50016648358384
Q round590-s17 15 (36, 61, 41, 25) 42.35091692735945
ROUND 590 n 9536 bestJ 17.985040982462767 best (0, 45, 4, 62) eligible 26
Q round591-s17 15 (47, 49, 13, 3) 101.84946283981483
Q round591-s17 1 (49, 3, 10, 0) 634.008236402416
Q round591-s17 4 (10, 27, 19, 52) 103.05697981857247
Q round591-s17 14 (45, 19, 33, 6) 56.51555360836385
Q round591-s17 2 (45, 24, 37, 18) 220.34356157308787
Q round591-s17 7 (61, 63, 44, 41) 36.78169714917138
Q round591-s17 9 (23, 49, 21, 40) 149.91771456575918
Q round591-s17 6 (37, 23, 28, 60) 45.85655181040234
Q round591-s17 5 (33, 20, 25, 28) 77.86899272432824
Q round591-s17 0 (40, 5, 12, 38) 18.72567945590457
Q round591-s17 13 (52, 63, 7, 37) 69.41419115506544
Q round591-s17 10 (3, 33, 1, 65) 44.63883539368187
Q round591-s17 11 (62, 23, 39, 38) 118.23098937733857
Q round591-s17 8 (43, 34, 28, 27) 98.8333757538116
Q round591-s17 3 (14, 57, 36, 0) 69.09490840553012
Q round591-s17 12 (1, 24, 24, 34) 259.0733033240951
ROUND 591 n 9552 bestJ 17.985040982462767 best (0, 45, 4, 62) eligible 18
Q round592-s17 0 (2, 41, 46, 41) 60.38054212578639
Q round592-s17 1 (38, 52, 9, 19) 168.4217033374468
Q round592-s17 2 (2, 61, 61, 6) 226.47797544885094
Q round592-s17 10 (53, 19, 37, 66) 108.94089525076139
Q round592-s17 6 (55, 4, 1, 28) 44.57412747831811
Q round592-s17 14 (50, 13, 56, 51) 98.35442966077945
Q round592-s17 12 (17, 28, 52, 4) 419.20709102715546
Q round592-s17 13 (43, 17, 55, 4) 58.03616691327037
Q round592-s17 15 (35, 4, 44, 28) 79.03401366032936
Q round592-s17 9 (30, 0, 50, 65) 152.1521059284767
Q round592-s17 5 (11, 3, 11, 44) 82.90852609805597
Q round592-s17 8 (52, 49, 48, 53) 51.608342617793106
Q round592-s17 7 (43, 46, 29, 48) 37.05074610021764
Q round592-s17 3 (3, 70, 27, 25) 53.26214718721795
Q round592-s17 4 (11, 7, 52, 8) 39.33856607137279
Q round592-s17 11 (1, 16, 49, 53) 140.27210197048234
ROUND 592 n 9568 bestJ 17.985040982462767 best (0, 45, 4, 62) eligible 10
Q round593-s17 12 (37, 9, 29, 44) 130.91814651798845
Q round593-s17 13 (37, 4, 5, 67) 101.09542223450981
Q round593-s17 11 (31, 24, 58, 8) 183.33423099866687
Q round593-s17 8 (26, 60, 11, 29) 103.50604189913629
Q round593-s17 5 (18, 58, 3, 34) 184.11995412920612
Q round593-s17 14 (47, 68, 27, 20) 336.1599600213017
Q round593-s17 4 (55, 9, 8, 21) 201.454512448004
Q round593-s17 1 (40, 56, 40, 1) 94.56143956282239
Q round593-s17 0 (38, 42, 58, 35) 304.6690110407844
Q round593-s17 9 (7, 29, 60, 37) 76.57054690295304
Q round593-s17 15 (63, 41, 41, 23) 86.81580569939017
Q round593-s17 2 (16, 22, 7, 2) 325.0946456231007
Q round593-s17 7 (10, 5, 65, 6) 41.68390045653922
Q round593-s17 3 (4, 54, 37, 31) 57.851906818435836
Q round593-s17 6 (1, 31, 58, 45) 261.8791117433343
Q round593-s17 10 (27, 64, 59, 64) 63.01423646517236
ROUND 593 n 9584 bestJ 17.985040982462767 best (0, 45, 4, 62) eligible 10
Q round594-s17 4 (18, 32, 10, 33) 198.0253107554225
Q round594-s17 1 (58, 31, 66, 39) 88.97799161027105
Q round594-s17 12 (61, 67, 2, 54) 255.54729817859993
Q round594-s17 3 (47, 3, 71, 45) 43.31306640711121
Q round594-s17 2 (5, 18, 38, 26) 100.16715240408624
Q round594-s17 11 (10, 16, 61, 40) 48.670597879590325
Q round594-s17 14 (62, 31, 32, 4) 112.74248924077834
Q round594-s17 0 (0, 5, 4, 62) 20.71607836230039
Q round594-s17 13 (62, 52, 20, 26) 182.36448349494913
Q round594-s17 10 (11, 20, 29, 15) 348.7321049333493
Q round594-s17 5 (27, 3, 65, 18) 105.02382644563593
Q round594-s17 6 (55, 26, 12, 54) 44.67755884037184
Q round594-s17 15 (38, 56, 4, 26) 182.01768412120515
Q round594-s17 8 (51, 48, 9, 23) 52.15945273831456
Q round594-s17 7 (52, 47, 27, 55) 35.80597233917503
Q round594-s17 9 (11, 16, 35, 13) 166.58318776543982
ROUND 594 n 9600 bestJ 17.985040982462767 best (0, 45, 4, 62) eligible 16
