OLMTA_V1_CONFIG {"seed": 17, "budget": 10000, "init": 96, "batch": 16, "pool": 60000, "ensemble": 3, "opt_gpu": 0, "eval_gpus": [0, 1], "eval_workers_per_gpu": 4, "initial_network": "immutable original OPTv1"}
/var/lib/cots-lamcts/jobs/000-olmta-v1-meta-10k-20260911-2236/src/validation/opt10_pretrain_completion_run.py:42: UserWarning: enable_nested_tensor is True, but self.use_nested_tensor is False because encoder_layer.norm_first was True
  self.enc=nn.TransformerEncoder(el,layers,norm=nn.LayerNorm(d));self.recon=nn.Linear(d,B.FIELDS)
OPTV1_INIT [{"seed": 17, "path": "/var/lib/cots-lamcts/checkpoints/opt10_completion_v1/mlm_contrast_base_seed17.pt", "sha256": "3ff998fcb953182f5cbc98046a017e727f15a43aaac806277af9d12e19dd6cd2"}, {"seed": 43, "path": "/var/lib/cots-lamcts/checkpoints/opt10_completion_v1/mlm_contrast_base_seed43.pt", "sha256": "0065e3f58242468d4188166d7b073b2690647c4458beb846cab8a0bad92f2e84"}, {"seed": 89, "path": "/var/lib/cots-lamcts/checkpoints/opt10_completion_v1/mlm_contrast_base_seed89.pt", "sha256": "2d985995a80e1a95360d3f623e479905e2c0ec262f3dbef8ceba48e4080816c8"}]
Q init-s17 0 (53, 60, 7, 11) 155.62744057006842 gpu cache
Q init-s17 1 (32, 40, 54, 26) 163.30471620742955 gpu cache
Q init-s17 2 (2, 15, 32, 27) 2391.8522247719043 gpu cache
Q init-s17 3 (65, 30, 45, 44) 97.14363205201201 gpu cache
Q init-s17 4 (6, 53, 3, 1) 36.23452497038776 gpu cache
Q init-s17 5 (42, 18, 26, 43) 198.2346101031899 gpu cache
Q init-s17 6 (11, 6, 50, 71) 42.7497238476047 gpu cache
Q init-s17 7 (49, 59, 29, 2) 104.68014810785999 gpu cache
Q init-s17 8 (46, 40, 53, 43) 116.60513415799379 gpu cache
Q init-s17 9 (35, 0, 50, 12) 322.6326091465428 gpu cache
Q init-s17 10 (34, 11, 41, 33) 60.37343003231818 gpu cache
Q init-s17 11 (29, 40, 10, 32) 74.8787072914369 gpu cache
Q init-s17 12 (51, 66, 15, 58) 108.97525436329202 gpu cache
Q init-s17 13 (24, 28, 58, 14) 43.64706233648576 gpu cache
Q init-s17 14 (17, 25, 46, 62) 84.73782064136219 gpu cache
Q init-s17 15 (19, 25, 61, 71) 39.16483588653191 gpu cache
Q init-s17 16 (56, 40, 58, 17) 103.65800211583569 gpu cache
Q init-s17 17 (11, 47, 17, 47) 66.10315173739521 gpu cache
Q init-s17 18 (16, 37, 59, 20) 131.37266054318187 gpu cache
Q init-s17 19 (40, 45, 15, 34) 229.19553525117652 gpu cache
Q init-s17 20 (53, 47, 48, 39) 79.69042640194384 gpu cache
Q init-s17 21 (66, 8, 36, 65) 60.0101904711403 gpu cache
Q init-s17 22 (30, 1, 70, 22) 96.68905728209786 gpu cache
Q init-s17 23 (3, 12, 68, 24) 156.10170186265998 gpu cache
Q init-s17 24 (0, 44, 3, 39) 76.27408426546016 gpu cache
Q init-s17 25 (44, 51, 7, 35) 1745.8578636937568 gpu cache
Q init-s17 26 (37, 60, 0, 25) 51.145393507191706 gpu cache
Q init-s17 27 (29, 39, 56, 36) 41.73341873518222 gpu cache
Q init-s17 28 (54, 1, 21, 16) 136.99068040534024 gpu cache
Q init-s17 29 (42, 6, 25, 17) 53.058261761917926 gpu cache
Q init-s17 30 (67, 0, 47, 21) 44.872344808827215 gpu cache
Q init-s17 31 (62, 26, 0, 46) 65.34830322308629 gpu cache
Q init-s17 32 (12, 60, 61, 29) 190.15421973813224 gpu cache
Q init-s17 33 (32, 45, 17, 37) 45.285825068809736 gpu cache
Q init-s17 34 (71, 16, 40, 14) 116.67018484098655 gpu cache
Q init-s17 35 (57, 32, 55, 57) 76.23853709731206 gpu cache
Q init-s17 36 (65, 42, 37, 50) 526.3250468348704 gpu cache
Q init-s17 37 (14, 52, 14, 44) 39.64915594377625 gpu cache
Q init-s17 38 (52, 17, 19, 31) 43.411108516617624 gpu cache
Q init-s17 39 (7, 36, 14, 0) 90.06021633422661 gpu cache
Q init-s17 40 (6, 21, 40, 25) 79.21545122299155 gpu cache
Q init-s17 41 (15, 0, 31, 40) 134.94730144982222 gpu cache
Q init-s17 42 (47, 39, 21, 6) 134.72574396976748 gpu cache
Q init-s17 43 (41, 17, 3, 65) 49.74384464453187 gpu cache
Q init-s17 44 (37, 31, 14, 18) 140.9919206267863 gpu cache
Q init-s17 45 (37, 62, 2, 32) 46.32661422315007 gpu cache
Q init-s17 46 (2, 45, 66, 65) 101.4354264615259 gpu cache
Q init-s17 47 (38, 39, 32, 11) 78.82999053646724 gpu cache
Q init-s17 48 (2, 51, 3, 67) 130.70566271045774 gpu cache
Q init-s17 49 (55, 30, 65, 47) 105.94475489384702 gpu cache
Q init-s17 50 (36, 62, 23, 11) 42.606041771452965 gpu cache
Q init-s17 51 (28, 56, 43, 34) 102.17181920643502 gpu cache
Q init-s17 52 (27, 39, 64, 66) 36.28658791502771 gpu cache
Q init-s17 53 (23, 58, 70, 9) 70.15727912732675 gpu cache
Q init-s17 54 (22, 29, 31, 48) 94.40209743549526 gpu cache
Q init-s17 55 (8, 58, 30, 11) 60.408235145625 gpu cache
Q init-s17 56 (13, 50, 58, 37) 160.11868026568644 gpu cache
Q init-s17 57 (27, 5, 45, 37) 93.80554708937215 gpu cache
Q init-s17 58 (2, 32, 17, 31) 49.8207624646379 gpu cache
Q init-s17 59 (32, 19, 34, 26) 117.31930071550977 gpu cache
Q init-s17 60 (53, 54, 30, 24) 80.63910462988761 gpu cache
Q init-s17 61 (1, 61, 27, 50) 259.23637112087107 gpu cache
Q init-s17 62 (18, 54, 35, 28) 186.5940475716605 gpu cache
Q init-s17 63 (48, 12, 48, 0) 73.58868222244564 gpu cache
Q init-s17 64 (69, 29, 67, 33) 297.8114346865592 gpu cache
Q init-s17 65 (29, 27, 18, 7) 159.98367091336996 gpu cache
Q init-s17 66 (7, 3, 47, 63) 73.35146030644914 gpu cache
Q init-s17 67 (2, 28, 58, 62) 130.77057483607328 gpu cache
Q init-s17 68 (30, 59, 43, 41) 68.92350551610774 gpu cache
Q init-s17 69 (24, 62, 16, 68) 94.55897654111172 gpu cache
Q init-s17 70 (1, 45, 60, 0) 31.36365530362526 gpu cache
Q init-s17 71 (58, 46, 11, 35) 168.02398438008308 gpu cache
Q init-s17 72 (15, 56, 45, 25) 109.14544954969956 gpu cache
Q init-s17 73 (43, 49, 48, 26) 40.09380633914334 gpu cache
Q init-s17 74 (58, 42, 1, 32) 136.7455920908039 gpu cache
Q init-s17 75 (28, 15, 60, 23) 48.92542588317928 gpu cache
Q init-s17 76 (2, 4, 15, 44) 917.5689935616708 gpu cache
Q init-s17 77 (16, 64, 7, 42) 374.7434092673408 gpu cache
Q init-s17 78 (69, 12, 70, 38) 53.37351642358012 gpu cache
Q init-s17 79 (44, 18, 44, 27) 101.63899386964066 gpu cache
Q init-s17 80 (22, 0, 26, 69) 337.5017497701153 gpu cache
Q init-s17 81 (43, 37, 45, 41) 411.1893925449774 gpu cache
Q init-s17 82 (11, 6, 67, 9) 49.279368850553155 gpu cache
Q init-s17 83 (50, 63, 27, 60) 155.26981402045016 gpu cache
Q init-s17 84 (59, 48, 46, 50) 41.49015605922069 gpu cache
Q init-s17 85 (44, 67, 50, 48) 86.48212240024752 gpu cache
Q init-s17 86 (46, 43, 28, 10) 106.39101213957866 gpu cache
Q init-s17 87 (45, 16, 42, 15) 71.7634749307085 gpu cache
Q init-s17 88 (35, 3, 39, 29) 1484.1125463987566 gpu cache
Q init-s17 89 (8, 3, 62, 65) 50.78227761255484 gpu cache
Q init-s17 90 (5, 44, 47, 24) 53.00667955979954 gpu cache
Q init-s17 91 (29, 19, 40, 53) 425.8999588311438 gpu cache
Q init-s17 92 (71, 64, 50, 71) 164.25648506977709 gpu cache
Q init-s17 93 (4, 6, 11, 32) 42.17048474677831 gpu cache
Q init-s17 94 (35, 70, 7, 42) 68.3574155426922 gpu cache
Q init-s17 95 (34, 57, 41, 27) 334.37736418580744 gpu cache
Q round1-s17 0 (4, 62, 50, 1) 74.03114569682913 gpu 0
Q round1-s17 1 (44, 62, 50, 1) 67.09162901204957 gpu 1
Q round1-s17 2 (68, 62, 58, 1) 45.84392264818418 gpu 0
Q round1-s17 3 (28, 25, 2, 1) 58.02341628869736 gpu 1
Q round1-s17 4 (1, 45, 28, 6) 40.650123389950956 gpu 0
Q round1-s17 5 (1, 45, 20, 17) 29.359612225082337 gpu 1
Q round1-s17 6 (60, 25, 66, 22) 52.19650768836698 gpu 0
Q round1-s17 7 (1, 45, 28, 22) 39.15543674780744 gpu 1
Q round1-s17 8 (1, 45, 60, 6) 42.55862715108328 gpu 0
Q round1-s17 9 (43, 17, 58, 1) 84.4854801020446 gpu 1
Q round1-s17 10 (11, 17, 50, 1) 121.75265732202534 gpu 0
Q round1-s17 11 (60, 65, 66, 41) 43.227145048331025 gpu 1
Q round1-s17 12 (6, 45, 20, 1) 54.63364540440343 gpu 0
Q round1-s17 13 (6, 53, 4, 1) 53.72166126502988 gpu 1
Q round1-s17 14 (15, 16, 34, 44) 98.54177576110692 gpu cache
Q round1-s17 15 (14, 39, 54, 2) 303.3028867214672 gpu cache
ROUND 1 n 112 bestJ 29.359612225082337 best (1, 45, 20, 17) eligible 26208 update 0 updates_total 1
Q round2-s17 0 (1, 5, 4, 6) 33.99376045570696 gpu 0
Q round2-s17 1 (1, 45, 4, 6) 35.98420523448518 gpu 1
Q round2-s17 2 (1, 21, 4, 6) 30.597815856427015 gpu 0
Q round2-s17 3 (41, 45, 4, 6) 42.423180064116124 gpu 1
Q round2-s17 4 (17, 45, 4, 6) 34.428501618344036 gpu 0
Q round2-s17 5 (1, 5, 20, 22) 32.463721239938614 gpu 1
Q round2-s17 6 (1, 45, 44, 6) 36.625231723015084 gpu 0
Q round2-s17 7 (1, 45, 4, 22) 35.02851736390944 gpu 1
Q round2-s17 8 (1, 45, 4, 46) 34.13528507778492 gpu 0
Q round2-s17 9 (28, 41, 66, 22) 40.81839947386808 gpu 1
Q round2-s17 10 (17, 45, 4, 22) 32.54807107221686 gpu 0
Q round2-s17 11 (1, 13, 4, 6) 45.747209996429014 gpu 1
Q round2-s17 12 (20, 41, 66, 22) 45.8158756029476 gpu 0
Q round2-s17 13 (41, 45, 4, 22) 41.71149716733366 gpu 1
Q round2-s17 14 (1, 51, 46, 51) 734.1402274548715 gpu 0
Q round2-s17 15 (2, 34, 6, 68) 304.923194114192 gpu 1
ROUND 2 n 128 bestJ 29.359612225082337 best (1, 45, 20, 17) eligible 23716 update 0 updates_total 1
Q round3-s17 0 (28, 41, 66, 1) 46.84047965312288 gpu 0
Q round3-s17 1 (41, 5, 4, 6) 37.974576784252214 gpu 1
Q round3-s17 2 (52, 41, 66, 1) 45.515601128825175 gpu 0
Q round3-s17 3 (68, 41, 66, 1) 45.99981259828617 gpu 1
Q round3-s17 4 (17, 5, 4, 6) 30.912727310917518 gpu 0
Q round3-s17 5 (4, 49, 66, 1) 53.785299839081496 gpu 1
Q round3-s17 6 (28, 17, 66, 1) 48.66008269110164 gpu 0
Q round3-s17 7 (4, 41, 66, 1) 53.71560888963296 gpu 1
Q round3-s17 8 (28, 41, 66, 6) 40.14710395071435 gpu 0
Q round3-s17 9 (1, 5, 44, 6) 33.42336994293198 gpu 1
Q round3-s17 10 (49, 5, 4, 6) 32.267600678644584 gpu 0
Q round3-s17 11 (68, 41, 66, 6) 42.29845862862653 gpu 1
Q round3-s17 12 (1, 5, 20, 6) 32.64841397587042 gpu 0
Q round3-s17 13 (1, 5, 4, 46) 31.54582315099363 gpu 1
Q round3-s17 14 (28, 6, 30, 41) 67.61537889637889 gpu 0
Q round3-s17 15 (31, 12, 55, 35) 42.37265759934878 gpu 1
ROUND 3 n 144 bestJ 29.359612225082337 best (1, 45, 20, 17) eligible 15089 update 0 updates_total 1
Q round4-s17 0 (28, 41, 50, 1) 55.74573036822479 gpu 0
Q round4-s17 1 (28, 41, 50, 6) 45.28918794245588 gpu 1
Q round4-s17 2 (20, 41, 66, 1) 53.396333974981964 gpu 0
Q round4-s17 3 (28, 65, 66, 1) 53.539944683904054 gpu 1
Q round4-s17 4 (65, 5, 4, 6) 25.01321415806162 gpu 0
Q round4-s17 5 (52, 41, 50, 6) 43.62670600946254 gpu 1
Q round4-s17 6 (28, 65, 50, 6) 49.428739817555496 gpu 0
Q round4-s17 7 (68, 41, 50, 6) 44.6476972482681 gpu 1
Q round4-s17 8 (44, 41, 66, 1) 50.41319475216142 gpu 0
Q round4-s17 9 (12, 41, 66, 1) 46.49809512974567 gpu 1
Q round4-s17 10 (28, 65, 66, 6) 45.87176280370177 gpu 0
Q round4-s17 11 (68, 17, 66, 1) 48.05728109200732 gpu 1
Q round4-s17 12 (52, 41, 66, 6) 43.787324268894764 gpu 0
Q round4-s17 13 (4, 41, 50, 6) 49.3188650215945 gpu 1
Q round4-s17 14 (49, 55, 30, 16) 98.94504486829847 gpu 0
Q round4-s17 15 (25, 2, 10, 13) 354.25609166650503 gpu 1
ROUND 4 n 160 bestJ 25.01321415806162 best (65, 5, 4, 6) eligible 1132 update 0 updates_total 1
Q round5-s17 0 (20, 65, 66, 6) 49.44379564642398 gpu 0
Q round5-s17 1 (28, 1, 66, 1) 47.7534777195625 gpu 1
Q round5-s17 2 (4, 65, 66, 6) 49.048612334329896 gpu 0
Q round5-s17 3 (1, 5, 4, 22) 32.874789887174174 gpu 1
Q round5-s17 4 (41, 5, 4, 46) 35.63681016531342 gpu 0
Q round5-s17 5 (68, 1, 66, 1) 47.51608774201143 gpu 1
Q round5-s17 6 (28, 41, 58, 1) 45.88675127529571 gpu 0
Q round5-s17 7 (41, 5, 4, 22) 38.13147686315361 gpu 1
Q round5-s17 8 (20, 41, 66, 6) 46.04779329865852 gpu 0
Q round5-s17 9 (17, 5, 4, 46) 27.921705747295047 gpu 1
Q round5-s17 10 (17, 5, 4, 22) 30.465504851061134 gpu 0
Q round5-s17 11 (17, 5, 44, 6) 31.597732280326728 gpu 1
Q round5-s17 12 (41, 21, 4, 6) 35.53593706373557 gpu 0
Q round5-s17 13 (17, 21, 4, 6) 29.91108980930967 gpu 1
Q round5-s17 14 (30, 11, 1, 15) 57.5396566210733 gpu 0
Q round5-s17 15 (60, 54, 58, 32) 68.02960333677173 gpu 1
ROUND 5 n 176 bestJ 25.01321415806162 best (65, 5, 4, 6) eligible 109 update 0 updates_total 1
Q round6-s17 0 (41, 5, 44, 6) 37.80091902835539 gpu 0
Q round6-s17 1 (25, 5, 4, 6) 27.711732660801452 gpu 1
Q round6-s17 2 (17, 5, 20, 6) 31.31701242603455 gpu 0
Q round6-s17 3 (41, 5, 20, 6) 38.026832224925386 gpu 1
Q round6-s17 4 (28, 41, 34, 1) 44.40913875725193 gpu 0
Q round6-s17 5 (1, 5, 44, 46) 32.02182769885995 gpu 1
Q round6-s17 6 (1, 5, 44, 22) 33.03747545145551 gpu 0
Q round6-s17 7 (65, 5, 4, 46) 25.6046881975107 gpu 1
Q round6-s17 8 (65, 5, 4, 22) 25.370397346688996 gpu 0
Q round6-s17 9 (52, 41, 50, 46) 44.49920048536258 gpu 1
Q round6-s17 10 (36, 41, 66, 1) 47.66676555582907 gpu 0
Q round6-s17 11 (1, 5, 20, 46) 30.69776066422975 gpu 1
Q round6-s17 12 (65, 45, 4, 6) 26.403095748529008 gpu 0
Q round6-s17 13 (1, 21, 4, 22) 30.773623247087595 gpu 1
Q round6-s17 14 (24, 34, 68, 54) 27.064603486541554 gpu 0
Q round6-s17 15 (40, 10, 1, 11) 87.3900809263545 gpu 1
ROUND 6 n 192 bestJ 25.01321415806162 best (65, 5, 4, 6) eligible 60 update 0 updates_total 1
Q round7-s17 0 (28, 41, 50, 46) 45.459567157026676 gpu 0
Q round7-s17 1 (28, 41, 66, 17) 46.715286215811766 gpu 1
Q round7-s17 2 (52, 1, 66, 6) 39.80779046693235 gpu 0
Q round7-s17 3 (28, 41, 66, 46) 41.361944823198606 gpu 1
Q round7-s17 4 (1, 21, 4, 46) 29.6135868482752 gpu 0
Q round7-s17 5 (49, 5, 4, 46) 30.78951063338864 gpu 1
Q round7-s17 6 (52, 41, 50, 22) 43.63403241627398 gpu 0
Q round7-s17 7 (49, 5, 4, 22) 32.466975325111 gpu 1
Q round7-s17 8 (12, 41, 34, 1) 44.550783052629626 gpu 0
Q round7-s17 9 (20, 41, 66, 46) 46.7190709551391 gpu 1
Q round7-s17 10 (41, 5, 4, 1) 32.80302230785976 gpu 0
Q round7-s17 11 (17, 5, 44, 46) 30.102655501919926 gpu 1
Q round7-s17 12 (1, 5, 4, 1) 29.552051906168824 gpu 0
Q round7-s17 13 (17, 5, 4, 1) 29.333630561637147 gpu 1
Q round7-s17 14 (8, 49, 10, 19) 72.09521643720669 gpu 0
Q round7-s17 15 (28, 65, 35, 37) 294.7571026891285 gpu 1
ROUND 7 n 208 bestJ 25.01321415806162 best (65, 5, 4, 6) eligible 466 update 0 updates_total 1
Q round8-s17 0 (1, 21, 44, 6) 32.777181149333224 gpu 0
Q round8-s17 1 (65, 21, 4, 6) 25.22639365025274 gpu 1
Q round8-s17 2 (1, 45, 20, 6) 35.89186029982193 gpu 0
Q round8-s17 3 (1, 21, 20, 6) 32.03540262246341 gpu 1
Q round8-s17 4 (1, 5, 12, 6) 35.68349098028592 gpu 0
Q round8-s17 5 (49, 45, 4, 6) 35.40758934596039 gpu 1
Q round8-s17 6 (17, 5, 44, 22) 31.640629227569317 gpu 0
Q round8-s17 7 (65, 5, 44, 6) 24.478434282399974 gpu 1
Q round8-s17 8 (49, 21, 4, 6) 31.52478863522447 gpu 0
Q round8-s17 9 (17, 45, 4, 46) 32.270531275449144 gpu 1
Q round8-s17 10 (17, 21, 4, 22) 30.419230364584386 gpu 0
Q round8-s17 11 (17, 21, 4, 46) 26.96351498432685 gpu 1
Q round8-s17 12 (17, 5, 20, 46) 28.110911190730924 gpu 0
Q round8-s17 13 (17, 5, 20, 22) 30.822363345287286 gpu 1
Q round8-s17 14 (54, 60, 11, 12) 463.09045775447726 gpu 0
Q round8-s17 15 (28, 39, 5, 11) 765.0535522906706 gpu 1
TRIGGER_UPDATE 8 224 ['ranking_degradation'] {"new_labels_since_update": 128, "evals_since_best": 8, "recent_n": 128, "recent_spearman": 0.23663248489287675, "recent_high_uncertainty_fraction": 0.0, "sigma_ref_p90": 0.0978090949356556, "eligible_pool": 2, "eligible_floor": 120}
ROUND 8 n 224 bestJ 24.478434282399974 best (65, 5, 44, 6) eligible 2 update 1 updates_total 2
Q round9-s17 0 (38, 5, 4, 22) 28.276866362535845 gpu 0
Q round9-s17 1 (62, 5, 4, 22) 29.75180341097451 gpu 1
Q round9-s17 2 (38, 5, 4, 46) 27.429664143032518 gpu 0
Q round9-s17 3 (38, 5, 4, 54) 24.398685825561618 gpu 1
Q round9-s17 4 (38, 5, 4, 14) 23.839151204670042 gpu 0
Q round9-s17 5 (38, 5, 4, 6) 28.569492775522153 gpu 1
Q round9-s17 6 (38, 5, 4, 70) 25.314825603882007 gpu 0
Q round9-s17 7 (62, 5, 4, 46) 29.06635319547101 gpu 1
Q round9-s17 8 (62, 5, 4, 54) 26.28721645264878 gpu 0
Q round9-s17 9 (38, 21, 4, 22) 29.018450532181085 gpu 1
Q round9-s17 10 (62, 5, 4, 14) 26.459432249059006 gpu 0
Q round9-s17 11 (38, 45, 4, 22) 30.39291168835207 gpu 1
Q round9-s17 12 (62, 5, 4, 70) 23.529057505828288 gpu 0
Q round9-s17 13 (62, 5, 4, 6) 30.743841256449098 gpu 1
Q round9-s17 14 (39, 0, 3, 50) 112.7237467845111 gpu 0
Q round9-s17 15 (52, 7, 17, 35) 40.941357710306804 gpu 1
ROUND 9 n 240 bestJ 23.529057505828288 best (62, 5, 4, 70) eligible 847 update 0 updates_total 2
Q round10-s17 0 (62, 21, 4, 22) 29.48904746976822 gpu 0
Q round10-s17 1 (62, 45, 4, 22) 32.127437535342686 gpu 1
Q round10-s17 2 (38, 21, 4, 46) 26.266350479077673 gpu 0
Q round10-s17 3 (38, 21, 4, 54) 24.76861600966031 gpu 1
Q round10-s17 4 (38, 45, 4, 46) 28.460731199928468 gpu 0
Q round10-s17 5 (38, 5, 4, 62) 25.262692674642956 gpu 1
Q round10-s17 6 (38, 5, 4, 38) 26.864150994816942 gpu 0
Q round10-s17 7 (38, 45, 4, 54) 27.173417067351348 gpu 1
Q round10-s17 8 (57, 5, 4, 22) 27.882535332223583 gpu 0
Q round10-s17 9 (39, 5, 4, 22) 28.082778099754456 gpu 1
Q round10-s17 10 (38, 21, 4, 70) 25.006997870792958 gpu 0
Q round10-s17 11 (38, 21, 4, 6) 27.728560744965584 gpu 1
Q round10-s17 12 (38, 5, 4, 30) 23.429070871496855 gpu 0
Q round10-s17 13 (38, 45, 4, 6) 30.26639117482709 gpu 1
Q round10-s17 14 (51, 35, 29, 14) 286.6261030458227 gpu 0
Q round10-s17 15 (17, 62, 0, 63) 94.62399712852896 gpu 1
ROUND 10 n 256 bestJ 23.429070871496855 best (38, 5, 4, 30) eligible 309 update 0 updates_total 2
Q round11-s17 0 (62, 13, 4, 6) 36.84832517950902 gpu 0
Q round11-s17 1 (39, 45, 4, 6) 30.681946123208068 gpu 1
Q round11-s17 2 (62, 13, 4, 70) 31.80602012871045 gpu 0
Q round11-s17 3 (57, 5, 4, 38) 41.74306865002102 gpu 1
Q round11-s17 4 (62, 69, 4, 22) 34.309871665103145 gpu 0
Q round11-s17 5 (39, 5, 4, 62) 24.305392761939306 gpu 1
Q round11-s17 6 (65, 5, 4, 14) 26.095666519064256 gpu 0
Q round11-s17 7 (62, 13, 4, 14) 33.59860492605883 gpu 1
Q round11-s17 8 (62, 5, 44, 70) 24.331833422522262 gpu 0
Q round11-s17 9 (62, 21, 44, 6) 30.548072054160176 gpu 1
Q round11-s17 10 (38, 5, 20, 62) 26.207635642493845 gpu 0
Q round11-s17 11 (38, 5, 20, 38) 26.89948505841255 gpu 1
Q round11-s17 12 (62, 45, 44, 6) 33.632365053357454 gpu 0
Q round11-s17 13 (63, 21, 4, 46) 26.277544349183508 gpu 1
Q round11-s17 14 (45, 33, 1, 9) 43.80938709864208 gpu 0
Q round11-s17 15 (14, 68, 65, 49) 52.855282228999904 gpu 1
ROUND 11 n 272 bestJ 23.429070871496855 best (38, 5, 4, 30) eligible 327 update 0 updates_total 2
Q round12-s17 0 (38, 45, 4, 70) 22.832453007124 gpu 0
Q round12-s17 1 (38, 21, 4, 14) 23.686533318970355 gpu 1
Q round12-s17 2 (62, 21, 4, 54) 24.43146563013409 gpu 0
Q round12-s17 3 (62, 45, 4, 46) 30.84383299212196 gpu 1
Q round12-s17 4 (38, 45, 4, 14) 27.60739382198338 gpu 0
Q round12-s17 5 (62, 45, 4, 54) 29.16348214848496 gpu 1
Q round12-s17 6 (62, 21, 4, 70) 25.06532203145715 gpu 0
Q round12-s17 7 (62, 5, 4, 30) 25.084707541011213 gpu 1
Q round12-s17 8 (62, 45, 4, 70) 27.514601810704335 gpu 0
Q round12-s17 9 (62, 21, 4, 14) 26.185921214185267 gpu 1
Q round12-s17 10 (62, 45, 4, 14) 28.583498644172586 gpu 0
Q round12-s17 11 (57, 5, 4, 46) 28.285043338231862 gpu 1
Q round12-s17 12 (57, 5, 4, 6) 28.217292536177645 gpu 0
Q round12-s17 13 (38, 21, 4, 38) 26.10158397057504 gpu 1
Q round12-s17 14 (19, 48, 0, 57) 48.78681854598064 gpu 0
Q round12-s17 15 (51, 60, 22, 24) 53.48025568776636 gpu 1
ROUND 12 n 288 bestJ 22.832453007124 best (38, 45, 4, 70) eligible 46 update 0 updates_total 2
Q round13-s17 0 (38, 21, 4, 62) 25.113684760744 gpu 0
Q round13-s17 1 (38, 13, 4, 22) 33.859873645989076 gpu 1
Q round13-s17 2 (38, 45, 4, 62) 25.51947116901948 gpu 0
Q round13-s17 3 (38, 45, 4, 38) 25.606927676184746 gpu 1
Q round13-s17 4 (33, 5, 4, 22) 28.3984875101006 gpu 0
Q round13-s17 5 (62, 21, 4, 38) 26.32432446080871 gpu 1
Q round13-s17 6 (62, 21, 4, 62) 25.790376236625526 gpu 0
Q round13-s17 7 (62, 13, 4, 22) 36.75358217563358 gpu 1
Q round13-s17 8 (62, 45, 4, 62) 25.213915836754005 gpu 0
Q round13-s17 9 (62, 45, 4, 38) 24.480161093111477 gpu 1
Q round13-s17 10 (56, 5, 4, 22) 26.09332629806632 gpu 0
Q round13-s17 11 (57, 5, 4, 14) 27.98990431200985 gpu 1
Q round13-s17 12 (38, 21, 44, 22) 29.765621637798834 gpu 0
Q round13-s17 13 (38, 21, 20, 22) 27.928401460835115 gpu 1
Q round13-s17 14 (35, 1, 65, 35) 62.68178459077499 gpu 0
Q round13-s17 15 (49, 70, 10, 58) 232.94109925831586 gpu 1
ROUND 13 n 304 bestJ 22.832453007124 best (38, 45, 4, 70) eligible 40 update 0 updates_total 2
Q round14-s17 0 (38, 5, 44, 22) 29.92381509680455 gpu 0
Q round14-s17 1 (38, 5, 20, 22) 28.46051042120557 gpu 1
Q round14-s17 2 (62, 21, 4, 46) 27.686548698379987 gpu 0
Q round14-s17 3 (62, 5, 4, 62) 26.14231578671919 gpu 1
Q round14-s17 4 (62, 5, 4, 38) 26.486635702020564 gpu 0
Q round14-s17 5 (63, 5, 4, 22) 28.497260752041264 gpu 1
Q round14-s17 6 (62, 21, 4, 6) 30.561648699616168 gpu 0
Q round14-s17 7 (62, 5, 44, 22) 31.295758711617275 gpu 1
Q round14-s17 8 (62, 45, 4, 6) 32.27225237124349 gpu 0
Q round14-s17 9 (39, 5, 4, 46) 25.594602095021425 gpu 1
Q round14-s17 10 (62, 5, 20, 22) 29.977444809615374 gpu 0
Q round14-s17 11 (38, 5, 44, 6) 29.94715987571139 gpu 1
Q round14-s17 12 (38, 5, 44, 46) 28.258565740062444 gpu 0
Q round14-s17 13 (39, 5, 4, 6) 27.9321636473511 gpu 1
Q round14-s17 14 (34, 52, 59, 10) 131.78511694055666 gpu 0
Q round14-s17 15 (29, 45, 18, 64) 108.65954513470005 gpu 1
ROUND 14 n 320 bestJ 22.832453007124 best (38, 45, 4, 70) eligible 0 update 0 updates_total 2
Q round15-s17 0 (38, 45, 44, 22) 31.455448715853233 gpu 0
Q round15-s17 1 (38, 5, 44, 54) 25.456684390924863 gpu 1
Q round15-s17 2 (62, 21, 44, 22) 29.942000439996423 gpu 0
Q round15-s17 3 (62, 21, 20, 22) 29.96196192455005 gpu 1
Q round15-s17 4 (62, 45, 44, 22) 32.94630332189606 gpu 0
Q round15-s17 5 (62, 45, 20, 22) 32.4536085392181 gpu 1
Q round15-s17 6 (62, 5, 20, 54) 25.25189747546658 gpu 0
Q round15-s17 7 (33, 5, 4, 46) 29.250213077424483 gpu 1
Q round15-s17 8 (39, 5, 4, 54) 24.165093918756014 gpu 0
Q round15-s17 9 (63, 21, 4, 22) 29.066344014279544 gpu 1
Q round15-s17 10 (63, 45, 4, 22) 32.63202120980473 gpu 0
Q round15-s17 11 (33, 5, 4, 6) 28.32012529096329 gpu 1
Q round15-s17 12 (38, 21, 20, 6) 28.033884261783587 gpu 0
Q round15-s17 13 (38, 45, 20, 6) 30.93420132692301 gpu 1
Q round15-s17 14 (0, 48, 61, 6) 123.93921177923039 gpu 0
Q round15-s17 15 (17, 21, 32, 37) 75.23173333322936 gpu 1
ROUND 15 n 336 bestJ 22.832453007124 best (38, 45, 4, 70) eligible 15 update 0 updates_total 2
Q round16-s17 0 (38, 5, 20, 46) 27.56015920224439 gpu 0
Q round16-s17 1 (63, 5, 4, 46) 26.35404197847865 gpu 1
Q round16-s17 2 (38, 5, 20, 6) 28.77728914995629 gpu 0
Q round16-s17 3 (62, 5, 44, 46) 30.012479140234127 gpu 1
Q round16-s17 4 (62, 5, 44, 6) 31.457652401694073 gpu 0
Q round16-s17 5 (63, 5, 4, 6) 28.521805795750097 gpu 1
Q round16-s17 6 (62, 5, 20, 46) 28.190470870293716 gpu 0
Q round16-s17 7 (62, 5, 20, 6) 30.619451556535594 gpu 1
Q round16-s17 8 (38, 21, 4, 30) 23.424489637152963 gpu 0
Q round16-s17 9 (57, 21, 4, 22) 29.276348260124912 gpu 1
Q round16-s17 10 (39, 5, 4, 14) 22.81402788373684 gpu 0
Q round16-s17 11 (57, 45, 4, 22) 26.6837660849945 gpu 1
Q round16-s17 12 (38, 45, 4, 30) 24.03536037804327 gpu 0
Q round16-s17 13 (38, 45, 20, 22) 29.71466331943412 gpu 1
Q round16-s17 14 (42, 58, 54, 33) 83.49869063000224 gpu 0
Q round16-s17 15 (11, 64, 65, 26) 52.02081337387438 gpu 1
ROUND 16 n 352 bestJ 22.81402788373684 best (39, 5, 4, 14) eligible 0 update 0 updates_total 2
Q round17-s17 0 (38, 13, 4, 46) 33.68055676205177 gpu 0
Q round17-s17 1 (38, 5, 20, 54) 24.357855276456217 gpu 1
Q round17-s17 2 (39, 21, 4, 22) 27.873890041807385 gpu 0
Q round17-s17 3 (62, 21, 4, 30) 24.704617775235427 gpu 1
Q round17-s17 4 (39, 45, 4, 22) 30.59564461800963 gpu 0
Q round17-s17 5 (63, 5, 4, 14) 24.422194690494816 gpu 1
Q round17-s17 6 (38, 5, 20, 14) 25.097924768025827 gpu 0
Q round17-s17 7 (38, 5, 44, 14) 24.87669717669404 gpu 1
Q round17-s17 8 (57, 5, 4, 54) 29.53303993446541 gpu 0
Q round17-s17 9 (38, 13, 4, 54) 32.00030716818427 gpu 1
Q round17-s17 10 (62, 45, 4, 30) 28.271153730746036 gpu 0
Q round17-s17 11 (38, 5, 20, 70) 24.151241900183674 gpu 1
Q round17-s17 12 (38, 13, 4, 6) 35.29164278506132 gpu 0
Q round17-s17 13 (62, 13, 4, 46) 35.294691876422974 gpu 1
Q round17-s17 14 (10, 34, 5, 14) 165.91229231312852 gpu 0
Q round17-s17 15 (42, 55, 33, 57) 41.68911003112473 gpu 1
ROUND 17 n 368 bestJ 22.81402788373684 best (39, 5, 4, 14) eligible 0 update 0 updates_total 2
Q round18-s17 0 (56, 5, 4, 6) 25.987240709634047 gpu 0
Q round18-s17 1 (65, 5, 4, 54) 26.020874526162522 gpu 1
Q round18-s17 2 (38, 13, 4, 70) 30.435350089702972 gpu 0
Q round18-s17 3 (38, 69, 4, 22) 32.25895549587968 gpu 1
Q round18-s17 4 (38, 13, 4, 14) 31.387350711200384 gpu 0
Q round18-s17 5 (57, 21, 4, 6) 27.67281887571202 gpu 1
Q round18-s17 6 (38, 21, 44, 6) 28.633954429294512 gpu 0
Q round18-s17 7 (62, 5, 44, 54) 26.607000734190233 gpu 1
Q round18-s17 8 (38, 5, 44, 70) 24.529134068952224 gpu 0
Q round18-s17 9 (62, 5, 20, 14) 25.49855408395261 gpu 1
Q round18-s17 10 (62, 13, 4, 54) 33.38745420322415 gpu 0
Q round18-s17 11 (57, 45, 4, 6) 27.186366080108783 gpu 1
Q round18-s17 12 (57, 21, 4, 46) 28.54063722857974 gpu 0
Q round18-s17 13 (38, 45, 44, 6) 30.78772871069673 gpu 1
Q round18-s17 14 (45, 50, 11, 9) 230.759991679429 gpu 0
Q round18-s17 15 (71, 59, 56, 34) 48.770754501682966 gpu 1
ROUND 18 n 384 bestJ 22.81402788373684 best (39, 5, 4, 14) eligible 0 update 0 updates_total 2
Q round19-s17 0 (62, 5, 44, 14) 27.471674695007373 gpu 0
Q round19-s17 1 (65, 5, 4, 70) 26.860805000464723 gpu 1
Q round19-s17 2 (38, 5, 4, 41) 26.895532585899286 gpu 0
Q round19-s17 3 (65, 21, 4, 22) 25.291105729343855 gpu 1
Q round19-s17 4 (65, 45, 4, 22) 27.13623870955568 gpu 0
Q round19-s17 5 (9, 5, 4, 22) 25.81335482577372 gpu 1
Q round19-s17 6 (25, 5, 4, 22) 27.081458491671874 gpu 0
Q round19-s17 7 (49, 5, 4, 54) 27.35243878752233 gpu 1
Q round19-s17 8 (65, 5, 44, 22) 24.975984977564597 gpu 0
Q round19-s17 9 (65, 5, 20, 22) 24.510142366917968 gpu 1
Q round19-s17 10 (65, 5, 4, 38) 29.673599947304087 gpu 0
Q round19-s17 11 (65, 5, 4, 62) 28.592975611853536 gpu 1
Q round19-s17 12 (9, 5, 4, 54) 27.99437141187894 gpu 0
Q round19-s17 13 (9, 5, 4, 46) 27.07773360300943 gpu 1
Q round19-s17 14 (0, 12, 26, 56) 87.39338213457002 gpu 0
Q round19-s17 15 (48, 57, 70, 36) 74.77836964004202 gpu 1
ROUND 19 n 400 bestJ 22.81402788373684 best (39, 5, 4, 14) eligible 20 update 0 updates_total 2
Q round20-s17 0 (39, 21, 4, 46) 26.014066777707722 gpu 0
Q round20-s17 1 (57, 45, 4, 46) 26.810461916306572 gpu 1
Q round20-s17 2 (38, 21, 20, 46) 26.053131609490176 gpu 0
Q round20-s17 3 (57, 5, 4, 70) 28.89531951122935 gpu 1
Q round20-s17 4 (62, 5, 20, 70) 23.974883391803495 gpu 0
Q round20-s17 5 (32, 5, 4, 22) 26.277952289249978 gpu 1
Q round20-s17 6 (39, 45, 4, 46) 27.596526533616558 gpu 0
Q round20-s17 7 (57, 5, 4, 62) 39.64441659341477 gpu 1
Q round20-s17 8 (38, 53, 4, 22) 32.56284592662258 gpu 0
Q round20-s17 9 (63, 5, 4, 54) 24.686393632387293 gpu 1
Q round20-s17 10 (39, 21, 4, 6) 27.07953450847224 gpu 0
Q round20-s17 11 (38, 69, 4, 54) 30.37884618147002 gpu 1
Q round20-s17 12 (62, 21, 44, 46) 29.90156837256694 gpu 0
Q round20-s17 13 (38, 5, 44, 62) 25.241945522714033 gpu 1
Q round20-s17 14 (30, 15, 44, 64) 113.9719609818584 gpu 0
Q round20-s17 15 (17, 50, 27, 48) 82.64766736054754 gpu 1
ROUND 20 n 416 bestJ 22.81402788373684 best (39, 5, 4, 14) eligible 0 update 0 updates_total 2
Q round21-s17 0 (38, 21, 44, 46) 27.29463846435342 gpu 0
Q round21-s17 1 (56, 5, 4, 46) 25.28748734517107 gpu 1
Q round21-s17 2 (38, 45, 44, 46) 29.58400034181034 gpu 0
Q round21-s17 3 (38, 45, 20, 46) 28.9259763744282 gpu 1
Q round21-s17 4 (62, 21, 20, 6) 30.917181273930645 gpu 0
Q round21-s17 5 (62, 21, 20, 46) 28.01359149402031 gpu 1
Q round21-s17 6 (33, 21, 4, 22) 28.15311603379412 gpu 0
Q round21-s17 7 (62, 45, 44, 46) 31.567431782821195 gpu 1
Q round21-s17 8 (38, 69, 4, 46) 32.17276306492123 gpu 0
Q round21-s17 9 (63, 45, 4, 46) 29.676185303788863 gpu 1
Q round21-s17 10 (38, 5, 44, 38) 25.625190840844454 gpu 0
Q round21-s17 11 (62, 45, 20, 6) 32.628700015564156 gpu 1
Q round21-s17 12 (39, 5, 4, 70) 20.99546408313032 gpu 0
Q round21-s17 13 (62, 45, 20, 46) 30.583782696560505 gpu 1
Q round21-s17 14 (44, 31, 56, 20) 43.54386283005944 gpu 0
Q round21-s17 15 (35, 40, 31, 39) 69.3833371847713 gpu 1
ROUND 21 n 432 bestJ 20.99546408313032 best (39, 5, 4, 70) eligible 0 update 0 updates_total 2
Q round22-s17 0 (38, 69, 4, 70) 28.83679595117398 gpu 0
Q round22-s17 1 (39, 5, 4, 38) 23.855275650559378 gpu 1
Q round22-s17 2 (38, 13, 4, 62) 25.189824011654782 gpu 0
Q round22-s17 3 (38, 13, 4, 38) 25.781316348935608 gpu 1
Q round22-s17 4 (33, 45, 4, 22) 27.407911479635928 gpu 0
Q round22-s17 5 (62, 53, 4, 22) 33.986726829466726 gpu 1
Q round22-s17 6 (33, 5, 4, 14) 29.168664938898893 gpu 0
Q round22-s17 7 (62, 69, 4, 54) 31.677379361453774 gpu 1
Q round22-s17 8 (38, 53, 4, 54) 29.304715906453513 gpu 0
Q round22-s17 9 (38, 69, 4, 14) 29.72885989355164 gpu 1
Q round22-s17 10 (63, 5, 4, 62) 22.05503904506206 gpu 0
Q round22-s17 11 (62, 5, 20, 62) 25.295406506718216 gpu 1
Q round22-s17 12 (62, 5, 20, 38) 26.363600034920644 gpu 0
Q round22-s17 13 (63, 5, 4, 70) 22.913152574874477 gpu 1
Q round22-s17 14 (17, 9, 10, 13) 125.39262375991785 gpu 0
Q round22-s17 15 (45, 70, 71, 8) 78.84326241330261 gpu 1
ROUND 22 n 448 bestJ 20.99546408313032 best (39, 5, 4, 70) eligible 0 update 0 updates_total 2
Q round23-s17 0 (63, 21, 4, 6) 29.294446048978344 gpu 0
Q round23-s17 1 (63, 45, 4, 6) 31.442828326530528 gpu 1
Q round23-s17 2 (62, 5, 44, 62) 25.51880692521541 gpu 0
Q round23-s17 3 (62, 5, 4, 41) 25.990480529637125 gpu 1
Q round23-s17 4 (49, 5, 4, 70) 26.98283213778914 gpu 0
Q round23-s17 5 (39, 5, 20, 22) 27.265714934750438 gpu 1
Q round23-s17 6 (38, 5, 4, 17) 28.710177542800885 gpu 0
Q round23-s17 7 (39, 5, 44, 22) 29.562868359841527 gpu 1
Q round23-s17 8 (65, 5, 4, 30) 26.664559397030857 gpu 0
Q round23-s17 9 (9, 5, 4, 70) 27.324217185458856 gpu 1
Q round23-s17 10 (65, 21, 4, 46) 25.100758124301596 gpu 0
Q round23-s17 11 (65, 45, 4, 46) 24.73094580788485 gpu 1
Q round23-s17 12 (25, 5, 4, 54) 26.007421893432902 gpu 0
Q round23-s17 13 (63, 5, 20, 22) 29.046238691747597 gpu 1
Q round23-s17 14 (35, 23, 19, 48) 44.64997755408439 gpu 0
Q round23-s17 15 (59, 9, 41, 33) 50.59871175600395 gpu 1
ROUND 23 n 464 bestJ 20.99546408313032 best (39, 5, 4, 70) eligible 60 update 0 updates_total 2
Q round24-s17 0 (62, 69, 4, 70) 29.43319579819122 gpu 0
Q round24-s17 1 (63, 5, 4, 38) 23.190410742793283 gpu 1
Q round24-s17 2 (38, 53, 4, 70) 28.663184332465452 gpu 0
Q round24-s17 3 (33, 5, 4, 54) 29.756088037398424 gpu 1
Q round24-s17 4 (62, 69, 4, 46) 32.7901210375193 gpu 0
Q round24-s17 5 (62, 5, 44, 38) 25.669352340973333 gpu 1
Q round24-s17 6 (38, 21, 20, 54) 24.13111701667272 gpu 0
Q round24-s17 7 (62, 13, 4, 62) 28.99971190336831 gpu 1
Q round24-s17 8 (62, 13, 4, 38) 26.024327955496666 gpu 0
Q round24-s17 9 (38, 45, 20, 54) 26.586411456436338 gpu 1
Q round24-s17 10 (38, 69, 4, 6) 32.33231121377159 gpu 0
Q round24-s17 11 (62, 53, 4, 54) 31.16885848607266 gpu 1
Q round24-s17 12 (38, 29, 4, 22) 31.652328661874222 gpu 0
Q round24-s17 13 (57, 21, 4, 14) 28.488829074926773 gpu 1
Q round24-s17 14 (68, 31, 12, 18) 219.72487949096785 gpu 0
Q round24-s17 15 (57, 60, 31, 60) 44.77387925841467 gpu 1
TRIGGER_UPDATE 24 480 ['eligible_collapse'] {"new_labels_since_update": 256, "evals_since_best": 51, "recent_n": 128, "recent_spearman": 0.5912264237319172, "recent_high_uncertainty_fraction": 0.0, "sigma_ref_p90": 0.15206494033336643, "eligible_pool": 0, "eligible_floor": 120}
ROUND 24 n 480 bestJ 20.99546408313032 best (39, 5, 4, 70) eligible 0 update 1 updates_total 3
Q round25-s17 0 (24, 5, 52, 38) 21.406136889208405 gpu 0
Q round25-s17 1 (24, 5, 52, 62) 23.279249834691008 gpu 1
Q round25-s17 2 (24, 5, 68, 38) 19.76726817515733 gpu 0
Q round25-s17 3 (24, 5, 68, 62) 19.962172977720115 gpu 1
Q round25-s17 4 (64, 5, 52, 38) 21.138847887880864 gpu 0
Q round25-s17 5 (48, 5, 52, 38) 25.331119098331193 gpu 1
Q round25-s17 6 (64, 5, 52, 62) 20.83709634560813 gpu 0
Q round25-s17 7 (24, 21, 52, 38) 20.501004503016187 gpu 1
Q round25-s17 8 (48, 5, 52, 62) 25.532406438184125 gpu 0
Q round25-s17 9 (24, 5, 12, 38) 20.91156405890052 gpu 1
Q round25-s17 10 (64, 5, 68, 38) 23.07771819103732 gpu 0
Q round25-s17 11 (24, 5, 12, 62) 19.96558410130847 gpu 1
Q round25-s17 12 (39, 5, 52, 38) 20.99186639420763 gpu 0
Q round25-s17 13 (48, 5, 68, 38) 23.752416964323185 gpu 1
Q round25-s17 14 (65, 31, 32, 50) 647.4090047899022 gpu 0
Q round25-s17 15 (0, 30, 32, 33) 111.94721005621007 gpu 1
ROUND 25 n 496 bestJ 19.76726817515733 best (24, 5, 68, 38) eligible 3421 update 0 updates_total 3
Q round26-s17 0 (24, 45, 52, 38) 24.352324667677085 gpu 0
Q round26-s17 1 (24, 21, 52, 62) 22.691228295015204 gpu 1
Q round26-s17 2 (24, 45, 52, 62) 25.74415463631837 gpu 0
Q round26-s17 3 (24, 21, 68, 38) 19.74990279711322 gpu 1
Q round26-s17 4 (24, 45, 68, 38) 24.16535726293685 gpu 0
Q round26-s17 5 (64, 5, 68, 62) 20.926254492917806 gpu 1
Q round26-s17 6 (24, 21, 68, 62) 19.38940532079745 gpu 0
Q round26-s17 7 (24, 5, 28, 38) 19.99910974145317 gpu 1
Q round26-s17 8 (63, 5, 52, 38) 21.600943508067143 gpu 0
Q round26-s17 9 (24, 45, 68, 62) 24.213661745796614 gpu 1
Q round26-s17 10 (64, 21, 52, 38) 20.907673274339867 gpu 0
Q round26-s17 11 (8, 5, 52, 38) 21.414497166601794 gpu 1
Q round26-s17 12 (48, 5, 68, 62) 25.233435498230467 gpu 0
Q round26-s17 13 (24, 5, 28, 62) 19.923432142644415 gpu 1
Q round26-s17 14 (3, 70, 71, 9) 53.167863744447935 gpu 0
Q round26-s17 15 (63, 41, 29, 67) 68.85080758609487 gpu 1
ROUND 26 n 512 bestJ 19.38940532079745 best (24, 21, 68, 62) eligible 2152 update 0 updates_total 3
Q round27-s17 0 (64, 45, 52, 38) 17.979264388771494 gpu 0
Q round27-s17 1 (56, 5, 52, 38) 30.615964294066508 gpu 1
Q round27-s17 2 (8, 5, 52, 62) 22.872915235668383 gpu 0
Q round27-s17 3 (64, 5, 12, 38) 22.270908156028508 gpu 1
Q round27-s17 4 (48, 21, 52, 38) 23.778467516239594 gpu 0
Q round27-s17 5 (64, 21, 52, 62) 21.58466746041232 gpu 1
Q round27-s17 6 (56, 21, 52, 38) 31.576274760865687 gpu 0
Q round27-s17 7 (8, 5, 68, 38) 20.82166281296147 gpu 1
Q round27-s17 8 (56, 45, 52, 38) 29.656981733136046 gpu 0
Q round27-s17 9 (39, 21, 52, 38) 20.82359350913807 gpu 1
Q round27-s17 10 (48, 45, 52, 38) 27.34121226308503 gpu 0
Q round27-s17 11 (24, 5, 52, 70) 28.715584368282858 gpu 1
Q round27-s17 12 (64, 45, 52, 62) 19.146324833239955 gpu 0
Q round27-s17 13 (48, 5, 12, 38) 20.731892145022798 gpu 1
Q round27-s17 14 (13, 24, 67, 4) 205.68981252610075 gpu 0
Q round27-s17 15 (29, 67, 24, 34) 429.54500751578666 gpu 1
ROUND 27 n 528 bestJ 17.979264388771494 best (64, 45, 52, 38) eligible 2817 update 0 updates_total 3
Q round28-s17 0 (39, 5, 52, 62) 21.244057209061 gpu 0
Q round28-s17 1 (63, 5, 52, 62) 23.286665935332913 gpu 1
Q round28-s17 2 (71, 5, 52, 38) 42.39599941180156 gpu 0
Q round28-s17 3 (24, 5, 44, 38) 22.56109210802878 gpu 1
Q round28-s17 4 (39, 5, 68, 38) 22.71319602772258 gpu 0
Q round28-s17 5 (31, 5, 52, 38) 43.55715889176043 gpu 1
Q round28-s17 6 (64, 5, 12, 62) 22.83346084618536 gpu 0
Q round28-s17 7 (24, 5, 20, 38) 24.243508600469315 gpu 1
Q round28-s17 8 (63, 5, 68, 38) 21.410188001340323 gpu 0
Q round28-s17 9 (71, 5, 52, 62) 42.93028012408797 gpu 1
Q round28-s17 10 (24, 5, 44, 62) 21.763110764708827 gpu 0
Q round28-s17 11 (55, 5, 52, 38) 45.01632843969169 gpu 1
Q round28-s17 12 (24, 5, 20, 62) 23.458045031265762 gpu 0
Q round28-s17 13 (31, 5, 52, 62) 43.831411587587645 gpu 1
Q round28-s17 14 (60, 43, 12, 8) 176.2362810240298 gpu 0
Q round28-s17 15 (37, 28, 43, 40) 225.69945291382447 gpu 1
ROUND 28 n 544 bestJ 17.979264388771494 best (64, 45, 52, 38) eligible 15 update 0 updates_total 3
Q round29-s17 0 (56, 5, 52, 62) 30.388681725147695 gpu 0
Q round29-s17 1 (64, 21, 68, 38) 22.631208582044554 gpu 1
Q round29-s17 2 (48, 21, 52, 62) 25.442469667053366 gpu 0
Q round29-s17 3 (39, 45, 52, 38) 23.21871322865509 gpu 1
Q round29-s17 4 (24, 21, 12, 38) 21.275881319690086 gpu 0
Q round29-s17 5 (56, 21, 52, 62) 29.996683539805872 gpu 1
Q round29-s17 6 (8, 5, 68, 62) 20.553289945729148 gpu 0
Q round29-s17 7 (63, 21, 52, 38) 20.258495851204408 gpu 1
Q round29-s17 8 (56, 45, 52, 62) 27.3801070272698 gpu 0
Q round29-s17 9 (64, 45, 68, 38) 21.024373270261915 gpu 1
Q round29-s17 10 (48, 45, 52, 62) 28.64779255032179 gpu 0
Q round29-s17 11 (32, 5, 52, 38) 34.51865434251969 gpu 1
Q round29-s17 12 (24, 45, 12, 38) 19.830142503961575 gpu 0
Q round29-s17 13 (24, 21, 12, 62) 21.09971749855203 gpu 1
Q round29-s17 14 (56, 38, 25, 36) 64.74212083835103 gpu 0
Q round29-s17 15 (61, 21, 19, 22) 70.00052235973415 gpu 1
ROUND 29 n 560 bestJ 17.979264388771494 best (64, 45, 52, 38) eligible 0 update 0 updates_total 3
Q round30-s17 0 (39, 5, 52, 25) 23.310496341112263 gpu 0
Q round30-s17 1 (24, 5, 52, 54) 29.536655822517304 gpu 1
Q round30-s17 2 (63, 45, 52, 38) 24.75286180137261 gpu 0
Q round30-s17 3 (48, 21, 68, 38) 24.37995212331442 gpu 1
Q round30-s17 4 (48, 5, 12, 62) 21.55649248898871 gpu 0
Q round30-s17 5 (32, 21, 52, 38) 34.16006674826713 gpu 1
Q round30-s17 6 (64, 21, 68, 62) 21.87324706441387 gpu 0
Q round30-s17 7 (39, 21, 52, 62) 21.380935927814782 gpu 1
Q round30-s17 8 (24, 45, 12, 62) 22.85416124457234 gpu 0
Q round30-s17 9 (64, 5, 52, 70) 26.936280892601054 gpu 1
Q round30-s17 10 (24, 21, 28, 38) 20.355355713778504 gpu 0
Q round30-s17 11 (32, 45, 52, 38) 31.873205635896827 gpu 1
Q round30-s17 12 (63, 5, 52, 25) 22.724185135402646 gpu 0
Q round30-s17 13 (64, 5, 28, 38) 22.866128898985068 gpu 1
Q round30-s17 14 (17, 71, 62, 69) 169.51941049478953 gpu 0
Q round30-s17 15 (17, 50, 19, 49) 86.52088034362377 gpu 1
ROUND 30 n 576 bestJ 17.979264388771494 best (64, 45, 52, 38) eligible 0 update 0 updates_total 3
Q round31-s17 0 (24, 5, 36, 38) 28.022045758890304 gpu 0
Q round31-s17 1 (48, 45, 68, 38) 26.03131522891922 gpu 1
Q round31-s17 2 (39, 5, 68, 62) 21.889714625729006 gpu 0
Q round31-s17 3 (64, 45, 68, 62) 19.259181385023386 gpu 1
Q round31-s17 4 (39, 45, 52, 62) 23.875841849602345 gpu 0
Q round31-s17 5 (24, 5, 68, 70) 27.960265725806902 gpu 1
Q round31-s17 6 (24, 21, 44, 38) 24.30523213577511 gpu 0
Q round31-s17 7 (24, 45, 28, 38) 24.912782249843755 gpu 1
Q round31-s17 8 (32, 5, 52, 62) 33.139911898365185 gpu 0
Q round31-s17 9 (24, 5, 36, 62) 28.49790813273344 gpu 1
Q round31-s17 10 (56, 5, 68, 38) 32.927665421818666 gpu 0
Q round31-s17 11 (71, 5, 68, 38) 41.90100420079098 gpu 1
Q round31-s17 12 (63, 21, 52, 62) 22.197626135760828 gpu 0
Q round31-s17 13 (24, 5, 52, 14) 30.74789723426195 gpu 1
Q round31-s17 14 (66, 38, 19, 44) 108.23776252772048 gpu 0
Q round31-s17 15 (50, 11, 23, 43) 146.48574655004373 gpu 1
ROUND 31 n 592 bestJ 17.979264388771494 best (64, 45, 52, 38) eligible 0 update 0 updates_total 3
Q round32-s17 0 (39, 5, 52, 65) 23.493109033962675 gpu 0
Q round32-s17 1 (32, 21, 52, 62) 33.54879029918247 gpu 1
Q round32-s17 2 (56, 21, 68, 38) 32.49094570668212 gpu 0
Q round32-s17 3 (48, 21, 68, 62) 25.06358816031036 gpu 1
Q round32-s17 4 (24, 21, 28, 62) 20.198098148102424 gpu 0
Q round32-s17 5 (39, 5, 12, 38) 22.94776107669793 gpu 1
Q round32-s17 6 (24, 45, 44, 38) 21.141278083746965 gpu 0
Q round32-s17 7 (24, 21, 20, 38) 23.952427265578798 gpu 1
Q round32-s17 8 (48, 5, 52, 70) 30.665541152693752 gpu 0
Q round32-s17 9 (63, 5, 68, 62) 21.102893382418262 gpu 1
Q round32-s17 10 (48, 5, 28, 38) 23.26631208484775 gpu 0
Q round32-s17 11 (32, 45, 52, 62) 31.070897676475415 gpu 1
Q round32-s17 12 (64, 5, 36, 38) 24.801452320456974 gpu 0
Q round32-s17 13 (56, 45, 68, 38) 30.334716971458448 gpu 1
Q round32-s17 14 (33, 27, 49, 8) 52.61285115981011 gpu 0
Q round32-s17 15 (51, 69, 1, 12) 327.9649835131196 gpu 1
ROUND 32 n 608 bestJ 17.979264388771494 best (64, 45, 52, 38) eligible 0 update 0 updates_total 3
Q round33-s17 0 (39, 21, 68, 38) 22.344480557762314 gpu 0
Q round33-s17 1 (55, 5, 52, 62) 45.8764011131994 gpu 1
Q round33-s17 2 (39, 5, 52, 49) 22.474088714685198 gpu 0
Q round33-s17 3 (63, 45, 52, 62) 26.08048585391461 gpu 1
Q round33-s17 4 (31, 5, 68, 38) 43.19962661303295 gpu 0
Q round33-s17 5 (48, 45, 68, 62) 28.44934865928737 gpu 1
Q round33-s17 6 (24, 45, 28, 62) 24.184624522016776 gpu 0
Q round33-s17 7 (63, 5, 52, 65) 22.83753263373156 gpu 1
Q round33-s17 8 (39, 5, 36, 38) 27.369965823429055 gpu 0
Q round33-s17 9 (39, 5, 60, 38) 26.402579159596584 gpu 1
Q round33-s17 10 (24, 45, 20, 38) 22.200274394665346 gpu 0
Q round33-s17 11 (24, 5, 60, 38) 28.277693155455527 gpu 1
Q round33-s17 12 (64, 5, 28, 62) 21.61113573950921 gpu 0
Q round33-s17 13 (24, 21, 44, 62) 21.981150392661302 gpu 1
Q round33-s17 14 (61, 28, 6, 42) 86.77249407147666 gpu 0
Q round33-s17 15 (32, 2, 45, 69) 208.78002641132088 gpu 1
ROUND 33 n 624 bestJ 17.979264388771494 best (64, 45, 52, 38) eligible 0 update 0 updates_total 3
Q round34-s17 0 (63, 5, 12, 38) 22.826702002740298 gpu 0
Q round34-s17 1 (64, 21, 12, 38) 23.26245889226403 gpu 1
Q round34-s17 2 (24, 5, 60, 62) 27.56818455637027 gpu 0
Q round34-s17 3 (39, 5, 52, 70) 28.681070218923082 gpu 1
Q round34-s17 4 (39, 45, 68, 38) 20.070026442315708 gpu 0
Q round34-s17 5 (39, 5, 68, 25) 24.43791672425751 gpu 1
Q round34-s17 6 (24, 5, 68, 54) 29.27172144025474 gpu 0
Q round34-s17 7 (64, 5, 60, 38) 24.730374510103452 gpu 1
Q round34-s17 8 (56, 5, 68, 62) 31.78200978486571 gpu 0
Q round34-s17 9 (63, 5, 52, 49) 22.70748904169706 gpu 1
Q round34-s17 10 (64, 5, 36, 62) 26.271253519984423 gpu 0
Q round34-s17 11 (56, 21, 68, 62) 31.089942504911196 gpu 1
Q round34-s17 12 (63, 21, 68, 38) 21.70060904576181 gpu 0
Q round34-s17 13 (8, 21, 52, 38) 21.2334024468677 gpu 1
Q round34-s17 14 (42, 17, 14, 27) 245.61710984775638 gpu 0
Q round34-s17 15 (20, 30, 67, 44) 318.658948574863 gpu 1
ROUND 34 n 640 bestJ 17.979264388771494 best (64, 45, 52, 38) eligible 0 update 0 updates_total 3
Q round35-s17 0 (64, 5, 52, 65) 24.72353587355228 gpu 0
Q round35-s17 1 (24, 45, 44, 62) 18.605614501106558 gpu 1
Q round35-s17 2 (24, 21, 20, 62) 22.916832715875785 gpu 0
Q round35-s17 3 (8, 5, 12, 38) 21.803999549828795 gpu 1
Q round35-s17 4 (71, 5, 68, 62) 41.84449993261157 gpu 0
Q round35-s17 5 (64, 5, 52, 54) 27.90620550203821 gpu 1
Q round35-s17 6 (63, 5, 60, 38) 27.77187164010017 gpu 0
Q round35-s17 7 (64, 5, 52, 49) 22.3245000338788 gpu 1
Q round35-s17 8 (63, 5, 36, 38) 28.527512146070038 gpu 0
Q round35-s17 9 (48, 5, 36, 38) 30.43978108330792 gpu 1
Q round35-s17 10 (56, 45, 68, 62) 29.72473265919632 gpu 0
Q round35-s17 11 (64, 45, 12, 38) 21.97586904761355 gpu 1
Q round35-s17 12 (63, 5, 68, 25) 23.691718311706722 gpu 0
Q round35-s17 13 (71, 21, 52, 38) 42.188125772282675 gpu 1
Q round35-s17 14 (53, 32, 71, 13) 48.31959487450111 gpu 0
Q round35-s17 15 (20, 67, 12, 26) 99.83409421362796 gpu 1
ROUND 35 n 656 bestJ 17.979264388771494 best (64, 45, 52, 38) eligible 0 update 0 updates_total 3
Q round36-s17 0 (55, 5, 68, 38) 44.57730862783348 gpu 0
Q round36-s17 1 (24, 5, 52, 30) 29.040976429590756 gpu 1
Q round36-s17 2 (63, 5, 52, 70) 29.457319641349446 gpu 0
Q round36-s17 3 (48, 5, 28, 62) 25.303427220872237 gpu 1
Q round36-s17 4 (64, 5, 60, 62) 24.851467797261737 gpu 0
Q round36-s17 5 (39, 5, 12, 62) 21.703132016913333 gpu 1
Q round36-s17 6 (32, 5, 68, 38) 35.83253957086271 gpu 0
Q round36-s17 7 (15, 5, 52, 38) 41.03148904355992 gpu 1
Q round36-s17 8 (24, 45, 20, 62) 20.589128234340635 gpu 0
Q round36-s17 9 (8, 45, 52, 38) 23.71864662895032 gpu 1
Q round36-s17 10 (63, 45, 68, 38) 24.481835397994836 gpu 0
Q round36-s17 11 (8, 21, 52, 62) 22.208741519318792 gpu 1
Q round36-s17 12 (24, 5, 52, 49) 19.09100854029346 gpu 0
Q round36-s17 13 (24, 5, 52, 65) 24.485071374529007 gpu 1
Q round36-s17 14 (12, 70, 20, 31) 40.02271324839244 gpu 0
Q round36-s17 15 (38, 23, 52, 43) 73.9608453086903 gpu 1
ROUND 36 n 672 bestJ 17.979264388771494 best (64, 45, 52, 38) eligible 0 update 0 updates_total 3
Q round37-s17 0 (39, 5, 60, 62) 27.872343287221877 gpu 0
Q round37-s17 1 (48, 21, 12, 38) 19.63460319190108 gpu 1
Q round37-s17 2 (31, 5, 68, 62) 43.71881798588234 gpu 0
Q round37-s17 3 (32, 21, 68, 38) 35.701949269885965 gpu 1
Q round37-s17 4 (8, 21, 68, 38) 21.144434310222497 gpu 0
Q round37-s17 5 (64, 5, 68, 70) 24.840354296002026 gpu 1
Q round37-s17 6 (64, 21, 12, 62) 23.044264185460538 gpu 0
Q round37-s17 7 (39, 5, 36, 62) 27.690558994645983 gpu 1
Q round37-s17 8 (39, 21, 68, 62) 21.140101966758547 gpu 0
Q round37-s17 9 (8, 5, 12, 62) 20.646623147028244 gpu 1
Q round37-s17 10 (71, 45, 52, 38) 45.28163997935711 gpu 0
Q round37-s17 11 (48, 5, 60, 38) 28.971354329606143 gpu 1
Q round37-s17 12 (24, 5, 68, 14) 28.91334559897364 gpu 0
Q round37-s17 13 (48, 5, 36, 62) 30.110270520989605 gpu 1
Q round37-s17 14 (7, 7, 36, 35) 115.69150419660428 gpu 0
Q round37-s17 15 (59, 53, 65, 54) 49.22748441611035 gpu 1
ROUND 37 n 688 bestJ 17.979264388771494 best (64, 45, 52, 38) eligible 0 update 0 updates_total 3
Q round38-s17 0 (48, 5, 52, 65) 21.441920133853127 gpu 0
Q round38-s17 1 (32, 45, 68, 38) 34.04238595848406 gpu 1
Q round38-s17 2 (8, 45, 52, 62) 25.830063122358606 gpu 0
Q round38-s17 3 (48, 5, 52, 54) 31.13840910560176 gpu 1
Q round38-s17 4 (48, 5, 52, 49) 24.526347595685397 gpu 0
Q round38-s17 5 (48, 45, 12, 38) 25.220258405008124 gpu 1
Q round38-s17 6 (63, 5, 12, 62) 21.213189192525245 gpu 0
Q round38-s17 7 (8, 45, 68, 38) 25.02316058157338 gpu 1
Q round38-s17 8 (64, 45, 12, 62) 21.54549543426341 gpu 0
Q round38-s17 9 (71, 5, 12, 38) 39.84356125515638 gpu 1
Q round38-s17 10 (8, 21, 68, 62) 20.04285686515214 gpu 0
Q round38-s17 11 (56, 13, 52, 38) 25.684783036051858 gpu 1
Q round38-s17 12 (39, 45, 68, 62) 22.199896890713678 gpu 0
Q round38-s17 13 (8, 5, 28, 38) 20.445614555860228 gpu 1
Q round38-s17 14 (27, 26, 17, 15) 53.1626859339815 gpu 0
Q round38-s17 15 (54, 31, 22, 43) 114.92618670595212 gpu 1
ROUND 38 n 704 bestJ 17.979264388771494 best (64, 45, 52, 38) eligible 0 update 0 updates_total 3
Q round39-s17 0 (63, 5, 60, 62) 28.91641056153984 gpu 0
Q round39-s17 1 (39, 21, 12, 38) 22.97692761039136 gpu 1
Q round39-s17 2 (56, 5, 12, 38) 32.98597908640293 gpu 0
Q round39-s17 3 (63, 5, 36, 62) 28.076689528716418 gpu 1
Q round39-s17 4 (64, 5, 44, 38) 24.9178376294001 gpu 0
Q round39-s17 5 (48, 5, 60, 62) 30.05381734772975 gpu 1
Q round39-s17 6 (63, 21, 68, 62) 20.91322531991718 gpu 0
Q round39-s17 7 (39, 5, 68, 65) 24.60025684437782 gpu 1
Q round39-s17 8 (56, 21, 12, 38) 32.464809119308036 gpu 0
Q round39-s17 9 (48, 5, 68, 70) 30.351789487233994 gpu 1
Q round39-s17 10 (71, 21, 52, 62) 42.44594001274989 gpu 0
Q round39-s17 11 (48, 21, 12, 62) 21.090232622162073 gpu 1
Q round39-s17 12 (32, 21, 68, 62) 33.47305121500408 gpu 0
Q round39-s17 13 (31, 21, 52, 38) 43.23290028010501 gpu 1
Q round39-s17 14 (15, 5, 0, 57) 75.66747057660714 gpu 0
Q round39-s17 15 (35, 18, 45, 66) 187.6115816126502 gpu 1
ROUND 39 n 720 bestJ 17.979264388771494 best (64, 45, 52, 38) eligible 0 update 0 updates_total 3
Q round40-s17 0 (32, 5, 68, 62) 34.527463279926 gpu 0
Q round40-s17 1 (64, 5, 52, 30) 27.56705344291839 gpu 1
Q round40-s17 2 (8, 45, 68, 62) 25.3662904050143 gpu 0
Q round40-s17 3 (64, 21, 28, 38) 22.235193930239447 gpu 1
Q round40-s17 4 (24, 5, 68, 65) 24.8034227975341 gpu 0
Q round40-s17 5 (55, 5, 68, 62) 45.03806061716025 gpu 1
Q round40-s17 6 (24, 5, 68, 49) 23.544172144337974 gpu 0
Q round40-s17 7 (56, 45, 12, 38) 31.32871053003799 gpu 1
Q round40-s17 8 (39, 45, 12, 38) 21.34515193767502 gpu 0
Q round40-s17 9 (64, 5, 68, 65) 24.96116121315932 gpu 1
Q round40-s17 10 (31, 5, 12, 38) 40.68787618579394 gpu 0
Q round40-s17 11 (32, 45, 68, 62) 31.38764441370647 gpu 1
Q round40-s17 12 (39, 5, 68, 49) 23.390196993480174 gpu 0
Q round40-s17 13 (56, 13, 52, 62) 25.46253473146403 gpu 1
Q round40-s17 14 (67, 20, 21, 41) 323.06527836709563 gpu 0
Q round40-s17 15 (58, 63, 30, 61) 47.89034014912376 gpu 1
TRIGGER_UPDATE 40 736 ['eligible_collapse'] {"new_labels_since_update": 256, "evals_since_best": 223, "recent_n": 128, "recent_spearman": 0.3256157297198315, "recent_high_uncertainty_fraction": 0.046875, "sigma_ref_p90": 0.08454749882221231, "eligible_pool": 0, "eligible_floor": 120}
ROUND 40 n 736 bestJ 17.979264388771494 best (64, 45, 52, 38) eligible 0 update 1 updates_total 4
Q round41-s17 0 (8, 21, 12, 38) 21.644462899765156 gpu 0
Q round41-s17 1 (8, 45, 12, 38) 20.178044129832948 gpu 1
Q round41-s17 2 (8, 13, 52, 62) 32.28770105437355 gpu 0
Q round41-s17 3 (8, 5, 28, 62) 21.315639781326254 gpu 1
Q round41-s17 4 (8, 21, 12, 62) 20.29363076900133 gpu 0
Q round41-s17 5 (8, 45, 12, 62) 22.197285677237183 gpu 1
Q round41-s17 6 (8, 21, 28, 38) 20.249665507457035 gpu 0
Q round41-s17 7 (8, 45, 28, 38) 24.340522352073087 gpu 1
Q round41-s17 8 (8, 5, 36, 38) 28.27917960488298 gpu 0
Q round41-s17 9 (8, 5, 44, 38) 25.157166305589932 gpu 1
Q round41-s17 10 (8, 5, 60, 38) 27.17578011580729 gpu 0
Q round41-s17 11 (8, 5, 36, 62) 28.04437143278 gpu 1
Q round41-s17 12 (8, 5, 20, 38) 27.33334207272202 gpu 0
Q round41-s17 13 (8, 5, 60, 62) 26.887593870119517 gpu 1
Q round41-s17 14 (54, 17, 5, 34) 203.44410932655137 gpu 0
Q round41-s17 15 (43, 61, 16, 69) 1244.43965986285 gpu 1
ROUND 41 n 752 bestJ 17.979264388771494 best (64, 45, 52, 38) eligible 47 update 0 updates_total 4
Q round42-s17 0 (8, 5, 52, 54) 28.830660389950424 gpu 0
Q round42-s17 1 (8, 21, 52, 70) 28.2992416997021 gpu 1
Q round42-s17 2 (8, 45, 52, 70) 29.22620138792333 gpu 0
Q round42-s17 3 (8, 5, 52, 25) 24.272642078031957 gpu 1
Q round42-s17 4 (8, 21, 44, 38) 24.717685785096723 gpu 0
Q round42-s17 5 (8, 45, 44, 38) 21.548446288580084 gpu 1
Q round42-s17 6 (8, 21, 20, 38) 26.749804042721777 gpu 0
Q round42-s17 7 (24, 21, 52, 39) 21.585002607009475 gpu 1
Q round42-s17 8 (8, 45, 20, 38) 23.637518424101177 gpu 0
Q round42-s17 9 (8, 5, 68, 65) 26.132125936345954 gpu 1
Q round42-s17 10 (24, 45, 52, 39) 26.53722714678235 gpu 0
Q round42-s17 11 (8, 5, 68, 70) 27.327498076441948 gpu 1
Q round42-s17 12 (8, 5, 52, 14) 29.905857011385343 gpu 0
Q round42-s17 13 (8, 21, 44, 62) 22.985723493392342 gpu 1
Q round42-s17 14 (13, 25, 20, 58) 263.3132076651485 gpu 0
Q round42-s17 15 (13, 35, 44, 24) 206.56346711041442 gpu 1
ROUND 42 n 768 bestJ 17.979264388771494 best (64, 45, 52, 38) eligible 33 update 0 updates_total 4
Q round43-s17 0 (8, 5, 52, 39) 22.06838650896407 gpu 0
Q round43-s17 1 (8, 21, 52, 14) 29.09288669557371 gpu 1
Q round43-s17 2 (8, 45, 52, 14) 30.8428614900134 gpu 0
Q round43-s17 3 (8, 21, 52, 39) 21.41563526697474 gpu 1
Q round43-s17 4 (8, 45, 52, 39) 24.668709826916054 gpu 0
Q round43-s17 5 (8, 5, 52, 63) 21.94339343583864 gpu 1
Q round43-s17 6 (8, 21, 52, 63) 22.899594149710314 gpu 0
Q round43-s17 7 (8, 5, 28, 39) 21.60363966771203 gpu 1
Q round43-s17 8 (8, 45, 52, 63) 24.343962392893655 gpu 0
Q round43-s17 9 (8, 5, 12, 39) 19.150530491656514 gpu 1
Q round43-s17 10 (8, 21, 68, 14) 27.866548719131494 gpu 0
Q round43-s17 11 (8, 5, 68, 39) 20.828311524066972 gpu 1
Q round43-s17 12 (8, 21, 28, 39) 20.74952385862604 gpu 0
Q round43-s17 13 (8, 21, 68, 39) 20.1608142188772 gpu 1
Q round43-s17 14 (41, 30, 51, 65) 117.20420954916031 gpu 0
Q round43-s17 15 (3, 42, 45, 56) 79.1340429968687 gpu 1
ROUND 43 n 784 bestJ 17.979264388771494 best (64, 45, 52, 38) eligible 203 update 0 updates_total 4
Q round44-s17 0 (8, 13, 52, 38) 31.256598537249083 gpu 0
Q round44-s17 1 (8, 13, 68, 38) 31.10740612350366 gpu 1
Q round44-s17 2 (8, 69, 52, 38) 29.568738266222276 gpu 0
Q round44-s17 3 (8, 5, 52, 70) 28.24440358042186 gpu 1
Q round44-s17 4 (8, 5, 52, 65) 25.229048048242372 gpu 0
Q round44-s17 5 (8, 29, 52, 38) 27.11252558249549 gpu 1
Q round44-s17 6 (8, 21, 28, 62) 20.86982706379998 gpu 0
Q round44-s17 7 (8, 45, 28, 62) 24.699420147105894 gpu 1
Q round44-s17 8 (8, 21, 36, 38) 27.711152633779623 gpu 0
Q round44-s17 9 (8, 13, 68, 62) 31.908593226936258 gpu 1
Q round44-s17 10 (8, 5, 44, 62) 22.915136690926104 gpu 0
Q round44-s17 11 (8, 5, 52, 49) 20.859164021662345 gpu 1
Q round44-s17 12 (8, 45, 36, 38) 29.815660160330943 gpu 0
Q round44-s17 13 (8, 69, 52, 62) 30.29369602934153 gpu 1
Q round44-s17 14 (5, 41, 53, 61) 116.92148757288622 gpu 0
Q round44-s17 15 (53, 48, 32, 41) 61.001957185035835 gpu 1
ROUND 44 n 800 bestJ 17.979264388771494 best (64, 45, 52, 38) eligible 3 update 0 updates_total 4
Q round45-s17 0 (8, 69, 60, 39) 32.01138526665592 gpu 0
Q round45-s17 1 (8, 45, 12, 55) 32.569515502062316 gpu 1
Q round45-s17 2 (48, 21, 20, 30) 25.708475287551348 gpu 0
Q round45-s17 3 (8, 5, 44, 71) 26.14534369930436 gpu 1
Q round45-s17 4 (48, 21, 20, 54) 26.32999377699817 gpu 0
Q round45-s17 5 (8, 5, 12, 55) 30.471492678207067 gpu 1
Q round45-s17 6 (8, 61, 68, 63) 45.18056928567198 gpu 0
Q round45-s17 7 (8, 29, 60, 39) 32.45041726093844 gpu 1
Q round45-s17 8 (24, 29, 44, 14) 29.252468606955183 gpu 0
Q round45-s17 9 (48, 21, 4, 62) 20.76998394400751 gpu 1
Q round45-s17 10 (48, 45, 4, 62) 22.608910311788275 gpu 0
Q round45-s17 11 (39, 5, 28, 38) 22.110289197398025 gpu 1
Q round45-s17 12 (8, 21, 20, 48) 24.190605919054622 gpu 0
Q round45-s17 13 (8, 21, 20, 55) 27.151137782063298 gpu 1
Q round45-s17 14 (16, 27, 50, 64) 835.5704599647266 gpu 0
Q round45-s17 15 (70, 48, 23, 21) 223.11109447517825 gpu 1
ROUND 45 n 816 bestJ 17.979264388771494 best (64, 45, 52, 38) eligible 349 update 0 updates_total 4
Q round46-s17 0 (24, 13, 28, 63) 30.167395151252414 gpu 0
Q round46-s17 1 (64, 5, 68, 49) 23.709533542365538 gpu 1
Q round46-s17 2 (8, 13, 12, 14) 31.82460143629694 gpu 0
Q round46-s17 3 (24, 69, 68, 39) 27.36186193619679 gpu 1
Q round46-s17 4 (24, 21, 4, 62) 23.822828099397753 gpu 0
Q round46-s17 5 (24, 45, 4, 62) 20.342209117495997 gpu 1
Q round46-s17 6 (24, 29, 68, 39) 26.940463695384842 gpu 0
Q round46-s17 7 (48, 45, 12, 62) 26.02045678839356 gpu 1
Q round46-s17 8 (24, 5, 4, 33) 38.530590302169756 gpu 0
Q round46-s17 9 (64, 5, 12, 65) 25.746100632070622 gpu 1
Q round46-s17 10 (24, 13, 68, 70) 32.0734726112449 gpu 0
Q round46-s17 11 (64, 21, 52, 70) 26.459554964815847 gpu 1
Q round46-s17 12 (64, 45, 52, 70) 28.823284065227078 gpu 0
Q round46-s17 13 (64, 5, 12, 49) 22.93490450020193 gpu 1
Q round46-s17 14 (38, 36, 55, 35) 44.66967118881838 gpu 0
Q round46-s17 15 (20, 8, 7, 18) 51.83369850650656 gpu 1
ROUND 46 n 832 bestJ 17.979264388771494 best (64, 45, 52, 38) eligible 118 update 0 updates_total 4
Q round47-s17 0 (8, 45, 68, 54) 29.618893258577966 gpu 0
Q round47-s17 1 (24, 13, 68, 62) 31.650124245333963 gpu 1
Q round47-s17 2 (8, 5, 28, 54) 28.07945981483047 gpu 0
Q round47-s17 3 (8, 45, 68, 14) 29.501621739630608 gpu 1
Q round47-s17 4 (24, 21, 52, 70) 28.71549739553217 gpu 0
Q round47-s17 5 (24, 45, 52, 70) 30.362804893065597 gpu 1
Q round47-s17 6 (24, 13, 52, 39) 30.855774459813507 gpu 0
Q round47-s17 7 (8, 5, 28, 63) 21.491572924975213 gpu 1
Q round47-s17 8 (8, 45, 28, 39) 24.028730669663428 gpu 0
Q round47-s17 9 (24, 5, 52, 25) 23.72688122071252 gpu 1
Q round47-s17 10 (8, 45, 68, 39) 24.150315206017112 gpu 0
Q round47-s17 11 (8, 21, 12, 39) 19.927723012656394 gpu 1
Q round47-s17 12 (8, 5, 12, 63) 19.53575287711718 gpu 0
Q round47-s17 13 (8, 45, 12, 39) 22.617283500126444 gpu 1
Q round47-s17 14 (19, 17, 36, 44) 849.1018985114798 gpu 0
Q round47-s17 15 (55, 21, 58, 2) 147.37404558697915 gpu 1
ROUND 47 n 848 bestJ 17.979264388771494 best (64, 45, 52, 38) eligible 102 update 0 updates_total 4
Q round48-s17 0 (8, 5, 68, 63) 21.590216852291494 gpu 0
Q round48-s17 1 (8, 21, 68, 63) 20.754803035260277 gpu 1
Q round48-s17 2 (8, 21, 28, 63) 21.140076012646755 gpu 0
Q round48-s17 3 (8, 45, 28, 63) 24.25089906858642 gpu 1
Q round48-s17 4 (8, 45, 68, 63) 24.301071869306135 gpu 0
Q round48-s17 5 (8, 21, 12, 63) 19.99235214512958 gpu 1
Q round48-s17 6 (8, 45, 12, 63) 22.745059647315852 gpu 0
Q round48-s17 7 (24, 21, 52, 14) 29.412753982544732 gpu 1
Q round48-s17 8 (24, 45, 52, 14) 31.074748214002824 gpu 0
Q round48-s17 9 (8, 13, 52, 39) 29.70752730174683 gpu 1
Q round48-s17 10 (8, 5, 44, 39) 21.978793354036295 gpu 0
Q round48-s17 11 (8, 21, 20, 39) 24.76521317015657 gpu 1
Q round48-s17 12 (8, 45, 20, 39) 20.40286684959264 gpu 0
Q round48-s17 13 (8, 21, 44, 39) 21.889953840710394 gpu 1
Q round48-s17 14 (45, 12, 34, 29) 112.01146858770497 gpu 0
Q round48-s17 15 (50, 2, 18, 6) 106.79376896268116 gpu 1
ROUND 48 n 864 bestJ 17.979264388771494 best (64, 45, 52, 38) eligible 37 update 0 updates_total 4
Q round49-s17 0 (8, 45, 44, 39) 20.009781835632545 gpu 0
Q round49-s17 1 (8, 13, 52, 63) 30.26090904514082 gpu 1
Q round49-s17 2 (8, 21, 20, 63) 24.03933914942348 gpu 0
Q round49-s17 3 (8, 13, 68, 39) 28.72734378122264 gpu 1
Q round49-s17 4 (8, 45, 20, 63) 20.79859289560033 gpu 0
Q round49-s17 5 (8, 21, 44, 63) 21.165519430861664 gpu 1
Q round49-s17 6 (8, 45, 44, 63) 20.837169882330876 gpu 0
Q round49-s17 7 (8, 53, 52, 39) 28.363479099211524 gpu 1
Q round49-s17 8 (8, 13, 12, 39) 27.029299309655766 gpu 0
Q round49-s17 9 (8, 13, 28, 39) 28.158604250564416 gpu 1
Q round49-s17 10 (8, 21, 36, 39) 28.289962947843033 gpu 0
Q round49-s17 11 (8, 29, 52, 39) 26.232160574321984 gpu 1
Q round49-s17 12 (8, 45, 36, 39) 31.21382289141483 gpu 0
Q round49-s17 13 (8, 69, 52, 39) 27.70531157880874 gpu 1
Q round49-s17 14 (20, 40, 12, 52) 528.8357554077776 gpu 0
Q round49-s17 15 (58, 70, 57, 48) 61.798595676321575 gpu 1
ROUND 49 n 880 bestJ 17.979264388771494 best (64, 45, 52, 38) eligible 24 update 0 updates_total 4
Q round50-s17 0 (24, 21, 52, 65) 24.324018126373822 gpu 0
Q round50-s17 1 (8, 5, 28, 30) 28.599885633038568 gpu 1
Q round50-s17 2 (8, 21, 44, 70) 22.83241933757983 gpu 0
Q round50-s17 3 (24, 45, 52, 65) 20.945005760560015 gpu 1
Q round50-s17 4 (8, 45, 44, 70) 25.9546844102342 gpu 0
Q round50-s17 5 (8, 5, 60, 14) 31.17240301240347 gpu 1
Q round50-s17 6 (8, 21, 20, 70) 20.78383576428273 gpu 0
Q round50-s17 7 (8, 5, 36, 14) 32.638959807314066 gpu 1
Q round50-s17 8 (8, 45, 20, 70) 24.600298628682943 gpu 0
Q round50-s17 9 (24, 13, 28, 38) 30.438983487954342 gpu 1
Q round50-s17 10 (8, 21, 28, 54) 28.244644258025296 gpu 0
Q round50-s17 11 (24, 21, 52, 49) 17.544033723717053 gpu 1
Q round50-s17 12 (24, 45, 52, 49) 26.447810036806832 gpu 0
Q round50-s17 13 (8, 45, 28, 54) 30.00425937834853 gpu 1
Q round50-s17 14 (45, 21, 64, 26) 142.20778675176297 gpu 0
Q round50-s17 15 (42, 47, 65, 61) 36.03770719102302 gpu 1
ROUND 50 n 896 bestJ 17.544033723717053 best (24, 21, 52, 49) eligible 34 update 0 updates_total 4
Q round51-s17 0 (8, 53, 52, 38) 29.28739009795015 gpu 0
Q round51-s17 1 (24, 5, 52, 39) 22.21522618360045 gpu 1
Q round51-s17 2 (8, 5, 20, 62) 25.27745671428693 gpu 0
Q round51-s17 3 (8, 21, 60, 38) 26.52660792666384 gpu 1
Q round51-s17 4 (8, 21, 36, 62) 28.0547679015968 gpu 0
Q round51-s17 5 (8, 29, 52, 62) 28.418197527446722 gpu 1
Q round51-s17 6 (8, 45, 60, 38) 28.58374633843762 gpu 0
Q round51-s17 7 (8, 45, 36, 62) 30.1883994951379 gpu 1
Q round51-s17 8 (8, 21, 60, 62) 26.475749137730823 gpu 0
Q round51-s17 9 (8, 45, 60, 62) 29.43726072107678 gpu 1
Q round51-s17 10 (8, 21, 52, 65) 24.51689038308968 gpu 0
Q round51-s17 11 (8, 53, 52, 62) 30.348991063027764 gpu 1
Q round51-s17 12 (8, 45, 52, 65) 22.679757531602647 gpu 0
Q round51-s17 13 (8, 13, 12, 38) 27.296847793204115 gpu 1
Q round51-s17 14 (21, 33, 70, 64) 63.63861353405438 gpu 0
Q round51-s17 15 (62, 39, 2, 42) 390.285309423585 gpu 1
ROUND 51 n 912 bestJ 17.544033723717053 best (24, 21, 52, 49) eligible 0 update 0 updates_total 4
Q round52-s17 0 (24, 5, 52, 63) 23.25966323617426 gpu 0
Q round52-s17 1 (8, 69, 68, 38) 28.15703903246753 gpu 1
Q round52-s17 2 (8, 21, 52, 49) 19.265738181958117 gpu 0
Q round52-s17 3 (8, 45, 52, 49) 26.10753895209525 gpu 1
Q round52-s17 4 (8, 29, 68, 38) 26.684137809540772 gpu 0
Q round52-s17 5 (8, 13, 12, 62) 28.211971575801613 gpu 1
Q round52-s17 6 (24, 13, 52, 38) 31.40167550932572 gpu 0
Q round52-s17 7 (8, 5, 68, 49) 22.707913708948787 gpu 1
Q round52-s17 8 (8, 45, 44, 62) 20.075807149474645 gpu 0
Q round52-s17 9 (8, 69, 68, 62) 30.078324706584805 gpu 1
Q round52-s17 10 (8, 5, 20, 25) 30.17182297234684 gpu 0
Q round52-s17 11 (8, 21, 20, 62) 25.75793814696118 gpu 1
Q round52-s17 12 (8, 5, 44, 25) 27.637404761521395 gpu 0
Q round52-s17 13 (8, 53, 68, 38) 29.18918574917509 gpu 1
Q round52-s17 14 (16, 8, 16, 12) 116.72463067941322 gpu 0
Q round52-s17 15 (64, 8, 35, 17) 143.12468956638435 gpu 1
ROUND 52 n 928 bestJ 17.544033723717053 best (24, 21, 52, 49) eligible 0 update 0 updates_total 4
Q round53-s17 0 (8, 13, 28, 38) 30.002566155408484 gpu 0
Q round53-s17 1 (8, 5, 52, 30) 27.857351550747094 gpu 1
Q round53-s17 2 (8, 45, 20, 62) 22.809936413266616 gpu 0
Q round53-s17 3 (8, 21, 52, 54) 27.82276047400615 gpu 1
Q round53-s17 4 (8, 45, 52, 54) 30.68221897807974 gpu 0
Q round53-s17 5 (24, 21, 52, 63) 23.178481016052984 gpu 1
Q round53-s17 6 (8, 29, 68, 62) 27.54313882131651 gpu 0
Q round53-s17 7 (24, 45, 52, 63) 26.928455852149035 gpu 1
Q round53-s17 8 (24, 13, 52, 62) 32.05266671709797 gpu 0
Q round53-s17 9 (8, 5, 68, 25) 25.80502118491588 gpu 1
Q round53-s17 10 (8, 21, 68, 65) 26.71912565547573 gpu 0
Q round53-s17 11 (8, 5, 68, 54) 28.379920850720403 gpu 1
Q round53-s17 12 (8, 45, 68, 65) 26.22923561947331 gpu 0
Q round53-s17 13 (24, 5, 68, 39) 21.63674626005965 gpu 1
Q round53-s17 14 (2, 43, 48, 62) 61.571089326686604 gpu 0
Q round53-s17 15 (53, 43, 3, 6) 91.95504697181134 gpu 1
ROUND 53 n 944 bestJ 17.544033723717053 best (24, 21, 52, 49) eligible 0 update 0 updates_total 4
Q round54-s17 0 (8, 21, 68, 70) 27.26445700631919 gpu 0
Q round54-s17 1 (8, 21, 52, 25) 25.396541653552774 gpu 1
Q round54-s17 2 (8, 45, 68, 70) 28.9943373229667 gpu 0
Q round54-s17 3 (8, 53, 68, 62) 29.270902159329918 gpu 1
Q round54-s17 4 (8, 13, 28, 62) 30.911515132589003 gpu 0
Q round54-s17 5 (8, 45, 52, 25) 22.671286813142395 gpu 1
Q round54-s17 6 (8, 5, 12, 70) 27.054936336876207 gpu 0
Q round54-s17 7 (8, 5, 12, 65) 27.963548306041897 gpu 1
Q round54-s17 8 (24, 5, 28, 39) 21.860809834941715 gpu 0
Q round54-s17 9 (8, 21, 68, 49) 22.964988779523534 gpu 1
Q round54-s17 10 (8, 69, 12, 38) 25.92907858789208 gpu 0
Q round54-s17 11 (8, 45, 68, 49) 23.182057150372117 gpu 1
Q round54-s17 12 (24, 5, 12, 39) 19.80490454309996 gpu 0
Q round54-s17 13 (8, 29, 12, 38) 24.211264551035832 gpu 1
Q round54-s17 14 (68, 55, 23, 8) 79.98574954814767 gpu 0
Q round54-s17 15 (41, 2, 60, 46) 67.20345513817426 gpu 1
TRIGGER_UPDATE 54 960 ['ranking_degradation'] {"new_labels_since_update": 224, "evals_since_best": 68, "recent_n": 128, "recent_spearman": 0.23430919245559423, "recent_high_uncertainty_fraction": 0.0390625, "sigma_ref_p90": 0.0778220035135746, "eligible_pool": 0, "eligible_floor": 120}
ROUND 54 n 960 bestJ 17.544033723717053 best (24, 21, 52, 49) eligible 0 update 1 updates_total 5
Q round55-s17 0 (24, 5, 52, 16) 23.59262422004647 gpu 0
Q round55-s17 1 (64, 21, 4, 39) 26.05596778578127 gpu 1
Q round55-s17 2 (8, 45, 20, 55) 29.19744233367491 gpu 0
Q round55-s17 3 (8, 21, 44, 55) 28.311293901739333 gpu 1
Q round55-s17 4 (24, 21, 52, 64) 21.625500440999627 gpu 0
Q round55-s17 5 (48, 5, 20, 38) 21.65882346889245 gpu 1
Q round55-s17 6 (39, 5, 20, 63) 22.615782255066843 gpu 0
Q round55-s17 7 (64, 45, 4, 39) 22.630656085230328 gpu 1
Q round55-s17 8 (39, 5, 44, 63) 21.606623243328617 gpu 0
Q round55-s17 9 (48, 5, 44, 38) 20.334668248312028 gpu 1
Q round55-s17 10 (24, 21, 28, 64) 20.77483636631819 gpu 0
Q round55-s17 11 (8, 45, 44, 55) 30.06376416656934 gpu 1
Q round55-s17 12 (24, 21, 52, 71) 32.231061485253214 gpu 0
Q round55-s17 13 (8, 45, 44, 31) 30.634893506305858 gpu 1
Q round55-s17 14 (25, 47, 41, 24) 104.60507946635258 gpu 0
Q round55-s17 15 (32, 54, 28, 38) 71.97463321742465 gpu 1
ROUND 55 n 976 bestJ 17.544033723717053 best (24, 21, 52, 49) eligible 132 update 0 updates_total 5
Q round56-s17 0 (24, 5, 44, 64) 23.534053241840162 gpu 0
Q round56-s17 1 (8, 5, 20, 64) 27.290208200810277 gpu 1
Q round56-s17 2 (24, 5, 4, 24) 24.532870425520066 gpu 0
Q round56-s17 3 (8, 5, 20, 39) 23.951492641283515 gpu 1
Q round56-s17 4 (8, 5, 44, 64) 24.474202201806133 gpu 0
Q round56-s17 5 (8, 5, 4, 64) 27.67049487448087 gpu 1
Q round56-s17 6 (8, 5, 20, 63) 22.1439455852891 gpu 0
Q round56-s17 7 (8, 5, 20, 48) 23.699569089027126 gpu 1
Q round56-s17 8 (8, 5, 44, 63) 20.90919538311839 gpu 0
Q round56-s17 9 (8, 5, 44, 48) 22.334420483525 gpu 1
Q round56-s17 10 (8, 5, 4, 48) 23.472029545162794 gpu 0
Q round56-s17 11 (24, 5, 12, 63) 20.10678253553378 gpu 1
Q round56-s17 12 (24, 5, 28, 63) 22.143050437183486 gpu 0
Q round56-s17 13 (24, 5, 52, 64) 22.123602902249388 gpu 1
Q round56-s17 14 (63, 3, 30, 41) 60.74546185755111 gpu 0
Q round56-s17 15 (16, 28, 49, 49) 62.58102969263862 gpu 1
ROUND 56 n 992 bestJ 17.544033723717053 best (24, 21, 52, 49) eligible 40 update 0 updates_total 5
Q round57-s17 0 (48, 5, 20, 64) 21.239050318852296 gpu 0
Q round57-s17 1 (64, 5, 52, 39) 20.09742507076877 gpu 1
Q round57-s17 2 (48, 5, 52, 39) 25.28757801529304 gpu 0
Q round57-s17 3 (64, 5, 52, 63) 20.09908354166859 gpu 1
Q round57-s17 4 (64, 5, 12, 39) 22.65611669277084 gpu 0
Q round57-s17 5 (48, 5, 52, 64) 25.16391729162001 gpu 1
Q round57-s17 6 (64, 5, 68, 39) 22.150312943638006 gpu 0
Q round57-s17 7 (48, 5, 52, 63) 26.30833602549491 gpu 1
Q round57-s17 8 (64, 5, 52, 48) 22.28708387220235 gpu 0
Q round57-s17 9 (64, 5, 28, 64) 23.536346535455845 gpu 1
Q round57-s17 10 (48, 5, 12, 39) 22.570094555488055 gpu 0
Q round57-s17 11 (8, 5, 68, 64) 21.1810703416799 gpu 1
Q round57-s17 12 (64, 5, 12, 64) 23.752253604923634 gpu 0
Q round57-s17 13 (64, 5, 28, 39) 21.015744349627266 gpu 1
Q round57-s17 14 (27, 7, 15, 31) 77.64256156422425 gpu 0
Q round57-s17 15 (48, 23, 30, 35) 102.26704543588087 gpu 1
ROUND 57 n 1008 bestJ 17.544033723717053 best (24, 21, 52, 49) eligible 156 update 0 updates_total 5
Q round58-s17 0 (64, 5, 20, 64) 27.927518818270812 gpu 0
Q round58-s17 1 (64, 5, 44, 64) 26.68314450420497 gpu 1
Q round58-s17 2 (64, 5, 20, 48) 25.10411501316274 gpu 0
Q round58-s17 3 (64, 5, 44, 48) 23.830850137286 gpu 1
Q round58-s17 4 (24, 5, 68, 48) 23.29019514733956 gpu 0
Q round58-s17 5 (48, 5, 4, 64) 20.4972547847737 gpu 1
Q round58-s17 6 (64, 5, 12, 63) 22.152166789059738 gpu 0
Q round58-s17 7 (8, 5, 68, 48) 21.72914077258772 gpu 1
Q round58-s17 8 (64, 5, 28, 63) 20.54047577993671 gpu 0
Q round58-s17 9 (24, 5, 68, 31) 31.429652253710987 gpu 1
Q round58-s17 10 (8, 5, 68, 71) 29.139725852772237 gpu 0
Q round58-s17 11 (31, 5, 20, 39) 35.24666749138841 gpu 1
Q round58-s17 12 (8, 5, 68, 55) 32.12303390000972 gpu 0
Q round58-s17 13 (8, 5, 68, 15) 30.393127577406162 gpu 1
Q round58-s17 14 (19, 46, 70, 11) 46.16381013258291 gpu 0
Q round58-s17 15 (63, 55, 8, 44) 121.46751303525738 gpu 1
ROUND 58 n 1024 bestJ 17.544033723717053 best (24, 21, 52, 49) eligible 38 update 0 updates_total 5
Q round59-s17 0 (31, 5, 52, 64) 41.90499555918205 gpu 0
Q round59-s17 1 (71, 5, 52, 64) 39.9726001050766 gpu 1
Q round59-s17 2 (31, 5, 68, 39) 41.0703541593579 gpu 0
Q round59-s17 3 (48, 5, 52, 31) 36.00850312266434 gpu 1
Q round59-s17 4 (31, 5, 12, 63) 39.31799595963717 gpu 0
Q round59-s17 5 (64, 5, 12, 31) 28.81598529523466 gpu 1
Q round59-s17 6 (71, 5, 68, 39) 39.208242368931764 gpu 0
Q round59-s17 7 (24, 45, 20, 24) 21.507052281022766 gpu 1
Q round59-s17 8 (55, 5, 44, 48) 39.190204010093915 gpu 0
Q round59-s17 9 (48, 5, 28, 71) 33.06369057366947 gpu 1
Q round59-s17 10 (48, 5, 68, 71) 32.95528788896928 gpu 0
Q round59-s17 11 (64, 21, 52, 63) 19.148153234403438 gpu 1
Q round59-s17 12 (39, 5, 68, 64) 21.803764600638736 gpu cache
Q round59-s17 13 (31, 5, 12, 64) 38.35018899958117 gpu 0
Q round59-s17 14 (46, 52, 58, 20) 165.9675002032068 gpu 1
Q round59-s17 15 (5, 20, 37, 14) 103.83131148678686 gpu 0
ROUND 59 n 1040 bestJ 17.544033723717053 best (24, 21, 52, 49) eligible 200 update 0 updates_total 5
Q round60-s17 0 (31, 5, 28, 39) 41.45425992894266 gpu 1
Q round60-s17 1 (48, 5, 52, 55) 36.208271787172464 gpu 0
Q round60-s17 2 (64, 5, 12, 55) 29.28072443375472 gpu 1
Q round60-s17 3 (71, 5, 12, 63) 36.88307270691388 gpu 0
Q round60-s17 4 (64, 5, 28, 31) 28.703147898398566 gpu 1
Q round60-s17 5 (63, 5, 52, 48) 25.64733481787761 gpu 0
Q round60-s17 6 (64, 21, 12, 39) 22.241361397249104 gpu 1
Q round60-s17 7 (64, 45, 52, 63) 21.938371868209437 gpu 0
Q round60-s17 8 (48, 45, 52, 39) 27.663355589205914 gpu 1
Q round60-s17 9 (71, 5, 28, 39) 40.22045662770421 gpu 0
Q round60-s17 10 (64, 45, 44, 48) 22.787044023910035 gpu 1
Q round60-s17 11 (39, 5, 68, 39) 19.382960582524003 gpu 0
Q round60-s17 12 (63, 5, 12, 39) 20.220384429356184 gpu cache
Q round60-s17 13 (55, 5, 20, 63) 36.86251047310006 gpu 1
Q round60-s17 14 (19, 0, 19, 58) 82.30042814577445 gpu 0
Q round60-s17 15 (61, 24, 18, 29) 85.496990865982 gpu 1
ROUND 60 n 1056 bestJ 17.544033723717053 best (24, 21, 52, 49) eligible 69 update 0 updates_total 5
Q round61-s17 0 (24, 5, 20, 64) 24.81324588434487 gpu 0
Q round61-s17 1 (24, 5, 20, 48) 22.730761238051105 gpu 1
Q round61-s17 2 (24, 5, 4, 64) 25.12217678625467 gpu 0
Q round61-s17 3 (24, 5, 20, 39) 22.807914643292996 gpu 1
Q round61-s17 4 (24, 5, 44, 39) 20.66333563059667 gpu 0
Q round61-s17 5 (24, 5, 44, 48) 20.84422710707131 gpu 1
Q round61-s17 6 (24, 5, 20, 63) 22.60179114308907 gpu 0
Q round61-s17 7 (24, 5, 44, 63) 20.58312831754417 gpu 1
Q round61-s17 8 (24, 5, 4, 39) 22.83392310021304 gpu 0
Q round61-s17 9 (24, 5, 4, 63) 21.18365545795471 gpu 1
Q round61-s17 10 (8, 5, 4, 39) 23.50772202703705 gpu 0
Q round61-s17 11 (24, 5, 20, 24) 24.5341221021869 gpu 1
Q round61-s17 12 (24, 5, 68, 63) 22.028427227071184 gpu 0
Q round61-s17 13 (8, 5, 4, 24) 26.433488349464074 gpu 1
Q round61-s17 14 (36, 17, 24, 14) 68.81804013367321 gpu 0
Q round61-s17 15 (51, 9, 61, 60) 145.21959651337653 gpu 1
ROUND 61 n 1072 bestJ 17.544033723717053 best (24, 21, 52, 49) eligible 9 update 0 updates_total 5
Q round62-s17 0 (64, 5, 20, 62) 25.24902397435626 gpu 0
Q round62-s17 1 (48, 21, 4, 39) 19.451164730300416 gpu 1
Q round62-s17 2 (64, 5, 44, 62) 23.814170320576014 gpu 0
Q round62-s17 3 (24, 5, 28, 24) 21.212353597936797 gpu 1
Q round62-s17 4 (24, 21, 52, 55) 33.39252252757715 gpu 0
Q round62-s17 5 (24, 21, 28, 48) 23.5426312424102 gpu 1
Q round62-s17 6 (8, 45, 4, 31) 29.777689054268606 gpu 0
Q round62-s17 7 (48, 45, 4, 39) 22.113607315735333 gpu 1
Q round62-s17 8 (63, 5, 20, 63) 21.798046960251845 gpu cache
Q round62-s17 9 (63, 5, 44, 63) 21.278087709418863 gpu 0
Q round62-s17 10 (8, 21, 4, 55) 27.50117139600763 gpu 1
Q round62-s17 11 (24, 21, 52, 15) 32.84060892493598 gpu 0
Q round62-s17 12 (48, 5, 20, 62) 21.06174033947333 gpu 1
Q round62-s17 13 (48, 5, 44, 62) 19.72537843960018 gpu 0
Q round62-s17 14 (31, 18, 9, 13) 68.29538418519559 gpu 1
Q round62-s17 15 (28, 31, 13, 19) 179.742722701859 gpu 0
ROUND 62 n 1088 bestJ 17.544033723717053 best (24, 21, 52, 49) eligible 149 update 0 updates_total 5
Q round63-s17 0 (24, 21, 12, 39) 20.42625421537714 gpu 1
Q round63-s17 1 (24, 21, 12, 63) 20.078111963129558 gpu 0
Q round63-s17 2 (24, 45, 12, 39) 21.996482214932936 gpu 1
Q round63-s17 3 (63, 5, 44, 64) 22.5390505288937 gpu cache
Q round63-s17 4 (24, 5, 68, 40) 23.992257714661946 gpu 0
Q round63-s17 5 (39, 5, 52, 39) 21.70403648042397 gpu cache
Q round63-s17 6 (48, 5, 44, 55) 31.3255344520724 gpu 1
Q round63-s17 7 (55, 5, 20, 39) 37.31504439838915 gpu 0
Q round63-s17 8 (63, 5, 52, 39) 22.828297733040092 gpu cache
Q round63-s17 9 (48, 21, 44, 64) 19.6787829063329 gpu 1
Q round63-s17 10 (8, 5, 68, 40) 23.083518436023514 gpu 0
Q round63-s17 11 (64, 21, 4, 64) 27.321073388884884 gpu 1
Q round63-s17 12 (48, 21, 20, 48) 21.88677958063865 gpu 0
Q round63-s17 13 (48, 45, 20, 48) 23.68068881160968 gpu 1
Q round63-s17 14 (17, 6, 69, 5) 363.1807815356929 gpu 0
Q round63-s17 15 (30, 25, 69, 18) 212.08906640330935 gpu 1
ROUND 63 n 1104 bestJ 17.544033723717053 best (24, 21, 52, 49) eligible 39 update 0 updates_total 5
Q round64-s17 0 (71, 21, 20, 64) 32.68172099461734 gpu 0
Q round64-s17 1 (8, 13, 20, 39) 24.247672871206863 gpu 1
Q round64-s17 2 (31, 21, 12, 39) 37.93309207686698 gpu 0
Q round64-s17 3 (8, 13, 4, 39) 24.3611596827617 gpu 1
Q round64-s17 4 (8, 13, 44, 39) 24.036577987984728 gpu 0
Q round64-s17 5 (31, 45, 12, 39) 41.35780681205472 gpu 1
Q round64-s17 6 (8, 13, 20, 63) 23.983587240436893 gpu 0
Q round64-s17 7 (31, 21, 52, 63) 42.01543360718719 gpu 1
Q round64-s17 8 (48, 5, 4, 40) 22.385097154516167 gpu 0
Q round64-s17 9 (8, 13, 44, 63) 24.76088166555902 gpu 1
Q round64-s17 10 (31, 45, 52, 63) 45.02079874630917 gpu 0
Q round64-s17 11 (8, 13, 4, 63) 24.296279669656595 gpu 1
Q round64-s17 12 (31, 21, 12, 63) 39.18256549567945 gpu 0
Q round64-s17 13 (71, 21, 68, 39) 38.2911184443616 gpu 1
Q round64-s17 14 (21, 11, 49, 21) 722.146728328238 gpu 0
Q round64-s17 15 (34, 56, 21, 4) 171.24779565790368 gpu 1
ROUND 64 n 1120 bestJ 17.544033723717053 best (24, 21, 52, 49) eligible 14 update 0 updates_total 5
Q round65-s17 0 (24, 45, 52, 48) 27.141017708440355 gpu 0
Q round65-s17 1 (39, 5, 4, 48) 23.448204948882825 gpu 1
Q round65-s17 2 (24, 45, 52, 55) 35.85869887290866 gpu 0
Q round65-s17 3 (64, 21, 4, 63) 24.452099380159684 gpu 1
Q round65-s17 4 (24, 5, 12, 16) 21.264546795269304 gpu 0
Q round65-s17 5 (24, 45, 28, 48) 25.82281261946048 gpu 1
Q round65-s17 6 (64, 5, 4, 38) 26.829267579676294 gpu 0
Q round65-s17 7 (8, 45, 4, 55) 29.9223174671579 gpu 1
Q round65-s17 8 (24, 21, 4, 15) 26.25603324470774 gpu 0
Q round65-s17 9 (24, 21, 28, 71) 29.433492303389787 gpu 1
Q round65-s17 10 (64, 45, 4, 63) 22.462216349297634 gpu 0
Q round65-s17 11 (8, 21, 20, 15) 25.561553992710564 gpu 1
Q round65-s17 12 (24, 45, 52, 15) 35.45296804627007 gpu 0
Q round65-s17 13 (24, 5, 28, 16) 22.255579774606133 gpu 1
Q round65-s17 14 (35, 33, 62, 14) 58.633260030886674 gpu 0
Q round65-s17 15 (9, 61, 15, 31) 82.51715498767403 gpu 1
ROUND 65 n 1136 bestJ 17.544033723717053 best (24, 21, 52, 49) eligible 121 update 0 updates_total 5
Q round66-s17 0 (24, 5, 20, 71) 26.08835754216665 gpu 0
Q round66-s17 1 (8, 5, 4, 63) 22.51408388661496 gpu 1
Q round66-s17 2 (24, 5, 28, 64) 21.346158835816375 gpu 0
Q round66-s17 3 (24, 5, 52, 48) 24.770343560807074 gpu 1
Q round66-s17 4 (24, 5, 44, 71) 26.819836873850612 gpu 0
Q round66-s17 5 (24, 5, 44, 24) 22.594756835021467 gpu 1
Q round66-s17 6 (24, 5, 20, 31) 27.47886021311987 gpu 0
Q round66-s17 7 (24, 21, 20, 39) 22.883830359995287 gpu 1
Q round66-s17 8 (24, 5, 28, 48) 22.534830501026118 gpu 0
Q round66-s17 9 (24, 5, 44, 31) 28.819557616021132 gpu 1
Q round66-s17 10 (24, 5, 12, 64) 20.946442294108383 gpu 0
Q round66-s17 11 (24, 5, 4, 71) 26.414825743542302 gpu 1
Q round66-s17 12 (24, 21, 44, 39) 21.394647136527144 gpu 0
Q round66-s17 13 (24, 45, 20, 39) 20.072978444513137 gpu 1
Q round66-s17 14 (57, 16, 8, 60) 83.8422256723641 gpu 0
Q round66-s17 15 (29, 16, 1, 42) 50.021345394277496 gpu 1
ROUND 66 n 1152 bestJ 17.544033723717053 best (24, 21, 52, 49) eligible 124 update 0 updates_total 5
Q round67-s17 0 (24, 5, 12, 48) 22.388605266958635 gpu 0
Q round67-s17 1 (64, 5, 4, 64) 27.84260534143216 gpu 1
Q round67-s17 2 (8, 5, 52, 48) 23.694821925246814 gpu 0
Q round67-s17 3 (8, 5, 12, 64) 21.38963850813793 gpu 1
Q round67-s17 4 (24, 5, 52, 31) 33.559007063016985 gpu 0
Q round67-s17 5 (8, 5, 12, 48) 21.37266799555514 gpu 1
Q round67-s17 6 (8, 5, 52, 71) 31.49019220369911 gpu 0
Q round67-s17 7 (24, 5, 68, 71) 30.451022949709532 gpu 1
Q round67-s17 8 (24, 5, 28, 31) 30.926056923537182 gpu 0
Q round67-s17 9 (24, 5, 12, 31) 31.333567578481734 gpu 1
Q round67-s17 10 (24, 5, 12, 55) 31.616313807090307 gpu 0
Q round67-s17 11 (8, 5, 52, 55) 32.45088491750811 gpu 1
Q round67-s17 12 (24, 5, 68, 55) 31.605819400956666 gpu 0
Q round67-s17 13 (8, 5, 28, 71) 28.51609589282377 gpu 1
Q round67-s17 14 (2, 30, 4, 53) 214.06014876751567 gpu 0
Q round67-s17 15 (64, 15, 18, 35) 94.6464336270542 gpu 1
ROUND 67 n 1168 bestJ 17.544033723717053 best (24, 21, 52, 49) eligible 28 update 0 updates_total 5
Q round68-s17 0 (24, 5, 4, 48) 21.301212608977497 gpu 0
Q round68-s17 1 (48, 5, 44, 64) 20.73787141895527 gpu 1
Q round68-s17 2 (64, 5, 4, 24) 27.048664239065875 gpu 0
Q round68-s17 3 (64, 5, 20, 39) 25.044641445621576 gpu cache
Q round68-s17 4 (24, 5, 20, 55) 28.135702613066588 gpu 1
Q round68-s17 5 (64, 5, 44, 39) 24.807087277238878 gpu 0
Q round68-s17 6 (24, 5, 68, 64) 21.41164482688457 gpu 1
Q round68-s17 7 (24, 21, 20, 63) 21.407902678249425 gpu 0
Q round68-s17 8 (8, 5, 52, 64) 20.647128280973178 gpu 1
Q round68-s17 9 (24, 45, 44, 39) 19.86086226888597 gpu 0
Q round68-s17 10 (64, 5, 20, 24) 27.633235265474234 gpu 1
Q round68-s17 11 (24, 5, 44, 55) 29.14986746566498 gpu 0
Q round68-s17 12 (48, 5, 20, 48) 21.49823102526216 gpu 1
Q round68-s17 13 (48, 5, 4, 24) 20.951757881683115 gpu 0
Q round68-s17 14 (46, 11, 10, 51) 117.12116191176632 gpu 1
Q round68-s17 15 (8, 53, 62, 17) 56.59187700949445 gpu 0
ROUND 68 n 1184 bestJ 17.544033723717053 best (24, 21, 52, 49) eligible 11 update 0 updates_total 5
Q round69-s17 0 (8, 5, 20, 71) 25.143607603331894 gpu 1
Q round69-s17 1 (48, 5, 20, 39) 20.037467831652116 gpu 0
Q round69-s17 2 (24, 21, 44, 63) 20.378573152968706 gpu 1
Q round69-s17 3 (8, 5, 28, 64) 21.34324806547218 gpu 0
Q round69-s17 4 (24, 45, 20, 63) 19.646754829440006 gpu 1
Q round69-s17 5 (48, 5, 44, 39) 20.47730214907204 gpu 0
Q round69-s17 6 (48, 5, 44, 48) 22.45991475129191 gpu 1
Q round69-s17 7 (64, 5, 52, 64) 21.358609510045056 gpu 0
Q round69-s17 8 (24, 5, 4, 31) 27.742279994287962 gpu 1
Q round69-s17 9 (24, 45, 44, 63) 20.66561119378581 gpu 0
Q round69-s17 10 (48, 5, 20, 24) 21.072793968695954 gpu 1
Q round69-s17 11 (64, 5, 44, 24) 26.605679650543994 gpu 0
Q round69-s17 12 (64, 5, 20, 63) 23.526394719861138 gpu 1
Q round69-s17 13 (8, 5, 20, 24) 26.69147771194188 gpu 0
Q round69-s17 14 (41, 35, 16, 35) 97.2925010690619 gpu 1
Q round69-s17 15 (18, 28, 45, 62) 225.62399265305282 gpu 0
ROUND 69 n 1200 bestJ 17.544033723717053 best (24, 21, 52, 49) eligible 0 update 0 updates_total 5
Q round70-s17 0 (48, 5, 4, 31) 30.280000191130405 gpu 1
Q round70-s17 1 (71, 5, 4, 48) 35.20097087072671 gpu 0
Q round70-s17 2 (71, 5, 4, 39) 33.45989943182975 gpu 1
Q round70-s17 3 (55, 5, 12, 39) 39.351760626776674 gpu 0
Q round70-s17 4 (64, 21, 68, 39) 21.940683790167306 gpu 1
Q round70-s17 5 (63, 5, 28, 64) 21.01355856813592 gpu cache
Q round70-s17 6 (39, 5, 12, 48) 21.837471168542947 gpu 0
Q round70-s17 7 (55, 5, 44, 63) 37.94958727471099 gpu 1
Q round70-s17 8 (64, 45, 12, 39) 20.493643026779782 gpu 0
Q round70-s17 9 (64, 5, 28, 24) 22.7617776602743 gpu cache
Q round70-s17 10 (24, 45, 44, 24) 21.631594575578287 gpu 1
Q round70-s17 11 (48, 5, 12, 55) 33.67263110300728 gpu 0
Q round70-s17 12 (48, 21, 4, 64) 20.575957537157873 gpu 1
Q round70-s17 13 (64, 5, 4, 55) 26.053348331381965 gpu 0
Q round70-s17 14 (63, 59, 25, 57) 51.49695765380552 gpu 1
Q round70-s17 15 (66, 25, 67, 35) 106.81323474077362 gpu 0
TRIGGER_UPDATE 70 1216 ['eligible_collapse'] {"new_labels_since_update": 256, "evals_since_best": 324, "recent_n": 128, "recent_spearman": 0.5485430781908075, "recent_high_uncertainty_fraction": 0.0546875, "sigma_ref_p90": 0.06602809280157089, "eligible_pool": 101, "eligible_floor": 120}
ROUND 70 n 1216 bestJ 17.544033723717053 best (24, 21, 52, 49) eligible 101 update 1 updates_total 6
Q round71-s17 0 (24, 5, 4, 38) 24.01604191223287 gpu 1
Q round71-s17 1 (24, 5, 4, 62) 22.97340234671573 gpu 0
Q round71-s17 2 (24, 21, 4, 39) 23.058286617849042 gpu 1
Q round71-s17 3 (24, 45, 4, 39) 19.889513858083387 gpu 0
Q round71-s17 4 (24, 21, 4, 38) 24.264065069404122 gpu 1
Q round71-s17 5 (24, 45, 4, 38) 21.247044668627243 gpu 0
Q round71-s17 6 (8, 5, 4, 38) 25.6085133192668 gpu 1
Q round71-s17 7 (24, 21, 4, 63) 22.380276949450277 gpu 0
Q round71-s17 8 (24, 45, 4, 63) 19.424053486274587 gpu 1
Q round71-s17 9 (24, 21, 4, 64) 24.651817919503525 gpu 0
Q round71-s17 10 (8, 21, 4, 39) 24.527879773965907 gpu 1
Q round71-s17 11 (24, 21, 20, 64) 25.32626963303998 gpu 0
Q round71-s17 12 (24, 45, 4, 64) 21.369733431466933 gpu 1
Q round71-s17 13 (8, 5, 4, 62) 25.084026443292267 gpu 0
Q round71-s17 14 (38, 2, 48, 32) 56.523837537133474 gpu 1
Q round71-s17 15 (42, 23, 9, 41) 48.04733038641245 gpu 0
ROUND 71 n 1232 bestJ 17.544033723717053 best (24, 21, 52, 49) eligible 2 update 0 updates_total 6
Q round72-s17 0 (8, 45, 4, 39) 21.234488783678863 gpu 1
Q round72-s17 1 (24, 45, 20, 64) 22.59180242611915 gpu 0
Q round72-s17 2 (24, 5, 4, 65) 28.704029819371474 gpu 1
Q round72-s17 3 (24, 5, 20, 65) 29.43575825978288 gpu 0
Q round72-s17 4 (24, 21, 44, 64) 23.517005509785893 gpu 1
Q round72-s17 5 (24, 5, 44, 65) 27.692637520326098 gpu 0
Q round72-s17 6 (24, 45, 44, 64) 20.940465059167444 gpu 1
Q round72-s17 7 (24, 5, 4, 25) 28.32814200884036 gpu 0
Q round72-s17 8 (24, 21, 4, 24) 24.6757389365191 gpu 1
Q round72-s17 9 (8, 21, 4, 63) 22.968761725986177 gpu 0
Q round72-s17 10 (24, 45, 4, 24) 21.898743923092027 gpu 1
Q round72-s17 11 (24, 5, 4, 49) 24.562570750964333 gpu 0
Q round72-s17 12 (8, 21, 4, 38) 26.851645513197944 gpu 1
Q round72-s17 13 (8, 45, 4, 63) 20.67599415531901 gpu 0
Q round72-s17 14 (61, 7, 1, 25) 72.09328456925981 gpu 1
Q round72-s17 15 (3, 63, 61, 46) 46.2869783802062 gpu 0
ROUND 72 n 1248 bestJ 17.544033723717053 best (24, 21, 52, 49) eligible 0 update 0 updates_total 6
Q round73-s17 0 (24, 5, 20, 25) 27.812588538170715 gpu 1
Q round73-s17 1 (8, 45, 4, 38) 22.98492701412393 gpu 0
Q round73-s17 2 (24, 5, 4, 9) 33.250294932688426 gpu 1
Q round73-s17 3 (8, 21, 4, 64) 26.552363814321073 gpu 0
Q round73-s17 4 (24, 5, 20, 49) 24.073339848390287 gpu 1
Q round73-s17 5 (24, 5, 44, 25) 25.540864084835555 gpu 0
Q round73-s17 6 (24, 5, 44, 49) 24.03781950024301 gpu 1
Q round73-s17 7 (8, 45, 4, 64) 23.520945400669948 gpu 0
Q round73-s17 8 (64, 5, 20, 38) 26.786973728504517 gpu 1
Q round73-s17 9 (24, 21, 4, 48) 22.4494701352924 gpu 0
Q round73-s17 10 (8, 21, 4, 62) 25.24505708879292 gpu 1
Q round73-s17 11 (24, 45, 4, 48) 21.339421676542422 gpu 0
Q round73-s17 12 (8, 21, 20, 64) 26.817501741352167 gpu 1
Q round73-s17 13 (8, 45, 4, 62) 21.4233638736516 gpu 0
Q round73-s17 14 (35, 2, 40, 15) 53.125309839354635 gpu 1
Q round73-s17 15 (7, 7, 48, 3) 138.7512413477968 gpu 0
ROUND 73 n 1264 bestJ 17.544033723717053 best (24, 21, 52, 49) eligible 5 update 0 updates_total 6
Q round74-s17 0 (48, 5, 12, 49) 22.00906072901297 gpu 1
Q round74-s17 1 (8, 5, 20, 55) 28.16266094240747 gpu 0
Q round74-s17 2 (55, 5, 20, 38) 40.668775186741904 gpu 1
Q round74-s17 3 (39, 21, 12, 65) 24.930176668992907 gpu 0
Q round74-s17 4 (38, 5, 4, 25) 29.228275667207647 gpu 1
Q round74-s17 5 (63, 45, 12, 62) 22.556120348042057 gpu 0
Q round74-s17 6 (63, 5, 44, 8) 23.633314385027 gpu 1
Q round74-s17 7 (48, 5, 28, 39) 24.542055739570998 gpu 0
Q round74-s17 8 (71, 45, 4, 38) 40.11293421521892 gpu 1
Q round74-s17 9 (64, 21, 28, 62) 20.82560064047126 gpu 0
Q round74-s17 10 (63, 21, 28, 38) 21.390280923965356 gpu 1
Q round74-s17 11 (39, 5, 28, 39) 19.301854235816403 gpu cache
Q round74-s17 12 (24, 5, 20, 15) 26.919778026335642 gpu 0
Q round74-s17 13 (55, 5, 44, 38) 41.7758426174038 gpu 1
Q round74-s17 14 (3, 61, 37, 55) 93.24363727368195 gpu 0
Q round74-s17 15 (3, 47, 50, 62) 61.28182442834556 gpu 1
ROUND 74 n 1280 bestJ 17.544033723717053 best (24, 21, 52, 49) eligible 30 update 0 updates_total 6
Q round75-s17 0 (24, 21, 4, 65) 29.045082467952152 gpu 0
Q round75-s17 1 (8, 5, 44, 24) 24.46867607942467 gpu 1
Q round75-s17 2 (8, 45, 20, 64) 24.58378876768212 gpu 0
Q round75-s17 3 (24, 45, 4, 65) 26.79766460356365 gpu 1
Q round75-s17 4 (24, 21, 20, 24) 23.952154405374156 gpu 0
Q round75-s17 5 (24, 45, 20, 48) 21.45551985483753 gpu 1
Q round75-s17 6 (24, 21, 20, 65) 28.850849808771763 gpu 0
Q round75-s17 7 (24, 45, 20, 65) 27.112112834301822 gpu 1
Q round75-s17 8 (8, 21, 44, 64) 25.273228017525927 gpu 0
Q round75-s17 9 (39, 5, 20, 38) 24.1119703772095 gpu 1
Q round75-s17 10 (24, 21, 44, 65) 26.792526622274032 gpu 0
Q round75-s17 11 (39, 5, 44, 38) 22.584604220718713 gpu 1
Q round75-s17 12 (64, 5, 4, 62) 25.217172461217853 gpu 0
Q round75-s17 13 (24, 45, 44, 65) 25.020148408504436 gpu 1
Q round75-s17 14 (8, 38, 43, 11) 86.60347654536112 gpu 0
Q round75-s17 15 (61, 24, 32, 31) 79.96151002533217 gpu 1
ROUND 75 n 1296 bestJ 17.544033723717053 best (24, 21, 52, 49) eligible 13 update 0 updates_total 6
Q round76-s17 0 (48, 45, 4, 9) 27.489861125896784 gpu 0
Q round76-s17 1 (24, 13, 4, 38) 23.887042314295826 gpu 1
Q round76-s17 2 (24, 13, 4, 39) 24.546057552726605 gpu 0
Q round76-s17 3 (71, 5, 20, 38) 37.17669351155149 gpu 1
Q round76-s17 4 (24, 13, 20, 39) 24.302033117721237 gpu 0
Q round76-s17 5 (71, 5, 44, 38) 39.40228338864312 gpu 1
Q round76-s17 6 (24, 13, 20, 38) 24.13125104516563 gpu 0
Q round76-s17 7 (8, 5, 12, 24) 22.39490916867019 gpu 1
Q round76-s17 8 (24, 13, 44, 39) 24.825496641356196 gpu 0
Q round76-s17 9 (24, 5, 68, 24) 21.057749441191483 gpu 1
Q round76-s17 10 (24, 13, 4, 62) 24.666652977477977 gpu 0
Q round76-s17 11 (24, 13, 44, 38) 25.608928140981984 gpu 1
Q round76-s17 12 (31, 5, 4, 38) 38.29786913865569 gpu 0
Q round76-s17 13 (63, 45, 44, 9) 27.119517715508415 gpu 1
Q round76-s17 14 (69, 59, 25, 27) 176.4651905893644 gpu 0
Q round76-s17 15 (45, 14, 15, 62) 77.87457812446264 gpu 1
ROUND 76 n 1312 bestJ 17.544033723717053 best (24, 21, 52, 49) eligible 23 update 0 updates_total 6
Q round77-s17 0 (8, 21, 44, 25) 28.241666558768557 gpu 0
Q round77-s17 1 (39, 5, 44, 64) 24.078362923333767 gpu 1
Q round77-s17 2 (8, 45, 28, 64) 22.48772194812136 gpu 0
Q round77-s17 3 (24, 21, 20, 8) 26.20284445218836 gpu 1
Q round77-s17 4 (39, 21, 20, 39) 23.335464262018803 gpu cache
Q round77-s17 5 (71, 5, 4, 25) 32.77827661991733 gpu 0
Q round77-s17 6 (48, 21, 4, 49) 22.01476779669738 gpu 1
Q round77-s17 7 (8, 21, 4, 70) 20.66496414259235 gpu 0
Q round77-s17 8 (24, 45, 20, 71) 29.016734253828023 gpu 1
Q round77-s17 9 (39, 21, 20, 49) 25.149895602595915 gpu 0
Q round77-s17 10 (24, 45, 20, 14) 26.752778846152754 gpu 1
Q round77-s17 11 (8, 5, 12, 49) 23.12742989108712 gpu 0
Q round77-s17 12 (8, 45, 44, 25) 25.797663046161805 gpu 1
Q round77-s17 13 (24, 45, 68, 64) 23.157786714301746 gpu 0
Q round77-s17 14 (43, 25, 32, 5) 55.05475921098674 gpu 1
Q round77-s17 15 (6, 22, 42, 52) 186.60522634912027 gpu 0
ROUND 77 n 1328 bestJ 17.544033723717053 best (24, 21, 52, 49) eligible 128 update 0 updates_total 6
Q round78-s17 0 (39, 21, 20, 62) 23.183868215792643 gpu 1
Q round78-s17 1 (63, 45, 44, 38) 21.070490807181645 gpu 0
Q round78-s17 2 (39, 5, 20, 39) 23.12060876057399 gpu 1
Q round78-s17 3 (39, 21, 44, 62) 23.270497148067616 gpu 0
Q round78-s17 4 (39, 45, 20, 62) 22.739461863643292 gpu 1
Q round78-s17 5 (63, 21, 4, 38) 23.102027945763265 gpu 0
Q round78-s17 6 (48, 5, 4, 63) 19.985952807940865 gpu 1
Q round78-s17 7 (64, 21, 4, 65) 31.374341665703167 gpu 0
Q round78-s17 8 (48, 5, 4, 8) 21.589893789961256 gpu 1
Q round78-s17 9 (39, 45, 44, 62) 22.38453558628414 gpu 0
Q round78-s17 10 (8, 21, 20, 65) 32.49383887463371 gpu 1
Q round78-s17 11 (39, 5, 44, 39) 21.67320426164083 gpu 0
Q round78-s17 12 (63, 45, 4, 38) 22.438349090741454 gpu 1
Q round78-s17 13 (64, 21, 4, 25) 29.108725067612276 gpu 0
Q round78-s17 14 (68, 36, 60, 41) 50.60433641390508 gpu 1
Q round78-s17 15 (29, 69, 31, 61) 64.6126426860213 gpu 0
ROUND 78 n 1344 bestJ 17.544033723717053 best (24, 21, 52, 49) eligible 65 update 0 updates_total 6
Q round79-s17 0 (64, 21, 20, 38) 27.626460668971227 gpu 1
Q round79-s17 1 (24, 45, 12, 63) 22.829196467800603 gpu 0
Q round79-s17 2 (64, 45, 20, 38) 24.79580598228612 gpu 1
Q round79-s17 3 (64, 21, 44, 38) 24.818351131489866 gpu 0
Q round79-s17 4 (64, 45, 44, 38) 22.74305612022476 gpu 1
Q round79-s17 5 (48, 5, 4, 39) 18.746181551954102 gpu 0
Q round79-s17 6 (64, 21, 20, 62) 25.19842451474679 gpu 1
Q round79-s17 7 (64, 5, 4, 63) 23.983816425728875 gpu 0
Q round79-s17 8 (24, 5, 20, 8) 25.35385869361583 gpu 1
Q round79-s17 9 (48, 21, 4, 38) 20.906823092428873 gpu 0
Q round79-s17 10 (24, 21, 68, 39) 20.728491641941147 gpu 1
Q round79-s17 11 (64, 45, 20, 62) 22.672972993322194 gpu 0
Q round79-s17 12 (64, 21, 44, 62) 24.09742757102017 gpu 1
Q round79-s17 13 (48, 45, 4, 38) 19.645777172899287 gpu 0
Q round79-s17 14 (14, 37, 44, 54) 73.84202490619913 gpu 1
Q round79-s17 15 (2, 61, 46, 24) 47.4736799780068 gpu 0
ROUND 79 n 1360 bestJ 17.544033723717053 best (24, 21, 52, 49) eligible 20 update 0 updates_total 6
Q round80-s17 0 (24, 21, 20, 48) 22.695780057948483 gpu 1
Q round80-s17 1 (8, 5, 4, 65) 31.62609170601317 gpu 0
Q round80-s17 2 (24, 21, 44, 48) 21.041399578494207 gpu 1
Q round80-s17 3 (8, 45, 44, 64) 21.73306990335422 gpu 0
Q round80-s17 4 (8, 21, 4, 24) 27.522242085572685 gpu 1
Q round80-s17 5 (24, 21, 28, 39) 21.93532891790887 gpu 0
Q round80-s17 6 (24, 21, 4, 25) 27.066545260332518 gpu 1
Q round80-s17 7 (48, 5, 4, 38) 21.07812074964162 gpu 0
Q round80-s17 8 (24, 45, 44, 48) 22.710262680702908 gpu 1
Q round80-s17 9 (24, 45, 4, 25) 24.240629551131743 gpu 0
Q round80-s17 10 (24, 21, 44, 24) 23.62200884833272 gpu 1
Q round80-s17 11 (24, 5, 44, 9) 30.866910098510374 gpu 0
Q round80-s17 12 (24, 45, 28, 39) 23.86035024205437 gpu 1
Q round80-s17 13 (8, 45, 4, 24) 23.775962260644093 gpu 0
Q round80-s17 14 (24, 17, 8, 40) 99.0673030677669 gpu 1
Q round80-s17 15 (51, 54, 51, 34) 89.60056158314414 gpu 0
ROUND 80 n 1376 bestJ 17.544033723717053 best (24, 21, 52, 49) eligible 2 update 0 updates_total 6
Q round81-s17 0 (24, 5, 20, 9) 33.48907751104252 gpu 1
Q round81-s17 1 (24, 21, 4, 49) 24.50793123649673 gpu 0
Q round81-s17 2 (63, 5, 20, 38) 23.64030782717873 gpu 1
Q round81-s17 3 (24, 45, 4, 49) 22.71376456558729 gpu 0
Q round81-s17 4 (8, 5, 44, 65) 28.76869654633014 gpu 1
Q round81-s17 5 (39, 5, 4, 9) 31.8442649309215 gpu 0
Q round81-s17 6 (64, 5, 4, 39) 24.964072750928235 gpu 1
Q round81-s17 7 (24, 5, 4, 70) 21.41036726850927 gpu 0
Q round81-s17 8 (63, 5, 44, 38) 22.375809618217332 gpu 1
Q round81-s17 9 (8, 21, 4, 48) 24.29259433706138 gpu 0
Q round81-s17 10 (24, 21, 20, 49) 24.10390767374762 gpu 1
Q round81-s17 11 (8, 5, 4, 49) 26.160674125810008 gpu 0
Q round81-s17 12 (24, 21, 20, 25) 27.013509920175945 gpu 1
Q round81-s17 13 (39, 5, 20, 62) 23.244832330847196 gpu 0
Q round81-s17 14 (6, 69, 4, 39) 58.5145964809601 gpu 1
Q round81-s17 15 (29, 40, 19, 14) 43.69466320212644 gpu 0
ROUND 81 n 1392 bestJ 17.544033723717053 best (24, 21, 52, 49) eligible 12 update 0 updates_total 6
Q round82-s17 0 (24, 45, 20, 49) 23.478335530410394 gpu 1
Q round82-s17 1 (64, 5, 4, 25) 29.189463806463223 gpu 0
Q round82-s17 2 (64, 21, 4, 38) 26.62048006878427 gpu 1
Q round82-s17 3 (39, 5, 44, 62) 22.726951330411264 gpu 0
Q round82-s17 4 (24, 45, 20, 25) 26.08651874368313 gpu 1
Q round82-s17 5 (24, 21, 44, 49) 23.764582916351415 gpu 0
Q round82-s17 6 (8, 45, 4, 48) 22.669821922555794 gpu 1
Q round82-s17 7 (64, 5, 4, 65) 30.385938736599883 gpu 0
Q round82-s17 8 (48, 5, 4, 62) 20.346513976360157 gpu 1
Q round82-s17 9 (63, 5, 4, 9) 30.359872635355114 gpu 0
Q round82-s17 10 (39, 5, 4, 25) 27.33718946661721 gpu 1
Q round82-s17 11 (24, 5, 12, 65) 24.72000890518144 gpu 0
Q round82-s17 12 (24, 5, 20, 70) 21.592260204784694 gpu 1
Q round82-s17 13 (24, 45, 44, 49) 21.91079312501496 gpu 0
Q round82-s17 14 (46, 43, 27, 42) 112.24428490122615 gpu 1
Q round82-s17 15 (41, 43, 60, 10) 117.28217808394324 gpu 0
ROUND 82 n 1408 bestJ 17.544033723717053 best (24, 21, 52, 49) eligible 11 update 0 updates_total 6
Q round83-s17 0 (24, 5, 4, 8) 25.454146742528895 gpu 1
Q round83-s17 1 (8, 5, 20, 65) 30.841077176219308 gpu 0
Q round83-s17 2 (8, 5, 4, 25) 30.107452156887536 gpu 1
Q round83-s17 3 (8, 5, 4, 8) 27.603210703218284 gpu 0
Q round83-s17 4 (64, 45, 4, 38) 24.34696653905525 gpu 1
Q round83-s17 5 (24, 21, 44, 25) 25.27362028744365 gpu 0
Q round83-s17 6 (8, 5, 4, 9) 35.377796428890335 gpu 1
Q round83-s17 7 (64, 5, 20, 65) 31.404981541376642 gpu 0
Q round83-s17 8 (24, 45, 44, 25) 23.791591239163083 gpu 1
Q round83-s17 9 (24, 21, 28, 63) 21.518933984213955 gpu 0
Q round83-s17 10 (24, 5, 44, 70) 23.713204865921433 gpu 1
Q round83-s17 11 (39, 5, 44, 25) 25.349765436818593 gpu 0
Q round83-s17 12 (8, 5, 20, 49) 27.013779024317667 gpu 1
Q round83-s17 13 (24, 21, 4, 9) 33.088830652632126 gpu 0
Q round83-s17 14 (11, 34, 19, 31) 603.7514361296214 gpu 1
Q round83-s17 15 (43, 55, 19, 70) 49.23480702700083 gpu 0
ROUND 83 n 1424 bestJ 17.544033723717053 best (24, 21, 52, 49) eligible 1 update 0 updates_total 6
Q round84-s17 0 (39, 5, 20, 25) 26.818324808448654 gpu 1
Q round84-s17 1 (64, 5, 44, 65) 28.62231313224202 gpu 0
Q round84-s17 2 (24, 45, 28, 63) 24.65532400499804 gpu 1
Q round84-s17 3 (39, 5, 44, 65) 26.606467522446614 gpu 0
Q round84-s17 4 (24, 45, 4, 9) 29.671009702346883 gpu 1
Q round84-s17 5 (63, 5, 20, 62) 22.460187141188996 gpu 0
Q round84-s17 6 (64, 5, 20, 25) 30.639676762524516 gpu 1
Q round84-s17 7 (8, 5, 44, 49) 25.065059076043873 gpu 0
Q round84-s17 8 (63, 5, 44, 62) 22.683741866838872 gpu 1
Q round84-s17 9 (8, 45, 20, 48) 21.93489025822608 gpu 0
Q round84-s17 10 (39, 5, 4, 65) 28.461218500566737 gpu 1
Q round84-s17 11 (48, 5, 4, 25) 25.30261179812312 gpu 0
Q round84-s17 12 (64, 5, 44, 25) 27.472098582905524 gpu 1
Q round84-s17 13 (64, 21, 4, 62) 24.76078181536554 gpu 0
Q round84-s17 14 (15, 16, 52, 25) 121.23806465250324 gpu 1
Q round84-s17 15 (29, 48, 18, 13) 510.2654955212645 gpu 0
TRIGGER_UPDATE 84 1440 ['ranking_degradation'] {"new_labels_since_update": 224, "evals_since_best": 548, "recent_n": 128, "recent_spearman": 0.24997711041933712, "recent_high_uncertainty_fraction": 0.0625, "sigma_ref_p90": 0.08044411614537239, "eligible_pool": 0, "eligible_floor": 120}
ROUND 84 n 1440 bestJ 17.544033723717053 best (24, 21, 52, 49) eligible 0 update 1 updates_total 7
Q round85-s17 0 (24, 45, 68, 39) 24.69622378461845 gpu 1
Q round85-s17 1 (64, 21, 20, 39) 25.475531224292997 gpu 0
Q round85-s17 2 (64, 45, 20, 39) 23.38744492462529 gpu 1
Q round85-s17 3 (64, 21, 44, 39) 23.899066641397738 gpu 0
Q round85-s17 4 (64, 45, 44, 39) 22.108497758761565 gpu 1
Q round85-s17 5 (24, 21, 68, 63) 22.64413405646754 gpu 0
Q round85-s17 6 (24, 45, 28, 64) 23.146371055045286 gpu 1
Q round85-s17 7 (24, 45, 68, 63) 24.657924151726817 gpu 0
Q round85-s17 8 (24, 45, 52, 64) 24.227222532371854 gpu 1
Q round85-s17 9 (24, 21, 12, 64) 21.778784052286145 gpu 0
Q round85-s17 10 (64, 5, 44, 63) 22.951442183186373 gpu 1
Q round85-s17 11 (24, 45, 12, 64) 21.54976779929407 gpu 0
Q round85-s17 12 (64, 21, 20, 63) 24.765445035670783 gpu 1
Q round85-s17 13 (64, 45, 20, 63) 21.942262145639027 gpu 0
Q round85-s17 14 (0, 28, 58, 10) 468.489171266548 gpu 1
Q round85-s17 15 (47, 66, 7, 0) 83.5752456886721 gpu 0
ROUND 85 n 1456 bestJ 17.544033723717053 best (24, 21, 52, 49) eligible 3 update 0 updates_total 7
Q round86-s17 0 (64, 21, 44, 63) 23.80678170974375 gpu 1
Q round86-s17 1 (39, 45, 20, 39) 20.463650079417626 gpu cache
Q round86-s17 2 (39, 21, 44, 39) 22.5262628502243 gpu 0
Q round86-s17 3 (64, 21, 20, 64) 27.79021905829881 gpu 1
Q round86-s17 4 (39, 45, 44, 39) 20.437701387135192 gpu cache
Q round86-s17 5 (64, 45, 44, 63) 21.499662381344862 gpu 0
Q round86-s17 6 (24, 21, 68, 64) 20.934999641842545 gpu 1
Q round86-s17 7 (64, 45, 20, 64) 25.057925725887117 gpu 0
Q round86-s17 8 (64, 21, 44, 64) 27.08923344329202 gpu 1
Q round86-s17 9 (39, 21, 44, 38) 23.099044511777468 gpu 0
Q round86-s17 10 (39, 45, 20, 38) 22.496012529714694 gpu 1
Q round86-s17 11 (63, 5, 20, 39) 22.05808823020563 gpu 0
Q round86-s17 12 (39, 45, 44, 38) 22.501773847203193 gpu 1
Q round86-s17 13 (64, 45, 44, 64) 23.47158051756859 gpu 0
Q round86-s17 14 (51, 38, 24, 15) 59.34456707632448 gpu 1
Q round86-s17 15 (54, 7, 71, 49) 122.10822957950938 gpu 0
ROUND 86 n 1472 bestJ 17.544033723717053 best (24, 21, 52, 49) eligible 0 update 0 updates_total 7
Q round87-s17 0 (39, 21, 20, 38) 24.286795495015454 gpu 1
Q round87-s17 1 (63, 5, 44, 39) 21.164660457402867 gpu cache
Q round87-s17 2 (24, 5, 52, 24) 22.46787912671362 gpu 0
Q round87-s17 3 (63, 21, 20, 38) 22.989639111858626 gpu 1
Q round87-s17 4 (63, 21, 20, 39) 23.085348794345627 gpu cache
Q round87-s17 5 (63, 21, 44, 38) 22.571377989897147 gpu 0
Q round87-s17 6 (63, 45, 20, 38) 22.03274121702295 gpu 1
Q round87-s17 7 (64, 45, 44, 62) 22.192446133649042 gpu 0
Q round87-s17 8 (39, 5, 4, 39) 21.879611115548382 gpu 1
Q round87-s17 9 (63, 45, 20, 39) 19.38133224919029 gpu cache
Q round87-s17 10 (39, 21, 28, 38) 22.823349914552782 gpu 0
Q round87-s17 11 (63, 21, 44, 39) 21.355706562752825 gpu cache
Q round87-s17 12 (64, 45, 4, 64) 24.97597614521607 gpu 1
Q round87-s17 13 (39, 21, 20, 63) 24.219447412088524 gpu cache
Q round87-s17 14 (71, 28, 0, 24) 74.98007093365989 gpu 0
Q round87-s17 15 (30, 46, 25, 17) 99.76362945771693 gpu 1
ROUND 87 n 1488 bestJ 17.544033723717053 best (24, 21, 52, 49) eligible 0 update 0 updates_total 7
Q round88-s17 0 (48, 21, 20, 39) 19.281225322358804 gpu 0
Q round88-s17 1 (24, 5, 12, 24) 22.727303160345134 gpu 1
Q round88-s17 2 (63, 45, 44, 39) 19.944025790320737 gpu cache
Q round88-s17 3 (39, 5, 12, 39) 20.994762094001697 gpu 0
Q round88-s17 4 (39, 21, 4, 39) 22.73238560875875 gpu 1
Q round88-s17 5 (39, 45, 28, 38) 20.87997598226883 gpu 0
Q round88-s17 6 (39, 45, 20, 63) 20.707273639193264 gpu cache
Q round88-s17 7 (39, 5, 28, 62) 21.498524727117715 gpu 1
Q round88-s17 8 (39, 21, 44, 63) 22.55258651080287 gpu cache
Q round88-s17 9 (39, 21, 12, 62) 21.91768651513508 gpu 0
Q round88-s17 10 (39, 45, 4, 39) 20.645962296308475 gpu 1
Q round88-s17 11 (48, 45, 20, 39) 22.459028876194402 gpu 0
Q round88-s17 12 (63, 21, 20, 62) 23.210371888382515 gpu 1
Q round88-s17 13 (63, 21, 44, 62) 22.02542216234801 gpu 0
Q round88-s17 14 (68, 1, 50, 43) 200.16173945077566 gpu 1
Q round88-s17 15 (13, 31, 41, 36) 41.45235416565932 gpu 0
TRIGGER_UPDATE 88 1504 ['ranking_degradation'] {"new_labels_since_update": 64, "evals_since_best": 612, "recent_n": 64, "recent_spearman": 0.09253663003663003, "recent_high_uncertainty_fraction": 0.03125, "sigma_ref_p90": 0.09248269051313403, "eligible_pool": 12, "eligible_floor": 120}
ROUND 88 n 1504 bestJ 17.544033723717053 best (24, 21, 52, 49) eligible 12 update 1 updates_total 8
Q round89-s17 0 (39, 21, 12, 39) 21.64479687617048 gpu 1
Q round89-s17 1 (39, 45, 12, 39) 20.499676019689534 gpu 0
Q round89-s17 2 (39, 45, 44, 63) 20.352385266486507 gpu cache
Q round89-s17 3 (39, 21, 28, 39) 19.90226132534999 gpu cache
Q round89-s17 4 (48, 21, 44, 39) 19.762413308135713 gpu 1
Q round89-s17 5 (63, 21, 20, 63) 21.204063646734145 gpu cache
Q round89-s17 6 (39, 45, 28, 39) 22.07379040434166 gpu 0
Q round89-s17 7 (48, 45, 44, 39) 22.813255652201278 gpu 1
Q round89-s17 8 (39, 5, 12, 63) 20.912499032020207 gpu cache
Q round89-s17 9 (63, 45, 20, 63) 19.4782282384002 gpu cache
Q round89-s17 10 (63, 21, 44, 63) 21.885557854235504 gpu cache
Q round89-s17 11 (63, 21, 12, 38) 22.6138704283978 gpu 0
Q round89-s17 12 (39, 45, 12, 62) 21.398970537600423 gpu 1
Q round89-s17 13 (39, 21, 28, 62) 22.043918837665906 gpu 0
Q round89-s17 14 (44, 40, 68, 47) 35.28242816335488 gpu cache
Q round89-s17 15 (69, 40, 30, 31) 75.79782403763775 gpu 1
ROUND 89 n 1520 bestJ 17.544033723717053 best (24, 21, 52, 49) eligible 0 update 0 updates_total 8
Q round90-s17 0 (64, 5, 68, 64) 22.88048978288032 gpu 0
Q round90-s17 1 (64, 21, 52, 64) 21.067861413724938 gpu 1
Q round90-s17 2 (64, 45, 52, 64) 19.366269116046425 gpu 0
Q round90-s17 3 (63, 5, 68, 64) 20.226316203457397 gpu 1
Q round90-s17 4 (63, 21, 28, 64) 19.854304422785432 gpu 0
Q round90-s17 5 (63, 21, 28, 63) 21.766516407130066 gpu 1
Q round90-s17 6 (64, 21, 68, 64) 23.47309849666037 gpu 0
Q round90-s17 7 (63, 45, 28, 64) 23.27738814177751 gpu 1
Q round90-s17 8 (63, 5, 52, 63) 23.28139462403048 gpu 0
Q round90-s17 9 (64, 21, 28, 63) 21.334376497365085 gpu 1
Q round90-s17 10 (64, 45, 68, 64) 19.842752857811323 gpu 0
Q round90-s17 11 (63, 45, 28, 63) 24.756415351328815 gpu cache
Q round90-s17 12 (63, 21, 52, 64) 21.17281340345434 gpu 1
Q round90-s17 13 (64, 45, 28, 63) 21.011468780728677 gpu 0
Q round90-s17 14 (32, 39, 59, 70) 45.52452788291852 gpu 1
Q round90-s17 15 (20, 49, 44, 44) 523.8035607243168 gpu 0
ROUND 90 n 1536 bestJ 17.544033723717053 best (24, 21, 52, 49) eligible 43 update 0 updates_total 8
Q round91-s17 0 (39, 21, 52, 39) 20.855924865409687 gpu cache
Q round91-s17 1 (63, 45, 44, 63) 20.934984259186333 gpu cache
Q round91-s17 2 (63, 45, 12, 38) 21.124003382375083 gpu 1
Q round91-s17 3 (63, 5, 28, 38) 21.76339484296417 gpu 0
Q round91-s17 4 (63, 21, 12, 39) 20.672257731763747 gpu cache
Q round91-s17 5 (39, 45, 28, 62) 21.907201687039986 gpu 1
Q round91-s17 6 (39, 45, 52, 39) 23.38449528546402 gpu 0
Q round91-s17 7 (63, 45, 28, 38) 23.912226348342955 gpu 1
Q round91-s17 8 (63, 5, 28, 39) 22.051461528495388 gpu 0
Q round91-s17 9 (63, 45, 12, 39) 22.427137668941963 gpu 1
Q round91-s17 10 (39, 21, 68, 39) 20.02785596812176 gpu 0
Q round91-s17 11 (63, 21, 12, 62) 21.38032508464545 gpu 1
Q round91-s17 12 (39, 45, 68, 39) 21.859712579785636 gpu 0
Q round91-s17 13 (39, 21, 12, 63) 21.366117941350833 gpu 1
Q round91-s17 14 (69, 48, 4, 36) 193.71319954913687 gpu 0
Q round91-s17 15 (55, 39, 62, 64) 106.4786777473945 gpu 1
ROUND 91 n 1552 bestJ 17.544033723717053 best (24, 21, 52, 49) eligible 0 update 0 updates_total 8
Q round92-s17 0 (39, 5, 28, 63) 20.646465063068085 gpu 0
Q round92-s17 1 (39, 45, 12, 63) 21.15479563560839 gpu 1
Q round92-s17 2 (63, 21, 4, 39) 22.33092864478006 gpu 0
Q round92-s17 3 (63, 45, 4, 39) 19.60936519704359 gpu 1
Q round92-s17 4 (63, 21, 28, 39) 20.51896275811027 gpu cache
Q round92-s17 5 (63, 21, 28, 62) 22.58547060068267 gpu 0
Q round92-s17 6 (48, 21, 4, 63) 19.529630930661117 gpu 1
Q round92-s17 7 (48, 21, 20, 63) 19.891673626763303 gpu 0
Q round92-s17 8 (64, 21, 28, 39) 22.1140395153733 gpu 1
Q round92-s17 9 (63, 5, 28, 62) 21.112842457919825 gpu 0
Q round92-s17 10 (48, 45, 4, 63) 22.21999447187364 gpu 1
Q round92-s17 11 (63, 45, 28, 62) 24.086980916886816 gpu 0
Q round92-s17 12 (48, 45, 20, 63) 21.736314761333396 gpu 1
Q round92-s17 13 (63, 45, 28, 39) 23.34363058128359 gpu cache
Q round92-s17 14 (2, 4, 9, 0) 57.62665813819512 gpu 0
Q round92-s17 15 (20, 23, 55, 44) 53.36459832654308 gpu 1
ROUND 92 n 1568 bestJ 17.544033723717053 best (24, 21, 52, 49) eligible 0 update 0 updates_total 8
Q round93-s17 0 (64, 21, 28, 64) 23.480952243977715 gpu 0
Q round93-s17 1 (64, 45, 28, 64) 19.862776940562675 gpu 1
Q round93-s17 2 (64, 21, 52, 39) 19.805700026430106 gpu 0
Q round93-s17 3 (63, 5, 28, 63) 22.393833728100592 gpu cache
Q round93-s17 4 (64, 45, 52, 39) 20.74689778762764 gpu 1
Q round93-s17 5 (63, 5, 52, 64) 22.31318940776381 gpu 0
Q round93-s17 6 (63, 45, 52, 64) 24.231963940220936 gpu 1
Q round93-s17 7 (48, 5, 12, 64) 21.35288578509002 gpu cache
Q round93-s17 8 (64, 5, 12, 24) 24.367741843415445 gpu 0
Q round93-s17 9 (63, 21, 52, 63) 22.96629599445043 gpu cache
Q round93-s17 10 (48, 21, 12, 64) 20.660095862064107 gpu 1
Q round93-s17 11 (48, 5, 28, 64) 22.206018196164692 gpu 0
Q round93-s17 12 (64, 5, 68, 63) 20.92311595152477 gpu 1
Q round93-s17 13 (64, 5, 52, 24) 22.066996809818253 gpu 0
Q round93-s17 14 (33, 15, 10, 13) 164.82675964936266 gpu 1
Q round93-s17 15 (69, 69, 30, 30) 42.8726306714348 gpu 0
ROUND 93 n 1584 bestJ 17.544033723717053 best (24, 21, 52, 49) eligible 19 update 0 updates_total 8
Q round94-s17 0 (39, 5, 52, 63) 22.82960807615088 gpu cache
Q round94-s17 1 (63, 5, 68, 39) 21.853249494079073 gpu 1
Q round94-s17 2 (64, 45, 28, 39) 20.7602596109892 gpu 0
Q round94-s17 3 (39, 21, 4, 63) 23.233645945352297 gpu 1
Q round94-s17 4 (39, 45, 4, 63) 21.572251763550536 gpu 0
Q round94-s17 5 (48, 21, 44, 63) 20.75505456018547 gpu 1
Q round94-s17 6 (63, 21, 4, 63) 22.18743320307007 gpu 0
Q round94-s17 7 (63, 45, 20, 62) 22.27623498150588 gpu 1
Q round94-s17 8 (63, 45, 4, 63) 18.994558433000076 gpu 0
Q round94-s17 9 (63, 45, 44, 62) 21.271404246467597 gpu 1
Q round94-s17 10 (63, 5, 12, 63) 20.835066749646476 gpu 0
Q round94-s17 11 (48, 45, 44, 63) 24.217329328457062 gpu 1
Q round94-s17 12 (48, 21, 20, 64) 21.416460888954923 gpu 0
Q round94-s17 13 (63, 5, 4, 39) 22.22734750422714 gpu 1
Q round94-s17 14 (32, 34, 2, 7) 82.71785952931353 gpu 0
Q round94-s17 15 (35, 0, 40, 21) 41.84767877470873 gpu 1
ROUND 94 n 1600 bestJ 17.544033723717053 best (24, 21, 52, 49) eligible 7 update 0 updates_total 8
Q round95-s17 0 (48, 5, 20, 63) 19.656566104054345 gpu 0
Q round95-s17 1 (48, 45, 20, 64) 21.223431088070356 gpu 1
Q round95-s17 2 (64, 45, 28, 38) 20.245838863918355 gpu 0
Q round95-s17 3 (8, 21, 28, 64) 21.400176005469525 gpu 1
Q round95-s17 4 (39, 21, 28, 63) 20.26201037622224 gpu 0
Q round95-s17 5 (39, 5, 68, 63) 21.72379364657539 gpu cache
Q round95-s17 6 (63, 21, 52, 39) 23.72082613499907 gpu 1
Q round95-s17 7 (48, 45, 44, 64) 22.224229694595802 gpu 0
Q round95-s17 8 (39, 5, 12, 64) 23.370576354337565 gpu cache
Q round95-s17 9 (39, 45, 28, 63) 22.572072293350388 gpu cache
Q round95-s17 10 (63, 45, 68, 62) 24.386097395076845 gpu 1
Q round95-s17 11 (48, 5, 44, 63) 20.988736449576923 gpu 0
Q round95-s17 12 (63, 5, 4, 63) 21.17085332901393 gpu 1
Q round95-s17 13 (48, 21, 20, 38) 21.169198133188893 gpu 0
Q round95-s17 14 (0, 46, 56, 14) 108.81263581360119 gpu 1
Q round95-s17 15 (0, 45, 58, 51) 421.42753746248303 gpu 0
ROUND 95 n 1616 bestJ 17.544033723717053 best (24, 21, 52, 49) eligible 0 update 0 updates_total 8
Q round96-s17 0 (64, 21, 12, 64) 24.227205247511474 gpu 1
Q round96-s17 1 (39, 5, 4, 63) 22.52882187620421 gpu 0
Q round96-s17 2 (48, 45, 20, 38) 20.33647725774127 gpu 1
Q round96-s17 3 (39, 5, 52, 64) 19.34726751499717 gpu cache
Q round96-s17 4 (8, 21, 52, 64) 21.013305901566262 gpu 0
Q round96-s17 5 (63, 45, 52, 39) 25.395716492608763 gpu 1
Q round96-s17 6 (8, 21, 12, 64) 21.288877902443453 gpu 0
Q round96-s17 7 (48, 21, 44, 38) 21.603576275063535 gpu 1
Q round96-s17 8 (64, 45, 12, 64) 21.274248791494816 gpu 0
Q round96-s17 9 (39, 5, 28, 64) 21.239613627776134 gpu cache
Q round96-s17 10 (48, 45, 44, 38) 22.267846096263515 gpu 1
Q round96-s17 11 (8, 45, 12, 64) 21.04421160649679 gpu 0
Q round96-s17 12 (39, 21, 12, 64) 22.903657709649895 gpu 1
Q round96-s17 13 (8, 45, 52, 64) 23.633451461441624 gpu 0
Q round96-s17 14 (29, 17, 59, 8) 59.10832515269066 gpu 1
Q round96-s17 15 (71, 0, 12, 46) 119.63111630119845 gpu 0
ROUND 96 n 1632 bestJ 17.544033723717053 best (24, 21, 52, 49) eligible 0 update 0 updates_total 8
Q round97-s17 0 (39, 21, 52, 63) 22.31361839321602 gpu 1
Q round97-s17 1 (63, 5, 12, 64) 21.474475590446072 gpu cache
Q round97-s17 2 (63, 45, 12, 63) 23.376649730746646 gpu cache
Q round97-s17 3 (63, 45, 68, 39) 23.98827442350051 gpu 0
Q round97-s17 4 (39, 45, 52, 63) 25.501048072182783 gpu 1
Q round97-s17 5 (64, 21, 12, 63) 22.652563027096694 gpu 0
Q round97-s17 6 (39, 21, 28, 64) 22.245670045507435 gpu cache
Q round97-s17 7 (39, 45, 28, 64) 21.360236043407095 gpu cache
Q round97-s17 8 (39, 21, 68, 63) 20.483304273983894 gpu 1
Q round97-s17 9 (39, 21, 52, 64) 20.216026495487394 gpu 0
Q round97-s17 10 (63, 21, 12, 64) 21.775952770055355 gpu 1
Q round97-s17 11 (64, 21, 20, 48) 25.063097532931835 gpu 0
Q round97-s17 12 (64, 21, 20, 24) 28.591290629076752 gpu 1
Q round97-s17 13 (64, 45, 12, 63) 19.67632610282555 gpu 0
Q round97-s17 14 (13, 69, 52, 21) 105.91238205323987 gpu 1
Q round97-s17 15 (63, 15, 64, 18) 216.01630570262515 gpu 0
ROUND 97 n 1648 bestJ 17.544033723717053 best (24, 21, 52, 49) eligible 26 update 0 updates_total 8
Q round98-s17 0 (64, 21, 28, 24) 23.05937567631978 gpu 1
Q round98-s17 1 (48, 21, 28, 64) 22.17344313972889 gpu 0
Q round98-s17 2 (64, 45, 28, 24) 21.806059477279735 gpu 1
Q round98-s17 3 (48, 45, 28, 64) 25.391835803518894 gpu 0
Q round98-s17 4 (64, 5, 12, 48) 23.754922159166185 gpu 1
Q round98-s17 5 (64, 5, 68, 24) 22.728584729275987 gpu 0
Q round98-s17 6 (64, 5, 28, 48) 21.064453434963692 gpu cache
Q round98-s17 7 (39, 5, 28, 48) 22.182117884125375 gpu 1
Q round98-s17 8 (64, 21, 12, 48) 23.968796138852525 gpu 0
Q round98-s17 9 (48, 5, 68, 64) 22.372976522543073 gpu 1
Q round98-s17 10 (64, 45, 12, 48) 22.274226992100054 gpu 0
Q round98-s17 11 (39, 5, 52, 48) 23.693266211342465 gpu 1
Q round98-s17 12 (24, 5, 20, 14) 24.562624917032945 gpu 0
Q round98-s17 13 (64, 21, 52, 24) 22.680269273224397 gpu 1
Q round98-s17 14 (28, 67, 61, 12) 109.68275060869655 gpu 0
Q round98-s17 15 (11, 34, 29, 57) 123.16401646633065 gpu 1
ROUND 98 n 1664 bestJ 17.544033723717053 best (24, 21, 52, 49) eligible 24 update 0 updates_total 8
Q round99-s17 0 (63, 21, 68, 39) 20.551905148246963 gpu 0
Q round99-s17 1 (63, 21, 20, 64) 24.228554311285535 gpu 1
Q round99-s17 2 (39, 21, 20, 64) 24.55245629271372 gpu 0
Q round99-s17 3 (63, 21, 12, 63) 20.446214225189237 gpu 1
Q round99-s17 4 (24, 21, 28, 24) 21.30944176913964 gpu 0
Q round99-s17 5 (39, 45, 20, 64) 22.85669096785877 gpu 1
Q round99-s17 6 (63, 45, 20, 64) 21.779957113642443 gpu cache
Q round99-s17 7 (24, 21, 12, 48) 22.130648718943682 gpu 0
Q round99-s17 8 (39, 45, 12, 64) 20.168982059407043 gpu 1
Q round99-s17 9 (39, 21, 44, 64) 24.221196725769854 gpu 0
Q round99-s17 10 (63, 21, 44, 64) 22.65774335264563 gpu 1
Q round99-s17 11 (39, 45, 44, 64) 21.737853458016765 gpu 0
Q round99-s17 12 (63, 45, 44, 64) 20.165084723886217 gpu 1
Q round99-s17 13 (24, 45, 28, 24) 23.644348510768523 gpu 0
Q round99-s17 14 (63, 47, 19, 53) 106.49523844357694 gpu 1
Q round99-s17 15 (18, 17, 4, 28) 155.14512550386522 gpu 0
ROUND 99 n 1680 bestJ 17.544033723717053 best (24, 21, 52, 49) eligible 0 update 0 updates_total 8
Q round100-s17 0 (24, 45, 12, 48) 24.078426995892663 gpu 1
Q round100-s17 1 (48, 21, 20, 62) 21.58514821684957 gpu 0
Q round100-s17 2 (48, 45, 20, 62) 22.7698225041517 gpu 1
Q round100-s17 3 (48, 21, 44, 62) 19.47489547233491 gpu 0
Q round100-s17 4 (48, 45, 44, 62) 23.666112229158347 gpu 1
Q round100-s17 5 (8, 5, 28, 24) 21.684657129838868 gpu 0
Q round100-s17 6 (63, 5, 20, 64) 23.258237527572106 gpu cache
Q round100-s17 7 (64, 45, 20, 24) 24.617882289735604 gpu 1
Q round100-s17 8 (64, 45, 20, 48) 23.230141473392234 gpu 0
Q round100-s17 9 (8, 21, 68, 64) 21.40355218774668 gpu 1
Q round100-s17 10 (24, 21, 12, 24) 22.997306928962303 gpu 0
Q round100-s17 11 (39, 45, 52, 64) 23.366420145735773 gpu 1
Q round100-s17 12 (63, 45, 12, 64) 20.865086632928637 gpu 0
Q round100-s17 13 (39, 5, 20, 64) 24.986493879451615 gpu 1
Q round100-s17 14 (30, 15, 10, 44) 157.77711216449413 gpu 0
Q round100-s17 15 (68, 46, 50, 1) 47.545348462816335 gpu 1
ROUND 100 n 1696 bestJ 17.544033723717053 best (24, 21, 52, 49) eligible 0 update 0 updates_total 8
Q round101-s17 0 (24, 21, 52, 48) 24.31393186518766 gpu 0
Q round101-s17 1 (64, 45, 28, 62) 19.458077893790225 gpu 1
Q round101-s17 2 (64, 21, 44, 48) 24.657285812028178 gpu 0
Q round101-s17 3 (64, 21, 44, 24) 25.96207733735807 gpu 1
Q round101-s17 4 (39, 45, 68, 63) 23.050816019363992 gpu 0
Q round101-s17 5 (48, 45, 4, 64) 20.587551342868128 gpu 1
Q round101-s17 6 (24, 45, 12, 24) 23.262654933436977 gpu 0
Q round101-s17 7 (24, 21, 52, 24) 23.37505188222259 gpu 1
Q round101-s17 8 (8, 45, 68, 64) 22.179998074469083 gpu 0
Q round101-s17 9 (64, 45, 44, 24) 24.14126869201827 gpu 1
Q round101-s17 10 (39, 21, 68, 64) 22.92857840917691 gpu cache
Q round101-s17 11 (8, 21, 44, 48) 22.381711009332037 gpu 0
Q round101-s17 12 (24, 45, 52, 24) 25.456353633974214 gpu 1
Q round101-s17 13 (8, 45, 44, 48) 21.655078283108637 gpu 0
Q round101-s17 14 (51, 8, 54, 20) 50.25174172232885 gpu 1
Q round101-s17 15 (42, 9, 12, 10) 101.87966324766315 gpu 0
ROUND 101 n 1712 bestJ 17.544033723717053 best (24, 21, 52, 49) eligible 0 update 0 updates_total 8
Q round102-s17 0 (8, 5, 28, 48) 21.319819506348864 gpu 1
Q round102-s17 1 (64, 45, 68, 39) 19.941428597466857 gpu 0
Q round102-s17 2 (39, 45, 68, 64) 21.08439517687236 gpu 1
Q round102-s17 3 (39, 21, 20, 24) 26.16899787552727 gpu 0
Q round102-s17 4 (39, 45, 20, 24) 23.282288355480265 gpu 1
Q round102-s17 5 (63, 21, 20, 24) 23.936654466896595 gpu 0
Q round102-s17 6 (39, 5, 28, 24) 20.608202430611495 gpu 1
Q round102-s17 7 (64, 45, 4, 62) 22.97588951634479 gpu 0
Q round102-s17 8 (39, 21, 44, 24) 24.665184263595265 gpu 1
Q round102-s17 9 (63, 45, 20, 24) 21.079578318552702 gpu 0
Q round102-s17 10 (39, 45, 44, 24) 22.654612711932874 gpu 1
Q round102-s17 11 (63, 21, 44, 24) 23.493789692353694 gpu 0
Q round102-s17 12 (24, 21, 68, 48) 21.866679448887393 gpu 1
Q round102-s17 13 (63, 45, 44, 24) 22.125480413020203 gpu 0
Q round102-s17 14 (15, 9, 54, 0) 103.10240525348476 gpu 1
Q round102-s17 15 (7, 9, 53, 59) 93.75453302360935 gpu 0
ROUND 102 n 1728 bestJ 17.544033723717053 best (24, 21, 52, 49) eligible 0 update 0 updates_total 8
Q round103-s17 0 (8, 5, 52, 24) 22.179760869499386 gpu 1
Q round103-s17 1 (48, 21, 20, 24) 20.746147916085704 gpu 0
Q round103-s17 2 (39, 5, 12, 24) 23.287687513355163 gpu 1
Q round103-s17 3 (8, 21, 20, 24) 27.13351743952637 gpu 0
Q round103-s17 4 (24, 45, 68, 48) 25.826788296884143 gpu 1
Q round103-s17 5 (48, 45, 20, 24) 22.433771909490932 gpu 0
Q round103-s17 6 (8, 45, 20, 24) 23.957039094267483 gpu 1
Q round103-s17 7 (64, 21, 4, 48) 25.95179003987357 gpu 0
Q round103-s17 8 (39, 5, 52, 24) 22.40021054428354 gpu 1
Q round103-s17 9 (64, 45, 4, 48) 23.737013614849502 gpu 0
Q round103-s17 10 (24, 21, 68, 24) 21.161445000722754 gpu 1
Q round103-s17 11 (63, 5, 68, 63) 22.3426976364314 gpu cache
Q round103-s17 12 (48, 21, 44, 24) 21.90622199272674 gpu 0
Q round103-s17 13 (63, 21, 4, 64) 24.10648417172743 gpu cache
Q round103-s17 14 (45, 31, 56, 19) 105.54893821751077 gpu 1
Q round103-s17 15 (24, 52, 62, 27) 93.11151741160417 gpu 0
ROUND 103 n 1744 bestJ 17.544033723717053 best (24, 21, 52, 49) eligible 0 update 0 updates_total 8
Q round104-s17 0 (63, 45, 4, 64) 22.308562203244893 gpu 1
Q round104-s17 1 (8, 21, 44, 24) 25.562183113089528 gpu 0
Q round104-s17 2 (24, 45, 68, 24) 24.59711598000446 gpu 1
Q round104-s17 3 (48, 45, 44, 24) 22.828299905068963 gpu 0
Q round104-s17 4 (39, 21, 20, 48) 24.026981445585367 gpu 1
Q round104-s17 5 (8, 45, 44, 24) 23.230507465602614 gpu 0
Q round104-s17 6 (24, 13, 4, 63) 24.67279245349907 gpu 1
Q round104-s17 7 (39, 21, 4, 64) 24.416958147463 gpu 0
Q round104-s17 8 (39, 45, 4, 64) 23.170254552978072 gpu 1
Q round104-s17 9 (39, 45, 20, 48) 21.435075824575346 gpu cache
Q round104-s17 10 (63, 5, 20, 24) 24.010409750015874 gpu 0
Q round104-s17 11 (63, 5, 28, 24) 21.207969324976936 gpu 1
Q round104-s17 12 (39, 21, 44, 48) 24.80264722732325 gpu 0
Q round104-s17 13 (39, 5, 20, 24) 25.36629715368156 gpu 1
Q round104-s17 14 (34, 36, 24, 11) 380.11785254096304 gpu 0
Q round104-s17 15 (10, 19, 64, 36) 733.1495006354756 gpu 1
TRIGGER_UPDATE 104 1760 ['stagnation', 'eligible_collapse'] {"new_labels_since_update": 256, "evals_since_best": 868, "recent_n": 128, "recent_spearman": 0.3589200695843252, "recent_high_uncertainty_fraction": 0.0625, "sigma_ref_p90": 0.09267174378037453, "eligible_pool": 0, "eligible_floor": 120}
ROUND 104 n 1760 bestJ 17.544033723717053 best (24, 21, 52, 49) eligible 0 update 1 updates_total 9
Q round105-s17 0 (63, 45, 52, 63) 26.17212088686272 gpu 0
Q round105-s17 1 (63, 21, 68, 63) 21.86067782449724 gpu 1
Q round105-s17 2 (63, 45, 68, 63) 24.45668605988442 gpu cache
Q round105-s17 3 (63, 21, 68, 64) 19.937916262468967 gpu 0
Q round105-s17 4 (63, 45, 68, 64) 23.538133119131043 gpu 1
Q round105-s17 5 (48, 21, 12, 39) 23.19970176177456 gpu 0
Q round105-s17 6 (48, 45, 12, 39) 25.66644147253325 gpu 1
Q round105-s17 7 (64, 21, 68, 63) 20.714703931261027 gpu 0
Q round105-s17 8 (64, 45, 68, 63) 19.99503724845717 gpu 1
Q round105-s17 9 (48, 45, 12, 64) 23.70676251673815 gpu 0
Q round105-s17 10 (48, 21, 28, 39) 23.630774269273736 gpu 1
Q round105-s17 11 (48, 21, 52, 64) 24.003719743654607 gpu 0
Q round105-s17 12 (48, 45, 28, 39) 27.116996725345945 gpu 1
Q round105-s17 13 (48, 45, 52, 64) 26.865791955901592 gpu 0
Q round105-s17 14 (12, 23, 25, 42) 67.85317927574583 gpu 1
Q round105-s17 15 (46, 66, 71, 53) 103.91859443154027 gpu 0
ROUND 105 n 1776 bestJ 17.544033723717053 best (24, 21, 52, 49) eligible 0 update 0 updates_total 9
Q round106-s17 0 (48, 21, 68, 64) 23.155651842045362 gpu 1
Q round106-s17 1 (39, 21, 52, 48) 23.874825308857435 gpu 0
Q round106-s17 2 (48, 45, 68, 64) 26.69218089101464 gpu 1
Q round106-s17 3 (39, 45, 52, 48) 26.06670743684615 gpu 0
Q round106-s17 4 (39, 21, 28, 48) 22.052215138739665 gpu 1
Q round106-s17 5 (39, 45, 28, 48) 24.755342295143127 gpu 0
Q round106-s17 6 (8, 21, 28, 48) 22.342659862809683 gpu 1
Q round106-s17 7 (39, 21, 12, 48) 22.104973948364485 gpu 0
Q round106-s17 8 (39, 21, 52, 24) 21.7371191706433 gpu 1
Q round106-s17 9 (39, 21, 68, 48) 22.917395056259746 gpu 0
Q round106-s17 10 (39, 45, 52, 24) 24.791228320026143 gpu 1
Q round106-s17 11 (63, 21, 28, 48) 23.72598935435896 gpu 0
Q round106-s17 12 (63, 21, 52, 48) 25.935620042978634 gpu 1
Q round106-s17 13 (63, 45, 28, 48) 25.783769700699583 gpu 0
Q round106-s17 14 (25, 38, 13, 40) 113.46140451333426 gpu 1
Q round106-s17 15 (30, 28, 46, 16) 69.0793147782828 gpu 0
ROUND 106 n 1792 bestJ 17.544033723717053 best (24, 21, 52, 49) eligible 0 update 0 updates_total 9
Q round107-s17 0 (8, 45, 28, 48) 24.84628146740243 gpu 1
Q round107-s17 1 (39, 45, 68, 48) 24.818096848648512 gpu 0
Q round107-s17 2 (39, 21, 28, 24) 22.117340675281156 gpu 1
Q round107-s17 3 (39, 45, 28, 24) 22.63867749734536 gpu 0
Q round107-s17 4 (63, 45, 52, 48) 27.908300010555806 gpu 1
Q round107-s17 5 (39, 5, 36, 64) 28.397942405653108 gpu 0
Q round107-s17 6 (8, 21, 52, 48) 23.812609715104944 gpu 1
Q round107-s17 7 (63, 21, 12, 48) 22.769422336475785 gpu 0
Q round107-s17 8 (64, 21, 28, 48) 20.79959819681287 gpu 1
Q round107-s17 9 (63, 45, 12, 48) 25.17745520423 gpu 0
Q round107-s17 10 (39, 5, 68, 48) 22.20562394999026 gpu 1
Q round107-s17 11 (63, 21, 52, 24) 23.777965740992848 gpu 0
Q round107-s17 12 (63, 21, 28, 24) 22.120612694804596 gpu 1
Q round107-s17 13 (64, 45, 28, 48) 22.720167315498202 gpu 0
Q round107-s17 14 (69, 41, 13, 5) 157.8823739383527 gpu 1
Q round107-s17 15 (6, 46, 58, 11) 163.36416289038485 gpu 0
ROUND 107 n 1808 bestJ 17.544033723717053 best (24, 21, 52, 49) eligible 0 update 0 updates_total 9
Q round108-s17 0 (39, 45, 12, 48) 23.53071457828988 gpu 1
Q round108-s17 1 (63, 45, 28, 24) 25.097398829512475 gpu cache
Q round108-s17 2 (63, 45, 52, 24) 26.877165118415263 gpu 0
Q round108-s17 3 (8, 45, 52, 48) 25.585001648828793 gpu 1
Q round108-s17 4 (63, 5, 52, 24) 24.353364788058954 gpu 0
Q round108-s17 5 (63, 21, 68, 48) 23.838210350950842 gpu 1
Q round108-s17 6 (63, 5, 28, 48) 23.347996105293507 gpu 0
Q round108-s17 7 (63, 45, 68, 48) 26.930404720590513 gpu 1
Q round108-s17 8 (39, 21, 68, 24) 21.233160380894574 gpu 0
Q round108-s17 9 (63, 5, 68, 48) 24.48383769984434 gpu 1
Q round108-s17 10 (8, 21, 12, 48) 21.3724032985827 gpu 0
Q round108-s17 11 (39, 5, 60, 64) 27.538481850970545 gpu 1
Q round108-s17 12 (8, 45, 12, 48) 23.674145254774984 gpu 0
Q round108-s17 13 (63, 5, 12, 48) 24.30435025640363 gpu 1
Q round108-s17 14 (31, 43, 1, 61) 46.06477630847885 gpu 0
Q round108-s17 15 (48, 71, 70, 64) 101.61836126505231 gpu 1
ROUND 108 n 1824 bestJ 17.544033723717053 best (24, 21, 52, 49) eligible 0 update 0 updates_total 9
Q round109-s17 0 (39, 45, 68, 24) 23.628373180620365 gpu 0
Q round109-s17 1 (64, 21, 52, 48) 20.93549046738404 gpu 1
Q round109-s17 2 (63, 21, 68, 24) 22.141715313785365 gpu 0
Q round109-s17 3 (39, 5, 68, 24) 21.410827777489676 gpu 1
Q round109-s17 4 (63, 45, 68, 24) 24.473727011154416 gpu 0
Q round109-s17 5 (64, 45, 52, 48) 23.23541285042192 gpu 1
Q round109-s17 6 (8, 21, 68, 48) 22.071621030075107 gpu 0
Q round109-s17 7 (63, 5, 68, 24) 21.737058949145084 gpu cache
Q round109-s17 8 (64, 45, 52, 24) 22.89461135169605 gpu 1
Q round109-s17 9 (8, 21, 28, 24) 21.755851035131876 gpu 0
Q round109-s17 10 (63, 5, 36, 64) 28.778135555215247 gpu 1
Q round109-s17 11 (48, 21, 12, 63) 22.968091474520584 gpu 0
Q round109-s17 12 (39, 5, 36, 39) 28.640143186218367 gpu 1
Q round109-s17 13 (8, 45, 28, 24) 23.253724495769294 gpu 0
Q round109-s17 14 (60, 9, 66, 61) 64.77788793444178 gpu 1
Q round109-s17 15 (12, 56, 66, 6) 49.322987592178244 gpu 0
ROUND 109 n 1840 bestJ 17.544033723717053 best (24, 21, 52, 49) eligible 0 update 0 updates_total 9
Q round110-s17 0 (8, 45, 68, 48) 25.11652805101735 gpu 1
Q round110-s17 1 (64, 21, 68, 48) 21.465661491649623 gpu 0
Q round110-s17 2 (8, 21, 52, 24) 22.3879069854396 gpu 1
Q round110-s17 3 (48, 45, 12, 63) 25.931219840791968 gpu 0
Q round110-s17 4 (63, 21, 12, 24) 23.256797314598725 gpu 1
Q round110-s17 5 (64, 21, 12, 24) 25.049799955542383 gpu 0
Q round110-s17 6 (63, 45, 12, 24) 23.994385458252747 gpu 1
Q round110-s17 7 (48, 21, 44, 48) 22.17945336895819 gpu 0
Q round110-s17 8 (63, 45, 20, 48) 21.16487055144232 gpu 1
Q round110-s17 9 (64, 45, 12, 24) 22.510597747229973 gpu 0
Q round110-s17 10 (63, 21, 20, 48) 22.92758313536559 gpu 1
Q round110-s17 11 (48, 45, 44, 48) 25.095065843153503 gpu 0
Q round110-s17 12 (64, 21, 68, 24) 24.026181230511156 gpu 1
Q round110-s17 13 (64, 45, 68, 48) 21.89323102111928 gpu 0
Q round110-s17 14 (17, 71, 11, 57) 83.69619429977516 gpu 1
Q round110-s17 15 (3, 26, 26, 0) 85.0654936701382 gpu 0
ROUND 110 n 1856 bestJ 17.544033723717053 best (24, 21, 52, 49) eligible 0 update 0 updates_total 9
Q round111-s17 0 (39, 21, 12, 24) 23.84611813151997 gpu 1
Q round111-s17 1 (39, 45, 12, 24) 22.90990042156587 gpu 0
Q round111-s17 2 (8, 45, 52, 24) 24.97426461460072 gpu 1
Q round111-s17 3 (64, 45, 68, 24) 21.941680819198456 gpu 0
Q round111-s17 4 (63, 45, 44, 48) 23.171772017486475 gpu 1
Q round111-s17 5 (63, 21, 44, 48) 22.732673184431988 gpu cache
Q round111-s17 6 (39, 45, 44, 48) 21.599452395901963 gpu 0
Q round111-s17 7 (63, 5, 60, 64) 29.444733234880257 gpu 1
Q round111-s17 8 (48, 21, 52, 39) 24.85216842800381 gpu 0
Q round111-s17 9 (24, 5, 36, 64) 28.024919237110232 gpu 1
Q round111-s17 10 (64, 5, 68, 48) 21.82248492513236 gpu 0
Q round111-s17 11 (48, 21, 68, 39) 23.267172385642834 gpu 1
Q round111-s17 12 (63, 5, 12, 24) 21.69039585486509 gpu cache
Q round111-s17 13 (8, 5, 68, 24) 21.457680411177677 gpu 0
Q round111-s17 14 (71, 67, 27, 28) 139.15253197756618 gpu 1
Q round111-s17 15 (20, 27, 10, 19) 120.75485821278149 gpu 0
ROUND 111 n 1872 bestJ 17.544033723717053 best (24, 21, 52, 49) eligible 0 update 0 updates_total 9
Q round112-s17 0 (39, 5, 60, 39) 28.162710199551082 gpu 1
Q round112-s17 1 (48, 45, 68, 39) 27.126353490667576 gpu 0
Q round112-s17 2 (39, 21, 36, 64) 28.831891537291085 gpu 1
Q round112-s17 3 (8, 21, 68, 24) 22.05116890359147 gpu 0
Q round112-s17 4 (48, 21, 28, 24) 23.82068302752107 gpu 1
Q round112-s17 5 (24, 5, 60, 64) 27.981002944292413 gpu 0
Q round112-s17 6 (39, 45, 36, 64) 29.853151061046233 gpu 1
Q round112-s17 7 (48, 21, 28, 63) 24.70659312809584 gpu 0
Q round112-s17 8 (48, 45, 28, 24) 27.502824609807124 gpu 1
Q round112-s17 9 (8, 21, 12, 24) 22.761543404321593 gpu 0
Q round112-s17 10 (63, 5, 20, 48) 22.590841871778764 gpu 1
Q round112-s17 11 (63, 5, 44, 48) 21.992916111040206 gpu 0
Q round112-s17 12 (8, 45, 12, 24) 22.964930592359636 gpu 1
Q round112-s17 13 (48, 21, 4, 48) 21.827478977857464 gpu 0
Q round112-s17 14 (66, 34, 0, 56) 135.55427930304944 gpu 1
Q round112-s17 15 (16, 43, 40, 51) 852.4624900232781 gpu 0
ROUND 112 n 1888 bestJ 17.544033723717053 best (24, 21, 52, 49) eligible 0 update 0 updates_total 9
Q round113-s17 0 (8, 45, 68, 24) 24.264222121386705 gpu 1
Q round113-s17 1 (48, 45, 4, 48) 23.73221586769564 gpu 0
Q round113-s17 2 (48, 5, 28, 24) 24.11387914957794 gpu 1
Q round113-s17 3 (48, 45, 28, 63) 27.746499139715095 gpu 0
Q round113-s17 4 (48, 21, 12, 24) 23.672043300611275 gpu 1
Q round113-s17 5 (48, 21, 12, 48) 24.526027006321904 gpu 0
Q round113-s17 6 (48, 21, 28, 38) 22.992574629769727 gpu 1
Q round113-s17 7 (48, 45, 12, 24) 25.912496185076048 gpu 0
Q round113-s17 8 (48, 21, 28, 48) 25.742031323693684 gpu 1
Q round113-s17 9 (39, 5, 20, 48) 23.654896740778508 gpu 0
Q round113-s17 10 (48, 45, 12, 48) 27.303756943296197 gpu 1
Q round113-s17 11 (48, 45, 28, 38) 27.044467658969896 gpu 0
Q round113-s17 12 (39, 21, 60, 64) 27.64943912064641 gpu 1
Q round113-s17 13 (39, 5, 44, 48) 23.714741606331316 gpu 0
Q round113-s17 14 (47, 14, 20, 24) 108.34169516188884 gpu 1
Q round113-s17 15 (51, 40, 56, 65) 43.98602518435874 gpu 0
ROUND 113 n 1904 bestJ 17.544033723717053 best (24, 21, 52, 49) eligible 0 update 0 updates_total 9
Q round114-s17 0 (48, 5, 12, 24) 23.761568199513288 gpu 1
Q round114-s17 1 (63, 21, 36, 64) 29.59481621272378 gpu 0
Q round114-s17 2 (39, 45, 60, 64) 29.282773700182663 gpu 1
Q round114-s17 3 (63, 45, 4, 48) 21.801712215596613 gpu 0
Q round114-s17 4 (63, 21, 4, 48) 23.345782266821317 gpu 1
Q round114-s17 5 (48, 21, 52, 24) 25.92015537964359 gpu 0
Q round114-s17 6 (63, 45, 36, 64) 31.035007185468302 gpu 1
Q round114-s17 7 (48, 5, 52, 24) 25.47251229002115 gpu 0
Q round114-s17 8 (48, 5, 12, 63) 23.502721928646615 gpu 1
Q round114-s17 9 (39, 45, 4, 48) 21.998084569817298 gpu 0
Q round114-s17 10 (39, 21, 4, 48) 23.77880077717466 gpu 1
Q round114-s17 11 (48, 5, 4, 48) 20.972669379854793 gpu 0
Q round114-s17 12 (48, 21, 68, 24) 24.590284217708017 gpu 1
Q round114-s17 13 (48, 5, 68, 24) 23.838792935396842 gpu 0
Q round114-s17 14 (61, 5, 66, 11) 119.57274864405935 gpu 1
Q round114-s17 15 (56, 45, 13, 16) 40.35377909629811 gpu 0
ROUND 114 n 1920 bestJ 17.544033723717053 best (24, 21, 52, 49) eligible 0 update 0 updates_total 9
Q round115-s17 0 (48, 45, 28, 48) 28.18626376105554 gpu 1
Q round115-s17 1 (8, 5, 36, 64) 27.734387989942658 gpu 0
Q round115-s17 2 (48, 45, 52, 24) 28.176832316810625 gpu 1
Q round115-s17 3 (63, 5, 36, 39) 28.974365077734298 gpu 0
Q round115-s17 4 (38, 5, 28, 63) 22.61128457380624 gpu 1
Q round115-s17 5 (64, 13, 4, 39) 19.93421339784652 gpu 0
Q round115-s17 6 (8, 5, 60, 64) 26.912823736124444 gpu 1
Q round115-s17 7 (39, 21, 36, 39) 28.610352651053155 gpu 0
Q round115-s17 8 (48, 5, 12, 48) 24.975345854318284 gpu 1
Q round115-s17 9 (38, 5, 52, 39) 22.404392943524098 gpu 0
Q round115-s17 10 (63, 45, 4, 62) 21.268780240001114 gpu 1
Q round115-s17 11 (63, 21, 60, 64) 28.71342712487872 gpu 0
Q round115-s17 12 (62, 5, 52, 39) 23.569037925916334 gpu 1
Q round115-s17 13 (63, 21, 4, 62) 22.130145252043597 gpu 0
Q round115-s17 14 (36, 33, 57, 13) 32.945866311328125 gpu 1
Q round115-s17 15 (6, 7, 42, 63) 208.79166940120376 gpu 0
ROUND 115 n 1936 bestJ 17.544033723717053 best (24, 21, 52, 49) eligible 0 update 0 updates_total 9
Q round116-s17 0 (48, 45, 68, 24) 27.306948735644916 gpu 1
Q round116-s17 1 (38, 5, 12, 63) 22.442166315692607 gpu 0
Q round116-s17 2 (38, 5, 52, 63) 21.695836297905686 gpu 1
Q round116-s17 3 (62, 5, 28, 63) 22.178812674348272 gpu 0
Q round116-s17 4 (38, 5, 68, 39) 23.402800463225617 gpu 1
Q round116-s17 5 (38, 5, 28, 39) 23.68266765118815 gpu 0
Q round116-s17 6 (48, 5, 28, 48) 25.621601067103338 gpu cache
Q round116-s17 7 (39, 5, 36, 63) 28.320939772093443 gpu 1
Q round116-s17 8 (62, 5, 68, 39) 22.22952168283216 gpu 0
Q round116-s17 9 (48, 5, 44, 24) 21.593076987953975 gpu 1
Q round116-s17 10 (48, 5, 68, 39) 23.612481094700605 gpu 0
Q round116-s17 11 (64, 5, 4, 48) 25.046468034704308 gpu 1
Q round116-s17 12 (39, 5, 36, 24) 29.45113713654363 gpu 0
Q round116-s17 13 (62, 5, 52, 63) 24.900203882988762 gpu 1
Q round116-s17 14 (33, 59, 41, 59) 285.14716142756845 gpu 0
Q round116-s17 15 (57, 66, 31, 42) 73.34335379832285 gpu 1
ROUND 116 n 1952 bestJ 17.544033723717053 best (24, 21, 52, 49) eligible 0 update 0 updates_total 9
Q round117-s17 0 (62, 5, 28, 39) 22.942018090976408 gpu 0
Q round117-s17 1 (38, 5, 68, 63) 23.874543894540082 gpu 1
Q round117-s17 2 (39, 45, 4, 62) 21.386427694706224 gpu 0
Q round117-s17 3 (39, 45, 36, 39) 30.715038153657375 gpu 1
Q round117-s17 4 (63, 45, 60, 64) 30.749968660868394 gpu 0
Q round117-s17 5 (62, 5, 12, 63) 23.37738654234791 gpu 1
Q round117-s17 6 (38, 5, 12, 39) 23.02872018564491 gpu 0
Q round117-s17 7 (39, 21, 4, 62) 23.29642824213197 gpu 1
Q round117-s17 8 (64, 5, 36, 64) 26.194233658793102 gpu 0
Q round117-s17 9 (39, 21, 52, 65) 23.325571721722213 gpu 1
Q round117-s17 10 (24, 45, 28, 65) 24.03004736174637 gpu 0
Q round117-s17 11 (62, 5, 12, 39) 23.34101533426153 gpu 1
Q round117-s17 12 (63, 5, 4, 48) 23.19964681338283 gpu 0
Q round117-s17 13 (62, 5, 68, 63) 21.89538200713832 gpu 1
Q round117-s17 14 (25, 43, 39, 59) 424.68181529269606 gpu 0
Q round117-s17 15 (44, 66, 45, 69) 116.86157327727182 gpu 1
ROUND 117 n 1968 bestJ 17.544033723717053 best (24, 21, 52, 49) eligible 0 update 0 updates_total 9
Q round118-s17 0 (39, 45, 52, 65) 22.991618094723197 gpu 0
Q round118-s17 1 (24, 21, 28, 65) 25.688803015007807 gpu 1
Q round118-s17 2 (63, 5, 4, 64) 23.66571667065948 gpu 0
Q round118-s17 3 (39, 45, 4, 38) 21.995365479296108 gpu 1
Q round118-s17 4 (63, 5, 60, 39) 28.501340183810004 gpu 0
Q round118-s17 5 (64, 13, 4, 63) 20.997070257058937 gpu 1
Q round118-s17 6 (39, 21, 4, 38) 23.785741025549555 gpu 0
Q round118-s17 7 (48, 21, 52, 48) 27.906005710051488 gpu 1
Q round118-s17 8 (24, 21, 68, 65) 25.412494370386614 gpu 0
Q round118-s17 9 (24, 45, 68, 65) 24.606252460098773 gpu 1
Q round118-s17 10 (63, 21, 52, 65) 22.685812457333306 gpu 0
Q round118-s17 11 (63, 45, 52, 65) 21.195859898287523 gpu 1
Q round118-s17 12 (38, 5, 52, 64) 22.71698135642346 gpu 0
Q round118-s17 13 (24, 21, 36, 64) 28.78154941222133 gpu 1
Q round118-s17 14 (0, 5, 23, 4) 45.84099378527731 gpu 0
Q round118-s17 15 (71, 66, 32, 56) 78.06847722562432 gpu 1
ROUND 118 n 1984 bestJ 17.544033723717053 best (24, 21, 52, 49) eligible 0 update 0 updates_total 9
Q round119-s17 0 (39, 5, 60, 24) 28.969283585790457 gpu 0
Q round119-s17 1 (38, 5, 28, 64) 23.23802930380311 gpu 1
Q round119-s17 2 (48, 21, 68, 48) 26.42727256529122 gpu 0
Q round119-s17 3 (48, 45, 52, 48) 29.087134968392675 gpu 1
Q round119-s17 4 (64, 13, 20, 39) 19.216120264309875 gpu 0
Q round119-s17 5 (62, 5, 52, 64) 21.476170980126838 gpu 1
Q round119-s17 6 (62, 5, 28, 64) 23.260083514528997 gpu 0
Q round119-s17 7 (38, 5, 68, 64) 22.675685257051693 gpu 1
Q round119-s17 8 (63, 5, 44, 24) 22.553729221956292 gpu 0
Q round119-s17 9 (64, 5, 52, 8) 23.025010691684574 gpu 1
Q round119-s17 10 (38, 21, 52, 39) 22.890253507868813 gpu 0
Q round119-s17 11 (24, 5, 36, 39) 29.08594656219167 gpu 1
Q round119-s17 12 (39, 5, 4, 64) 23.91625738564977 gpu 0
Q round119-s17 13 (48, 5, 52, 8) 22.962458517510562 gpu 1
Q round119-s17 14 (64, 6, 2, 63) 150.30286289934247 gpu 0
Q round119-s17 15 (25, 42, 53, 11) 252.83045715973054 gpu 1
ROUND 119 n 2000 bestJ 17.544033723717053 best (24, 21, 52, 49) eligible 0 update 0 updates_total 9
Q round120-s17 0 (38, 21, 52, 63) 21.443115750505523 gpu 0
Q round120-s17 1 (48, 45, 68, 48) 28.295545464226652 gpu 1
Q round120-s17 2 (24, 45, 36, 64) 31.25272082873087 gpu 0
Q round120-s17 3 (48, 5, 28, 63) 24.920063653105714 gpu 1
Q round120-s17 4 (39, 21, 52, 49) 22.54824021699922 gpu 0
Q round120-s17 5 (39, 21, 60, 39) 27.49278098936055 gpu 1
Q round120-s17 6 (62, 21, 52, 39) 22.478051112739834 gpu 0
Q round120-s17 7 (62, 5, 68, 64) 22.928908328325385 gpu 1
Q round120-s17 8 (38, 45, 52, 39) 25.251874638127855 gpu 0
Q round120-s17 9 (64, 21, 52, 65) 24.416829354945698 gpu 1
Q round120-s17 10 (64, 5, 60, 64) 24.448108623189665 gpu 0
Q round120-s17 11 (39, 45, 52, 49) 20.001322134630396 gpu 1
Q round120-s17 12 (48, 45, 4, 24) 22.900545640604356 gpu 0
Q round120-s17 13 (64, 45, 52, 65) 23.761752198046356 gpu 1
Q round120-s17 14 (50, 41, 11, 68) 116.31026457847027 gpu 0
Q round120-s17 15 (4, 2, 36, 43) 106.10967070129065 gpu 1
TRIGGER_UPDATE 120 2016 ['stagnation', 'eligible_collapse'] {"new_labels_since_update": 256, "evals_since_best": 1124, "recent_n": 128, "recent_spearman": 0.27065784654825126, "recent_high_uncertainty_fraction": 0.046875, "sigma_ref_p90": 0.08358602598309518, "eligible_pool": 0, "eligible_floor": 120}
ROUND 120 n 2016 bestJ 17.544033723717053 best (24, 21, 52, 49) eligible 0 update 1 updates_total 10
Q round121-s17 0 (48, 13, 4, 39) 25.910988731018968 gpu 0
Q round121-s17 1 (48, 13, 4, 63) 27.529797360495643 gpu 1
Q round121-s17 2 (63, 13, 4, 39) 24.164172192488646 gpu 0
Q round121-s17 3 (63, 13, 4, 63) 24.979685275567576 gpu 1
Q round121-s17 4 (39, 13, 4, 63) 22.547608941865946 gpu 0
Q round121-s17 5 (39, 13, 4, 39) 23.109772972053825 gpu 1
Q round121-s17 6 (62, 21, 52, 63) 24.424136672549803 gpu 0
Q round121-s17 7 (62, 45, 52, 63) 27.601086206827127 gpu 1
Q round121-s17 8 (38, 45, 52, 63) 25.768879030988444 gpu 0
Q round121-s17 9 (62, 45, 52, 39) 26.68342834805659 gpu 1
Q round121-s17 10 (64, 13, 20, 63) 20.566623276402368 gpu 0
Q round121-s17 11 (64, 13, 44, 39) 21.07775432499086 gpu 1
Q round121-s17 12 (62, 21, 28, 63) 21.928827134742978 gpu 0
Q round121-s17 13 (48, 21, 28, 62) 24.141883626106488 gpu 1
Q round121-s17 14 (61, 52, 37, 8) 90.37320949453367 gpu 0
Q round121-s17 15 (52, 4, 23, 53) 50.4716864566276 gpu 1
ROUND 121 n 2032 bestJ 17.544033723717053 best (24, 21, 52, 49) eligible 0 update 0 updates_total 10
Q round122-s17 0 (38, 21, 28, 63) 23.06409515266623 gpu 0
Q round122-s17 1 (62, 45, 28, 63) 26.763435858625993 gpu 1
Q round122-s17 2 (38, 45, 28, 63) 24.25859111601223 gpu 0
Q round122-s17 3 (38, 21, 68, 63) 23.016132635591823 gpu 1
Q round122-s17 4 (62, 21, 68, 63) 21.648326697050184 gpu 0
Q round122-s17 5 (64, 29, 4, 39) 20.780632619896952 gpu 1
Q round122-s17 6 (62, 21, 68, 39) 22.783405871192247 gpu 0
Q round122-s17 7 (62, 21, 28, 39) 23.21524766042179 gpu 1
Q round122-s17 8 (38, 45, 68, 63) 25.586062906046294 gpu 0
Q round122-s17 9 (62, 45, 68, 63) 26.81124156719042 gpu 1
Q round122-s17 10 (48, 45, 28, 62) 26.29493796366333 gpu 0
Q round122-s17 11 (62, 45, 68, 39) 25.056024411045932 gpu 1
Q round122-s17 12 (62, 45, 28, 39) 26.572866136235994 gpu 0
Q round122-s17 13 (38, 21, 68, 39) 23.951812799976437 gpu 1
Q round122-s17 14 (46, 20, 56, 3) 129.10370148099224 gpu 0
Q round122-s17 15 (35, 61, 22, 40) 54.36157514197137 gpu 1
ROUND 122 n 2048 bestJ 17.544033723717053 best (24, 21, 52, 49) eligible 0 update 0 updates_total 10
Q round123-s17 0 (38, 21, 28, 39) 23.401499739650642 gpu 0
Q round123-s17 1 (38, 45, 68, 39) 22.379113820898112 gpu 1
Q round123-s17 2 (38, 45, 28, 39) 21.97704177784811 gpu 0
Q round123-s17 3 (62, 21, 12, 63) 22.92970984437602 gpu 1
Q round123-s17 4 (38, 21, 12, 63) 23.357068597905545 gpu 0
Q round123-s17 5 (62, 45, 12, 63) 23.422986080708863 gpu 1
Q round123-s17 6 (48, 13, 20, 39) 26.49972645654961 gpu 0
Q round123-s17 7 (64, 13, 44, 63) 22.662693772622422 gpu 1
Q round123-s17 8 (38, 45, 12, 63) 21.57540059378165 gpu 0
Q round123-s17 9 (64, 29, 4, 63) 19.8440408127235 gpu 1
Q round123-s17 10 (62, 21, 12, 39) 22.585176918770607 gpu 0
Q round123-s17 11 (64, 13, 4, 64) 20.540276856392534 gpu 1
Q round123-s17 12 (62, 45, 12, 39) 21.504179093576887 gpu 0
Q round123-s17 13 (38, 21, 12, 39) 23.717742870679352 gpu 1
Q round123-s17 14 (65, 53, 16, 65) 63.74610435769077 gpu 0
Q round123-s17 15 (44, 36, 33, 20) 1952.3024734439798 gpu 1
ROUND 123 n 2064 bestJ 17.544033723717053 best (24, 21, 52, 49) eligible 0 update 0 updates_total 10
Q round124-s17 0 (38, 45, 12, 39) 22.92675085876341 gpu 0
Q round124-s17 1 (63, 13, 20, 39) 24.846112953804496 gpu 1
Q round124-s17 2 (24, 13, 4, 64) 23.404313279364484 gpu 0
Q round124-s17 3 (48, 13, 44, 39) 28.56480773735219 gpu 1
Q round124-s17 4 (64, 13, 20, 64) 19.74462402955343 gpu 0
Q round124-s17 5 (39, 13, 20, 39) 22.43390987321636 gpu cache
Q round124-s17 6 (63, 13, 20, 63) 24.473001188533615 gpu 1
Q round124-s17 7 (48, 29, 4, 39) 23.581407492726232 gpu 0
Q round124-s17 8 (39, 13, 20, 63) 23.21596895316207 gpu 1
Q round124-s17 9 (48, 13, 4, 64) 25.469280374532858 gpu 0
Q round124-s17 10 (64, 69, 4, 39) 19.698668096031884 gpu 1
Q round124-s17 11 (63, 13, 44, 39) 25.07934539546939 gpu 0
Q round124-s17 12 (24, 29, 4, 39) 22.30217871013412 gpu 1
Q round124-s17 13 (63, 45, 28, 65) 22.542696878438388 gpu 0
Q round124-s17 14 (22, 20, 4, 66) 354.1349347117845 gpu 1
Q round124-s17 15 (45, 68, 34, 16) 249.8373895923345 gpu 0
TRIGGER_UPDATE 124 2080 ['ranking_degradation'] {"new_labels_since_update": 64, "evals_since_best": 1188, "recent_n": 64, "recent_spearman": 0.243543956043956, "recent_high_uncertainty_fraction": 0.078125, "sigma_ref_p90": 0.06052340753376484, "eligible_pool": 0, "eligible_floor": 120}
ROUND 124 n 2080 bestJ 17.544033723717053 best (24, 21, 52, 49) eligible 0 update 1 updates_total 11
Q round125-s17 0 (48, 5, 68, 63) 25.49739394513441 gpu 1
Q round125-s17 1 (48, 21, 52, 65) 21.46526724397527 gpu 0
Q round125-s17 2 (48, 45, 52, 65) 23.96413494498609 gpu 1
Q round125-s17 3 (64, 21, 52, 49) 22.40100649040276 gpu 0
Q round125-s17 4 (64, 45, 52, 49) 21.640209853785876 gpu 1
Q round125-s17 5 (64, 53, 4, 39) 19.767006721412912 gpu 0
Q round125-s17 6 (64, 69, 4, 63) 19.71996832112807 gpu 1
Q round125-s17 7 (48, 21, 68, 65) 22.683485551052055 gpu 0
Q round125-s17 8 (48, 21, 52, 63) 26.524823734179765 gpu 1
Q round125-s17 9 (48, 29, 4, 63) 25.451000889492587 gpu 0
Q round125-s17 10 (48, 21, 68, 63) 24.91762398345411 gpu 1
Q round125-s17 11 (64, 21, 68, 49) 23.449471459270878 gpu 0
Q round125-s17 12 (48, 45, 28, 65) 21.52791447474551 gpu 1
Q round125-s17 13 (64, 45, 68, 49) 23.11400783875189 gpu 0
Q round125-s17 14 (60, 7, 67, 11) 399.1745681117316 gpu 1
Q round125-s17 15 (41, 60, 8, 21) 51.55551424049462 gpu 0
ROUND 125 n 2096 bestJ 17.544033723717053 best (24, 21, 52, 49) eligible 0 update 0 updates_total 11
Q round126-s17 0 (48, 45, 68, 65) 20.634036598632044 gpu 1
Q round126-s17 1 (48, 21, 28, 65) 22.77535428890354 gpu 0
Q round126-s17 2 (64, 45, 68, 65) 23.46641045540471 gpu 1
Q round126-s17 3 (48, 53, 4, 39) 25.160614895758364 gpu 0
Q round126-s17 4 (63, 13, 44, 63) 25.491998373602687 gpu 1
Q round126-s17 5 (63, 29, 4, 63) 22.68311961409632 gpu 0
Q round126-s17 6 (63, 29, 4, 39) 21.887954138173892 gpu 1
Q round126-s17 7 (64, 21, 68, 65) 26.44397742214791 gpu 0
Q round126-s17 8 (24, 29, 4, 63) 21.458328560883178 gpu 1
Q round126-s17 9 (63, 45, 52, 49) 24.966274023043212 gpu 0
Q round126-s17 10 (63, 21, 52, 49) 22.692203193303843 gpu 1
Q round126-s17 11 (64, 45, 28, 49) 23.08769796790764 gpu 0
Q round126-s17 12 (48, 45, 52, 63) 28.305072170035256 gpu 1
Q round126-s17 13 (39, 29, 4, 63) 21.924351570498747 gpu 0
Q round126-s17 14 (62, 66, 34, 47) 48.70118016075537 gpu 1
Q round126-s17 15 (2, 19, 2, 36) 114.67212786538995 gpu 0
ROUND 126 n 2112 bestJ 17.544033723717053 best (24, 21, 52, 49) eligible 0 update 0 updates_total 11
Q round127-s17 0 (48, 53, 4, 63) 24.942732785928303 gpu 1
Q round127-s17 1 (64, 21, 28, 49) 23.84300178217311 gpu 0
Q round127-s17 2 (48, 45, 68, 63) 27.315758498684488 gpu 1
Q round127-s17 3 (39, 29, 4, 39) 20.00320006974169 gpu 0
Q round127-s17 4 (39, 13, 44, 39) 23.73112680460836 gpu 1
Q round127-s17 5 (48, 69, 4, 39) 24.439297792672118 gpu 0
Q round127-s17 6 (64, 45, 28, 65) 23.496613657978024 gpu 1
Q round127-s17 7 (48, 69, 4, 63) 26.459371742698387 gpu 0
Q round127-s17 8 (64, 21, 28, 65) 26.125237955203833 gpu 1
Q round127-s17 9 (63, 69, 4, 63) 22.653412492093164 gpu 0
Q round127-s17 10 (63, 69, 4, 39) 22.869862921229988 gpu 1
Q round127-s17 11 (63, 53, 4, 39) 22.43694045476763 gpu 0
Q round127-s17 12 (39, 69, 4, 63) 21.73664652273661 gpu 1
Q round127-s17 13 (48, 13, 20, 63) 27.552262461448677 gpu 0
Q round127-s17 14 (29, 32, 71, 59) 82.9874947155248 gpu 1
Q round127-s17 15 (30, 39, 68, 51) 62.42073010426042 gpu 0
ROUND 127 n 2128 bestJ 17.544033723717053 best (24, 21, 52, 49) eligible 0 update 0 updates_total 11
Q round128-s17 0 (39, 13, 44, 63) 24.69273485662667 gpu 1
Q round128-s17 1 (63, 53, 4, 63) 22.766849572176408 gpu 0
Q round128-s17 2 (24, 53, 4, 63) 22.8159904925389 gpu 1
Q round128-s17 3 (24, 69, 4, 63) 24.03831786931338 gpu 0
Q round128-s17 4 (24, 45, 28, 49) 21.984429842098937 gpu 1
Q round128-s17 5 (24, 21, 68, 49) 24.635901897930605 gpu 0
Q round128-s17 6 (24, 45, 68, 49) 23.057762238770167 gpu 1
Q round128-s17 7 (39, 69, 4, 39) 21.044000212413433 gpu 0
Q round128-s17 8 (24, 21, 28, 49) 22.71593220317783 gpu 1
Q round128-s17 9 (48, 21, 28, 49) 20.45368099982667 gpu 0
Q round128-s17 10 (48, 21, 52, 49) 24.25707002527888 gpu 1
Q round128-s17 11 (48, 45, 28, 49) 26.946767146740996 gpu 0
Q round128-s17 12 (24, 69, 4, 39) 23.282027078315068 gpu 1
Q round128-s17 13 (48, 21, 68, 49) 20.54293934760077 gpu 0
Q round128-s17 14 (39, 68, 48, 11) 73.24767763830467 gpu 1
Q round128-s17 15 (13, 29, 2, 59) 129.06116938573584 gpu 0
ROUND 128 n 2144 bestJ 17.544033723717053 best (24, 21, 52, 49) eligible 0 update 0 updates_total 11
Q round129-s17 0 (48, 5, 68, 65) 22.262094030643862 gpu 1
Q round129-s17 1 (48, 13, 44, 63) 28.516911385731717 gpu 0
Q round129-s17 2 (48, 45, 52, 49) 28.441716199434577 gpu 1
Q round129-s17 3 (63, 45, 68, 49) 21.344042188129865 gpu 0
Q round129-s17 4 (64, 29, 20, 39) 19.998064547386818 gpu 1
Q round129-s17 5 (63, 21, 68, 49) 22.256759827295742 gpu 0
Q round129-s17 6 (24, 13, 20, 63) 24.22412130678737 gpu 1
Q round129-s17 7 (63, 45, 28, 49) 21.714212571027236 gpu 0
Q round129-s17 8 (64, 29, 20, 63) 19.966961593252265 gpu 1
Q round129-s17 9 (63, 21, 28, 49) 22.98654040642419 gpu 0
Q round129-s17 10 (64, 29, 44, 39) 19.764527178468164 gpu 1
Q round129-s17 11 (63, 29, 20, 39) 20.886252499263417 gpu cache
Q round129-s17 12 (24, 13, 44, 63) 26.23431497151529 gpu 0
Q round129-s17 13 (64, 29, 44, 63) 20.587862236488302 gpu 1
Q round129-s17 14 (3, 49, 41, 47) 63.91573085553595 gpu 0
Q round129-s17 15 (24, 20, 55, 13) 55.00269173672576 gpu 1
ROUND 129 n 2160 bestJ 17.544033723717053 best (24, 21, 52, 49) eligible 0 update 0 updates_total 11
Q round130-s17 0 (48, 45, 68, 49) 28.387975459184307 gpu 0
Q round130-s17 1 (39, 5, 28, 0) 22.12236642082255 gpu cache
Q round130-s17 2 (39, 5, 52, 0) 22.941707921626342 gpu 1
Q round130-s17 3 (63, 29, 20, 63) 22.96194033370006 gpu cache
Q round130-s17 4 (39, 29, 20, 63) 21.270759386684478 gpu 0
Q round130-s17 5 (39, 21, 68, 49) 24.098827815117875 gpu 1
Q round130-s17 6 (48, 5, 28, 65) 23.388540579287763 gpu 0
Q round130-s17 7 (39, 29, 20, 39) 19.98209047136952 gpu 1
Q round130-s17 8 (39, 45, 28, 49) 21.427494451145666 gpu 0
Q round130-s17 9 (64, 13, 44, 64) 20.17052416609607 gpu 1
Q round130-s17 10 (63, 29, 44, 39) 23.30609517091915 gpu 0
Q round130-s17 11 (39, 21, 28, 49) 23.373700680863553 gpu 1
Q round130-s17 12 (63, 5, 28, 0) 23.868703065813765 gpu cache
Q round130-s17 13 (48, 45, 12, 49) 24.511793836240546 gpu 0
Q round130-s17 14 (57, 20, 11, 0) 85.71298809131697 gpu 1
Q round130-s17 15 (24, 57, 15, 58) 143.98273765965962 gpu 0
ROUND 130 n 2176 bestJ 17.544033723717053 best (24, 21, 52, 49) eligible 0 update 0 updates_total 11
Q round131-s17 0 (39, 5, 28, 16) 21.53503795798451 gpu cache
Q round131-s17 1 (39, 5, 68, 0) 22.227023326876324 gpu 1
Q round131-s17 2 (63, 29, 44, 63) 25.6127204036789 gpu 0
Q round131-s17 3 (48, 21, 12, 49) 21.86625744434026 gpu 1
Q round131-s17 4 (48, 5, 68, 49) 21.000751353786082 gpu 0
Q round131-s17 5 (39, 5, 12, 0) 22.22097355514415 gpu cache
Q round131-s17 6 (39, 29, 44, 39) 21.984431901317148 gpu 1
Q round131-s17 7 (64, 29, 4, 64) 22.73795586863435 gpu 0
Q round131-s17 8 (63, 13, 20, 64) 23.005554827414535 gpu 1
Q round131-s17 9 (64, 5, 28, 49) 24.18978971944144 gpu 0
Q round131-s17 10 (48, 45, 12, 65) 21.960082997826785 gpu 1
Q round131-s17 11 (63, 21, 68, 65) 24.901614836791694 gpu 0
Q round131-s17 12 (48, 29, 20, 39) 23.680749701142627 gpu 1
Q round131-s17 13 (64, 53, 20, 63) 19.365286987499296 gpu 0
Q round131-s17 14 (28, 6, 5, 68) 67.1044351971329 gpu 1
Q round131-s17 15 (13, 38, 10, 34) 728.8851438293652 gpu 0
ROUND 131 n 2192 bestJ 17.544033723717053 best (24, 21, 52, 49) eligible 0 update 0 updates_total 11
Q round132-s17 0 (64, 53, 4, 63) 20.183120792890907 gpu 1
Q round132-s17 1 (64, 53, 4, 64) 21.90982304197062 gpu 0
Q round132-s17 2 (63, 13, 4, 64) 22.512180574239284 gpu 1
Q round132-s17 3 (39, 13, 20, 64) 21.02483175760234 gpu 0
Q round132-s17 4 (24, 13, 20, 64) 23.53477389997584 gpu 1
Q round132-s17 5 (48, 21, 12, 65) 23.72539807744457 gpu 0
Q round132-s17 6 (24, 5, 12, 0) 23.56639979009121 gpu 1
Q round132-s17 7 (64, 13, 4, 62) 18.85982232886751 gpu 0
Q round132-s17 8 (64, 53, 20, 39) 20.006904987208454 gpu 1
Q round132-s17 9 (64, 13, 4, 38) 19.206546814537965 gpu 0
Q round132-s17 10 (38, 45, 52, 48) 25.967463600893737 gpu 1
Q round132-s17 11 (48, 5, 28, 49) 22.039069870553384 gpu 0
Q round132-s17 12 (38, 21, 52, 48) 22.344918840024704 gpu 1
Q round132-s17 13 (39, 13, 44, 64) 22.312175569738592 gpu cache
Q round132-s17 14 (49, 65, 64, 38) 86.87870298921318 gpu 0
Q round132-s17 15 (2, 25, 54, 55) 67.73512233709992 gpu 1
ROUND 132 n 2208 bestJ 17.544033723717053 best (24, 21, 52, 49) eligible 0 update 0 updates_total 11
Q round133-s17 0 (39, 53, 4, 63) 21.72464676414056 gpu 0
Q round133-s17 1 (39, 45, 28, 0) 25.155997041375336 gpu cache
Q round133-s17 2 (64, 5, 12, 0) 23.878031802151675 gpu 1
Q round133-s17 3 (39, 5, 52, 16) 21.915420045594015 gpu cache
Q round133-s17 4 (64, 69, 4, 64) 21.698080769307087 gpu 0
Q round133-s17 5 (63, 5, 68, 49) 23.189358694503646 gpu 1
Q round133-s17 6 (64, 45, 12, 49) 23.034638911689576 gpu 0
Q round133-s17 7 (48, 13, 4, 38) 27.04332093266441 gpu 1
Q round133-s17 8 (48, 13, 20, 64) 26.54557268579679 gpu 0
Q round133-s17 9 (64, 69, 20, 63) 19.695799653609733 gpu 1
Q round133-s17 10 (64, 69, 20, 39) 19.08114873994428 gpu 0
Q round133-s17 11 (64, 13, 4, 48) 23.35722409666878 gpu 1
Q round133-s17 12 (64, 21, 12, 49) 23.641967161558508 gpu 0
Q round133-s17 13 (48, 29, 44, 39) 25.482283332077692 gpu 1
Q round133-s17 14 (6, 54, 4, 51) 87.26439428284233 gpu 0
Q round133-s17 15 (21, 27, 20, 5) 106.47581410830834 gpu 1
ROUND 133 n 2224 bestJ 17.544033723717053 best (24, 21, 52, 49) eligible 0 update 0 updates_total 11
Q round134-s17 0 (24, 53, 4, 39) 23.046668625745042 gpu 0
Q round134-s17 1 (39, 29, 44, 63) 23.290954850049634 gpu 1
Q round134-s17 2 (63, 5, 12, 0) 22.68656453456668 gpu cache
Q round134-s17 3 (63, 45, 68, 65) 23.34129908797233 gpu 0
Q round134-s17 4 (63, 5, 28, 16) 23.115467383291886 gpu cache
Q round134-s17 5 (48, 29, 4, 64) 23.75079543982508 gpu 1
Q round134-s17 6 (39, 5, 68, 16) 22.379494037692833 gpu 0
Q round134-s17 7 (64, 21, 12, 0) 23.87296562002756 gpu 1
Q round134-s17 8 (48, 29, 20, 63) 24.775965277432345 gpu 0
Q round134-s17 9 (38, 5, 52, 48) 22.61065415163325 gpu 1
Q round134-s17 10 (62, 45, 52, 64) 24.729559177052867 gpu 0
Q round134-s17 11 (24, 29, 4, 64) 21.108729464449812 gpu 1
Q round134-s17 12 (62, 21, 52, 64) 21.5816979754328 gpu 0
Q round134-s17 13 (63, 21, 28, 65) 24.3791268674923 gpu 1
Q round134-s17 14 (22, 71, 56, 40) 154.0637236668427 gpu 0
Q round134-s17 15 (48, 38, 60, 29) 113.50548183435677 gpu 1
ROUND 134 n 2240 bestJ 17.544033723717053 best (24, 21, 52, 49) eligible 0 update 0 updates_total 11
Q round135-s17 0 (39, 45, 68, 49) 22.3341940605419 gpu 0
Q round135-s17 1 (64, 53, 44, 63) 20.777725921946182 gpu 1
Q round135-s17 2 (63, 53, 4, 64) 22.682410630891912 gpu 0
Q round135-s17 3 (48, 13, 4, 62) 27.690024374804096 gpu 1
Q round135-s17 4 (64, 29, 20, 64) 22.91735485046528 gpu 0
Q round135-s17 5 (39, 45, 68, 65) 23.553312512941677 gpu 1
Q round135-s17 6 (64, 53, 44, 39) 20.086992962200558 gpu 0
Q round135-s17 7 (38, 45, 52, 64) 22.183083779010584 gpu 1
Q round135-s17 8 (63, 13, 4, 48) 26.507249139603463 gpu 0
Q round135-s17 9 (64, 53, 4, 48) 22.51038021015806 gpu 1
Q round135-s17 10 (64, 45, 20, 0) 23.141547441298087 gpu 0
Q round135-s17 11 (38, 21, 52, 64) 21.758792740933153 gpu 1
Q round135-s17 12 (39, 13, 20, 48) 24.96119518204678 gpu 0
Q round135-s17 13 (48, 5, 68, 48) 25.91615406257526 gpu 1
Q round135-s17 14 (48, 64, 14, 20) 97.50842731605901 gpu 0
Q round135-s17 15 (19, 15, 23, 4) 48.771287385403454 gpu 1
ROUND 135 n 2256 bestJ 17.544033723717053 best (24, 21, 52, 49) eligible 0 update 0 updates_total 11
Q round136-s17 0 (39, 21, 28, 0) 23.594641137586642 gpu 0
Q round136-s17 1 (39, 21, 28, 16) 21.87087615462707 gpu 1
Q round136-s17 2 (39, 45, 28, 16) 23.75247047728757 gpu cache
Q round136-s17 3 (63, 5, 12, 16) 22.91723895744923 gpu 0
Q round136-s17 4 (39, 21, 52, 0) 23.411511268818156 gpu 1
Q round136-s17 5 (24, 13, 4, 48) 25.357029579589856 gpu 0
Q round136-s17 6 (64, 45, 12, 0) 23.15539870571346 gpu 1
Q round136-s17 7 (39, 21, 68, 65) 25.232616095197848 gpu 0
Q round136-s17 8 (48, 5, 52, 48) 27.365390507436544 gpu 1
Q round136-s17 9 (64, 69, 44, 39) 18.982082272528526 gpu 0
Q round136-s17 10 (64, 13, 20, 48) 23.187713722713426 gpu 1
Q round136-s17 11 (63, 53, 20, 63) 23.57450504400771 gpu 0
Q round136-s17 12 (64, 69, 44, 63) 20.027187885106787 gpu 1
Q round136-s17 13 (48, 69, 4, 64) 24.293957851751827 gpu 0
Q round136-s17 14 (25, 71, 27, 64) 69.23544536946281 gpu 1
Q round136-s17 15 (15, 15, 1, 18) 220.61127579158648 gpu 0
ROUND 136 n 2272 bestJ 17.544033723717053 best (24, 21, 52, 49) eligible 0 update 0 updates_total 11
Q round137-s17 0 (39, 45, 12, 0) 23.022395275332663 gpu 1
Q round137-s17 1 (39, 5, 12, 16) 22.944336003601705 gpu cache
Q round137-s17 2 (39, 13, 4, 64) 21.117869358894435 gpu 0
Q round137-s17 3 (63, 21, 12, 0) 23.543254186236368 gpu 1
Q round137-s17 4 (62, 5, 52, 48) 24.727412013741894 gpu 0
Q round137-s17 5 (24, 21, 12, 0) 22.511486511550608 gpu 1
Q round137-s17 6 (63, 5, 52, 0) 24.805265933955297 gpu 0
Q round137-s17 7 (38, 45, 68, 48) 24.196199189998385 gpu 1
Q round137-s17 8 (63, 45, 12, 0) 23.55816060826519 gpu 0
Q round137-s17 9 (63, 29, 4, 64) 21.12439507862153 gpu 1
Q round137-s17 10 (39, 45, 12, 16) 21.37978779917677 gpu cache
Q round137-s17 11 (48, 21, 20, 0) 22.669923454860704 gpu 0
Q round137-s17 12 (63, 69, 20, 63) 23.27672481914184 gpu 1
Q round137-s17 13 (48, 29, 44, 63) 26.73668977520963 gpu 0
Q round137-s17 14 (2, 61, 7, 14) 45.12469466159289 gpu 1
Q round137-s17 15 (15, 25, 62, 4) 92.6476162872619 gpu 0
ROUND 137 n 2288 bestJ 17.544033723717053 best (24, 21, 52, 49) eligible 0 update 0 updates_total 11
Q round138-s17 0 (38, 21, 68, 48) 23.37142001867508 gpu 1
Q round138-s17 1 (24, 45, 12, 0) 23.444452933924506 gpu 0
Q round138-s17 2 (63, 69, 20, 39) 22.169280013732358 gpu 1
Q round138-s17 3 (24, 69, 4, 64) 22.396028597348177 gpu 0
Q round138-s17 4 (64, 29, 44, 64) 21.8517109242487 gpu 1
Q round138-s17 5 (63, 13, 20, 48) 26.46596110059526 gpu 0
Q round138-s17 6 (64, 13, 20, 38) 20.438028853511845 gpu 1
Q round138-s17 7 (62, 5, 68, 48) 22.861993060909573 gpu 0
Q round138-s17 8 (48, 21, 44, 0) 22.028889344381014 gpu 1
Q round138-s17 9 (38, 45, 68, 64) 22.87769207617491 gpu 0
Q round138-s17 10 (63, 53, 20, 39) 22.496070193036758 gpu 1
Q round138-s17 11 (63, 45, 20, 0) 22.128104275325274 gpu cache
Q round138-s17 12 (64, 5, 28, 0) 22.2869947898975 gpu 0
Q round138-s17 13 (64, 53, 20, 64) 21.91039877952783 gpu 1
Q round138-s17 14 (24, 34, 49, 32) 56.84044775668472 gpu 0
Q round138-s17 15 (42, 5, 51, 46) 947.293418512564 gpu 1
ROUND 138 n 2304 bestJ 17.544033723717053 best (24, 21, 52, 49) eligible 0 update 0 updates_total 11
Q round139-s17 0 (24, 13, 44, 64) 24.741288924503856 gpu 0
Q round139-s17 1 (63, 5, 68, 0) 22.929210030084977 gpu 1
Q round139-s17 2 (38, 5, 68, 48) 21.869625740033737 gpu 0
Q round139-s17 3 (63, 69, 4, 64) 21.55342722470453 gpu 1
Q round139-s17 4 (48, 13, 4, 48) 29.344552992417313 gpu 0
Q round139-s17 5 (24, 29, 20, 63) 22.647021398783156 gpu 1
Q round139-s17 6 (38, 45, 28, 48) 24.03038909186987 gpu 0
Q round139-s17 7 (64, 13, 44, 48) 23.93018737434321 gpu 1
Q round139-s17 8 (39, 69, 20, 63) 22.030645528151783 gpu 0
Q round139-s17 9 (63, 45, 44, 0) 21.316115744607075 gpu 1
Q round139-s17 10 (64, 13, 20, 62) 18.414859683950855 gpu 0
Q round139-s17 11 (63, 45, 20, 16) 20.319665695871674 gpu cache
Q round139-s17 12 (48, 45, 44, 0) 24.38114805623039 gpu 1
Q round139-s17 13 (64, 5, 28, 65) 26.772398070294585 gpu 0
Q round139-s17 14 (29, 11, 36, 26) 99.3498571256669 gpu 1
Q round139-s17 15 (1, 36, 44, 4) 2004.759236656083 gpu 0
ROUND 139 n 2320 bestJ 17.544033723717053 best (24, 21, 52, 49) eligible 0 update 0 updates_total 11
Q round140-s17 0 (63, 21, 28, 0) 23.351742142643594 gpu cache
Q round140-s17 1 (38, 21, 28, 48) 22.689561385295683 gpu 1
Q round140-s17 2 (62, 45, 28, 48) 25.741572948926965 gpu 0
Q round140-s17 3 (63, 5, 28, 49) 22.60269047513093 gpu 1
Q round140-s17 4 (24, 5, 28, 0) 23.274783954633456 gpu 0
Q round140-s17 5 (24, 29, 20, 39) 21.893608906575192 gpu 1
Q round140-s17 6 (39, 53, 20, 63) 22.103548152535538 gpu 0
Q round140-s17 7 (63, 21, 44, 16) 22.496717786751184 gpu 1
Q round140-s17 8 (64, 13, 44, 38) 18.62593556420768 gpu 0
Q round140-s17 9 (39, 45, 28, 65) 22.98472108268294 gpu 1
Q round140-s17 10 (63, 13, 4, 62) 24.110214031518097 gpu 0
Q round140-s17 11 (24, 45, 44, 0) 22.8391199431033 gpu 1
Q round140-s17 12 (48, 21, 52, 25) 21.712367620150644 gpu 0
Q round140-s17 13 (24, 13, 20, 48) 25.72360841038703 gpu 1
Q round140-s17 14 (36, 53, 35, 8) 126.97283269637705 gpu 0
Q round140-s17 15 (35, 59, 58, 8) 110.57888585996268 gpu 1
TRIGGER_UPDATE 140 2336 ['stagnation', 'eligible_collapse'] {"new_labels_since_update": 256, "evals_since_best": 1444, "recent_n": 128, "recent_spearman": 0.2540514557773301, "recent_high_uncertainty_fraction": 0.0546875, "sigma_ref_p90": 0.06442220062017444, "eligible_pool": 0, "eligible_floor": 120}
ROUND 140 n 2336 bestJ 17.544033723717053 best (24, 21, 52, 49) eligible 0 update 1 updates_total 12
Q round141-s17 0 (39, 53, 4, 39) 21.355300952964072 gpu 0
Q round141-s17 1 (39, 53, 20, 39) 20.94074768171585 gpu 1
Q round141-s17 2 (63, 53, 44, 39) 23.615079940477994 gpu 0
Q round141-s17 3 (39, 53, 44, 63) 22.971724019102766 gpu 1
Q round141-s17 4 (63, 53, 44, 63) 25.75842806826405 gpu 0
Q round141-s17 5 (39, 69, 20, 39) 20.688351142831255 gpu 1
Q round141-s17 6 (64, 53, 4, 38) 20.7126075009749 gpu 0
Q round141-s17 7 (39, 69, 44, 39) 22.191769834984154 gpu 1
Q round141-s17 8 (64, 53, 4, 62) 21.26426503927968 gpu 0
Q round141-s17 9 (63, 69, 44, 39) 24.317008906543407 gpu 1
Q round141-s17 10 (64, 29, 4, 38) 20.385244190129992 gpu 0
Q round141-s17 11 (39, 69, 44, 63) 22.93842400488463 gpu 1
Q round141-s17 12 (64, 29, 4, 62) 21.130164862456578 gpu 0
Q round141-s17 13 (63, 69, 44, 63) 24.465646586433902 gpu 1
Q round141-s17 14 (27, 37, 36, 2) 90.62979313165528 gpu 0
Q round141-s17 15 (40, 65, 44, 58) 134.224671897302 gpu 1
ROUND 141 n 2352 bestJ 17.544033723717053 best (24, 21, 52, 49) eligible 0 update 0 updates_total 12
Q round142-s17 0 (39, 53, 44, 39) 22.40518719038306 gpu 0
Q round142-s17 1 (64, 69, 4, 38) 20.20191432883602 gpu 1
Q round142-s17 2 (64, 53, 44, 64) 20.728650833635694 gpu 0
Q round142-s17 3 (63, 53, 20, 64) 21.943611103987987 gpu 1
Q round142-s17 4 (64, 69, 4, 62) 19.158727770676737 gpu 0
Q round142-s17 5 (63, 53, 4, 62) 22.63897679756332 gpu 1
Q round142-s17 6 (63, 29, 4, 38) 20.84299219171422 gpu 0
Q round142-s17 7 (24, 29, 44, 39) 23.13106544148505 gpu 1
Q round142-s17 8 (48, 53, 20, 39) 25.491184151005 gpu 0
Q round142-s17 9 (24, 53, 20, 39) 23.022421765776723 gpu 1
Q round142-s17 10 (39, 53, 4, 62) 21.264535080668647 gpu 0
Q round142-s17 11 (63, 29, 20, 64) 22.606546016556443 gpu 1
Q round142-s17 12 (39, 53, 4, 38) 21.173141020609638 gpu 0
Q round142-s17 13 (63, 29, 4, 62) 21.121358924397402 gpu 1
Q round142-s17 14 (45, 8, 60, 5) 426.9427169542103 gpu 0
Q round142-s17 15 (59, 36, 10, 36) 106.62285332683659 gpu 1
ROUND 142 n 2368 bestJ 17.544033723717053 best (24, 21, 52, 49) eligible 0 update 0 updates_total 12
Q round143-s17 0 (39, 53, 20, 64) 19.872612370575887 gpu 0
Q round143-s17 1 (63, 13, 4, 38) 24.213715822605536 gpu 1
Q round143-s17 2 (39, 29, 20, 64) 21.102691035481136 gpu 0
Q round143-s17 3 (39, 29, 4, 38) 21.243497269858274 gpu 1
Q round143-s17 4 (39, 29, 4, 62) 21.97188751250827 gpu 0
Q round143-s17 5 (48, 53, 4, 38) 25.53313497057433 gpu 1
Q round143-s17 6 (48, 53, 44, 39) 25.45650297436508 gpu 0
Q round143-s17 7 (48, 5, 20, 0) 21.707418812081325 gpu 1
Q round143-s17 8 (39, 53, 20, 48) 23.863374588524344 gpu 0
Q round143-s17 9 (24, 53, 20, 63) 23.13343763985131 gpu 1
Q round143-s17 10 (8, 5, 68, 0) 22.322655538198003 gpu 0
Q round143-s17 11 (39, 29, 44, 64) 21.34383573951836 gpu 1
Q round143-s17 12 (39, 13, 4, 38) 22.380588100244694 gpu 0
Q round143-s17 13 (48, 29, 4, 38) 23.273473436086725 gpu 1
Q round143-s17 14 (21, 64, 39, 71) 67.7054115791463 gpu 0
Q round143-s17 15 (12, 55, 9, 30) 53.19858014587385 gpu 1
ROUND 143 n 2384 bestJ 17.544033723717053 best (24, 21, 52, 49) eligible 0 update 0 updates_total 12
Q round144-s17 0 (63, 53, 4, 38) 21.38311474188737 gpu 0
Q round144-s17 1 (39, 53, 44, 64) 22.446035587439123 gpu 1
Q round144-s17 2 (39, 69, 4, 64) 20.927152765912645 gpu 0
Q round144-s17 3 (24, 29, 44, 63) 23.38842201390949 gpu 1
Q round144-s17 4 (39, 13, 4, 62) 22.378545749177682 gpu 0
Q round144-s17 5 (63, 53, 20, 48) 25.776848343388924 gpu 1
Q round144-s17 6 (63, 29, 4, 48) 25.834503891530964 gpu 0
Q round144-s17 7 (39, 29, 20, 48) 22.447800640680576 gpu 1
Q round144-s17 8 (64, 29, 20, 38) 21.30217254018073 gpu 0
Q round144-s17 9 (39, 69, 20, 64) 19.812247110321767 gpu 1
Q round144-s17 10 (63, 69, 20, 64) 21.393314317145048 gpu cache
Q round144-s17 11 (64, 69, 4, 48) 21.956591561122668 gpu 0
Q round144-s17 12 (64, 53, 20, 38) 22.9119648026413 gpu 1
Q round144-s17 13 (39, 69, 4, 48) 23.736817100290434 gpu 0
Q round144-s17 14 (1, 69, 41, 64) 64.42554121191651 gpu 1
Q round144-s17 15 (51, 40, 15, 9) 49.82893587661211 gpu 0
ROUND 144 n 2400 bestJ 17.544033723717053 best (24, 21, 52, 49) eligible 0 update 0 updates_total 12
Q round145-s17 0 (64, 29, 4, 48) 22.282492710128516 gpu 1
Q round145-s17 1 (39, 53, 4, 64) 20.585835574355457 gpu 0
Q round145-s17 2 (63, 29, 44, 64) 21.723357725099113 gpu 1
Q round145-s17 3 (39, 21, 12, 0) 22.534284713322144 gpu 0
Q round145-s17 4 (39, 29, 4, 64) 20.88399392704734 gpu 1
Q round145-s17 5 (63, 13, 44, 64) 24.625520730839558 gpu 0
Q round145-s17 6 (24, 53, 44, 39) 23.797589289929075 gpu 1
Q round145-s17 7 (39, 29, 4, 48) 23.191031826502705 gpu 0
Q round145-s17 8 (48, 5, 4, 16) 21.93806706510013 gpu 1
Q round145-s17 9 (63, 69, 4, 48) 25.68654108088235 gpu 0
Q round145-s17 10 (39, 29, 44, 48) 24.738794966653334 gpu cache
Q round145-s17 11 (64, 45, 28, 0) 22.929149423156886 gpu 1
Q round145-s17 12 (63, 29, 20, 48) 25.420522058598436 gpu 0
Q round145-s17 13 (39, 69, 44, 64) 21.690436595843142 gpu 1
Q round145-s17 14 (31, 43, 56, 22) 62.56278448306996 gpu 0
Q round145-s17 15 (60, 27, 45, 42) 121.60326653555984 gpu 1
ROUND 145 n 2416 bestJ 17.544033723717053 best (24, 21, 52, 49) eligible 0 update 0 updates_total 12
Q round146-s17 0 (48, 5, 4, 0) 22.560903913817896 gpu 0
Q round146-s17 1 (39, 21, 12, 16) 23.51631420392755 gpu 1
Q round146-s17 2 (24, 53, 4, 38) 21.249120146557107 gpu 0
Q round146-s17 3 (64, 29, 44, 38) 20.60857390987283 gpu 1
Q round146-s17 4 (8, 53, 4, 63) 21.952619897354296 gpu 0
Q round146-s17 5 (63, 69, 44, 64) 22.654937915501907 gpu 1
Q round146-s17 6 (24, 53, 44, 63) 25.11684123746702 gpu 0
Q round146-s17 7 (63, 69, 4, 38) 21.672638009247777 gpu 1
Q round146-s17 8 (24, 53, 4, 62) 23.113296050425415 gpu 0
Q round146-s17 9 (48, 53, 20, 63) 25.60872950466557 gpu 1
Q round146-s17 10 (64, 69, 20, 64) 21.722222965659636 gpu 0
Q round146-s17 11 (24, 29, 4, 38) 20.265478544749072 gpu 1
Q round146-s17 12 (63, 29, 20, 38) 20.942654057612874 gpu 0
Q round146-s17 13 (24, 29, 4, 62) 21.30641611605137 gpu 1
Q round146-s17 14 (9, 11, 52, 31) 46.111177974809955 gpu 0
Q round146-s17 15 (0, 43, 55, 50) 62.878167493007886 gpu 1
ROUND 146 n 2432 bestJ 17.544033723717053 best (24, 21, 52, 49) eligible 0 update 0 updates_total 12
Q round147-s17 0 (8, 5, 52, 0) 24.9332016514876 gpu 0
Q round147-s17 1 (39, 13, 4, 48) 25.025089441208475 gpu 1
Q round147-s17 2 (24, 29, 4, 48) 24.089700062813918 gpu 0
Q round147-s17 3 (8, 53, 4, 39) 22.853184659726786 gpu 1
Q round147-s17 4 (8, 5, 28, 0) 22.53329776487278 gpu 0
Q round147-s17 5 (8, 29, 4, 39) 21.19886622581405 gpu 1
Q round147-s17 6 (39, 13, 44, 48) 25.899571413993243 gpu 0
Q round147-s17 7 (64, 53, 44, 38) 20.622867108286353 gpu 1
Q round147-s17 8 (64, 53, 20, 48) 22.374438374019444 gpu 0
Q round147-s17 9 (48, 53, 4, 62) 25.980257543478597 gpu 1
Q round147-s17 10 (8, 29, 4, 63) 20.685957365502745 gpu 0
Q round147-s17 11 (64, 5, 28, 16) 22.375709327038415 gpu cache
Q round147-s17 12 (39, 69, 4, 38) 21.578888019375583 gpu 1
Q round147-s17 13 (39, 29, 20, 38) 21.00655744852747 gpu 0
Q round147-s17 14 (43, 42, 34, 52) 138.68612067490392 gpu 1
Q round147-s17 15 (52, 15, 33, 33) 56.43679555470434 gpu 0
ROUND 147 n 2448 bestJ 17.544033723717053 best (24, 21, 52, 49) eligible 0 update 0 updates_total 12
Q round148-s17 0 (63, 53, 4, 48) 25.271868653894387 gpu 1
Q round148-s17 1 (39, 45, 52, 0) 25.479292554677503 gpu 0
Q round148-s17 2 (39, 21, 68, 0) 22.775499454722276 gpu 1
Q round148-s17 3 (63, 53, 20, 38) 22.564751232785834 gpu 0
Q round148-s17 4 (63, 29, 44, 48) 26.707422269249754 gpu 1
Q round148-s17 5 (64, 69, 44, 64) 21.095030585391413 gpu 0
Q round148-s17 6 (48, 29, 4, 62) 24.723860932408265 gpu 1
Q round148-s17 7 (48, 53, 44, 63) 27.7568078086006 gpu 0
Q round148-s17 8 (24, 5, 52, 0) 24.49115451936528 gpu 1
Q round148-s17 9 (63, 29, 44, 38) 21.638201720796513 gpu 0
Q round148-s17 10 (39, 69, 20, 48) 23.95443431719244 gpu cache
Q round148-s17 11 (48, 5, 20, 16) 22.126146454424113 gpu 1
Q round148-s17 12 (64, 53, 44, 48) 23.826128392026057 gpu 0
Q round148-s17 13 (63, 53, 44, 38) 23.253406166694496 gpu 1
Q round148-s17 14 (44, 16, 7, 59) 48.10817506152127 gpu 0
Q round148-s17 15 (65, 65, 40, 46) 84.28904041516158 gpu 1
ROUND 148 n 2464 bestJ 17.544033723717053 best (24, 21, 52, 49) eligible 0 update 0 updates_total 12
Q round149-s17 0 (24, 5, 68, 0) 23.4838061095962 gpu 0
Q round149-s17 1 (64, 21, 44, 16) 25.273249822050683 gpu 1
Q round149-s17 2 (39, 53, 20, 38) 20.56279456982501 gpu 0
Q round149-s17 3 (64, 29, 20, 48) 21.972916530274325 gpu 1
Q round149-s17 4 (63, 21, 20, 16) 23.70609509621511 gpu cache
Q round149-s17 5 (8, 5, 12, 0) 23.272763228662686 gpu 0
Q round149-s17 6 (64, 29, 20, 62) 20.830324429615892 gpu 1
Q round149-s17 7 (63, 69, 4, 62) 22.55500409506606 gpu 0
Q round149-s17 8 (39, 69, 4, 62) 20.041278825843502 gpu 1
Q round149-s17 9 (39, 29, 44, 38) 21.328430363299862 gpu 0
Q round149-s17 10 (64, 53, 20, 62) 21.011522888017023 gpu 1
Q round149-s17 11 (63, 13, 20, 38) 23.921365780252355 gpu 0
Q round149-s17 12 (24, 21, 28, 0) 22.366297989457504 gpu 1
Q round149-s17 13 (39, 69, 44, 48) 25.629278826215472 gpu 0
Q round149-s17 14 (55, 26, 29, 69) 83.19029238069069 gpu 1
Q round149-s17 15 (14, 66, 32, 69) 79.35003415828898 gpu 0
ROUND 149 n 2480 bestJ 17.544033723717053 best (24, 21, 52, 49) eligible 0 update 0 updates_total 12
Q round150-s17 0 (64, 5, 52, 0) 22.57644476994071 gpu 1
Q round150-s17 1 (48, 53, 4, 64) 24.482396578508265 gpu 0
Q round150-s17 2 (8, 21, 12, 0) 22.803007244144094 gpu 1
Q round150-s17 3 (39, 13, 20, 38) 21.164897450862515 gpu 0
Q round150-s17 4 (48, 45, 4, 0) 23.458204471467177 gpu 1
Q round150-s17 5 (64, 29, 44, 62) 20.281080953849585 gpu 0
Q round150-s17 6 (24, 29, 20, 64) 20.528910678682127 gpu 1
Q round150-s17 7 (24, 69, 4, 48) 24.44909595858637 gpu 0
Q round150-s17 8 (8, 5, 12, 16) 22.32478278269282 gpu 1
Q round150-s17 9 (48, 69, 20, 39) 24.335255085149022 gpu 0
Q round150-s17 10 (63, 53, 20, 62) 22.978681278104762 gpu 1
Q round150-s17 11 (48, 69, 4, 38) 24.245350787547572 gpu 0
Q round150-s17 12 (63, 69, 20, 48) 25.379072559148437 gpu 1
Q round150-s17 13 (63, 5, 68, 16) 21.849810114500727 gpu cache
Q round150-s17 14 (26, 3, 24, 7) 56.063893069451375 gpu 0
Q round150-s17 15 (41, 40, 71, 2) 280.9930343311133 gpu 1
ROUND 150 n 2496 bestJ 17.544033723717053 best (24, 21, 52, 49) eligible 0 update 0 updates_total 12
Q round151-s17 0 (24, 53, 4, 64) 21.652016841812543 gpu 0
Q round151-s17 1 (64, 5, 68, 0) 21.618789408496838 gpu 1
Q round151-s17 2 (48, 5, 44, 0) 22.23840624852456 gpu 0
Q round151-s17 3 (64, 21, 20, 16) 25.720333735477887 gpu 1
Q round151-s17 4 (48, 21, 4, 0) 23.069785962362644 gpu 0
Q round151-s17 5 (63, 5, 20, 16) 24.17217328564307 gpu cache
Q round151-s17 6 (64, 29, 44, 48) 22.637983155841347 gpu 1
Q round151-s17 7 (24, 53, 20, 64) 22.155309815717906 gpu 0
Q round151-s17 8 (39, 53, 44, 38) 21.13747314371968 gpu 1
Q round151-s17 9 (8, 5, 28, 16) 22.877670470283537 gpu 0
Q round151-s17 10 (39, 29, 20, 62) 20.846798752509027 gpu 1
Q round151-s17 11 (39, 53, 20, 62) 21.261468607175612 gpu 0
Q round151-s17 12 (63, 29, 20, 62) 21.94721310567812 gpu 1
Q round151-s17 13 (63, 13, 44, 38) 25.37796513660461 gpu 0
Q round151-s17 14 (58, 71, 48, 12) 54.76797050215392 gpu 1
Q round151-s17 15 (20, 20, 66, 61) 94.9999638642609 gpu 0
ROUND 151 n 2512 bestJ 17.544033723717053 best (24, 21, 52, 49) eligible 0 update 0 updates_total 12
Q round152-s17 0 (48, 5, 44, 16) 20.835303789915713 gpu 1
Q round152-s17 1 (64, 45, 44, 0) 23.630444830035515 gpu 0
Q round152-s17 2 (64, 21, 20, 0) 25.929957015595814 gpu 1
Q round152-s17 3 (24, 45, 12, 49) 20.30125635673114 gpu 0
Q round152-s17 4 (24, 69, 20, 39) 23.10546328930538 gpu 1
Q round152-s17 5 (64, 53, 44, 62) 19.646249325818957 gpu 0
Q round152-s17 6 (39, 13, 44, 38) 23.013829745084735 gpu 1
Q round152-s17 7 (24, 21, 44, 16) 22.292943358773222 gpu 0
Q round152-s17 8 (63, 45, 12, 49) 22.32436390502003 gpu 1
Q round152-s17 9 (64, 13, 44, 62) 19.59818969448195 gpu 0
Q round152-s17 10 (24, 45, 44, 16) 23.21291289179641 gpu 1
Q round152-s17 11 (39, 45, 44, 16) 21.29647270569764 gpu cache
Q round152-s17 12 (48, 69, 44, 39) 27.096305781792335 gpu 0
Q round152-s17 13 (63, 69, 44, 48) 27.30036843683466 gpu cache
Q round152-s17 14 (26, 11, 66, 29) 153.95359192782274 gpu 1
Q round152-s17 15 (53, 3, 59, 15) 104.79281204078549 gpu 0
ROUND 152 n 2528 bestJ 17.544033723717053 best (24, 21, 52, 49) eligible 0 update 0 updates_total 12
Q round153-s17 0 (63, 45, 28, 0) 25.961651294562095 gpu 1
Q round153-s17 1 (64, 5, 44, 16) 24.927075905259567 gpu 0
Q round153-s17 2 (24, 45, 20, 16) 21.930590630782433 gpu 1
Q round153-s17 3 (48, 53, 20, 64) 24.158708358388537 gpu 0
Q round153-s17 4 (39, 29, 44, 62) 20.001231138061176 gpu 1
Q round153-s17 5 (63, 29, 44, 62) 23.08643473491428 gpu 0
Q round153-s17 6 (48, 21, 4, 16) 21.688369279711146 gpu 1
Q round153-s17 7 (24, 45, 20, 0) 22.563061921794137 gpu 0
Q round153-s17 8 (48, 5, 12, 0) 24.3049403356455 gpu cache
Q round153-s17 9 (24, 21, 12, 49) 23.6083907003976 gpu 1
Q round153-s17 10 (63, 21, 12, 49) 22.677752393659432 gpu 0
Q round153-s17 11 (48, 29, 20, 64) 23.57036583226756 gpu 1
Q round153-s17 12 (39, 21, 52, 16) 22.757928025510854 gpu cache
Q round153-s17 13 (24, 69, 4, 38) 22.357621824883203 gpu 0
Q round153-s17 14 (40, 50, 6, 10) 79.36823363435441 gpu 1
Q round153-s17 15 (10, 7, 27, 2) 116.31265969048144 gpu 0
ROUND 153 n 2544 bestJ 17.544033723717053 best (24, 21, 52, 49) eligible 0 update 0 updates_total 12
Q round154-s17 0 (64, 45, 20, 16) 24.187090425604183 gpu cache
Q round154-s17 1 (64, 45, 44, 16) 23.490689349689085 gpu 1
Q round154-s17 2 (39, 45, 68, 0) 23.328399941048588 gpu 0
Q round154-s17 3 (63, 21, 20, 0) 22.79257029237276 gpu 1
Q round154-s17 4 (24, 21, 20, 16) 23.83296645931995 gpu 0
Q round154-s17 5 (24, 29, 44, 64) 21.6297554102447 gpu 1
Q round154-s17 6 (39, 21, 20, 16) 23.40629041040371 gpu 0
Q round154-s17 7 (24, 69, 20, 63) 23.302118320063045 gpu 1
Q round154-s17 8 (63, 13, 20, 62) 25.372556518532686 gpu 0
Q round154-s17 9 (8, 69, 4, 39) 21.887340923700123 gpu 1
Q round154-s17 10 (39, 13, 20, 62) 23.197062956424148 gpu 0
Q round154-s17 11 (24, 69, 44, 39) 23.550221190951703 gpu 1
Q round154-s17 12 (48, 45, 4, 16) 21.751255385399137 gpu 0
Q round154-s17 13 (64, 21, 52, 0) 22.16258866172464 gpu 1
Q round154-s17 14 (48, 69, 12, 23) 41.54957579818221 gpu 0
Q round154-s17 15 (70, 14, 36, 31) 91.81323383503248 gpu 1
ROUND 154 n 2560 bestJ 17.544033723717053 best (24, 21, 52, 49) eligible 0 update 0 updates_total 12
Q round155-s17 0 (48, 45, 20, 0) 22.775506348203706 gpu 0
Q round155-s17 1 (63, 21, 12, 16) 22.116094697660337 gpu cache
Q round155-s17 2 (64, 21, 44, 0) 24.466019238941225 gpu 1
Q round155-s17 3 (63, 45, 4, 16) 21.76709278716836 gpu 0
Q round155-s17 4 (64, 21, 4, 16) 26.945303254756723 gpu 1
Q round155-s17 5 (8, 5, 68, 16) 22.351794731746555 gpu 0
Q round155-s17 6 (24, 69, 4, 62) 22.147915404194553 gpu 1
Q round155-s17 7 (64, 53, 4, 0) 22.324083333778358 gpu 0
Q round155-s17 8 (8, 21, 52, 0) 23.025659930163172 gpu 1
Q round155-s17 9 (48, 29, 4, 48) 28.253524968614162 gpu 0
Q round155-s17 10 (8, 69, 4, 63) 22.941647963543947 gpu 1
Q round155-s17 11 (48, 21, 44, 16) 21.063523040659497 gpu cache
Q round155-s17 12 (64, 69, 20, 48) 21.75105056658755 gpu 0
Q round155-s17 13 (64, 5, 20, 0) 26.152058231092294 gpu 1
Q round155-s17 14 (3, 18, 33, 41) 78.16413980063768 gpu 0
Q round155-s17 15 (11, 34, 34, 21) 152.30844217391768 gpu 1
ROUND 155 n 2576 bestJ 17.544033723717053 best (24, 21, 52, 49) eligible 0 update 0 updates_total 12
Q round156-s17 0 (63, 45, 12, 16) 24.23343760827265 gpu cache
Q round156-s17 1 (63, 5, 52, 16) 24.220109706232456 gpu cache
Q round156-s17 2 (39, 21, 68, 16) 21.84648589822081 gpu cache
Q round156-s17 3 (48, 21, 20, 16) 22.13692826055243 gpu 0
Q round156-s17 4 (64, 53, 20, 0) 23.085453368449567 gpu 1
Q round156-s17 5 (64, 45, 68, 0) 22.39093345683912 gpu 0
Q round156-s17 6 (39, 13, 44, 62) 24.22092087065953 gpu 1
Q round156-s17 7 (63, 13, 44, 62) 27.213312983247356 gpu 0
Q round156-s17 8 (62, 21, 68, 64) 22.84925880247492 gpu 1
Q round156-s17 9 (48, 29, 20, 38) 24.00105840802221 gpu 0
Q round156-s17 10 (39, 45, 12, 49) 22.09989971972583 gpu 1
Q round156-s17 11 (48, 69, 4, 62) 25.30381323533381 gpu 0
Q round156-s17 12 (38, 21, 68, 64) 23.20013051963244 gpu 1
Q round156-s17 13 (64, 53, 4, 24) 21.408731853302346 gpu 0
Q round156-s17 14 (22, 32, 71, 11) 96.57777651420032 gpu 1
Q round156-s17 15 (31, 24, 15, 37) 211.68401776576144 gpu 0
TRIGGER_UPDATE 156 2592 ['stagnation', 'eligible_collapse'] {"new_labels_since_update": 256, "evals_since_best": 1700, "recent_n": 128, "recent_spearman": 0.3937751785387292, "recent_high_uncertainty_fraction": 0.046875, "sigma_ref_p90": 0.06972236558794975, "eligible_pool": 0, "eligible_floor": 120}
ROUND 156 n 2592 bestJ 17.544033723717053 best (24, 21, 52, 49) eligible 0 update 1 updates_total 13
Q round157-s17 0 (24, 53, 20, 38) 21.622248457669183 gpu 1
Q round157-s17 1 (24, 53, 44, 38) 24.044084180162077 gpu 0
Q round157-s17 2 (24, 29, 20, 38) 20.098222078041054 gpu 1
Q round157-s17 3 (64, 69, 20, 38) 20.61964518729638 gpu 0
Q round157-s17 4 (24, 29, 44, 38) 21.132968677705705 gpu 1
Q round157-s17 5 (24, 53, 20, 62) 22.58726509886623 gpu 0
Q round157-s17 6 (24, 29, 20, 62) 21.316346874600328 gpu 1
Q round157-s17 7 (64, 69, 44, 38) 19.86344412292182 gpu 0
Q round157-s17 8 (24, 53, 44, 62) 24.791416206473375 gpu 1
Q round157-s17 9 (64, 69, 20, 62) 20.8582942289381 gpu 0
Q round157-s17 10 (24, 29, 44, 62) 22.798396474420596 gpu 1
Q round157-s17 11 (48, 53, 20, 38) 24.722989164391187 gpu 0
Q round157-s17 12 (64, 69, 44, 62) 19.282875932709512 gpu 1
Q round157-s17 13 (48, 53, 44, 38) 26.33301802328713 gpu 0
Q round157-s17 14 (5, 20, 43, 15) 184.7295428059901 gpu 1
Q round157-s17 15 (20, 1, 29, 69) 151.97978050467435 gpu 0
ROUND 157 n 2608 bestJ 17.544033723717053 best (24, 21, 52, 49) eligible 11 update 0 updates_total 13
Q round158-s17 0 (48, 29, 44, 38) 25.33216959787808 gpu 1
Q round158-s17 1 (63, 53, 44, 62) 24.549887506153084 gpu 0
Q round158-s17 2 (39, 53, 44, 62) 22.09034257680043 gpu 1
Q round158-s17 3 (24, 69, 20, 38) 22.52966676831167 gpu 0
Q round158-s17 4 (48, 53, 20, 62) 25.644768779092047 gpu 1
Q round158-s17 5 (48, 29, 20, 62) 24.835770174148717 gpu 0
Q round158-s17 6 (63, 69, 20, 38) 21.282124058265783 gpu 1
Q round158-s17 7 (24, 69, 44, 38) 23.326781853239893 gpu 0
Q round158-s17 8 (48, 29, 44, 62) 26.026886491727616 gpu 1
Q round158-s17 9 (48, 53, 44, 62) 27.28176469975019 gpu 0
Q round158-s17 10 (24, 13, 20, 62) 25.175953640680458 gpu 1
Q round158-s17 11 (48, 13, 20, 38) 27.48923530731745 gpu 0
Q round158-s17 12 (63, 69, 44, 38) 23.216402061091323 gpu 1
Q round158-s17 13 (39, 69, 20, 38) 20.600019918420067 gpu 0
Q round158-s17 14 (10, 43, 11, 67) 118.87586134429358 gpu 1
Q round158-s17 15 (38, 7, 60, 25) 98.14795573184858 gpu 0
ROUND 158 n 2624 bestJ 17.544033723717053 best (24, 21, 52, 49) eligible 0 update 0 updates_total 13
Q round159-s17 0 (48, 13, 44, 38) 28.4986000146684 gpu 1
Q round159-s17 1 (48, 69, 20, 38) 25.404570136622883 gpu 0
Q round159-s17 2 (63, 69, 20, 62) 23.01472266925839 gpu 1
Q round159-s17 3 (24, 13, 44, 62) 26.277621068117178 gpu 0
Q round159-s17 4 (39, 69, 44, 38) 20.707048907599482 gpu 1
Q round159-s17 5 (24, 69, 20, 62) 22.82434555798477 gpu 0
Q round159-s17 6 (39, 69, 20, 62) 20.329936854450498 gpu 1
Q round159-s17 7 (48, 69, 44, 38) 27.038750068890856 gpu 0
Q round159-s17 8 (63, 69, 44, 62) 24.69918407284655 gpu 1
Q round159-s17 9 (24, 69, 44, 62) 24.683854471226073 gpu 0
Q round159-s17 10 (39, 69, 44, 62) 22.293722265509114 gpu 1
Q round159-s17 11 (48, 13, 20, 62) 28.298057333836347 gpu 0
Q round159-s17 12 (48, 13, 44, 62) 28.34792233266739 gpu 1
Q round159-s17 13 (48, 69, 20, 62) 25.630109305085067 gpu 0
Q round159-s17 14 (67, 17, 67, 20) 124.31887681060613 gpu 1
Q round159-s17 15 (51, 12, 58, 2) 153.09009635293427 gpu 0
ROUND 159 n 2640 bestJ 17.544033723717053 best (24, 21, 52, 49) eligible 0 update 0 updates_total 13
Q round160-s17 0 (8, 53, 4, 62) 23.158985861517852 gpu 1
Q round160-s17 1 (48, 69, 44, 62) 26.92400093839704 gpu 0
Q round160-s17 2 (8, 53, 4, 38) 21.110690246320026 gpu 1
Q round160-s17 3 (8, 53, 20, 39) 22.29708264520261 gpu 0
Q round160-s17 4 (24, 69, 44, 63) 24.63853404636449 gpu 1
Q round160-s17 5 (8, 29, 20, 39) 21.53202500465637 gpu 0
Q round160-s17 6 (24, 53, 44, 64) 22.96281481118117 gpu 1
Q round160-s17 7 (8, 53, 44, 39) 22.709076995237353 gpu 0
Q round160-s17 8 (8, 29, 4, 62) 20.99785274658718 gpu 1
Q round160-s17 9 (8, 29, 44, 39) 21.75988773723048 gpu 0
Q round160-s17 10 (64, 53, 20, 49) 22.266838843827497 gpu 1
Q round160-s17 11 (64, 53, 44, 49) 22.290318503531232 gpu 0
Q round160-s17 12 (64, 69, 20, 49) 21.712664017945958 gpu 1
Q round160-s17 13 (8, 29, 4, 38) 20.85381004371335 gpu 0
Q round160-s17 14 (41, 56, 18, 8) 112.82056294511818 gpu 1
Q round160-s17 15 (32, 21, 38, 28) 63.47926368315781 gpu 0
ROUND 160 n 2656 bestJ 17.544033723717053 best (24, 21, 52, 49) eligible 0 update 0 updates_total 13
Q round161-s17 0 (64, 69, 44, 49) 20.920876230179957 gpu 1
Q round161-s17 1 (8, 69, 4, 38) 21.952642878621837 gpu 0
Q round161-s17 2 (24, 21, 68, 0) 22.66547438084876 gpu 1
Q round161-s17 3 (48, 69, 44, 65) 21.2986477841931 gpu 0
Q round161-s17 4 (64, 13, 20, 49) 21.26305268641414 gpu 1
Q round161-s17 5 (8, 13, 4, 38) 25.43321553971098 gpu 0
Q round161-s17 6 (8, 53, 20, 63) 22.77951985165692 gpu 1
Q round161-s17 7 (64, 13, 44, 49) 20.5084068661097 gpu 0
Q round161-s17 8 (24, 69, 20, 64) 22.009631992751935 gpu 1
Q round161-s17 9 (48, 69, 20, 49) 23.977485835655724 gpu 0
Q round161-s17 10 (8, 29, 20, 63) 22.500323214416838 gpu 1
Q round161-s17 11 (8, 29, 20, 38) 20.245063256700757 gpu 0
Q round161-s17 12 (8, 69, 4, 62) 22.541742459638332 gpu 1
Q round161-s17 13 (64, 69, 20, 65) 24.370498545502752 gpu 0
Q round161-s17 14 (22, 66, 21, 64) 81.20606947811879 gpu 1
Q round161-s17 15 (59, 66, 64, 36) 307.7585613730392 gpu 0
ROUND 161 n 2672 bestJ 17.544033723717053 best (24, 21, 52, 49) eligible 0 update 0 updates_total 13
Q round162-s17 0 (48, 53, 44, 49) 26.20095046766089 gpu 1
Q round162-s17 1 (48, 53, 20, 65) 22.93622526619512 gpu 0
Q round162-s17 2 (64, 69, 44, 65) 23.82994939677168 gpu 1
Q round162-s17 3 (48, 69, 44, 49) 25.635236171991245 gpu 0
Q round162-s17 4 (24, 21, 52, 0) 24.662890006447945 gpu 1
Q round162-s17 5 (24, 69, 44, 64) 22.504172043687202 gpu 0
Q round162-s17 6 (48, 29, 20, 49) 22.169578255110125 gpu 1
Q round162-s17 7 (8, 13, 4, 62) 25.79121702097255 gpu 0
Q round162-s17 8 (64, 29, 20, 49) 23.04868530305432 gpu 1
Q round162-s17 9 (48, 13, 20, 49) 26.988798778723158 gpu 0
Q round162-s17 10 (8, 53, 20, 38) 22.373405558345766 gpu 1
Q round162-s17 11 (64, 29, 44, 49) 22.503703967700435 gpu 0
Q round162-s17 12 (8, 29, 44, 38) 21.918281135106838 gpu 1
Q round162-s17 13 (48, 13, 44, 49) 27.90773519754838 gpu 0
Q round162-s17 14 (37, 59, 46, 44) 118.38806184087801 gpu 1
Q round162-s17 15 (56, 15, 57, 8) 90.71610076647767 gpu 0
ROUND 162 n 2688 bestJ 17.544033723717053 best (24, 21, 52, 49) eligible 0 update 0 updates_total 13
Q round163-s17 0 (48, 29, 44, 49) 25.245829871063442 gpu 1
Q round163-s17 1 (63, 53, 20, 49) 21.72888640980295 gpu 0
Q round163-s17 2 (48, 69, 20, 63) 25.99378697357382 gpu 1
Q round163-s17 3 (8, 53, 44, 63) 23.539462798948023 gpu 0
Q round163-s17 4 (8, 21, 28, 0) 22.141067545969705 gpu 1
Q round163-s17 5 (48, 13, 20, 65) 23.826812792325054 gpu 0
Q round163-s17 6 (48, 13, 44, 65) 25.6215205857215 gpu 1
Q round163-s17 7 (64, 29, 12, 65) 22.932297571343895 gpu 0
Q round163-s17 8 (8, 29, 44, 63) 21.599567821677706 gpu 1
Q round163-s17 9 (8, 53, 44, 38) 24.1572514191966 gpu 0
Q round163-s17 10 (24, 53, 20, 0) 23.72020975326273 gpu 1
Q round163-s17 11 (24, 21, 12, 16) 22.118802516493897 gpu 0
Q round163-s17 12 (24, 53, 20, 48) 24.580492330260657 gpu 1
Q round163-s17 13 (64, 53, 44, 65) 24.09397013582009 gpu 0
Q round163-s17 14 (18, 67, 18, 64) 94.16261007142423 gpu 1
Q round163-s17 15 (30, 13, 5, 55) 82.8488930681493 gpu 0
ROUND 163 n 2704 bestJ 17.544033723717053 best (24, 21, 52, 49) eligible 0 update 0 updates_total 13
Q round164-s17 0 (48, 53, 20, 49) 24.138746745367946 gpu 1
Q round164-s17 1 (63, 53, 44, 49) 22.41838721045037 gpu 0
Q round164-s17 2 (63, 69, 44, 49) 20.66164042849764 gpu 1
Q round164-s17 3 (63, 69, 20, 65) 22.226933205061005 gpu 0
Q round164-s17 4 (64, 53, 20, 65) 24.018491420839297 gpu 1
Q round164-s17 5 (24, 45, 12, 16) 23.37308087892009 gpu 0
Q round164-s17 6 (24, 29, 20, 48) 23.351983998624807 gpu 1
Q round164-s17 7 (8, 29, 20, 62) 21.17825273148659 gpu 0
Q round164-s17 8 (24, 5, 68, 16) 22.827698611258086 gpu 1
Q round164-s17 9 (24, 53, 44, 48) 25.893852707903687 gpu 0
Q round164-s17 10 (48, 29, 44, 65) 21.898864710036182 gpu 1
Q round164-s17 11 (48, 29, 20, 65) 21.156165776811598 gpu 0
Q round164-s17 12 (8, 53, 20, 62) 23.670970442631887 gpu 1
Q round164-s17 13 (48, 69, 44, 63) 27.59906674013313 gpu 0
Q round164-s17 14 (1, 5, 42, 36) 197.86619217264175 gpu 1
Q round164-s17 15 (6, 68, 4, 10) 11787.099038050306 gpu 0
ROUND 164 n 2720 bestJ 17.544033723717053 best (24, 21, 52, 49) eligible 0 update 0 updates_total 13
Q round165-s17 0 (48, 69, 20, 65) 21.70406066522925 gpu 1
Q round165-s17 1 (8, 21, 68, 0) 22.624716281588697 gpu 0
Q round165-s17 2 (48, 53, 44, 65) 21.4934276134249 gpu 1
Q round165-s17 3 (8, 45, 52, 0) 26.14041550354436 gpu 0
Q round165-s17 4 (8, 45, 28, 0) 25.288191332297508 gpu 1
Q round165-s17 5 (24, 53, 44, 0) 25.9137208024108 gpu 0
Q round165-s17 6 (39, 53, 44, 49) 21.90082879201722 gpu 1
Q round165-s17 7 (48, 29, 12, 65) 24.622429496650074 gpu 0
Q round165-s17 8 (24, 69, 20, 49) 21.013117827551085 gpu 1
Q round165-s17 9 (64, 13, 20, 65) 24.28088749635389 gpu 0
Q round165-s17 10 (64, 13, 44, 65) 23.01036395304663 gpu 1
Q round165-s17 11 (63, 29, 20, 49) 21.54871800842123 gpu 0
Q round165-s17 12 (39, 69, 44, 49) 21.82231196335492 gpu 1
Q round165-s17 13 (24, 53, 20, 49) 21.143566928294536 gpu 0
Q round165-s17 14 (58, 64, 37, 47) 33.59982523811114 gpu 1
Q round165-s17 15 (11, 27, 4, 9) 349.822683506242 gpu 0
TRIGGER_UPDATE 165 2736 ['ranking_degradation'] {"new_labels_since_update": 144, "evals_since_best": 1844, "recent_n": 128, "recent_spearman": 0.23709599890130012, "recent_high_uncertainty_fraction": 0.0859375, "sigma_ref_p90": 0.05549141652882101, "eligible_pool": 0, "eligible_floor": 120}
ROUND 165 n 2736 bestJ 17.544033723717053 best (24, 21, 52, 49) eligible 0 update 1 updates_total 14
Q round166-s17 0 (8, 29, 44, 62) 23.492155847528704 gpu 1
Q round166-s17 1 (63, 69, 44, 65) 22.043412579606407 gpu 0
Q round166-s17 2 (24, 69, 44, 49) 22.244158416242453 gpu 1
Q round166-s17 3 (8, 29, 44, 64) 21.229417027570054 gpu 0
Q round166-s17 4 (39, 69, 44, 65) 22.845137009155152 gpu 1
Q round166-s17 5 (8, 53, 20, 64) 21.612994397344195 gpu 0
Q round166-s17 6 (63, 69, 20, 49) 21.689793876080365 gpu 1
Q round166-s17 7 (24, 69, 20, 65) 23.073073741072758 gpu 0
Q round166-s17 8 (24, 29, 20, 49) 21.13945591361677 gpu 1
Q round166-s17 9 (24, 13, 20, 49) 23.7832186999708 gpu 0
Q round166-s17 10 (24, 69, 44, 65) 21.68871254216756 gpu 1
Q round166-s17 11 (24, 29, 44, 49) 20.301307133028114 gpu 0
Q round166-s17 12 (24, 13, 44, 49) 25.1557033490962 gpu 1
Q round166-s17 13 (8, 53, 44, 62) 24.388082368534224 gpu 0
Q round166-s17 14 (13, 57, 14, 14) 71.30533583176012 gpu 1
Q round166-s17 15 (50, 20, 2, 12) 134.53905331746066 gpu 0
ROUND 166 n 2752 bestJ 17.544033723717053 best (24, 21, 52, 49) eligible 0 update 0 updates_total 14
Q round167-s17 0 (8, 29, 20, 64) 20.423980616712495 gpu 1
Q round167-s17 1 (39, 13, 20, 65) 22.339994138977342 gpu 0
Q round167-s17 2 (39, 13, 20, 49) 22.202857202300017 gpu 1
Q round167-s17 3 (8, 29, 4, 64) 20.69494098477265 gpu 0
Q round167-s17 4 (63, 13, 44, 49) 25.133184940048544 gpu 1
Q round167-s17 5 (64, 69, 4, 49) 22.368795171497673 gpu 0
Q round167-s17 6 (39, 13, 44, 49) 21.86142792958615 gpu 1
Q round167-s17 7 (24, 13, 20, 65) 22.37889420351448 gpu 0
Q round167-s17 8 (24, 53, 4, 48) 24.353579364446865 gpu 1
Q round167-s17 9 (24, 13, 44, 65) 22.037765709476776 gpu 0
Q round167-s17 10 (64, 29, 44, 65) 23.94116152506076 gpu 1
Q round167-s17 11 (24, 69, 4, 49) 19.67969163987411 gpu 0
Q round167-s17 12 (64, 29, 20, 65) 24.900599982916756 gpu 1
Q round167-s17 13 (63, 69, 4, 49) 21.613481550992958 gpu 0
Q round167-s17 14 (41, 28, 56, 54) 55.924224332909816 gpu 1
Q round167-s17 15 (55, 2, 48, 29) 183.73636922599707 gpu 0
ROUND 167 n 2768 bestJ 17.544033723717053 best (24, 21, 52, 49) eligible 0 update 0 updates_total 14
Q round168-s17 0 (63, 13, 20, 49) 22.787677868123065 gpu 1
Q round168-s17 1 (39, 29, 20, 49) 21.813956379459068 gpu 0
Q round168-s17 2 (39, 13, 44, 65) 22.52452363996059 gpu 1
Q round168-s17 3 (48, 69, 4, 49) 24.365381589583222 gpu 0
Q round168-s17 4 (8, 13, 4, 64) 22.526589965997648 gpu 1
Q round168-s17 5 (24, 53, 44, 65) 22.268107652238562 gpu 0
Q round168-s17 6 (48, 69, 4, 65) 21.824566480220362 gpu 1
Q round168-s17 7 (39, 69, 4, 49) 21.70933865502585 gpu 0
Q round168-s17 8 (64, 13, 4, 49) 20.83091176718239 gpu 1
Q round168-s17 9 (48, 13, 4, 49) 26.382483932507732 gpu 0
Q round168-s17 10 (24, 29, 44, 48) 25.034088585553853 gpu 1
Q round168-s17 11 (24, 13, 4, 49) 23.594736296888474 gpu 0
Q round168-s17 12 (24, 29, 20, 24) 21.801898532636002 gpu 1
Q round168-s17 13 (24, 29, 44, 65) 22.568851851347166 gpu 0
Q round168-s17 14 (49, 9, 38, 2) 166.3869794837378 gpu 1
Q round168-s17 15 (38, 38, 26, 27) 76.64317377794119 gpu 0
ROUND 168 n 2784 bestJ 17.544033723717053 best (24, 21, 52, 49) eligible 0 update 0 updates_total 14
Q round169-s17 0 (63, 13, 20, 65) 22.73546891794137 gpu 1
Q round169-s17 1 (63, 13, 44, 65) 21.85626131722029 gpu 0
Q round169-s17 2 (8, 21, 12, 16) 21.964589819308046 gpu 1
Q round169-s17 3 (8, 29, 4, 48) 23.14777646582092 gpu 0
Q round169-s17 4 (63, 13, 4, 49) 22.52550861506871 gpu 1
Q round169-s17 5 (24, 53, 20, 24) 22.256188961917573 gpu 0
Q round169-s17 6 (48, 45, 44, 16) 24.364973867302695 gpu 1
Q round169-s17 7 (64, 53, 20, 24) 22.22037493129655 gpu 0
Q round169-s17 8 (8, 53, 20, 48) 23.60185459553665 gpu 1
Q round169-s17 9 (24, 21, 20, 70) 22.85786085761809 gpu 0
Q round169-s17 10 (8, 45, 28, 49) 23.006060936449934 gpu 1
Q round169-s17 11 (64, 29, 20, 24) 22.564687206236393 gpu 0
Q round169-s17 12 (39, 5, 4, 40) 24.063565079239396 gpu 1
Q round169-s17 13 (64, 53, 20, 16) 21.223675890695187 gpu 0
Q round169-s17 14 (18, 7, 66, 40) 127.96200012807236 gpu 1
Q round169-s17 15 (46, 0, 38, 6) 117.5399743915299 gpu 0
ROUND 169 n 2800 bestJ 17.544033723717053 best (24, 21, 52, 49) eligible 0 update 0 updates_total 14
Q round170-s17 0 (8, 69, 4, 64) 21.354208906695554 gpu 1
Q round170-s17 1 (8, 69, 20, 64) 21.36457176215884 gpu 0
Q round170-s17 2 (64, 5, 12, 16) 23.931228499023963 gpu 1
Q round170-s17 3 (39, 13, 4, 49) 21.83968657140217 gpu 0
Q round170-s17 4 (64, 53, 44, 24) 22.782676196722342 gpu 1
Q round170-s17 5 (63, 69, 4, 65) 22.795636977373565 gpu 0
Q round170-s17 6 (48, 13, 4, 65) 23.80886282334386 gpu 1
Q round170-s17 7 (64, 69, 4, 0) 21.796599702394282 gpu 0
Q round170-s17 8 (64, 29, 44, 24) 22.32226005133208 gpu 1
Q round170-s17 9 (64, 53, 4, 49) 22.277280525543965 gpu 0
Q round170-s17 10 (64, 69, 4, 65) 24.106366604036168 gpu 1
Q round170-s17 11 (8, 21, 28, 49) 23.436917784351234 gpu 0
Q round170-s17 12 (24, 29, 4, 24) 22.16255487863823 gpu 1
Q round170-s17 13 (64, 69, 4, 16) 22.36701743330485 gpu 0
Q round170-s17 14 (27, 51, 6, 69) 95.35690327568305 gpu 1
Q round170-s17 15 (6, 52, 12, 8) 31.835135513167884 gpu 0
ROUND 170 n 2816 bestJ 17.544033723717053 best (24, 21, 52, 49) eligible 0 update 0 updates_total 14
Q round171-s17 0 (39, 53, 20, 65) 24.967364210494765 gpu 1
Q round171-s17 1 (8, 69, 44, 64) 21.452066042339005 gpu 0
Q round171-s17 2 (8, 21, 28, 16) 22.83227148028145 gpu 1
Q round171-s17 3 (8, 13, 20, 64) 22.739129281349843 gpu 0
Q round171-s17 4 (64, 69, 20, 0) 21.70874399287711 gpu 1
Q round171-s17 5 (39, 69, 4, 65) 23.05339654637777 gpu 0
Q round171-s17 6 (24, 53, 4, 49) 20.87278794397907 gpu 1
Q round171-s17 7 (64, 69, 44, 48) 23.011403469197017 gpu 0
Q round171-s17 8 (39, 53, 20, 24) 23.450943021972765 gpu 1
Q round171-s17 9 (24, 21, 44, 70) 22.864622443116446 gpu 0
Q round171-s17 10 (64, 69, 44, 0) 22.7779527967058 gpu 1
Q round171-s17 11 (8, 13, 44, 64) 23.36778995290907 gpu 0
Q round171-s17 12 (24, 69, 4, 24) 23.45374748706225 gpu 1
Q round171-s17 13 (8, 69, 20, 39) 21.81516153065567 gpu 0
Q round171-s17 14 (14, 53, 22, 14) 81.7889036416031 gpu 1
Q round171-s17 15 (44, 1, 0, 61) 54.986992123374115 gpu 0
ROUND 171 n 2832 bestJ 17.544033723717053 best (24, 21, 52, 49) eligible 0 update 0 updates_total 14
Q round172-s17 0 (39, 53, 44, 65) 22.393304525816607 gpu 1
Q round172-s17 1 (64, 29, 20, 0) 21.905221618819066 gpu 0
Q round172-s17 2 (24, 29, 44, 24) 23.587486001571957 gpu 1
Q round172-s17 3 (64, 29, 4, 16) 21.472220380433676 gpu 0
Q round172-s17 4 (64, 5, 68, 16) 23.229403952305507 gpu 1
Q round172-s17 5 (64, 45, 12, 16) 21.31178079408556 gpu 0
Q round172-s17 6 (64, 21, 20, 70) 21.09120302678405 gpu 1
Q round172-s17 7 (8, 69, 4, 48) 23.81452566983501 gpu 0
Q round172-s17 8 (24, 45, 20, 70) 24.587971889232886 gpu 1
Q round172-s17 9 (39, 21, 44, 70) 22.602769333367913 gpu 0
Q round172-s17 10 (39, 5, 44, 40) 23.369392504509545 gpu 1
Q round172-s17 11 (24, 69, 4, 65) 22.424678176589893 gpu 0
Q round172-s17 12 (63, 53, 20, 24) 24.024308885025878 gpu 1
Q round172-s17 13 (8, 53, 20, 24) 21.948989683227765 gpu 0
Q round172-s17 14 (13, 65, 60, 34) 301.148676547195 gpu 1
Q round172-s17 15 (34, 57, 52, 5) 172.52141745831622 gpu 0
ROUND 172 n 2848 bestJ 17.544033723717053 best (24, 21, 52, 49) eligible 0 update 0 updates_total 14
Q round173-s17 0 (8, 53, 44, 64) 22.035085331182636 gpu 1
Q round173-s17 1 (39, 53, 20, 49) 22.981031199186727 gpu 0
Q round173-s17 2 (63, 53, 44, 64) 23.07997812171762 gpu 1
Q round173-s17 3 (63, 29, 44, 49) 21.0339240272404 gpu 0
Q round173-s17 4 (39, 29, 44, 49) 21.95673835637332 gpu 1
Q round173-s17 5 (63, 53, 44, 65) 22.98283549267157 gpu 0
Q round173-s17 6 (63, 53, 20, 65) 22.37048420392386 gpu 1
Q round173-s17 7 (24, 53, 20, 65) 22.905519850810492 gpu 0
Q round173-s17 8 (63, 29, 44, 65) 21.97485355916398 gpu 1
Q round173-s17 9 (63, 29, 20, 65) 23.20872543636026 gpu 0
Q round173-s17 10 (39, 53, 4, 48) 23.986952183603414 gpu 1
Q round173-s17 11 (39, 53, 44, 48) 25.40601914959912 gpu 0
Q round173-s17 12 (39, 29, 44, 65) 23.154429502224655 gpu 1
Q round173-s17 13 (39, 29, 20, 65) 23.75354016975089 gpu 0
Q round173-s17 14 (70, 24, 4, 3) 75.60670430897325 gpu 1
Q round173-s17 15 (20, 51, 3, 70) 115.98335868523228 gpu 0
ROUND 173 n 2864 bestJ 17.544033723717053 best (24, 21, 52, 49) eligible 0 update 0 updates_total 14
Q round174-s17 0 (63, 53, 44, 48) 26.3566631997644 gpu 1
Q round174-s17 1 (8, 29, 20, 48) 23.36728899220356 gpu 0
Q round174-s17 2 (24, 53, 44, 24) 23.938430769968477 gpu 1
Q round174-s17 3 (48, 53, 44, 64) 25.979441128498223 gpu 0
Q round174-s17 4 (8, 53, 44, 48) 24.55675936510863 gpu 1
Q round174-s17 5 (64, 53, 44, 16) 22.05870084175748 gpu 0
Q round174-s17 6 (63, 53, 4, 49) 21.39141682044429 gpu 1
Q round174-s17 7 (39, 21, 20, 70) 22.182072139599935 gpu 0
Q round174-s17 8 (63, 21, 20, 70) 22.021979820159814 gpu 1
Q round174-s17 9 (8, 45, 28, 16) 24.428320649974633 gpu 0
Q round174-s17 10 (64, 21, 28, 16) 22.795872476468045 gpu 1
Q round174-s17 11 (39, 53, 44, 24) 23.369442046625913 gpu 0
Q round174-s17 12 (64, 29, 28, 65) 23.057837735395452 gpu 1
Q round174-s17 13 (48, 29, 4, 0) 25.632797425369997 gpu 0
Q round174-s17 14 (47, 15, 38, 36) 114.43243031851989 gpu 1
Q round174-s17 15 (16, 13, 30, 53) 101.08185855953386 gpu 0
ROUND 174 n 2880 bestJ 17.544033723717053 best (24, 21, 52, 49) eligible 0 update 0 updates_total 14
Q round175-s17 0 (48, 29, 44, 64) 24.680179397413813 gpu cache
Q round175-s17 1 (24, 29, 20, 65) 23.11256523346659 gpu 1
Q round175-s17 2 (64, 53, 44, 0) 22.752351481410074 gpu 0
Q round175-s17 3 (64, 5, 52, 16) 22.321133834670142 gpu 1
Q round175-s17 4 (24, 29, 44, 0) 23.966772093930953 gpu 0
Q round175-s17 5 (24, 45, 28, 0) 26.269813218159143 gpu 1
Q round175-s17 6 (64, 13, 4, 0) 21.66873734623397 gpu 0
Q round175-s17 7 (64, 69, 20, 24) 21.38876392680401 gpu 1
Q round175-s17 8 (63, 21, 44, 70) 24.922652784831218 gpu 0
Q round175-s17 9 (48, 69, 44, 25) 21.09776496580141 gpu 1
Q round175-s17 10 (63, 5, 20, 70) 22.16646831215115 gpu 0
Q round175-s17 11 (8, 29, 20, 24) 23.361446919633124 gpu 1
Q round175-s17 12 (64, 69, 4, 24) 22.570637898517234 gpu 0
Q round175-s17 13 (64, 69, 44, 24) 21.673398550532493 gpu 1
Q round175-s17 14 (56, 38, 54, 51) 55.23002704697145 gpu 0
Q round175-s17 15 (70, 12, 71, 40) 69.02165349474792 gpu 1
ROUND 175 n 2896 bestJ 17.544033723717053 best (24, 21, 52, 49) eligible 0 update 0 updates_total 14
Q round176-s17 0 (8, 29, 44, 48) 24.97420149379743 gpu 0
Q round176-s17 1 (48, 29, 4, 49) 23.583799862548656 gpu 1
Q round176-s17 2 (63, 21, 28, 16) 22.596866696255876 gpu cache
Q round176-s17 3 (48, 69, 20, 25) 21.75209931800469 gpu 0
Q round176-s17 4 (64, 21, 44, 70) 21.48636380154853 gpu 1
Q round176-s17 5 (63, 13, 4, 65) 21.972777334129333 gpu 0
Q round176-s17 6 (63, 45, 28, 16) 24.994803867017556 gpu 1
Q round176-s17 7 (64, 13, 4, 16) 21.55390159931775 gpu 0
Q round176-s17 8 (63, 45, 20, 70) 25.349487799844574 gpu 1
Q round176-s17 9 (63, 29, 20, 24) 22.730326537016186 gpu 0
Q round176-s17 10 (64, 13, 20, 0) 21.634756144698507 gpu 1
Q round176-s17 11 (63, 21, 52, 0) 23.866331505921814 gpu 0
Q round176-s17 12 (8, 69, 44, 39) 23.084042181269712 gpu 1
Q round176-s17 13 (64, 45, 20, 70) 19.07056408345549 gpu 0
Q round176-s17 14 (56, 20, 7, 19) 112.69073090183647 gpu 1
Q round176-s17 15 (66, 47, 23, 50) 55.34263972051072 gpu 0
ROUND 176 n 2912 bestJ 17.544033723717053 best (24, 21, 52, 49) eligible 0 update 0 updates_total 14
Q round177-s17 0 (63, 5, 4, 40) 23.137419198963656 gpu 1
Q round177-s17 1 (64, 29, 44, 0) 23.117789657254686 gpu 0
Q round177-s17 2 (64, 5, 4, 40) 26.63040240457334 gpu 1
Q round177-s17 3 (64, 21, 28, 0) 22.723112152361015 gpu 0
Q round177-s17 4 (39, 45, 20, 70) 23.463019785486097 gpu 1
Q round177-s17 5 (63, 5, 44, 70) 24.748259396847512 gpu 0
Q round177-s17 6 (64, 45, 28, 16) 22.10419075012112 gpu 1
Q round177-s17 7 (24, 45, 44, 70) 27.388466745931417 gpu 0
Q round177-s17 8 (64, 13, 4, 65) 24.347625240984076 gpu 1
Q round177-s17 9 (64, 5, 20, 70) 21.420767267375762 gpu 0
Q round177-s17 10 (64, 13, 44, 0) 23.30086319106498 gpu 1
Q round177-s17 11 (39, 45, 44, 70) 25.60195366580794 gpu 0
Q round177-s17 12 (24, 53, 20, 16) 24.06462338847173 gpu 1
Q round177-s17 13 (39, 69, 20, 24) 22.112499082675708 gpu 0
Q round177-s17 14 (20, 17, 7, 48) 72.68332645704328 gpu 1
Q round177-s17 15 (3, 50, 45, 13) 143.49980025328392 gpu 0
ROUND 177 n 2928 bestJ 17.544033723717053 best (24, 21, 52, 49) eligible 0 update 0 updates_total 14
Q round178-s17 0 (8, 21, 68, 16) 21.806883071445583 gpu 1
Q round178-s17 1 (8, 53, 44, 24) 24.12859535150867 gpu 0
Q round178-s17 2 (64, 21, 68, 0) 22.383693504863988 gpu 1
Q round178-s17 3 (24, 13, 4, 24) 24.202781034226597 gpu 0
Q round178-s17 4 (8, 69, 20, 38) 22.71643434656361 gpu 1
Q round178-s17 5 (64, 5, 44, 70) 22.178018359052658 gpu 0
Q round178-s17 6 (64, 69, 44, 16) 22.667449134562386 gpu 1
Q round178-s17 7 (63, 21, 4, 70) 22.84280023395192 gpu 0
Q round178-s17 8 (64, 45, 4, 70) 19.774938710437898 gpu 1
Q round178-s17 9 (48, 45, 52, 25) 23.80788862293335 gpu 0
Q round178-s17 10 (64, 45, 52, 0) 22.791068880045877 gpu 1
Q round178-s17 11 (64, 13, 4, 24) 21.782063653924727 gpu 0
Q round178-s17 12 (8, 21, 52, 16) 23.13151440063919 gpu 1
Q round178-s17 13 (8, 45, 68, 0) 24.89524736254153 gpu 0
Q round178-s17 14 (55, 2, 4, 48) 44.74722920495732 gpu 1
Q round178-s17 15 (69, 47, 38, 46) 75.6946794792616 gpu 0
ROUND 178 n 2944 bestJ 17.544033723717053 best (24, 21, 52, 49) eligible 0 update 0 updates_total 14
Q round179-s17 0 (24, 53, 44, 49) 21.887206604885623 gpu 1
Q round179-s17 1 (8, 45, 12, 16) 22.3420579327416 gpu 0
Q round179-s17 2 (64, 21, 12, 16) 24.237541596216037 gpu 1
Q round179-s17 3 (39, 45, 52, 16) 24.41222026981738 gpu cache
Q round179-s17 4 (39, 29, 20, 24) 22.580329009334452 gpu 0
Q round179-s17 5 (63, 53, 44, 24) 24.99056487632989 gpu 1
Q round179-s17 6 (8, 29, 44, 24) 22.8863536817524 gpu 0
Q round179-s17 7 (39, 29, 44, 24) 22.69078187402032 gpu cache
Q round179-s17 8 (64, 69, 20, 16) 21.06704488443478 gpu 1
Q round179-s17 9 (63, 29, 28, 65) 22.32116238888042 gpu 0
Q round179-s17 10 (39, 13, 4, 65) 21.67838279651886 gpu 1
Q round179-s17 11 (64, 13, 20, 24) 21.981020491010145 gpu 0
Q round179-s17 12 (64, 53, 12, 65) 22.49380392383063 gpu 1
Q round179-s17 13 (39, 69, 44, 24) 24.457961466462404 gpu 0
Q round179-s17 14 (7, 55, 37, 43) 163.52592303052808 gpu 1
Q round179-s17 15 (65, 58, 59, 58) 187.07635245694667 gpu 0
ROUND 179 n 2960 bestJ 17.544033723717053 best (24, 21, 52, 49) eligible 0 update 0 updates_total 14
Q round180-s17 0 (39, 69, 20, 65) 23.25377494421372 gpu 1
Q round180-s17 1 (39, 69, 20, 49) 21.835352174596675 gpu 0
Q round180-s17 2 (39, 29, 4, 16) 22.690045703146314 gpu 1
Q round180-s17 3 (48, 53, 4, 65) 21.5733423405641 gpu 0
Q round180-s17 4 (39, 29, 44, 0) 24.125501962398584 gpu 1
Q round180-s17 5 (64, 29, 4, 24) 22.675188840979136 gpu 0
Q round180-s17 6 (39, 29, 4, 0) 22.710204979738457 gpu 1
Q round180-s17 7 (63, 29, 44, 24) 24.192680530807777 gpu cache
Q round180-s17 8 (39, 69, 4, 16) 22.8108001575973 gpu 0
Q round180-s17 9 (63, 53, 4, 24) 23.559742592031675 gpu 1
Q round180-s17 10 (39, 53, 4, 24) 22.6108717367402 gpu 0
Q round180-s17 11 (24, 69, 20, 24) 22.33743523795648 gpu 1
Q round180-s17 12 (39, 69, 4, 0) 23.647036140918917 gpu 0
Q round180-s17 13 (63, 45, 4, 70) 25.346750138916455 gpu 1
Q round180-s17 14 (53, 70, 12, 22) 50.07762198844772 gpu 0
Q round180-s17 15 (56, 22, 35, 52) 50.385368752181684 gpu 1
ROUND 180 n 2976 bestJ 17.544033723717053 best (24, 21, 52, 49) eligible 0 update 0 updates_total 14
Q round181-s17 0 (48, 45, 20, 16) 23.25000619546517 gpu 0
Q round181-s17 1 (64, 53, 4, 16) 22.41635785686583 gpu 1
Q round181-s17 2 (64, 29, 44, 16) 22.520427971605365 gpu cache
Q round181-s17 3 (24, 53, 4, 24) 23.136950438319342 gpu 0
Q round181-s17 4 (24, 69, 4, 0) 23.860283045622843 gpu 1
Q round181-s17 5 (48, 29, 4, 8) 21.817344719398445 gpu 0
Q round181-s17 6 (39, 53, 4, 0) 23.437761680461726 gpu 1
Q round181-s17 7 (63, 45, 44, 70) 27.00285258489889 gpu 0
Q round181-s17 8 (48, 69, 20, 64) 25.285801414352285 gpu 1
Q round181-s17 9 (8, 13, 4, 48) 25.8577920976622 gpu 0
Q round181-s17 10 (39, 5, 20, 70) 21.888571268023075 gpu 1
Q round181-s17 11 (39, 5, 44, 70) 22.722733662289738 gpu 0
Q round181-s17 12 (64, 21, 4, 70) 22.994343360256337 gpu 1
Q round181-s17 13 (24, 13, 4, 65) 21.49450352663399 gpu 0
Q round181-s17 14 (59, 49, 32, 40) 59.81504390395871 gpu 1
Q round181-s17 15 (30, 49, 13, 51) 89.18745959325935 gpu 0
TRIGGER_UPDATE 181 2992 ['stagnation', 'eligible_collapse'] {"new_labels_since_update": 256, "evals_since_best": 2100, "recent_n": 128, "recent_spearman": 0.2749610877128731, "recent_high_uncertainty_fraction": 0.0625, "sigma_ref_p90": 0.04997761733829975, "eligible_pool": 0, "eligible_floor": 120}
ROUND 181 n 2992 bestJ 17.544033723717053 best (24, 21, 52, 49) eligible 0 update 1 updates_total 15
Q round182-s17 0 (64, 29, 12, 49) 23.298334641585534 gpu 1
Q round182-s17 1 (8, 69, 44, 38) 24.121677578943885 gpu 0
Q round182-s17 2 (39, 29, 12, 38) 21.33717922832979 gpu 1
Q round182-s17 3 (64, 29, 12, 38) 19.984281882295445 gpu 0
Q round182-s17 4 (63, 29, 12, 38) 24.104302824729917 gpu 1
Q round182-s17 5 (64, 29, 28, 25) 22.34955756250748 gpu 0
Q round182-s17 6 (8, 69, 20, 62) 23.77893583930394 gpu 1
Q round182-s17 7 (8, 69, 20, 63) 22.55664507915992 gpu 0
Q round182-s17 8 (8, 69, 44, 62) 24.51517383226952 gpu 1
Q round182-s17 9 (8, 53, 20, 49) 21.34288142900151 gpu 0
Q round182-s17 10 (8, 69, 20, 49) 21.272822401671423 gpu 1
Q round182-s17 11 (8, 69, 44, 65) 22.360257418379387 gpu 0
Q round182-s17 12 (39, 29, 12, 62) 23.512329186877217 gpu 1
Q round182-s17 13 (8, 69, 44, 63) 24.368366946392552 gpu 0
Q round182-s17 14 (67, 37, 52, 5) 83.80506337269534 gpu 1
Q round182-s17 15 (9, 30, 45, 22) 112.44120627366681 gpu 0
ROUND 182 n 3008 bestJ 17.544033723717053 best (24, 21, 52, 49) eligible 0 update 0 updates_total 15
Q round183-s17 0 (48, 53, 4, 49) 23.700701134603005 gpu 1
Q round183-s17 1 (39, 29, 12, 49) 22.170803565343117 gpu 0
Q round183-s17 2 (48, 69, 44, 8) 25.25279521352394 gpu 1
Q round183-s17 3 (64, 53, 12, 49) 22.990027581898154 gpu 0
Q round183-s17 4 (48, 29, 12, 25) 20.79839742450025 gpu 1
Q round183-s17 5 (48, 53, 12, 65) 24.495443106828585 gpu 0
Q round183-s17 6 (24, 29, 4, 49) 20.527908869781413 gpu 1
Q round183-s17 7 (8, 13, 20, 38) 26.57927663963415 gpu 0
Q round183-s17 8 (39, 29, 28, 49) 24.09925533780873 gpu 1
Q round183-s17 9 (39, 29, 12, 39) 24.603597517920953 gpu 0
Q round183-s17 10 (8, 69, 4, 49) 19.844465175575404 gpu 1
Q round183-s17 11 (8, 13, 44, 38) 26.172358882357145 gpu 0
Q round183-s17 12 (64, 29, 12, 25) 24.172372913781945 gpu 1
Q round183-s17 13 (63, 29, 12, 62) 25.69568213678016 gpu 0
Q round183-s17 14 (1, 27, 37, 40) 44.78386612610553 gpu 1
Q round183-s17 15 (39, 21, 22, 8) 67.43065540350811 gpu 0
ROUND 183 n 3024 bestJ 17.544033723717053 best (24, 21, 52, 49) eligible 0 update 0 updates_total 15
Q round184-s17 0 (63, 29, 4, 49) 21.93225196354762 gpu 1
Q round184-s17 1 (8, 53, 44, 49) 21.906422968422138 gpu 0
Q round184-s17 2 (8, 69, 44, 49) 22.75103388274491 gpu 1
Q round184-s17 3 (8, 53, 4, 64) 21.577729099164635 gpu 0
Q round184-s17 4 (24, 21, 28, 16) 22.052865893586407 gpu 1
Q round184-s17 5 (48, 13, 20, 25) 21.512891305228955 gpu 0
Q round184-s17 6 (48, 13, 44, 25) 24.035231629161164 gpu 1
Q round184-s17 7 (64, 29, 20, 16) 21.262235048205362 gpu cache
Q round184-s17 8 (8, 13, 20, 65) 25.11032551883348 gpu 0
Q round184-s17 9 (8, 29, 20, 49) 20.562214009776568 gpu 1
Q round184-s17 10 (24, 29, 12, 65) 22.466593069659478 gpu 0
Q round184-s17 11 (64, 69, 12, 65) 22.528466238035662 gpu 1
Q round184-s17 12 (64, 69, 20, 8) 23.230568260808933 gpu 0
Q round184-s17 13 (64, 69, 44, 8) 21.925063687141986 gpu 1
Q round184-s17 14 (45, 33, 32, 39) 52.171365698066644 gpu 0
Q round184-s17 15 (44, 71, 6, 36) 40.78744327679365 gpu 1
ROUND 184 n 3040 bestJ 17.544033723717053 best (24, 21, 52, 49) eligible 0 update 0 updates_total 15
Q round185-s17 0 (48, 69, 20, 8) 23.377500047169388 gpu 0
Q round185-s17 1 (39, 53, 12, 49) 22.273112704492338 gpu 1
Q round185-s17 2 (8, 29, 44, 49) 19.984902194901004 gpu 0
Q round185-s17 3 (64, 13, 20, 8) 21.48848972880509 gpu 1
Q round185-s17 4 (64, 13, 44, 8) 20.96837642605896 gpu 0
Q round185-s17 5 (64, 29, 12, 62) 18.46151664651359 gpu 1
Q round185-s17 6 (8, 13, 4, 49) 23.898703155479083 gpu 0
Q round185-s17 7 (64, 29, 4, 70) 24.75266630301029 gpu 1
Q round185-s17 8 (64, 29, 12, 39) 21.4736498139802 gpu 0
Q round185-s17 9 (24, 45, 4, 70) 24.456089108944532 gpu 1
Q round185-s17 10 (8, 13, 20, 49) 25.252335195668334 gpu 0
Q round185-s17 11 (48, 5, 4, 70) 24.292507978378453 gpu 1
Q round185-s17 12 (64, 13, 12, 65) 22.424850580890034 gpu 0
Q round185-s17 13 (63, 29, 12, 39) 25.911821750967043 gpu 1
Q round185-s17 14 (15, 5, 24, 33) 76.29358785186783 gpu 0
Q round185-s17 15 (10, 44, 29, 37) 99.69103028258189 gpu 1
ROUND 185 n 3056 bestJ 17.544033723717053 best (24, 21, 52, 49) eligible 0 update 0 updates_total 15
Q round186-s17 0 (63, 29, 12, 65) 22.952493666023955 gpu 0
Q round186-s17 1 (63, 29, 12, 49) 22.978668808139275 gpu 1
Q round186-s17 2 (8, 13, 44, 65) 24.397647023698777 gpu 0
Q round186-s17 3 (64, 29, 4, 49) 22.533447121752246 gpu 1
Q round186-s17 4 (24, 21, 68, 16) 22.292957853493622 gpu 0
Q round186-s17 5 (64, 29, 52, 65) 21.674713629524945 gpu 1
Q round186-s17 6 (24, 45, 28, 16) 25.025164890283094 gpu 0
Q round186-s17 7 (64, 29, 68, 65) 23.041163262721426 gpu 1
Q round186-s17 8 (48, 13, 4, 8) 24.57623922168775 gpu 0
Q round186-s17 9 (8, 13, 44, 49) 26.103102929598894 gpu 1
Q round186-s17 10 (64, 53, 12, 25) 23.48411217815271 gpu 0
Q round186-s17 11 (64, 29, 4, 0) 21.672343578917307 gpu 1
Q round186-s17 12 (48, 29, 28, 25) 25.696472175711527 gpu 0
Q round186-s17 13 (64, 29, 52, 25) 23.18683406701731 gpu 1
Q round186-s17 14 (64, 46, 11, 38) 91.80439761221163 gpu 0
Q round186-s17 15 (69, 71, 19, 48) 46.550840238944915 gpu 1
ROUND 186 n 3072 bestJ 17.544033723717053 best (24, 21, 52, 49) eligible 0 update 0 updates_total 15
Q round187-s17 0 (64, 53, 28, 65) 22.951743909164616 gpu 0
Q round187-s17 1 (8, 45, 68, 16) 23.703040167003905 gpu 1
Q round187-s17 2 (39, 53, 20, 16) 22.06417225413721 gpu 0
Q round187-s17 3 (63, 29, 12, 25) 22.076325573637366 gpu 1
Q round187-s17 4 (24, 29, 20, 0) 22.899124785676594 gpu 0
Q round187-s17 5 (63, 29, 4, 16) 23.604718503201557 gpu 1
Q round187-s17 6 (39, 21, 4, 70) 21.301041261372667 gpu 0
Q round187-s17 7 (64, 29, 28, 49) 21.335204416922625 gpu 1
Q round187-s17 8 (64, 5, 4, 14) 19.091684076113236 gpu 0
Q round187-s17 9 (64, 53, 20, 8) 23.898857951405976 gpu 1
Q round187-s17 10 (39, 45, 4, 70) 23.70387948883506 gpu 0
Q round187-s17 11 (48, 29, 4, 16) 24.914979018532318 gpu 1
Q round187-s17 12 (24, 21, 4, 70) 21.83321190074222 gpu 0
Q round187-s17 13 (63, 53, 12, 38) 25.892895411164943 gpu 1
Q round187-s17 14 (13, 65, 16, 64) 68.90885495732695 gpu 0
Q round187-s17 15 (69, 51, 47, 43) 186.60689941603687 gpu 1
ROUND 187 n 3088 bestJ 17.544033723717053 best (24, 21, 52, 49) eligible 0 update 0 updates_total 15
Q round188-s17 0 (39, 29, 28, 65) 22.545312445433524 gpu 0
Q round188-s17 1 (39, 53, 28, 65) 21.69643669246402 gpu 1
Q round188-s17 2 (8, 69, 20, 65) 24.963828316485156 gpu 0
Q round188-s17 3 (39, 29, 52, 65) 22.190953227986707 gpu 1
Q round188-s17 4 (39, 29, 28, 25) 23.17467693675449 gpu 0
Q round188-s17 5 (24, 29, 44, 16) 23.244203389970288 gpu 1
Q round188-s17 6 (64, 53, 28, 25) 22.87587750497597 gpu 0
Q round188-s17 7 (63, 69, 44, 8) 21.718012627471726 gpu 1
Q round188-s17 8 (39, 29, 20, 16) 22.163823794885108 gpu cache
Q round188-s17 9 (39, 53, 4, 16) 22.495629983072618 gpu 0
Q round188-s17 10 (39, 29, 20, 0) 22.555027576210875 gpu 1
Q round188-s17 11 (63, 53, 28, 25) 22.405089229603107 gpu 0
Q round188-s17 12 (39, 53, 44, 0) 24.123436719394153 gpu 1
Q round188-s17 13 (64, 53, 44, 8) 22.8953488488603 gpu 0
Q round188-s17 14 (45, 57, 26, 71) 93.41864010874893 gpu 1
Q round188-s17 15 (32, 14, 42, 17) 104.70461366890642 gpu 0
ROUND 188 n 3104 bestJ 17.544033723717053 best (24, 21, 52, 49) eligible 0 update 0 updates_total 15
Q round189-s17 0 (39, 29, 12, 65) 21.886008684282487 gpu 1
Q round189-s17 1 (39, 53, 4, 49) 21.55647374939067 gpu 0
Q round189-s17 2 (48, 13, 20, 8) 25.284702070416884 gpu 1
Q round189-s17 3 (63, 29, 28, 25) 22.34198386213428 gpu 0
Q round189-s17 4 (48, 29, 20, 8) 21.763917958672987 gpu 1
Q round189-s17 5 (39, 29, 4, 49) 21.37847563732175 gpu 0
Q round189-s17 6 (63, 29, 28, 49) 26.827712448609592 gpu 1
Q round189-s17 7 (63, 29, 68, 65) 22.206657838920556 gpu 0
Q round189-s17 8 (63, 69, 12, 65) 21.872064961420364 gpu 1
Q round189-s17 9 (39, 69, 44, 8) 20.91601499619137 gpu 0
Q round189-s17 10 (63, 69, 20, 25) 22.202108842016102 gpu 1
Q round189-s17 11 (63, 69, 44, 25) 21.176204835352983 gpu 0
Q round189-s17 12 (64, 53, 4, 70) 25.307118139187025 gpu 1
Q round189-s17 13 (39, 29, 12, 63) 25.469525368631675 gpu 0
Q round189-s17 14 (0, 55, 25, 40) 93.65397188105902 gpu 1
Q round189-s17 15 (31, 51, 62, 28) 76.09716156044847 gpu 0
ROUND 189 n 3120 bestJ 17.544033723717053 best (24, 21, 52, 49) eligible 0 update 0 updates_total 15
Q round190-s17 0 (48, 13, 44, 8) 26.142207355019067 gpu 1
Q round190-s17 1 (48, 53, 20, 8) 23.02419192815719 gpu 0
Q round190-s17 2 (48, 53, 44, 8) 25.156119828426874 gpu 1
Q round190-s17 3 (48, 29, 44, 8) 23.478523325896813 gpu 0
Q round190-s17 4 (48, 29, 4, 65) 20.86589618622097 gpu 1
Q round190-s17 5 (63, 69, 20, 8) 19.78838357931438 gpu 0
Q round190-s17 6 (63, 13, 20, 8) 21.733667621523153 gpu 1
Q round190-s17 7 (63, 13, 44, 8) 22.527470858726332 gpu 0
Q round190-s17 8 (48, 69, 4, 8) 23.98394958251014 gpu 1
Q round190-s17 9 (63, 29, 52, 25) 21.26990300388235 gpu 0
Q round190-s17 10 (39, 69, 20, 8) 22.927467581099187 gpu 1
Q round190-s17 11 (39, 13, 20, 8) 21.001174877754764 gpu 0
Q round190-s17 12 (39, 13, 44, 8) 21.89678362289499 gpu 1
Q round190-s17 13 (64, 29, 12, 64) 21.26867955360069 gpu 0
Q round190-s17 14 (26, 58, 25, 62) 60.245505549550415 gpu 1
Q round190-s17 15 (15, 61, 49, 31) 83.39256105601696 gpu 0
ROUND 190 n 3136 bestJ 17.544033723717053 best (24, 21, 52, 49) eligible 0 update 0 updates_total 15
Q round191-s17 0 (8, 5, 52, 16) 23.400741382304236 gpu 1
Q round191-s17 1 (39, 29, 12, 25) 23.46369861802627 gpu 0
Q round191-s17 2 (64, 45, 44, 70) 23.304101089507157 gpu 1
Q round191-s17 3 (64, 45, 68, 16) 21.865349406834497 gpu 0
Q round191-s17 4 (39, 29, 12, 64) 23.045986615386813 gpu 1
Q round191-s17 5 (64, 21, 52, 16) 21.76662451797994 gpu 0
Q round191-s17 6 (24, 69, 44, 25) 22.251072335378552 gpu 1
Q round191-s17 7 (64, 21, 4, 54) 20.54818338438162 gpu 0
Q round191-s17 8 (39, 29, 28, 38) 24.257451551205186 gpu 1
Q round191-s17 9 (24, 21, 4, 54) 24.381012609679328 gpu 0
Q round191-s17 10 (8, 69, 4, 65) 24.25636853505559 gpu 1
Q round191-s17 11 (64, 53, 12, 38) 18.721662896966638 gpu 0
Q round191-s17 12 (64, 69, 20, 25) 23.70749127082151 gpu 1
Q round191-s17 13 (24, 21, 20, 30) 22.25984654328221 gpu 0
Q round191-s17 14 (7, 30, 30, 15) 110.79867402656306 gpu 1
Q round191-s17 15 (7, 14, 24, 44) 128.73918070234816 gpu 0
ROUND 191 n 3152 bestJ 17.544033723717053 best (24, 21, 52, 49) eligible 0 update 0 updates_total 15
Q round192-s17 0 (63, 53, 12, 65) 22.28763306701827 gpu 1
Q round192-s17 1 (39, 53, 12, 65) 22.74396951319498 gpu 0
Q round192-s17 2 (63, 53, 12, 49) 24.72810613144308 gpu 1
Q round192-s17 3 (48, 53, 12, 25) 24.16699533955079 gpu 0
Q round192-s17 4 (39, 53, 12, 38) 24.319408166258267 gpu 1
Q round192-s17 5 (64, 29, 20, 8) 23.431941666562107 gpu 0
Q round192-s17 6 (64, 69, 44, 25) 23.250449179993744 gpu 1
Q round192-s17 7 (64, 13, 20, 16) 21.28869029840639 gpu 0
Q round192-s17 8 (63, 53, 12, 25) 23.655699214710243 gpu 1
Q round192-s17 9 (64, 13, 12, 25) 22.20985964729267 gpu 0
Q round192-s17 10 (39, 69, 44, 25) 23.17064511993134 gpu 1
Q round192-s17 11 (64, 13, 44, 16) 22.240120246292086 gpu 0
Q round192-s17 12 (24, 21, 44, 30) 25.1430320729278 gpu 1
Q round192-s17 13 (8, 13, 20, 62) 25.384880686915075 gpu 0
Q round192-s17 14 (71, 14, 34, 11) 146.02516795849462 gpu 1
Q round192-s17 15 (25, 42, 40, 7) 66.95723629897583 gpu 0
ROUND 192 n 3168 bestJ 17.544033723717053 best (24, 21, 52, 49) eligible 0 update 0 updates_total 15
Q round193-s17 0 (64, 21, 68, 16) 22.895776373809866 gpu 1
Q round193-s17 1 (48, 5, 12, 16) 24.006396187886867 gpu cache
Q round193-s17 2 (48, 53, 44, 25) 21.725794152275665 gpu 0
Q round193-s17 3 (48, 53, 20, 25) 22.244295027991352 gpu 1
Q round193-s17 4 (24, 69, 20, 25) 21.840516099762446 gpu 0
Q round193-s17 5 (63, 13, 20, 25) 22.400776278479395 gpu 1
Q round193-s17 6 (39, 21, 20, 30) 21.93069179829799 gpu 0
Q round193-s17 7 (64, 53, 4, 65) 24.51419113119215 gpu 1
Q round193-s17 8 (8, 13, 4, 65) 24.415171407297457 gpu 0
Q round193-s17 9 (24, 21, 52, 16) 23.788669665150675 gpu 1
Q round193-s17 10 (64, 45, 4, 54) 22.99577414105353 gpu 0
Q round193-s17 11 (64, 69, 12, 25) 23.418869292278405 gpu 1
Q round193-s17 12 (24, 13, 20, 25) 22.794643882436517 gpu 0
Q round193-s17 13 (24, 13, 44, 25) 21.127740372077508 gpu 1
Q round193-s17 14 (52, 54, 18, 42) 98.76353526132564 gpu 0
Q round193-s17 15 (5, 60, 39, 5) 143.38510506207476 gpu 1
ROUND 193 n 3184 bestJ 17.544033723717053 best (24, 21, 52, 49) eligible 0 update 0 updates_total 15
Q round194-s17 0 (63, 53, 4, 65) 22.897940413501683 gpu 0
Q round194-s17 1 (63, 21, 68, 16) 22.131188693025443 gpu cache
Q round194-s17 2 (48, 29, 12, 49) 27.527375846834815 gpu 1
Q round194-s17 3 (39, 21, 44, 30) 22.21922337571371 gpu 0
Q round194-s17 4 (64, 45, 52, 8) 20.19570379579843 gpu 1
Q round194-s17 5 (64, 5, 4, 54) 20.33203555021858 gpu 0
Q round194-s17 6 (8, 13, 44, 62) 26.494456778344773 gpu 1
Q round194-s17 7 (64, 13, 20, 25) 23.4488728402224 gpu 0
Q round194-s17 8 (64, 45, 52, 16) 22.079168036234027 gpu 1
Q round194-s17 9 (64, 13, 44, 25) 23.55783759169665 gpu cache
Q round194-s17 10 (64, 45, 4, 30) 20.11597592505499 gpu 0
Q round194-s17 11 (64, 21, 4, 30) 22.623021220105688 gpu 1
Q round194-s17 12 (64, 21, 52, 8) 23.29887843534804 gpu 0
Q round194-s17 13 (39, 5, 20, 54) 23.350735038424197 gpu 1
Q round194-s17 14 (70, 27, 36, 61) 150.00758613611958 gpu 0
Q round194-s17 15 (16, 15, 40, 35) 100.8324760556845 gpu 1
ROUND 194 n 3200 bestJ 17.544033723717053 best (24, 21, 52, 49) eligible 0 update 0 updates_total 15
Q round195-s17 0 (63, 69, 4, 0) 23.81442929170417 gpu 0
Q round195-s17 1 (24, 13, 44, 8) 23.19303992811457 gpu 1
Q round195-s17 2 (24, 45, 4, 54) 26.826329948018767 gpu 0
Q round195-s17 3 (24, 69, 44, 24) 24.56867521282943 gpu 1
Q round195-s17 4 (64, 29, 68, 25) 24.475633642995383 gpu 0
Q round195-s17 5 (24, 29, 4, 70) 26.760105902315985 gpu 1
Q round195-s17 6 (24, 45, 20, 30) 26.32081800707039 gpu 0
Q round195-s17 7 (64, 21, 4, 14) 19.09954354297253 gpu 1
Q round195-s17 8 (39, 53, 12, 62) 24.936522226305094 gpu 0
Q round195-s17 9 (63, 29, 12, 63) 26.260031534738552 gpu 1
Q round195-s17 10 (63, 45, 4, 30) 25.978285042298587 gpu 0
Q round195-s17 11 (48, 45, 52, 8) 26.22253396654881 gpu 1
Q round195-s17 12 (63, 29, 28, 38) 26.558264626402273 gpu 0
Q round195-s17 13 (64, 53, 12, 64) 21.875229282752766 gpu 1
Q round195-s17 14 (62, 45, 65, 42) 78.45428477872412 gpu 0
Q round195-s17 15 (19, 47, 13, 13) 92.25392791744058 gpu 1
ROUND 195 n 3216 bestJ 17.544033723717053 best (24, 21, 52, 49) eligible 0 update 0 updates_total 15
Q round196-s17 0 (24, 45, 52, 0) 27.22419324944971 gpu 0
Q round196-s17 1 (63, 13, 44, 25) 22.149850964498068 gpu 1
Q round196-s17 2 (63, 21, 52, 16) 23.211765844036275 gpu 0
Q round196-s17 3 (63, 5, 44, 30) 24.88645062704893 gpu 1
Q round196-s17 4 (48, 21, 12, 8) 20.45422661721286 gpu 0
Q round196-s17 5 (39, 21, 4, 54) 23.70814271151685 gpu 1
Q round196-s17 6 (39, 13, 20, 25) 21.640000298594828 gpu 0
Q round196-s17 7 (63, 53, 12, 62) 27.010640693349274 gpu 1
Q round196-s17 8 (64, 21, 20, 30) 22.094601326616793 gpu 0
Q round196-s17 9 (24, 45, 44, 30) 26.432341688789826 gpu 1
Q round196-s17 10 (39, 45, 20, 30) 24.71790193527697 gpu 0
Q round196-s17 11 (48, 21, 4, 24) 21.064986616762315 gpu 1
Q round196-s17 12 (64, 29, 12, 63) 23.189541579567837 gpu 0
Q round196-s17 13 (48, 5, 4, 30) 25.103496772066286 gpu 1
Q round196-s17 14 (68, 40, 4, 37) 96.55781925243882 gpu 0
Q round196-s17 15 (65, 16, 67, 59) 59.652517346731585 gpu 1
ROUND 196 n 3232 bestJ 17.544033723717053 best (24, 21, 52, 49) eligible 0 update 0 updates_total 15
Q round197-s17 0 (48, 21, 28, 8) 21.687978513213167 gpu 0
Q round197-s17 1 (63, 29, 68, 25) 22.75988220111517 gpu 1
Q round197-s17 2 (39, 5, 44, 54) 26.237531941828063 gpu 0
Q round197-s17 3 (24, 45, 4, 30) 25.358428564950106 gpu 1
Q round197-s17 4 (48, 69, 44, 64) 25.570291292961855 gpu 0
Q round197-s17 5 (39, 53, 12, 25) 23.644799920934844 gpu 1
Q round197-s17 6 (48, 45, 44, 8) 20.785220182494495 gpu 0
Q round197-s17 7 (63, 21, 20, 30) 23.113740026885967 gpu 1
Q round197-s17 8 (24, 29, 28, 65) 20.1902811635891 gpu 0
Q round197-s17 9 (8, 69, 20, 24) 22.527554244360953 gpu 1
Q round197-s17 10 (48, 5, 28, 16) 25.434220311426905 gpu cache
Q round197-s17 11 (64, 69, 28, 65) 22.42893928467985 gpu 0
Q round197-s17 12 (24, 69, 20, 48) 23.985593136073522 gpu 1
Q round197-s17 13 (8, 69, 44, 24) 23.428709923620456 gpu 0
Q round197-s17 14 (50, 49, 7, 71) 70.21832255840734 gpu 1
Q round197-s17 15 (46, 63, 63, 69) 190.11139485867088 gpu 0
TRIGGER_UPDATE 197 3248 ['stagnation', 'eligible_collapse'] {"new_labels_since_update": 256, "evals_since_best": 2356, "recent_n": 128, "recent_spearman": 0.505813953488372, "recent_high_uncertainty_fraction": 0.0859375, "sigma_ref_p90": 0.04700305275619031, "eligible_pool": 0, "eligible_floor": 120}
ROUND 197 n 3248 bestJ 17.544033723717053 best (24, 21, 52, 49) eligible 0 update 1 updates_total 16
Q round198-s17 0 (24, 53, 4, 65) 24.226958168228915 gpu 1
Q round198-s17 1 (8, 53, 4, 65) 25.16397187985339 gpu 0
Q round198-s17 2 (63, 53, 28, 65) 21.42455193012951 gpu 1
Q round198-s17 3 (24, 69, 4, 8) 20.147784901735356 gpu 0
Q round198-s17 4 (63, 29, 52, 65) 22.748314304076253 gpu 1
Q round198-s17 5 (8, 29, 4, 49) 20.9125349419205 gpu 0
Q round198-s17 6 (24, 53, 20, 25) 22.76966557449705 gpu 1
Q round198-s17 7 (24, 53, 44, 25) 22.693428380799315 gpu 0
Q round198-s17 8 (64, 45, 28, 8) 21.835290723473985 gpu 1
Q round198-s17 9 (64, 13, 4, 8) 21.556334240001846 gpu 0
Q round198-s17 10 (24, 29, 4, 65) 23.384868883932146 gpu 1
Q round198-s17 11 (24, 13, 4, 25) 21.53463596848328 gpu 0
Q round198-s17 12 (24, 29, 12, 25) 21.340207947361044 gpu 1
Q round198-s17 13 (39, 45, 52, 8) 21.441137290418087 gpu 0
Q round198-s17 14 (14, 31, 0, 19) 122.07106153328449 gpu 1
Q round198-s17 15 (57, 10, 32, 28) 129.7815301258396 gpu 0
ROUND 198 n 3264 bestJ 17.544033723717053 best (24, 21, 52, 49) eligible 0 update 0 updates_total 16
Q round199-s17 0 (8, 29, 44, 65) 24.69069878071777 gpu 1
Q round199-s17 1 (39, 29, 52, 25) 22.518909045379296 gpu 0
Q round199-s17 2 (48, 5, 28, 8) 21.66595862717247 gpu 1
Q round199-s17 3 (64, 29, 44, 8) 23.906516663729796 gpu 0
Q round199-s17 4 (24, 21, 28, 8) 21.521528193878137 gpu 1
Q round199-s17 5 (48, 53, 4, 8) 22.9400074475673 gpu 0
Q round199-s17 6 (39, 21, 52, 8) 22.6301545824017 gpu 1
Q round199-s17 7 (63, 5, 52, 8) 20.898316145262744 gpu 0
Q round199-s17 8 (64, 29, 12, 8) 22.718481281123477 gpu 1
Q round199-s17 9 (8, 69, 20, 25) 24.317745911332533 gpu 0
Q round199-s17 10 (24, 21, 52, 8) 20.88501334548377 gpu 1
Q round199-s17 11 (39, 29, 44, 16) 23.09132329370915 gpu 0
Q round199-s17 12 (24, 29, 28, 25) 19.862190308645395 gpu 1
Q round199-s17 13 (64, 53, 28, 49) 20.55129739928987 gpu 0
Q round199-s17 14 (63, 17, 46, 53) 157.97708472647685 gpu 1
Q round199-s17 15 (48, 65, 25, 54) 81.37779360632499 gpu 0
ROUND 199 n 3280 bestJ 17.544033723717053 best (24, 21, 52, 49) eligible 0 update 0 updates_total 16
Q round200-s17 0 (24, 69, 20, 8) 20.497652876596042 gpu 1
Q round200-s17 1 (8, 53, 20, 65) 24.91059816415313 gpu 0
Q round200-s17 2 (8, 53, 44, 65) 23.620910985427205 gpu 1
Q round200-s17 3 (8, 53, 4, 49) 20.569759768090886 gpu 0
Q round200-s17 4 (39, 13, 44, 25) 22.02710748295736 gpu 1
Q round200-s17 5 (48, 21, 52, 8) 23.21135021245026 gpu 0
Q round200-s17 6 (48, 29, 28, 65) 26.366798230210357 gpu 1
Q round200-s17 7 (63, 45, 52, 8) 23.18750593179016 gpu 0
Q round200-s17 8 (64, 53, 52, 65) 22.36933027034982 gpu 1
Q round200-s17 9 (64, 45, 68, 8) 22.98720969413539 gpu 0
Q round200-s17 10 (39, 29, 68, 65) 23.385637356936822 gpu 1
Q round200-s17 11 (8, 69, 44, 25) 21.960126985343525 gpu 0
Q round200-s17 12 (64, 69, 4, 8) 23.60054265814044 gpu 1
Q round200-s17 13 (8, 29, 4, 65) 24.803941124859875 gpu 0
Q round200-s17 14 (45, 22, 49, 26) 60.08919542972872 gpu 1
Q round200-s17 15 (4, 20, 4, 36) 112.38433939619253 gpu 0
ROUND 200 n 3296 bestJ 17.544033723717053 best (24, 21, 52, 49) eligible 0 update 0 updates_total 16
Q round201-s17 0 (24, 53, 44, 8) 21.185588033026093 gpu 1
Q round201-s17 1 (39, 69, 20, 25) 22.89982404038933 gpu 0
Q round201-s17 2 (63, 21, 52, 8) 20.025515141950535 gpu 1
Q round201-s17 3 (63, 69, 4, 8) 21.222014834325822 gpu 0
Q round201-s17 4 (48, 53, 28, 25) 27.437247601384854 gpu 1
Q round201-s17 5 (8, 69, 4, 8) 20.751208233663142 gpu 0
Q round201-s17 6 (64, 69, 28, 25) 22.495159244974726 gpu 1
Q round201-s17 7 (64, 29, 28, 38) 21.03038706335245 gpu 0
Q round201-s17 8 (64, 53, 52, 25) 22.578939972173526 gpu 1
Q round201-s17 9 (24, 29, 4, 0) 23.457437557207534 gpu 0
Q round201-s17 10 (39, 29, 4, 65) 23.399016024696465 gpu 1
Q round201-s17 11 (8, 29, 44, 0) 23.987007136545472 gpu 0
Q round201-s17 12 (24, 69, 4, 25) 21.98347368289483 gpu 1
Q round201-s17 13 (8, 53, 44, 25) 23.332659643971873 gpu 0
Q round201-s17 14 (34, 3, 56, 28) 199.47869775487302 gpu 1
Q round201-s17 15 (20, 62, 23, 70) 67.26666292180877 gpu 0
ROUND 201 n 3312 bestJ 17.544033723717053 best (24, 21, 52, 49) eligible 0 update 0 updates_total 16
Q round202-s17 0 (8, 29, 20, 65) 25.435743382315597 gpu 1
Q round202-s17 1 (39, 53, 4, 65) 23.371276350545205 gpu 0
Q round202-s17 2 (39, 29, 44, 8) 22.221783863013925 gpu 1
Q round202-s17 3 (64, 21, 68, 8) 23.942314073565278 gpu 0
Q round202-s17 4 (8, 53, 20, 25) 24.55500819516329 gpu 1
Q round202-s17 5 (48, 13, 4, 25) 21.28088283649047 gpu 0
Q round202-s17 6 (24, 5, 52, 8) 20.680275130701588 gpu 1
Q round202-s17 7 (39, 69, 20, 16) 22.36512308695008 gpu 0
Q round202-s17 8 (39, 53, 44, 25) 23.878446695410783 gpu 1
Q round202-s17 9 (39, 5, 52, 8) 21.206850280380255 gpu 0
Q round202-s17 10 (64, 53, 68, 65) 23.327260797059456 gpu 1
Q round202-s17 11 (39, 53, 20, 25) 23.212356057031947 gpu 0
Q round202-s17 12 (8, 13, 44, 25) 23.323472658361766 gpu 1
Q round202-s17 13 (24, 5, 4, 14) 23.325297313997275 gpu 0
Q round202-s17 14 (65, 9, 27, 7) 44.30700174205924 gpu 1
Q round202-s17 15 (60, 9, 60, 2) 150.5606721480492 gpu 0
ROUND 202 n 3328 bestJ 17.544033723717053 best (24, 21, 52, 49) eligible 0 update 0 updates_total 16
Q round203-s17 0 (39, 53, 28, 25) 22.309045573060185 gpu 1
Q round203-s17 1 (63, 29, 4, 65) 22.4434843173775 gpu 0
Q round203-s17 2 (63, 53, 20, 25) 23.320997026861594 gpu 1
Q round203-s17 3 (24, 45, 52, 8) 22.894390144859845 gpu 0
Q round203-s17 4 (24, 29, 20, 16) 22.03912838307256 gpu 1
Q round203-s17 5 (8, 13, 4, 8) 21.84051969035906 gpu 0
Q round203-s17 6 (8, 29, 20, 0) 22.954187114365233 gpu 1
Q round203-s17 7 (48, 5, 12, 8) 21.060513726504436 gpu 0
Q round203-s17 8 (8, 13, 4, 25) 22.991673475028453 gpu 1
Q round203-s17 9 (48, 53, 28, 65) 26.571534176466827 gpu 0
Q round203-s17 10 (8, 69, 4, 25) 23.1978740292347 gpu 1
Q round203-s17 11 (64, 21, 12, 8) 25.31726128124874 gpu 0
Q round203-s17 12 (64, 29, 12, 0) 23.632672067849704 gpu 1
Q round203-s17 13 (8, 29, 44, 8) 20.026157360453368 gpu 0
Q round203-s17 14 (42, 51, 5, 50) 186.91108761850293 gpu 1
Q round203-s17 15 (35, 33, 55, 31) 67.36295766552833 gpu 0
ROUND 203 n 3344 bestJ 17.544033723717053 best (24, 21, 52, 49) eligible 0 update 0 updates_total 16
Q round204-s17 0 (48, 21, 68, 8) 21.209154071812513 gpu 1
Q round204-s17 1 (24, 29, 4, 16) 23.032492325680916 gpu 0
Q round204-s17 2 (63, 53, 44, 25) 22.00366403481807 gpu 1
Q round204-s17 3 (39, 29, 68, 25) 23.126891425138933 gpu 0
Q round204-s17 4 (8, 13, 20, 25) 23.064620668962526 gpu 1
Q round204-s17 5 (39, 45, 68, 16) 23.95089365925755 gpu cache
Q round204-s17 6 (48, 69, 4, 25) 21.274954858228224 gpu 0
Q round204-s17 7 (24, 53, 4, 16) 23.592302429530324 gpu 1
Q round204-s17 8 (64, 29, 28, 64) 22.07360202785952 gpu 0
Q round204-s17 9 (63, 13, 4, 25) 22.27923303365029 gpu 1
Q round204-s17 10 (48, 69, 12, 65) 26.114181336729803 gpu 0
Q round204-s17 11 (64, 53, 68, 25) 23.83902251789811 gpu 1
Q round204-s17 12 (39, 69, 28, 25) 22.40889967398489 gpu 0
Q round204-s17 13 (64, 29, 68, 49) 19.786021366917424 gpu 1
Q round204-s17 14 (50, 55, 54, 12) 62.1450450282895 gpu 0
Q round204-s17 15 (52, 21, 26, 6) 282.4047894243605 gpu 1
ROUND 204 n 3360 bestJ 17.544033723717053 best (24, 21, 52, 49) eligible 0 update 0 updates_total 16
Q round205-s17 0 (24, 13, 20, 8) 21.717063451118403 gpu 0
Q round205-s17 1 (24, 29, 20, 8) 20.101251471795468 gpu 1
Q round205-s17 2 (8, 69, 20, 8) 21.08645347965713 gpu 0
Q round205-s17 3 (63, 53, 52, 25) 23.256551309937063 gpu 1
Q round205-s17 4 (63, 21, 12, 8) 23.96672122429174 gpu 0
Q round205-s17 5 (64, 45, 12, 8) 22.918975247180605 gpu 1
Q round205-s17 6 (8, 29, 44, 16) 23.114353376086502 gpu 0
Q round205-s17 7 (8, 29, 20, 16) 22.601757977032804 gpu 1
Q round205-s17 8 (48, 69, 12, 25) 23.74636870274083 gpu 0
Q round205-s17 9 (39, 53, 52, 25) 22.44387062387694 gpu 1
Q round205-s17 10 (24, 29, 4, 8) 19.707951985880477 gpu 0
Q round205-s17 11 (39, 45, 68, 8) 21.545584338748334 gpu 1
Q round205-s17 12 (63, 69, 28, 65) 22.010997838074182 gpu 0
Q round205-s17 13 (39, 69, 12, 65) 21.976351016616217 gpu 1
Q round205-s17 14 (13, 47, 30, 23) 81.53506581897747 gpu 0
Q round205-s17 15 (34, 51, 3, 13) 120.91142894578442 gpu 1
ROUND 205 n 3376 bestJ 17.544033723717053 best (24, 21, 52, 49) eligible 0 update 0 updates_total 16
Q round206-s17 0 (24, 69, 44, 8) 22.02655208278177 gpu 0
Q round206-s17 1 (48, 5, 68, 8) 22.816064159143327 gpu 1
Q round206-s17 2 (63, 45, 12, 8) 21.258856824331453 gpu 0
Q round206-s17 3 (39, 53, 44, 16) 23.957059071489635 gpu 1
Q round206-s17 4 (63, 53, 52, 65) 25.931234951726765 gpu 0
Q round206-s17 5 (39, 69, 12, 25) 22.466242531423443 gpu 1
Q round206-s17 6 (48, 21, 4, 70) 23.874874944043075 gpu 0
Q round206-s17 7 (39, 13, 4, 25) 21.63456902514281 gpu 1
Q round206-s17 8 (64, 13, 28, 25) 21.606556790473498 gpu 0
Q round206-s17 9 (48, 53, 4, 16) 26.316015861270035 gpu 1
Q round206-s17 10 (24, 69, 44, 0) 25.865633378988917 gpu 0
Q round206-s17 11 (8, 53, 4, 48) 24.41196872466517 gpu 1
Q round206-s17 12 (48, 29, 44, 25) 22.01873607870684 gpu 0
Q round206-s17 13 (64, 29, 12, 16) 23.7703974069594 gpu 1
Q round206-s17 14 (27, 1, 11, 6) 47.987877286532516 gpu 0
Q round206-s17 15 (59, 3, 7, 13) 84.5060223457788 gpu 1
ROUND 206 n 3392 bestJ 17.544033723717053 best (24, 21, 52, 49) eligible 0 update 0 updates_total 16
Q round207-s17 0 (39, 53, 20, 8) 21.852537115222837 gpu 0
Q round207-s17 1 (64, 21, 28, 8) 23.688078961865532 gpu 1
Q round207-s17 2 (39, 45, 28, 8) 21.324877083300684 gpu 0
Q round207-s17 3 (63, 29, 44, 0) 24.820639854812946 gpu 1
Q round207-s17 4 (63, 29, 12, 8) 23.530657126140433 gpu 0
Q round207-s17 5 (63, 53, 20, 0) 23.965685691346323 gpu 1
Q round207-s17 6 (64, 53, 4, 8) 23.750204152694973 gpu 0
Q round207-s17 7 (24, 45, 12, 8) 20.367509385552797 gpu 1
Q round207-s17 8 (24, 53, 12, 25) 20.93291906245708 gpu 0
Q round207-s17 9 (48, 29, 68, 25) 25.98842779180109 gpu 1
Q round207-s17 10 (64, 53, 12, 8) 21.329508303291462 gpu 0
Q round207-s17 11 (63, 69, 4, 25) 22.173348245006075 gpu 1
Q round207-s17 12 (8, 53, 20, 16) 22.76816060612117 gpu 0
Q round207-s17 13 (39, 13, 12, 25) 22.452968451499004 gpu 1
Q round207-s17 14 (0, 42, 45, 63) 47.840261260069596 gpu 0
Q round207-s17 15 (9, 9, 51, 11) 243.19867071214 gpu 1
ROUND 207 n 3408 bestJ 17.544033723717053 best (24, 21, 52, 49) eligible 0 update 0 updates_total 16
Q round208-s17 0 (63, 5, 68, 8) 22.470117957593693 gpu 0
Q round208-s17 1 (8, 29, 4, 16) 22.458631949450936 gpu 1
Q round208-s17 2 (48, 29, 20, 25) 20.80290565008323 gpu 0
Q round208-s17 3 (64, 29, 52, 49) 23.09988503463575 gpu 1
Q round208-s17 4 (39, 69, 4, 25) 22.931929467005983 gpu 0
Q round208-s17 5 (48, 29, 68, 65) 27.626019114856167 gpu 1
Q round208-s17 6 (8, 53, 4, 8) 21.09720699515229 gpu 0
Q round208-s17 7 (64, 69, 12, 49) 22.24878511682318 gpu 1
Q round208-s17 8 (39, 53, 68, 25) 23.124774217162717 gpu 0
Q round208-s17 9 (24, 29, 44, 25) 23.289188955792 gpu 1
Q round208-s17 10 (24, 29, 20, 25) 23.433617570035626 gpu 0
Q round208-s17 11 (39, 29, 28, 64) 24.275340389268905 gpu 1
Q round208-s17 12 (39, 29, 52, 49) 25.381075850831298 gpu 0
Q round208-s17 13 (24, 29, 12, 49) 24.286443899874246 gpu 1
Q round208-s17 14 (69, 57, 1, 62) 60.16018170110503 gpu 0
Q round208-s17 15 (55, 3, 43, 67) 95.53082303629105 gpu 1
ROUND 208 n 3424 bestJ 17.544033723717053 best (24, 21, 52, 49) eligible 0 update 0 updates_total 16
Q round209-s17 0 (8, 53, 44, 0) 24.876693523562885 gpu 0
Q round209-s17 1 (39, 53, 28, 49) 25.797806231339287 gpu 1
Q round209-s17 2 (24, 21, 12, 8) 22.71774338539788 gpu 0
Q round209-s17 3 (63, 29, 12, 64) 25.015515479474693 gpu 1
Q round209-s17 4 (24, 53, 12, 65) 21.55036164961311 gpu 0
Q round209-s17 5 (48, 53, 4, 25) 21.25881350509335 gpu 1
Q round209-s17 6 (39, 5, 68, 8) 22.11171120736603 gpu 0
Q round209-s17 7 (64, 53, 44, 25) 22.879355848727247 gpu 1
Q round209-s17 8 (48, 5, 4, 54) 26.320385905177545 gpu 0
Q round209-s17 9 (64, 53, 20, 25) 23.818339416692762 gpu 1
Q round209-s17 10 (63, 29, 52, 49) 27.325905494791144 gpu 0
Q round209-s17 11 (64, 45, 4, 14) 22.01841027848242 gpu 1
Q round209-s17 12 (24, 69, 44, 16) 25.197713471935785 gpu 0
Q round209-s17 13 (64, 13, 28, 65) 22.227102507876793 gpu 1
Q round209-s17 14 (62, 29, 62, 8) 63.86741534128115 gpu 0
Q round209-s17 15 (10, 35, 65, 11) 148.38371914909277 gpu 1
ROUND 209 n 3440 bestJ 17.544033723717053 best (24, 21, 52, 49) eligible 0 update 0 updates_total 16
Q round210-s17 0 (24, 53, 20, 8) 20.029415460486234 gpu 0
Q round210-s17 1 (39, 69, 4, 8) 21.877293258341997 gpu 1
Q round210-s17 2 (63, 29, 20, 16) 23.947179330776176 gpu 0
Q round210-s17 3 (63, 45, 68, 8) 22.112127780381265 gpu 1
Q round210-s17 4 (39, 53, 52, 65) 21.22158848884736 gpu 0
Q round210-s17 5 (63, 53, 4, 8) 20.320133188458286 gpu 1
Q round210-s17 6 (63, 53, 4, 16) 25.2323333294481 gpu 0
Q round210-s17 7 (39, 45, 12, 8) 22.01945154889449 gpu 1
Q round210-s17 8 (63, 69, 20, 0) 24.640498117316387 gpu 0
Q round210-s17 9 (63, 53, 68, 65) 21.339496779014002 gpu 1
Q round210-s17 10 (39, 13, 44, 0) 25.62760969781062 gpu 0
Q round210-s17 11 (39, 53, 68, 65) 22.035477654882133 gpu 1
Q round210-s17 12 (63, 45, 68, 16) 24.745299167847786 gpu 0
Q round210-s17 13 (24, 45, 68, 0) 25.30495666340563 gpu 1
Q round210-s17 14 (15, 11, 46, 62) 70.20576547794994 gpu 0
Q round210-s17 15 (17, 0, 60, 50) 127.18421662981869 gpu 1
ROUND 210 n 3456 bestJ 17.544033723717053 best (24, 21, 52, 49) eligible 0 update 0 updates_total 16
Q round211-s17 0 (24, 13, 4, 8) 21.317394871557813 gpu 0
Q round211-s17 1 (63, 53, 20, 8) 20.533020042107054 gpu 1
Q round211-s17 2 (63, 29, 44, 8) 21.797075543105063 gpu 0
Q round211-s17 3 (39, 13, 4, 8) 20.065392388853756 gpu 1
Q round211-s17 4 (48, 45, 68, 8) 24.687592642059037 gpu 0
Q round211-s17 5 (63, 69, 28, 25) 22.60263414620516 gpu 1
Q round211-s17 6 (48, 69, 4, 0) 26.89764022203888 gpu 0
Q round211-s17 7 (63, 69, 44, 16) 26.95083887237787 gpu cache
Q round211-s17 8 (24, 45, 68, 8) 21.35709102325028 gpu 1
Q round211-s17 9 (8, 45, 52, 16) 25.54675109387574 gpu 0
Q round211-s17 10 (63, 45, 68, 0) 25.868287182584332 gpu 1
Q round211-s17 11 (63, 5, 28, 8) 22.07469781224615 gpu 0
Q round211-s17 12 (48, 13, 12, 25) 26.32832556934801 gpu 1
Q round211-s17 13 (64, 53, 12, 0) 24.574683424791196 gpu 0
Q round211-s17 14 (67, 5, 59, 48) 1158.556847985211 gpu 1
Q round211-s17 15 (5, 52, 53, 61) 108.62052539199311 gpu 0
ROUND 211 n 3472 bestJ 17.544033723717053 best (24, 21, 52, 49) eligible 0 update 0 updates_total 16
Q round212-s17 0 (8, 13, 20, 8) 22.071345878625625 gpu 1
Q round212-s17 1 (48, 29, 20, 0) 26.41105486356066 gpu 0
Q round212-s17 2 (63, 53, 44, 0) 26.171071907014614 gpu 1
Q round212-s17 3 (24, 69, 20, 0) 23.993969228722936 gpu 0
Q round212-s17 4 (24, 21, 4, 14) 23.42934264153933 gpu 1
Q round212-s17 5 (64, 29, 4, 65) 25.072522167924493 gpu 0
Q round212-s17 6 (48, 45, 4, 70) 26.845749591290403 gpu 1
Q round212-s17 7 (24, 53, 4, 25) 22.926682142231922 gpu 0
Q round212-s17 8 (8, 69, 20, 48) 23.15383255578133 gpu 1
Q round212-s17 9 (64, 29, 4, 30) 25.658928878192725 gpu 0
Q round212-s17 10 (64, 29, 28, 39) 22.734623361674 gpu 1
Q round212-s17 11 (8, 53, 4, 24) 22.841332514485597 gpu 0
Q round212-s17 12 (64, 13, 44, 24) 22.053036704761396 gpu 1
Q round212-s17 13 (64, 53, 12, 39) 23.020736378263358 gpu 0
Q round212-s17 14 (48, 63, 28, 4) 65.58654663666093 gpu 1
Q round212-s17 15 (66, 41, 7, 10) 35.50785163384603 gpu 0
ROUND 212 n 3488 bestJ 17.544033723717053 best (24, 21, 52, 49) eligible 0 update 0 updates_total 16
Q round213-s17 0 (39, 29, 20, 8) 22.919657810543942 gpu 1
Q round213-s17 1 (63, 21, 28, 8) 22.60496843187605 gpu 0
Q round213-s17 2 (8, 53, 20, 8) 20.9318057395898 gpu 1
Q round213-s17 3 (39, 29, 12, 8) 23.631369912597414 gpu 0
Q round213-s17 4 (48, 53, 4, 0) 27.37284439316518 gpu 1
Q round213-s17 5 (63, 53, 28, 49) 25.95650327094244 gpu 0
Q round213-s17 6 (63, 53, 20, 16) 23.492485350269444 gpu 1
Q round213-s17 7 (48, 29, 52, 25) 26.253835152539875 gpu 0
Q round213-s17 8 (39, 13, 20, 0) 23.73079873133183 gpu 1
Q round213-s17 9 (39, 53, 12, 64) 24.344172673648885 gpu 0
Q round213-s17 10 (63, 45, 52, 0) 27.16787094670469 gpu 1
Q round213-s17 11 (63, 29, 68, 49) 26.995398226835242 gpu 0
Q round213-s17 12 (8, 69, 44, 16) 23.749579304587687 gpu 1
Q round213-s17 13 (63, 29, 44, 25) 21.977027871233076 gpu 0
Q round213-s17 14 (17, 5, 5, 46) 47.30118602366179 gpu 1
Q round213-s17 15 (68, 66, 29, 21) 122.61457748814621 gpu 0
TRIGGER_UPDATE 213 3504 ['stagnation', 'eligible_collapse'] {"new_labels_since_update": 256, "evals_since_best": 2612, "recent_n": 128, "recent_spearman": 0.5707917505951291, "recent_high_uncertainty_fraction": 0.0546875, "sigma_ref_p90": 0.05950973331928255, "eligible_pool": 0, "eligible_floor": 120}
ROUND 213 n 3504 bestJ 17.544033723717053 best (24, 21, 52, 49) eligible 0 update 1 updates_total 17
Q round214-s17 0 (24, 21, 68, 8) 22.372764419407957 gpu 1
Q round214-s17 1 (39, 53, 12, 8) 23.658510290041654 gpu 0
Q round214-s17 2 (39, 21, 68, 8) 24.06226662493872 gpu 1
Q round214-s17 3 (8, 21, 52, 8) 19.800048558030728 gpu 0
Q round214-s17 4 (48, 45, 12, 8) 22.909790437586935 gpu 1
Q round214-s17 5 (24, 69, 12, 25) 20.25869597704416 gpu 0
Q round214-s17 6 (64, 5, 20, 14) 18.560234796452853 gpu 1
Q round214-s17 7 (64, 5, 44, 14) 21.311063020117903 gpu 0
Q round214-s17 8 (64, 69, 28, 8) 22.707282481329123 gpu 1
Q round214-s17 9 (64, 21, 4, 41) 25.938704459338865 gpu 0
Q round214-s17 10 (64, 45, 4, 41) 23.731890799156144 gpu 1
Q round214-s17 11 (24, 29, 68, 65) 20.925209296588697 gpu 0
Q round214-s17 12 (24, 29, 68, 25) 19.697446411500753 gpu 1
Q round214-s17 13 (39, 69, 28, 65) 22.18478602439664 gpu 0
Q round214-s17 14 (43, 51, 27, 20) 89.10977502241627 gpu 1
Q round214-s17 15 (7, 27, 11, 19) 94.46382958886626 gpu 0
ROUND 214 n 3520 bestJ 17.544033723717053 best (24, 21, 52, 49) eligible 0 update 0 updates_total 17
Q round215-s17 0 (8, 45, 52, 8) 21.370292631514562 gpu 1
Q round215-s17 1 (48, 45, 28, 8) 24.39264450981098 gpu 0
Q round215-s17 2 (64, 13, 12, 8) 21.15525572587526 gpu 1
Q round215-s17 3 (39, 29, 52, 8) 25.337084494941013 gpu 0
Q round215-s17 4 (64, 29, 52, 8) 23.076289138448292 gpu 1
Q round215-s17 5 (24, 53, 28, 25) 21.394333438489703 gpu 0
Q round215-s17 6 (8, 29, 4, 8) 21.461882269911623 gpu 1
Q round215-s17 7 (64, 5, 20, 54) 19.81386901657199 gpu 0
Q round215-s17 8 (24, 29, 52, 25) 24.00261858279849 gpu 1
Q round215-s17 9 (64, 5, 44, 54) 21.336590359175837 gpu 0
Q round215-s17 10 (64, 21, 44, 30) 22.034922466543932 gpu 1
Q round215-s17 11 (24, 29, 52, 65) 24.24491994114253 gpu 0
Q round215-s17 12 (64, 5, 44, 30) 21.29694813509943 gpu 1
Q round215-s17 13 (64, 5, 20, 30) 21.213839799712066 gpu 0
Q round215-s17 14 (9, 44, 61, 69) 160.7813579172086 gpu 1
Q round215-s17 15 (45, 19, 18, 3) 139.11561349338047 gpu 0
ROUND 215 n 3536 bestJ 17.544033723717053 best (24, 21, 52, 49) eligible 0 update 0 updates_total 17
Q round216-s17 0 (8, 29, 28, 8) 23.7812424834065 gpu 1
Q round216-s17 1 (64, 69, 12, 8) 21.611957782742103 gpu 0
Q round216-s17 2 (8, 45, 12, 8) 20.567242560000157 gpu 1
Q round216-s17 3 (24, 5, 28, 8) 21.04209327995887 gpu 0
Q round216-s17 4 (64, 37, 44, 9) 28.126644916884217 gpu 1
Q round216-s17 5 (63, 69, 12, 25) 23.134424097261217 gpu 0
Q round216-s17 6 (64, 5, 68, 8) 23.918130745976267 gpu 1
Q round216-s17 7 (24, 69, 28, 25) 21.41770981319497 gpu 0
Q round216-s17 8 (39, 13, 12, 65) 22.629037136947463 gpu 1
Q round216-s17 9 (63, 13, 12, 25) 22.44196037209499 gpu 0
Q round216-s17 10 (24, 53, 12, 49) 25.714401451896617 gpu 1
Q round216-s17 11 (8, 29, 12, 65) 21.841435411060505 gpu 0
Q round216-s17 12 (8, 69, 4, 24) 22.847405664723745 gpu 1
Q round216-s17 13 (48, 45, 4, 8) 20.619192928618897 gpu 0
Q round216-s17 14 (68, 4, 23, 63) 47.92035874692611 gpu 1
Q round216-s17 15 (26, 25, 71, 37) 47.76890933658211 gpu 0
ROUND 216 n 3552 bestJ 17.544033723717053 best (24, 21, 52, 49) eligible 0 update 0 updates_total 17
Q round217-s17 0 (24, 53, 28, 65) 23.85003371127544 gpu 1
Q round217-s17 1 (24, 69, 12, 65) 20.181799215697456 gpu 0
Q round217-s17 2 (39, 29, 68, 49) 23.949170928417672 gpu 1
Q round217-s17 3 (64, 21, 20, 41) 25.592637128100204 gpu 0
Q round217-s17 4 (64, 53, 12, 62) 21.654454619486152 gpu 1
Q round217-s17 5 (64, 69, 68, 65) 22.972694559360065 gpu 0
Q round217-s17 6 (64, 21, 44, 41) 23.660737121653437 gpu 1
Q round217-s17 7 (8, 29, 4, 24) 23.09488038240742 gpu 0
Q round217-s17 8 (39, 29, 4, 24) 22.349490164894405 gpu 1
Q round217-s17 9 (64, 45, 20, 30) 19.89975307893632 gpu 0
Q round217-s17 10 (8, 53, 12, 25) 21.120783057875933 gpu 1
Q round217-s17 11 (64, 29, 28, 62) 22.08142749204221 gpu 0
Q round217-s17 12 (38, 45, 52, 8) 22.975895959136277 gpu 1
Q round217-s17 13 (24, 21, 4, 30) 22.006409230510393 gpu 0
Q round217-s17 14 (18, 44, 41, 66) 162.8257956035011 gpu 1
Q round217-s17 15 (1, 15, 5, 60) 108.58238978871522 gpu 0
ROUND 217 n 3568 bestJ 17.544033723717053 best (24, 21, 52, 49) eligible 0 update 0 updates_total 17
Q round218-s17 0 (24, 53, 4, 8) 20.705092128477684 gpu 1
Q round218-s17 1 (24, 13, 12, 25) 21.068784394294585 gpu 0
Q round218-s17 2 (64, 37, 20, 9) 28.367593863619792 gpu 1
Q round218-s17 3 (39, 69, 12, 49) 21.347802489853063 gpu 0
Q round218-s17 4 (8, 29, 28, 25) 20.320593420744988 gpu 1
Q round218-s17 5 (39, 69, 4, 24) 22.92081275316574 gpu 0
Q round218-s17 6 (48, 21, 44, 8) 21.946945583885825 gpu 1
Q round218-s17 7 (64, 45, 44, 30) 23.917257692400966 gpu 0
Q round218-s17 8 (24, 29, 28, 49) 27.001713685046393 gpu 1
Q round218-s17 9 (64, 69, 68, 25) 22.232375657895062 gpu 0
Q round218-s17 10 (39, 5, 28, 8) 23.167520502222317 gpu 1
Q round218-s17 11 (64, 5, 44, 41) 24.165611960618083 gpu 0
Q round218-s17 12 (64, 69, 52, 65) 21.74132516729322 gpu 1
Q round218-s17 13 (64, 5, 20, 41) 24.68315343242228 gpu 0
Q round218-s17 14 (58, 50, 21, 47) 122.57770391568728 gpu 1
Q round218-s17 15 (27, 60, 69, 57) 1771.149660521595 gpu 0
ROUND 218 n 3584 bestJ 17.544033723717053 best (24, 21, 52, 49) eligible 0 update 0 updates_total 17
Q round219-s17 0 (8, 29, 12, 8) 22.09957794276771 gpu 1
Q round219-s17 1 (24, 53, 12, 8) 23.368078344711357 gpu 0
Q round219-s17 2 (8, 69, 12, 8) 23.45559341540012 gpu 1
Q round219-s17 3 (48, 21, 20, 8) 22.16168244049036 gpu 0
Q round219-s17 4 (63, 69, 12, 49) 25.764364699083433 gpu 1
Q round219-s17 5 (64, 69, 52, 25) 21.054676304905453 gpu 0
Q round219-s17 6 (48, 45, 20, 49) 21.866635640333623 gpu 1
Q round219-s17 7 (48, 21, 4, 8) 23.46883574976245 gpu 0
Q round219-s17 8 (39, 5, 44, 14) 24.918167458078923 gpu 1
Q round219-s17 9 (39, 21, 4, 30) 21.995726163980954 gpu 0
Q round219-s17 10 (48, 45, 44, 49) 20.18751764084262 gpu 1
Q round219-s17 11 (64, 53, 68, 49) 21.47485308603398 gpu 0
Q round219-s17 12 (8, 29, 12, 25) 21.2609726718371 gpu 1
Q round219-s17 13 (39, 5, 20, 14) 23.621384515954677 gpu 0
Q round219-s17 14 (59, 26, 7, 52) 859.0651393545618 gpu 1
Q round219-s17 15 (60, 47, 14, 38) 78.70569419304148 gpu 0
ROUND 219 n 3600 bestJ 17.544033723717053 best (24, 21, 52, 49) eligible 0 update 0 updates_total 17
Q round220-s17 0 (8, 69, 44, 8) 19.932352419376098 gpu 1
Q round220-s17 1 (8, 53, 44, 8) 20.94630677153626 gpu 0
Q round220-s17 2 (24, 53, 68, 25) 20.922636519609767 gpu 1
Q round220-s17 3 (39, 69, 68, 65) 22.74321512458549 gpu 0
Q round220-s17 4 (24, 69, 68, 25) 21.071637200877355 gpu 1
Q round220-s17 5 (63, 29, 4, 24) 23.365693062498664 gpu 0
Q round220-s17 6 (24, 5, 4, 54) 24.197335566023163 gpu 1
Q round220-s17 7 (39, 21, 4, 14) 23.556990157388082 gpu 0
Q round220-s17 8 (8, 29, 28, 65) 21.37261369785797 gpu 1
Q round220-s17 9 (64, 13, 12, 49) 19.800559030317874 gpu 0
Q round220-s17 10 (64, 13, 68, 25) 22.053678982980884 gpu 1
Q round220-s17 11 (48, 45, 4, 49) 20.706312876748555 gpu 0
Q round220-s17 12 (8, 53, 12, 65) 22.17085626956585 gpu 1
Q round220-s17 13 (64, 45, 20, 41) 24.285651491748123 gpu 0
Q round220-s17 14 (5, 49, 43, 25) 81.34578713570758 gpu 1
Q round220-s17 15 (20, 19, 46, 13) 81.05958667814687 gpu 0
ROUND 220 n 3616 bestJ 17.544033723717053 best (24, 21, 52, 49) eligible 0 update 0 updates_total 17
Q round221-s17 0 (63, 21, 68, 8) 22.200039066192954 gpu 1
Q round221-s17 1 (64, 13, 28, 8) 22.864082271728417 gpu 0
Q round221-s17 2 (39, 69, 52, 25) 21.513409313368953 gpu 1
Q round221-s17 3 (39, 13, 68, 25) 20.612742036916192 gpu 0
Q round221-s17 4 (64, 69, 28, 49) 20.944678216730264 gpu 1
Q round221-s17 5 (39, 69, 52, 8) 26.98746731657374 gpu 0
Q round221-s17 6 (24, 5, 12, 8) 23.27148501228471 gpu 1
Q round221-s17 7 (64, 21, 20, 54) 20.75645935629884 gpu 0
Q round221-s17 8 (64, 29, 68, 38) 20.31539523101435 gpu 1
Q round221-s17 9 (63, 5, 4, 30) 23.765873216352176 gpu 0
Q round221-s17 10 (64, 5, 28, 8) 22.775837946721047 gpu 1
Q round221-s17 11 (48, 5, 4, 41) 21.62071988292902 gpu 0
Q round221-s17 12 (39, 5, 44, 30) 22.68202393534743 gpu 1
Q round221-s17 13 (64, 69, 12, 38) 18.354396533967538 gpu 0
Q round221-s17 14 (3, 69, 51, 44) 108.51652487772452 gpu 1
Q round221-s17 15 (64, 59, 25, 67) 320.7608718028167 gpu 0
ROUND 221 n 3632 bestJ 17.544033723717053 best (24, 21, 52, 49) eligible 0 update 0 updates_total 17
Q round222-s17 0 (24, 69, 12, 8) 24.600322342458043 gpu 1
Q round222-s17 1 (24, 53, 28, 8) 26.001676415011023 gpu 0
Q round222-s17 2 (48, 69, 12, 8) 28.13814962444503 gpu 1
Q round222-s17 3 (64, 69, 52, 8) 23.480805723151498 gpu 0
Q round222-s17 4 (8, 5, 52, 8) 20.422436468535054 gpu 1
Q round222-s17 5 (63, 69, 52, 25) 24.510499843302117 gpu 0
Q round222-s17 6 (63, 5, 12, 8) 23.2612712163734 gpu 1
Q round222-s17 7 (39, 45, 4, 30) 25.128211717495326 gpu 0
Q round222-s17 8 (64, 45, 44, 41) 22.624800353746824 gpu 1
Q round222-s17 9 (8, 69, 12, 25) 20.108696919259785 gpu 0
Q round222-s17 10 (38, 21, 28, 8) 23.7979425536332 gpu 1
Q round222-s17 11 (39, 5, 20, 30) 22.220079591526744 gpu 0
Q round222-s17 12 (63, 21, 4, 30) 23.208808845252122 gpu 1
Q round222-s17 13 (64, 21, 44, 54) 21.662713454406237 gpu 0
Q round222-s17 14 (19, 56, 59, 6) 50.63908203003521 gpu 1
Q round222-s17 15 (24, 49, 24, 66) 229.44718411332593 gpu 0
ROUND 222 n 3648 bestJ 17.544033723717053 best (24, 21, 52, 49) eligible 0 update 0 updates_total 17
Q round223-s17 0 (8, 29, 20, 8) 20.715074359296963 gpu 1
Q round223-s17 1 (64, 29, 4, 8) 23.032965954851406 gpu 0
Q round223-s17 2 (24, 53, 52, 25) 25.059163672512515 gpu 1
Q round223-s17 3 (24, 69, 28, 8) 25.887260115427388 gpu 0
Q round223-s17 4 (39, 53, 52, 49) 26.80766413801777 gpu 1
Q round223-s17 5 (64, 53, 28, 38) 23.517997998900313 gpu 0
Q round223-s17 6 (8, 29, 68, 25) 19.866630141039234 gpu 1
Q round223-s17 7 (39, 29, 28, 62) 25.27085342403912 gpu 0
Q round223-s17 8 (64, 5, 4, 70) 21.615042619929284 gpu 1
Q round223-s17 9 (64, 13, 68, 65) 22.043682161199357 gpu 0
Q round223-s17 10 (63, 69, 4, 24) 24.31424006007448 gpu 1
Q round223-s17 11 (63, 5, 20, 30) 23.35196726816087 gpu 0
Q round223-s17 12 (64, 21, 4, 40) 26.877182650873024 gpu 1
Q round223-s17 13 (24, 29, 68, 49) 26.522277817459262 gpu 0
Q round223-s17 14 (67, 35, 23, 53) 67.52530486016788 gpu 1
Q round223-s17 15 (20, 60, 19, 64) 270.1168871969925 gpu 0
ROUND 223 n 3664 bestJ 17.544033723717053 best (24, 21, 52, 49) eligible 0 update 0 updates_total 17
Q round224-s17 0 (8, 13, 44, 8) 21.88791290784498 gpu 1
Q round224-s17 1 (24, 45, 28, 8) 21.423317324312116 gpu 0
Q round224-s17 2 (24, 29, 44, 8) 21.91440616368062 gpu 1
Q round224-s17 3 (24, 29, 12, 8) 22.396958547535217 gpu 0
Q round224-s17 4 (39, 53, 44, 8) 21.051187281234935 gpu 1
Q round224-s17 5 (63, 53, 44, 8) 22.57495020979588 gpu 0
Q round224-s17 6 (63, 45, 28, 8) 21.61596316716924 gpu 1
Q round224-s17 7 (39, 29, 28, 8) 23.145631853831798 gpu 0
Q round224-s17 8 (63, 29, 20, 8) 21.662901814813885 gpu 1
Q round224-s17 9 (24, 29, 28, 8) 25.050126918315094 gpu 0
Q round224-s17 10 (64, 29, 28, 8) 20.667808050695925 gpu 1
Q round224-s17 11 (39, 69, 12, 8) 23.486337700921275 gpu 0
Q round224-s17 12 (63, 53, 12, 8) 24.257224567514484 gpu 1
Q round224-s17 13 (39, 53, 4, 8) 22.1813277680084 gpu 0
Q round224-s17 14 (45, 65, 14, 65) 64.6496481456445 gpu 1
Q round224-s17 15 (12, 53, 54, 7) 52.82493795193094 gpu 0
ROUND 224 n 3680 bestJ 17.544033723717053 best (24, 21, 52, 49) eligible 1 update 0 updates_total 17
Q round225-s17 0 (8, 45, 28, 8) 21.84563946533053 gpu 1
Q round225-s17 1 (63, 13, 4, 8) 22.27033279118378 gpu 0
Q round225-s17 2 (24, 5, 68, 8) 21.60475202897562 gpu 1
Q round225-s17 3 (63, 29, 28, 8) 24.084672338293338 gpu 0
Q round225-s17 4 (8, 53, 12, 8) 23.372004455347838 gpu 1
Q round225-s17 5 (8, 45, 68, 8) 20.03003342399376 gpu 0
Q round225-s17 6 (39, 13, 12, 8) 24.367448434187434 gpu 1
Q round225-s17 7 (63, 69, 12, 8) 25.162562377171227 gpu 0
Q round225-s17 8 (39, 53, 28, 8) 24.76353555582746 gpu 1
Q round225-s17 9 (64, 53, 28, 8) 21.0560903019331 gpu 0
Q round225-s17 10 (63, 29, 4, 8) 21.144074033429362 gpu 1
Q round225-s17 11 (8, 21, 28, 8) 22.159649214724183 gpu 0
Q round225-s17 12 (39, 29, 4, 8) 22.274018118542042 gpu 1
Q round225-s17 13 (8, 21, 68, 8) 20.875229900532915 gpu 0
Q round225-s17 14 (41, 30, 20, 32) 125.46544424602493 gpu 1
Q round225-s17 15 (10, 53, 52, 17) 623.8597289444818 gpu 0
ROUND 225 n 3696 bestJ 17.544033723717053 best (24, 21, 52, 49) eligible 0 update 0 updates_total 17
Q round226-s17 0 (38, 69, 44, 8) 22.655212212002155 gpu 1
Q round226-s17 1 (62, 13, 20, 8) 20.96715611346605 gpu 0
Q round226-s17 2 (48, 45, 20, 8) 20.4772752186129 gpu 1
Q round226-s17 3 (39, 69, 28, 49) 25.67378839674389 gpu 0
Q round226-s17 4 (8, 13, 4, 24) 24.64633622731246 gpu 1
Q round226-s17 5 (63, 69, 68, 65) 21.47063621913931 gpu 0
Q round226-s17 6 (63, 13, 28, 65) 25.52008789754755 gpu 1
Q round226-s17 7 (64, 53, 52, 49) 24.302259587832523 gpu 0
Q round226-s17 8 (48, 21, 20, 49) 22.323104467913616 gpu 1
Q round226-s17 9 (64, 13, 52, 8) 24.423673422021732 gpu 0
Q round226-s17 10 (39, 13, 20, 24) 23.477500934339957 gpu 1
Q round226-s17 11 (48, 21, 44, 49) 21.41080472051672 gpu 0
Q round226-s17 12 (39, 45, 4, 54) 26.821981985778162 gpu 1
Q round226-s17 13 (39, 13, 44, 24) 24.751092300379952 gpu 0
Q round226-s17 14 (34, 17, 21, 1) 70.63377578259943 gpu 1
Q round226-s17 15 (4, 27, 27, 45) 98.24055082009124 gpu 0
ROUND 226 n 3712 bestJ 17.544033723717053 best (24, 21, 52, 49) eligible 0 update 0 updates_total 17
Q round227-s17 0 (39, 21, 28, 8) 24.0414493667069 gpu 1
Q round227-s17 1 (39, 21, 12, 8) 23.794911736728825 gpu 0
Q round227-s17 2 (63, 53, 28, 8) 25.791109430216316 gpu 1
Q round227-s17 3 (63, 29, 52, 8) 27.285712831058042 gpu 0
Q round227-s17 4 (24, 29, 52, 8) 26.041052600109722 gpu 1
Q round227-s17 5 (24, 29, 68, 8) 25.5122934652887 gpu 0
Q round227-s17 6 (48, 29, 12, 8) 27.900276926327514 gpu 1
Q round227-s17 7 (63, 29, 68, 8) 24.965691294852633 gpu 0
Q round227-s17 8 (24, 13, 12, 8) 24.72457017317013 gpu 1
Q round227-s17 9 (38, 13, 44, 8) 22.0639848001961 gpu 0
Q round227-s17 10 (64, 53, 52, 8) 24.02965181197164 gpu 1
Q round227-s17 11 (8, 29, 52, 8) 25.191129353849515 gpu 0
Q round227-s17 12 (8, 29, 68, 8) 23.99194688064873 gpu 1
Q round227-s17 13 (48, 29, 28, 8) 28.08791083775809 gpu 0
Q round227-s17 14 (18, 10, 65, 63) 79.32094727349869 gpu 1
Q round227-s17 15 (26, 26, 34, 13) 214.4141921980785 gpu 0
ROUND 227 n 3728 bestJ 17.544033723717053 best (24, 21, 52, 49) eligible 0 update 0 updates_total 17
Q round228-s17 0 (39, 29, 68, 8) 23.137069631872368 gpu 1
Q round228-s17 1 (64, 29, 68, 8) 21.47126522224767 gpu 0
Q round228-s17 2 (63, 13, 12, 8) 26.380566255105357 gpu 1
Q round228-s17 3 (62, 53, 20, 8) 22.408624646704403 gpu 0
Q round228-s17 4 (39, 69, 28, 8) 24.21849833728135 gpu 1
Q round228-s17 5 (38, 29, 20, 8) 24.556419326816133 gpu 0
Q round228-s17 6 (64, 53, 68, 8) 21.665488088443478 gpu 1
Q round228-s17 7 (48, 53, 12, 8) 27.050904285436133 gpu 0
Q round228-s17 8 (62, 13, 44, 8) 22.61261295256062 gpu 1
Q round228-s17 9 (39, 53, 68, 8) 25.04371313917343 gpu 0
Q round228-s17 10 (63, 69, 28, 8) 25.65776879132939 gpu 1
Q round228-s17 11 (39, 13, 28, 8) 25.849038602123827 gpu 0
Q round228-s17 12 (8, 21, 12, 8) 23.001833442853023 gpu 1
Q round228-s17 13 (63, 53, 68, 8) 25.788869918138882 gpu 0
Q round228-s17 14 (48, 14, 62, 26) 238.6911755411227 gpu 1
Q round228-s17 15 (11, 18, 54, 41) 52.617197487987376 gpu 0
ROUND 228 n 3744 bestJ 17.544033723717053 best (24, 21, 52, 49) eligible 0 update 0 updates_total 17
Q round229-s17 0 (38, 29, 12, 8) 23.5103939300434 gpu 1
Q round229-s17 1 (64, 69, 68, 8) 21.504540604321758 gpu 0
Q round229-s17 2 (38, 21, 52, 8) 22.532583989541088 gpu 1
Q round229-s17 3 (48, 13, 12, 8) 28.918088528760187 gpu 0
Q round229-s17 4 (48, 53, 28, 8) 29.337618511844695 gpu 1
Q round229-s17 5 (48, 29, 68, 8) 27.349797036627532 gpu 0
Q round229-s17 6 (39, 13, 52, 25) 24.681817291987976 gpu 1
Q round229-s17 7 (39, 69, 68, 8) 24.10509802673681 gpu 0
Q round229-s17 8 (24, 13, 12, 65) 25.24023073838582 gpu 1
Q round229-s17 9 (48, 29, 52, 8) 28.94133943268045 gpu 0
Q round229-s17 10 (48, 69, 28, 8) 28.89511246484847 gpu 1
Q round229-s17 11 (39, 45, 44, 30) 27.503973337008624 gpu 0
Q round229-s17 12 (64, 21, 20, 14) 19.34393576140141 gpu 1
Q round229-s17 13 (64, 5, 4, 30) 21.883676604262593 gpu 0
Q round229-s17 14 (18, 5, 29, 33) 108.8386913994114 gpu 1
Q round229-s17 15 (1, 22, 6, 36) 96.35892069117106 gpu 0
TRIGGER_UPDATE 229 3760 ['stagnation', 'eligible_collapse'] {"new_labels_since_update": 256, "evals_since_best": 2868, "recent_n": 128, "recent_spearman": 0.5572754532136971, "recent_high_uncertainty_fraction": 0.0625, "sigma_ref_p90": 0.05660634972155095, "eligible_pool": 0, "eligible_floor": 120}
ROUND 229 n 3760 bestJ 17.544033723717053 best (24, 21, 52, 49) eligible 0 update 1 updates_total 18
Q round230-s17 0 (64, 21, 44, 14) 20.57790777832151 gpu 1
Q round230-s17 1 (8, 13, 12, 25) 22.685722548806666 gpu 0
Q round230-s17 2 (8, 29, 52, 25) 24.808268727240293 gpu 1
Q round230-s17 3 (8, 53, 28, 25) 21.16421445357841 gpu 0
Q round230-s17 4 (8, 53, 68, 25) 22.036406493699644 gpu 1
Q round230-s17 5 (8, 69, 28, 25) 21.990471138721954 gpu 0
Q round230-s17 6 (24, 69, 52, 25) 24.91892190920461 gpu 1
Q round230-s17 7 (24, 13, 28, 25) 25.920232700915836 gpu 0
Q round230-s17 8 (64, 45, 20, 14) 22.698809288728256 gpu 1
Q round230-s17 9 (8, 69, 68, 25) 22.684299617557762 gpu 0
Q round230-s17 10 (64, 45, 44, 14) 24.545149411600683 gpu 1
Q round230-s17 11 (48, 5, 4, 14) 26.334580585552082 gpu 0
Q round230-s17 12 (39, 5, 12, 8) 23.904699347921273 gpu 1
Q round230-s17 13 (24, 13, 68, 25) 25.680748332643727 gpu 0
Q round230-s17 14 (40, 34, 44, 23) 39.095630471773944 gpu 1
Q round230-s17 15 (37, 47, 60, 5) 60.684198790694154 gpu 0
ROUND 230 n 3776 bestJ 17.544033723717053 best (24, 21, 52, 49) eligible 0 update 0 updates_total 18
Q round231-s17 0 (64, 13, 52, 25) 19.10093672273338 gpu 1
Q round231-s17 1 (64, 45, 20, 54) 23.33335290726473 gpu 0
Q round231-s17 2 (64, 45, 44, 54) 25.181241739221054 gpu 1
Q round231-s17 3 (64, 69, 68, 49) 21.524937445506072 gpu 0
Q round231-s17 4 (64, 69, 12, 62) 21.14153625527355 gpu 1
Q round231-s17 5 (39, 13, 28, 25) 22.8368116217611 gpu 0
Q round231-s17 6 (8, 29, 12, 49) 24.680728231209343 gpu 1
Q round231-s17 7 (48, 5, 20, 70) 24.610819161597394 gpu 0
Q round231-s17 8 (48, 5, 44, 70) 26.751885491370317 gpu 1
Q round231-s17 9 (8, 29, 68, 65) 21.49664576995563 gpu 0
Q round231-s17 10 (64, 29, 28, 63) 23.787115706705684 gpu 1
Q round231-s17 11 (63, 13, 68, 25) 25.095252091279654 gpu 0
Q round231-s17 12 (64, 29, 68, 62) 23.015474910603224 gpu 1
Q round231-s17 13 (38, 5, 52, 8) 23.16421442326832 gpu 0
Q round231-s17 14 (4, 25, 13, 17) 48.10730900999105 gpu 1
Q round231-s17 15 (44, 48, 2, 27) 266.80046754989274 gpu 0
ROUND 231 n 3792 bestJ 17.544033723717053 best (24, 21, 52, 49) eligible 0 update 0 updates_total 18
Q round232-s17 0 (8, 53, 52, 25) 25.45638896725619 gpu 1
Q round232-s17 1 (39, 69, 68, 25) 23.551029614247028 gpu 0
Q round232-s17 2 (63, 69, 68, 25) 21.273148093230322 gpu 1
Q round232-s17 3 (63, 13, 28, 25) 25.33665961907323 gpu 0
Q round232-s17 4 (48, 5, 20, 8) 22.35960355046287 gpu 1
Q round232-s17 5 (64, 13, 52, 65) 20.613415489214955 gpu 0
Q round232-s17 6 (64, 29, 20, 70) 24.830435067711164 gpu 1
Q round232-s17 7 (24, 5, 44, 54) 26.779719288089986 gpu 0
Q round232-s17 8 (24, 5, 20, 54) 25.196343390467725 gpu 1
Q round232-s17 9 (62, 5, 52, 8) 22.328267385075677 gpu 0
Q round232-s17 10 (24, 5, 44, 14) 25.99799223848411 gpu 1
Q round232-s17 11 (24, 5, 44, 30) 25.57052755376804 gpu 0
Q round232-s17 12 (8, 69, 52, 25) 24.61497154722647 gpu 1
Q round232-s17 13 (64, 29, 44, 70) 26.46206567707201 gpu 0
Q round232-s17 14 (65, 11, 25, 12) 91.4728196041337 gpu 1
Q round232-s17 15 (61, 42, 48, 8) 54.33747689716389 gpu 0
ROUND 232 n 3808 bestJ 17.544033723717053 best (24, 21, 52, 49) eligible 0 update 0 updates_total 18
Q round233-s17 0 (38, 45, 68, 8) 23.541523796754483 gpu 1
Q round233-s17 1 (48, 29, 4, 25) 20.74454556848714 gpu 0
Q round233-s17 2 (24, 13, 52, 9) 23.7135843531673 gpu 1
Q round233-s17 3 (8, 13, 28, 25) 27.785580767694086 gpu 0
Q round233-s17 4 (64, 69, 52, 49) 24.923368297164437 gpu 1
Q round233-s17 5 (24, 5, 20, 30) 23.002859881692977 gpu 0
Q round233-s17 6 (64, 53, 12, 63) 24.071874460064112 gpu 1
Q round233-s17 7 (24, 13, 52, 25) 27.411737448576737 gpu 0
Q round233-s17 8 (24, 45, 44, 8) 21.99135294177404 gpu 1
Q round233-s17 9 (64, 13, 28, 49) 24.70326668243086 gpu 0
Q round233-s17 10 (8, 69, 12, 65) 21.55683296050355 gpu 1
Q round233-s17 11 (63, 13, 12, 65) 22.63069628736019 gpu 0
Q round233-s17 12 (24, 69, 12, 49) 25.869539317130556 gpu 1
Q round233-s17 13 (8, 45, 4, 70) 24.8657324733223 gpu 0
Q round233-s17 14 (36, 67, 0, 6) 46.42852731332922 gpu 1
Q round233-s17 15 (38, 64, 2, 7) 130.22249491119663 gpu 0
ROUND 233 n 3824 bestJ 17.544033723717053 best (24, 21, 52, 49) eligible 0 update 0 updates_total 18
Q round234-s17 0 (64, 5, 12, 8) 24.892543712122745 gpu 1
Q round234-s17 1 (63, 21, 20, 8) 24.449411890936297 gpu 0
Q round234-s17 2 (64, 29, 4, 54) 26.872774132963762 gpu 1
Q round234-s17 3 (63, 13, 52, 25) 27.784396746098544 gpu 0
Q round234-s17 4 (64, 69, 12, 39) 22.1648716357343 gpu 1
Q round234-s17 5 (64, 69, 4, 70) 25.30256252169455 gpu 0
Q round234-s17 6 (64, 29, 52, 38) 25.134362960221754 gpu 1
Q round234-s17 7 (8, 21, 4, 14) 23.049692710584512 gpu 0
Q round234-s17 8 (8, 29, 52, 65) 25.122222083216304 gpu 1
Q round234-s17 9 (48, 69, 68, 25) 26.777786958948102 gpu 0
Q round234-s17 10 (39, 21, 44, 54) 25.978925466237992 gpu 1
Q round234-s17 11 (48, 5, 20, 30) 25.299979584237615 gpu 0
Q round234-s17 12 (8, 5, 12, 8) 23.290802911868393 gpu 1
Q round234-s17 13 (64, 69, 12, 64) 21.571256774088837 gpu 0
Q round234-s17 14 (18, 14, 8, 9) 44.91009905513138 gpu 1
Q round234-s17 15 (2, 5, 25, 53) 179.5164458660521 gpu 0
ROUND 234 n 3840 bestJ 17.544033723717053 best (24, 21, 52, 49) eligible 0 update 0 updates_total 18
Q round235-s17 0 (8, 5, 68, 8) 20.808717623125563 gpu 1
Q round235-s17 1 (63, 53, 4, 25) 23.214926466534468 gpu 0
Q round235-s17 2 (24, 69, 28, 65) 24.627194451135303 gpu 1
Q round235-s17 3 (63, 5, 44, 54) 26.600205771354116 gpu 0
Q round235-s17 4 (63, 5, 20, 54) 24.743530322581517 gpu 1
Q round235-s17 5 (24, 69, 52, 9) 23.05372955220905 gpu 0
Q round235-s17 6 (64, 53, 28, 62) 24.13301310321801 gpu 1
Q round235-s17 7 (48, 5, 20, 41) 21.63828975514703 gpu 0
Q round235-s17 8 (64, 13, 68, 49) 24.812133322088965 gpu 1
Q round235-s17 9 (39, 53, 4, 25) 23.81563029109508 gpu 0
Q round235-s17 10 (64, 53, 4, 30) 27.034278474373593 gpu 1
Q round235-s17 11 (39, 13, 12, 49) 25.301639949071802 gpu 0
Q round235-s17 12 (48, 5, 44, 30) 28.224034197978124 gpu 1
Q round235-s17 13 (64, 29, 4, 41) 20.80106729299759 gpu 0
Q round235-s17 14 (47, 39, 21, 40) 159.60596636919814 gpu 1
Q round235-s17 15 (9, 64, 25, 31) 78.4521040458264 gpu 0
ROUND 235 n 3856 bestJ 17.544033723717053 best (24, 21, 52, 49) eligible 0 update 0 updates_total 18
Q round236-s17 0 (8, 5, 28, 8) 21.093614595000076 gpu 1
Q round236-s17 1 (38, 21, 68, 8) 22.862726669876338 gpu 0
Q round236-s17 2 (38, 21, 12, 8) 24.675117385944418 gpu 1
Q round236-s17 3 (62, 21, 12, 8) 23.614368014383295 gpu 0
Q round236-s17 4 (63, 45, 44, 8) 21.635644801907127 gpu 1
Q round236-s17 5 (38, 53, 4, 8) 23.394558217262503 gpu 0
Q round236-s17 6 (63, 45, 20, 8) 22.654101203187285 gpu 1
Q round236-s17 7 (62, 45, 68, 8) 22.717276481854576 gpu 0
Q round236-s17 8 (48, 5, 44, 8) 21.172786027351712 gpu 1
Q round236-s17 9 (63, 21, 44, 8) 23.245184556231887 gpu 0
Q round236-s17 10 (38, 69, 4, 8) 22.598882875125042 gpu 1
Q round236-s17 11 (38, 13, 20, 8) 21.10553783389818 gpu 0
Q round236-s17 12 (24, 45, 20, 8) 23.520647434852762 gpu 1
Q round236-s17 13 (38, 13, 4, 8) 21.38182869532672 gpu 0
Q round236-s17 14 (60, 16, 51, 4) 341.3943435037301 gpu 1
Q round236-s17 15 (58, 4, 52, 20) 93.02252525297095 gpu 0
ROUND 236 n 3872 bestJ 17.544033723717053 best (24, 21, 52, 49) eligible 0 update 0 updates_total 18
Q round237-s17 0 (38, 45, 12, 8) 23.604636518994006 gpu 1
Q round237-s17 1 (38, 45, 28, 8) 23.28212036436134 gpu 0
Q round237-s17 2 (38, 53, 20, 8) 22.88759379370704 gpu 1
Q round237-s17 3 (38, 53, 44, 8) 22.228407139787226 gpu 0
Q round237-s17 4 (24, 53, 68, 65) 25.438655952089995 gpu 1
Q round237-s17 5 (39, 21, 20, 54) 22.992024347621268 gpu 0
Q round237-s17 6 (39, 45, 44, 8) 23.583593460370363 gpu 1
Q round237-s17 7 (48, 69, 28, 25) 26.51056381086522 gpu 0
Q round237-s17 8 (8, 69, 44, 48) 24.88323159605885 gpu 1
Q round237-s17 9 (38, 21, 12, 64) 23.447686607469993 gpu 0
Q round237-s17 10 (63, 5, 44, 14) 27.282254256877923 gpu 1
Q round237-s17 11 (39, 45, 20, 8) 23.39131442129956 gpu 0
Q round237-s17 12 (63, 21, 4, 16) 23.157477540515725 gpu 1
Q round237-s17 13 (64, 5, 12, 70) 22.300179705167153 gpu 0
Q round237-s17 14 (26, 46, 13, 64) 51.23201498768844 gpu 1
Q round237-s17 15 (47, 43, 61, 45) 1225.1742854785273 gpu 0
ROUND 237 n 3888 bestJ 17.544033723717053 best (24, 21, 52, 49) eligible 0 update 0 updates_total 18
Q round238-s17 0 (63, 53, 68, 25) 21.884707904634936 gpu 1
Q round238-s17 1 (62, 69, 44, 8) 22.14726976748887 gpu 0
Q round238-s17 2 (63, 45, 44, 16) 21.181197230496988 gpu cache
Q round238-s17 3 (39, 13, 28, 65) 22.7989728677502 gpu 1
Q round238-s17 4 (24, 53, 52, 65) 26.190262033628674 gpu 0
Q round238-s17 5 (63, 5, 20, 14) 23.988994786703994 gpu 1
Q round238-s17 6 (48, 45, 20, 65) 24.040608365029655 gpu 0
Q round238-s17 7 (39, 21, 20, 14) 22.251025714190455 gpu 1
Q round238-s17 8 (48, 21, 4, 30) 25.646918568322235 gpu 0
Q round238-s17 9 (48, 45, 68, 25) 20.800817127301865 gpu 1
Q round238-s17 10 (8, 21, 4, 54) 22.220804671794454 gpu 0
Q round238-s17 11 (8, 21, 20, 30) 22.092467793447707 gpu 1
Q round238-s17 12 (24, 29, 52, 49) 27.42818638913703 gpu 0
Q round238-s17 13 (39, 21, 44, 14) 24.177007931815787 gpu 1
Q round238-s17 14 (64, 27, 58, 2) 117.33136899129376 gpu 0
Q round238-s17 15 (36, 35, 36, 14) 53.32481119823938 gpu 1
ROUND 238 n 3904 bestJ 17.544033723717053 best (24, 21, 52, 49) eligible 0 update 0 updates_total 18
Q round239-s17 0 (62, 45, 12, 8) 23.02496796692659 gpu 0
Q round239-s17 1 (38, 69, 20, 8) 23.677103557084852 gpu 1
Q round239-s17 2 (48, 53, 68, 25) 27.954526787169875 gpu 0
Q round239-s17 3 (38, 45, 12, 64) 22.121178896114124 gpu 1
Q round239-s17 4 (48, 45, 44, 65) 22.2245798433228 gpu 0
Q round239-s17 5 (64, 29, 4, 14) 26.353072010812895 gpu 1
Q round239-s17 6 (64, 29, 20, 30) 26.301077145289018 gpu 0
Q round239-s17 7 (8, 21, 44, 30) 25.59829563692135 gpu 1
Q round239-s17 8 (48, 45, 28, 25) 21.457923364227266 gpu 0
Q round239-s17 9 (24, 21, 44, 8) 24.00915646823838 gpu 1
Q round239-s17 10 (8, 53, 12, 49) 25.1929500448405 gpu 0
Q round239-s17 11 (24, 45, 4, 16) 22.201381994698437 gpu 1
Q round239-s17 12 (64, 13, 4, 25) 23.115068601696102 gpu 0
Q round239-s17 13 (64, 29, 12, 24) 23.82356727287677 gpu 1
Q round239-s17 14 (37, 41, 65, 31) 76.53838031755862 gpu 0
Q round239-s17 15 (13, 8, 26, 15) 54.203795972518805 gpu 1
ROUND 239 n 3920 bestJ 17.544033723717053 best (24, 21, 52, 49) eligible 0 update 0 updates_total 18
Q round240-s17 0 (38, 29, 4, 8) 23.755676890954597 gpu 0
Q round240-s17 1 (38, 5, 68, 8) 23.932912727438683 gpu 1
Q round240-s17 2 (8, 29, 28, 49) 26.792049194679432 gpu 0
Q round240-s17 3 (64, 29, 44, 30) 26.945242326647396 gpu 1
Q round240-s17 4 (64, 29, 12, 48) 25.298169173057047 gpu 0
Q round240-s17 5 (63, 45, 4, 8) 22.570606340829613 gpu 1
Q round240-s17 6 (64, 69, 28, 38) 22.68689843964986 gpu 0
Q round240-s17 7 (24, 5, 4, 30) 23.05639211338731 gpu 1
Q round240-s17 8 (64, 5, 4, 41) 24.722197046847537 gpu 0
Q round240-s17 9 (39, 45, 4, 14) 25.28758764270323 gpu 1
Q round240-s17 10 (39, 21, 44, 8) 25.753528182748003 gpu 0
Q round240-s17 11 (64, 69, 12, 63) 23.278275134158964 gpu 1
Q round240-s17 12 (64, 29, 68, 39) 22.94761836662747 gpu 0
Q round240-s17 13 (8, 45, 4, 14) 25.62592400838607 gpu 1
Q round240-s17 14 (13, 36, 55, 66) 69.24345062731308 gpu 0
Q round240-s17 15 (70, 2, 1, 37) 78.61576012961315 gpu 1
ROUND 240 n 3936 bestJ 17.544033723717053 best (24, 21, 52, 49) eligible 0 update 0 updates_total 18
Q round241-s17 0 (8, 13, 68, 25) 26.683988323514942 gpu 0
Q round241-s17 1 (39, 45, 20, 16) 22.123789901362148 gpu cache
Q round241-s17 2 (24, 69, 68, 65) 25.77781923667109 gpu 1
Q round241-s17 3 (39, 53, 68, 49) 24.899940898244004 gpu 0
Q round241-s17 4 (63, 21, 44, 30) 26.614034464482884 gpu 1
Q round241-s17 5 (24, 21, 20, 41) 24.669093591771286 gpu 0
Q round241-s17 6 (63, 13, 52, 9) 22.59784215711151 gpu 1
Q round241-s17 7 (48, 13, 52, 9) 22.063220476959042 gpu 0
Q round241-s17 8 (64, 29, 68, 64) 21.89766492449232 gpu 1
Q round241-s17 9 (39, 13, 52, 9) 24.33075271767549 gpu 0
Q round241-s17 10 (48, 45, 4, 65) 23.240886274637447 gpu 1
Q round241-s17 11 (24, 45, 4, 14) 25.857662628321396 gpu 0
Q round241-s17 12 (8, 5, 44, 14) 24.944205941225107 gpu 1
Q round241-s17 13 (8, 13, 20, 24) 24.485483977046073 gpu 0
Q round241-s17 14 (61, 31, 43, 21) 215.82004083202392 gpu 1
Q round241-s17 15 (23, 15, 24, 47) 129.7954278683502 gpu 0
ROUND 241 n 3952 bestJ 17.544033723717053 best (24, 21, 52, 49) eligible 0 update 0 updates_total 18
Q round242-s17 0 (39, 69, 52, 65) 21.416695048178557 gpu 1
Q round242-s17 1 (8, 45, 4, 54) 26.099056519106938 gpu 0
Q round242-s17 2 (8, 45, 4, 30) 25.134452659422013 gpu 1
Q round242-s17 3 (64, 53, 20, 70) 26.254273183005004 gpu 0
Q round242-s17 4 (8, 5, 20, 14) 23.134467064223365 gpu 1
Q round242-s17 5 (39, 29, 4, 70) 27.65198659703942 gpu 0
Q round242-s17 6 (38, 5, 12, 64) 23.170235650797604 gpu 1
Q round242-s17 7 (62, 5, 12, 64) 22.204337630571175 gpu 0
Q round242-s17 8 (63, 21, 4, 54) 24.182013628825654 gpu 1
Q round242-s17 9 (64, 21, 20, 40) 25.795329140134687 gpu 0
Q round242-s17 10 (64, 53, 68, 38) 23.094494285232077 gpu 1
Q round242-s17 11 (8, 45, 44, 30) 26.811445015347996 gpu 0
Q round242-s17 12 (39, 45, 20, 54) 26.285873796758956 gpu 1
Q round242-s17 13 (48, 21, 28, 25) 23.08874710132377 gpu 0
Q round242-s17 14 (52, 26, 61, 40) 462.86058588330997 gpu 1
Q round242-s17 15 (49, 15, 44, 48) 84.95727219725559 gpu 0
ROUND 242 n 3968 bestJ 17.544033723717053 best (24, 21, 52, 49) eligible 0 update 0 updates_total 18
Q round243-s17 0 (63, 29, 20, 25) 23.0965139547444 gpu 1
Q round243-s17 1 (24, 13, 68, 9) 25.451671850484033 gpu 0
Q round243-s17 2 (48, 21, 68, 25) 23.616175904747294 gpu 1
Q round243-s17 3 (8, 45, 20, 30) 25.300866530488435 gpu 0
Q round243-s17 4 (64, 53, 44, 70) 27.66325800214993 gpu 1
Q round243-s17 5 (39, 13, 52, 65) 24.682496815215032 gpu 0
Q round243-s17 6 (64, 69, 4, 30) 26.06864810965538 gpu 1
Q round243-s17 7 (39, 21, 4, 16) 25.040644002577327 gpu cache
Q round243-s17 8 (8, 53, 4, 25) 23.713584029481325 gpu 0
Q round243-s17 9 (39, 45, 44, 54) 28.032755264276542 gpu 1
Q round243-s17 10 (8, 21, 4, 30) 21.295788422362552 gpu 0
Q round243-s17 11 (8, 29, 12, 24) 25.75060017803574 gpu 1
Q round243-s17 12 (63, 21, 4, 8) 23.625159603320206 gpu 0
Q round243-s17 13 (39, 21, 20, 41) 23.964535186701948 gpu 1
Q round243-s17 14 (12, 71, 32, 14) 67.63519772889977 gpu 0
Q round243-s17 15 (58, 60, 31, 24) 53.96901536022787 gpu 1
ROUND 243 n 3984 bestJ 17.544033723717053 best (24, 21, 52, 49) eligible 0 update 0 updates_total 18
Q round244-s17 0 (39, 13, 4, 24) 23.12891728932376 gpu 0
Q round244-s17 1 (24, 21, 4, 41) 23.379105169064676 gpu 1
Q round244-s17 2 (24, 13, 28, 9) 24.103044497159637 gpu 0
Q round244-s17 3 (70, 5, 52, 8) 47.46440736137888 gpu 1
Q round244-s17 4 (48, 13, 68, 25) 28.368059082036865 gpu 0
Q round244-s17 5 (48, 21, 20, 65) 26.16070382213437 gpu 1
Q round244-s17 6 (8, 29, 68, 49) 26.75660241374508 gpu 0
Q round244-s17 7 (64, 45, 44, 8) 24.190789039337933 gpu 1
Q round244-s17 8 (38, 5, 52, 24) 21.684731021020927 gpu 0
Q round244-s17 9 (24, 69, 44, 48) 26.738713483760296 gpu 1
Q round244-s17 10 (64, 45, 4, 40) 23.748410200123523 gpu 0
Q round244-s17 11 (24, 45, 44, 41) 20.819167734483358 gpu 1
Q round244-s17 12 (8, 29, 12, 64) 22.692935751415458 gpu 0
Q round244-s17 13 (24, 45, 20, 41) 22.23601673262004 gpu 1
Q round244-s17 14 (7, 15, 61, 12) 160.99843781690493 gpu 0
Q round244-s17 15 (45, 53, 7, 43) 276.622445624432 gpu 1
ROUND 244 n 4000 bestJ 17.544033723717053 best (24, 21, 52, 49) eligible 0 update 0 updates_total 18
Q round245-s17 0 (48, 5, 44, 41) 21.520670458741115 gpu 0
Q round245-s17 1 (39, 13, 68, 65) 22.261219758068627 gpu 1
Q round245-s17 2 (38, 5, 68, 24) 23.260847372849387 gpu 0
Q round245-s17 3 (24, 21, 4, 16) 23.569633012611067 gpu 1
Q round245-s17 4 (64, 29, 52, 62) 25.121044282058662 gpu 0
Q round245-s17 5 (64, 45, 20, 8) 26.022427418746112 gpu 1
Q round245-s17 6 (64, 21, 20, 17) 28.587737171870405 gpu 0
Q round245-s17 7 (63, 69, 44, 24) 26.17196675870368 gpu 1
Q round245-s17 8 (63, 45, 20, 30) 25.739815947223338 gpu 0
Q round245-s17 9 (24, 21, 20, 54) 23.40329032382698 gpu 1
Q round245-s17 10 (64, 53, 28, 39) 24.199948825679012 gpu 0
Q round245-s17 11 (63, 45, 4, 0) 21.378170756743742 gpu 1
Q round245-s17 12 (39, 5, 12, 70) 25.293956787540417 gpu 0
Q round245-s17 13 (38, 5, 28, 48) 21.453874853674854 gpu 1
Q round245-s17 14 (12, 62, 45, 60) 102.46184157042744 gpu 0
Q round245-s17 15 (69, 54, 17, 32) 69.91247877232699 gpu 1
TRIGGER_UPDATE 245 4016 ['stagnation', 'eligible_collapse'] {"new_labels_since_update": 256, "evals_since_best": 3124, "recent_n": 128, "recent_spearman": 0.47565693096502476, "recent_high_uncertainty_fraction": 0.078125, "sigma_ref_p90": 0.047708425298333156, "eligible_pool": 0, "eligible_floor": 120}
ROUND 245 n 4016 bestJ 17.544033723717053 best (24, 21, 52, 49) eligible 0 update 1 updates_total 19
Q round246-s17 0 (64, 13, 12, 38) 22.65981119786601 gpu 0
Q round246-s17 1 (39, 21, 44, 16) 22.43395300320418 gpu 1
Q round246-s17 2 (24, 29, 4, 25) 22.18105531484559 gpu 0
Q round246-s17 3 (24, 45, 52, 25) 20.808629770919964 gpu 1
Q round246-s17 4 (64, 69, 28, 62) 24.97665549161003 gpu 0
Q round246-s17 5 (8, 69, 52, 9) 23.268040811068172 gpu 1
Q round246-s17 6 (39, 5, 4, 30) 21.31734207807663 gpu 0
Q round246-s17 7 (24, 5, 28, 49) 22.49522666821085 gpu 1
Q round246-s17 8 (38, 21, 28, 64) 22.850244377220832 gpu 0
Q round246-s17 9 (63, 45, 4, 24) 21.64899415399924 gpu 1
Q round246-s17 10 (62, 21, 12, 64) 22.428580285826108 gpu 0
Q round246-s17 11 (64, 69, 68, 38) 23.8205684628026 gpu 1
Q round246-s17 12 (24, 29, 52, 9) 23.766612183284145 gpu 0
Q round246-s17 13 (48, 21, 44, 65) 24.298889503563437 gpu 1
Q round246-s17 14 (50, 1, 1, 18) 172.22546702325923 gpu 0
Q round246-s17 15 (29, 53, 50, 9) 156.54667938336672 gpu 1
ROUND 246 n 4032 bestJ 17.544033723717053 best (24, 21, 52, 49) eligible 0 update 0 updates_total 19
Q round247-s17 0 (24, 13, 12, 9) 24.552504313251124 gpu 0
Q round247-s17 1 (24, 45, 4, 41) 21.654516822413317 gpu 1
Q round247-s17 2 (24, 21, 44, 41) 23.28969852211889 gpu 0
Q round247-s17 3 (39, 45, 44, 0) 22.479262665687443 gpu 1
Q round247-s17 4 (8, 45, 12, 49) 21.029341023525216 gpu 0
Q round247-s17 5 (64, 13, 12, 62) 24.70482063742427 gpu 1
Q round247-s17 6 (63, 21, 4, 24) 23.505228292574888 gpu 0
Q round247-s17 7 (39, 45, 4, 0) 22.491527565170824 gpu 1
Q round247-s17 8 (24, 21, 52, 25) 23.735463520776406 gpu 0
Q round247-s17 9 (64, 29, 68, 63) 23.90972070356826 gpu 1
Q round247-s17 10 (48, 5, 4, 17) 24.796339322511212 gpu 0
Q round247-s17 11 (8, 13, 52, 9) 24.155060360059284 gpu 1
Q round247-s17 12 (62, 21, 44, 63) 22.760062170296987 gpu cache
Q round247-s17 13 (38, 45, 44, 63) 22.16368615405302 gpu 0
Q round247-s17 14 (11, 61, 58, 56) 124.91023231927271 gpu 1
Q round247-s17 15 (22, 26, 28, 5) 69.72376200496059 gpu 0
ROUND 247 n 4048 bestJ 17.544033723717053 best (24, 21, 52, 49) eligible 0 update 0 updates_total 19
Q round248-s17 0 (8, 29, 44, 25) 23.235725153123557 gpu 1
Q round248-s17 1 (48, 21, 4, 41) 22.511680062746446 gpu 0
Q round248-s17 2 (8, 29, 20, 25) 24.475811423653855 gpu 1
Q round248-s17 3 (39, 69, 68, 49) 26.208591940844524 gpu 0
Q round248-s17 4 (39, 21, 4, 41) 23.922075697364843 gpu 1
Q round248-s17 5 (62, 45, 44, 63) 22.143738111333796 gpu 0
Q round248-s17 6 (38, 5, 12, 48) 24.196820500740333 gpu 1
Q round248-s17 7 (48, 45, 12, 25) 21.96235970913417 gpu 0
Q round248-s17 8 (48, 13, 28, 9) 23.586523968598414 gpu 1
Q round248-s17 9 (48, 5, 52, 25) 21.887307024572408 gpu 0
Q round248-s17 10 (64, 53, 68, 62) 24.122101068577443 gpu 1
Q round248-s17 11 (62, 45, 44, 39) 22.948435151166308 gpu 0
Q round248-s17 12 (38, 21, 12, 48) 24.029635106654382 gpu 1
Q round248-s17 13 (8, 53, 4, 16) 22.37095734608799 gpu 0
Q round248-s17 14 (64, 56, 59, 22) 49.60251345178177 gpu 1
Q round248-s17 15 (62, 24, 65, 16) 102.32513852322828 gpu 0
ROUND 248 n 4064 bestJ 17.544033723717053 best (24, 21, 52, 49) eligible 0 update 0 updates_total 19
Q round249-s17 0 (64, 29, 4, 17) 23.876143563803637 gpu 1
Q round249-s17 1 (62, 5, 28, 48) 21.98701455390554 gpu 0
Q round249-s17 2 (62, 45, 20, 63) 22.977590090768853 gpu 1
Q round249-s17 3 (62, 21, 44, 39) 22.477678420565447 gpu 0
Q round249-s17 4 (63, 5, 4, 16) 22.760819059522532 gpu 1
Q round249-s17 5 (64, 61, 4, 9) 27.933719131458776 gpu 0
Q round249-s17 6 (38, 45, 20, 63) 22.6942648409308 gpu 1
Q round249-s17 7 (38, 21, 44, 63) 22.96065145524752 gpu 0
Q round249-s17 8 (62, 5, 52, 24) 21.570368855441984 gpu 1
Q round249-s17 9 (38, 45, 44, 39) 22.382928480486587 gpu 0
Q round249-s17 10 (24, 5, 20, 41) 23.791699126626618 gpu 1
Q round249-s17 11 (48, 21, 4, 65) 25.473239623088507 gpu 0
Q round249-s17 12 (38, 29, 44, 39) 22.15273936350827 gpu 1
Q round249-s17 13 (48, 5, 20, 49) 22.351791739746886 gpu 0
Q round249-s17 14 (8, 9, 14, 49) 89.12908126684516 gpu 1
Q round249-s17 15 (36, 28, 30, 44) 76.83140537544045 gpu 0
ROUND 249 n 4080 bestJ 17.544033723717053 best (24, 21, 52, 49) eligible 0 update 0 updates_total 19
Q round250-s17 0 (38, 45, 28, 64) 22.591705700265635 gpu 1
Q round250-s17 1 (62, 45, 12, 64) 22.079238200452775 gpu 0
Q round250-s17 2 (24, 53, 12, 9) 23.964198790124914 gpu 1
Q round250-s17 3 (24, 45, 4, 0) 22.82905822709471 gpu 0
Q round250-s17 4 (24, 5, 4, 41) 24.067057036380756 gpu 1
Q round250-s17 5 (62, 21, 20, 39) 23.94655968930576 gpu 0
Q round250-s17 6 (38, 29, 20, 39) 22.022614523910324 gpu 1
Q round250-s17 7 (38, 45, 12, 48) 21.83656091273663 gpu 0
Q round250-s17 8 (64, 29, 20, 41) 21.475009653218983 gpu 1
Q round250-s17 9 (48, 5, 44, 49) 22.9699296286795 gpu 0
Q round250-s17 10 (38, 21, 20, 63) 23.982875936152038 gpu 1
Q round250-s17 11 (38, 45, 20, 39) 22.479342586297076 gpu 0
Q round250-s17 12 (24, 21, 20, 17) 26.163153263182153 gpu 1
Q round250-s17 13 (39, 5, 20, 41) 24.087894982613022 gpu 0
Q round250-s17 14 (68, 56, 27, 3) 97.06485589855082 gpu 1
Q round250-s17 15 (32, 58, 27, 36) 320.34007532048577 gpu 0
ROUND 250 n 4096 bestJ 17.544033723717053 best (24, 21, 52, 49) eligible 0 update 0 updates_total 19
Q round251-s17 0 (39, 29, 20, 25) 23.61866644941071 gpu 1
Q round251-s17 1 (49, 53, 20, 8) 22.26610640369153 gpu 0
Q round251-s17 2 (24, 45, 4, 8) 22.60384932481653 gpu 1
Q round251-s17 3 (64, 45, 20, 17) 26.72684512256594 gpu 0
Q round251-s17 4 (38, 21, 44, 39) 23.614892663787533 gpu 1
Q round251-s17 5 (39, 21, 12, 49) 23.802217399433967 gpu 0
Q round251-s17 6 (63, 45, 52, 25) 21.960110259247873 gpu 1
Q round251-s17 7 (64, 13, 52, 49) 26.687324414852846 gpu 0
Q round251-s17 8 (38, 5, 28, 24) 22.545140091789744 gpu 1
Q round251-s17 9 (48, 5, 12, 65) 23.188457183916476 gpu 0
Q round251-s17 10 (64, 13, 52, 9) 24.22173135913832 gpu 1
Q round251-s17 11 (64, 45, 44, 17) 24.703203624693906 gpu 0
Q round251-s17 12 (38, 21, 12, 24) 24.5904734551887 gpu 1
Q round251-s17 13 (63, 5, 20, 41) 23.431703403242484 gpu 0
Q round251-s17 14 (68, 11, 71, 71) 47.856812099731386 gpu 1
Q round251-s17 15 (61, 58, 49, 32) 49.43392599473862 gpu 0
ROUND 251 n 4112 bestJ 17.544033723717053 best (24, 21, 52, 49) eligible 0 update 0 updates_total 19
Q round252-s17 0 (8, 69, 28, 9) 24.948339082577533 gpu 1
Q round252-s17 1 (63, 13, 68, 9) 24.49525400510369 gpu 0
Q round252-s17 2 (39, 5, 44, 41) 23.268647832442262 gpu 1
Q round252-s17 3 (39, 45, 4, 41) 22.794958948432644 gpu 0
Q round252-s17 4 (64, 29, 44, 41) 21.25092002934619 gpu 1
Q round252-s17 5 (24, 69, 4, 16) 23.35307130433842 gpu 0
Q round252-s17 6 (38, 21, 20, 39) 24.040808637749706 gpu 1
Q round252-s17 7 (62, 21, 52, 48) 25.107766164928627 gpu 0
Q round252-s17 8 (64, 69, 12, 16) 24.52841860746118 gpu 1
Q round252-s17 9 (62, 5, 28, 24) 21.73869777625308 gpu 0
Q round252-s17 10 (39, 45, 20, 41) 22.07741369744385 gpu 1
Q round252-s17 11 (38, 21, 52, 24) 22.08353747621619 gpu 0
Q round252-s17 12 (64, 5, 20, 40) 25.16183248521044 gpu cache
Q round252-s17 13 (8, 5, 4, 14) 23.20198878819587 gpu 1
Q round252-s17 14 (67, 33, 3, 2) 107.39425532351318 gpu 0
Q round252-s17 15 (70, 67, 40, 2) 50.4521231998168 gpu 1
ROUND 252 n 4128 bestJ 17.544033723717053 best (24, 21, 52, 49) eligible 0 update 0 updates_total 19
Q round253-s17 0 (39, 29, 4, 25) 24.019159889808876 gpu 0
Q round253-s17 1 (8, 45, 12, 0) 23.646769521706478 gpu 1
Q round253-s17 2 (24, 5, 44, 41) 23.91403861899748 gpu 0
Q round253-s17 3 (62, 45, 20, 39) 22.79952776702631 gpu 1
Q round253-s17 4 (24, 21, 20, 0) 24.424952573993636 gpu 0
Q round253-s17 5 (8, 53, 28, 65) 25.304157581327118 gpu 1
Q round253-s17 6 (63, 13, 52, 65) 27.37405978071972 gpu 0
Q round253-s17 7 (8, 5, 44, 70) 24.022985320226116 gpu 1
Q round253-s17 8 (39, 5, 4, 41) 24.08284186161418 gpu 0
Q round253-s17 9 (70, 5, 68, 64) 47.07455885535316 gpu 1
Q round253-s17 10 (38, 21, 28, 24) 23.38317552147125 gpu 0
Q round253-s17 11 (64, 69, 28, 39) 23.69664322626839 gpu 1
Q round253-s17 12 (8, 5, 20, 70) 20.731168514638956 gpu 0
Q round253-s17 13 (64, 69, 4, 41) 21.206570498147222 gpu 1
Q round253-s17 14 (57, 37, 64, 15) 69.0972539649574 gpu 0
Q round253-s17 15 (42, 26, 71, 57) 112.63285041426619 gpu 1
ROUND 253 n 4144 bestJ 17.544033723717053 best (24, 21, 52, 49) eligible 0 update 0 updates_total 19
Q round254-s17 0 (24, 21, 44, 0) 23.061477087778602 gpu 0
Q round254-s17 1 (63, 5, 4, 41) 23.909091482261207 gpu 1
Q round254-s17 2 (48, 5, 20, 17) 23.784910226881962 gpu 0
Q round254-s17 3 (38, 5, 12, 24) 24.155175870783005 gpu 1
Q round254-s17 4 (38, 29, 44, 63) 21.80117796931859 gpu 0
Q round254-s17 5 (38, 29, 20, 63) 21.307877090180483 gpu 1
Q round254-s17 6 (38, 45, 12, 24) 22.33431479168875 gpu 0
Q round254-s17 7 (64, 45, 4, 17) 26.04327670597541 gpu 1
Q round254-s17 8 (39, 69, 12, 38) 24.5663661382834 gpu 0
Q round254-s17 9 (64, 29, 20, 17) 23.3063455778833 gpu 1
Q round254-s17 10 (8, 21, 20, 41) 26.271093343718785 gpu 0
Q round254-s17 11 (8, 45, 20, 41) 24.231806819024104 gpu 1
Q round254-s17 12 (70, 5, 52, 64) 48.52623760462316 gpu 0
Q round254-s17 13 (64, 29, 52, 39) 24.10024193582282 gpu 1
Q round254-s17 14 (61, 14, 68, 26) 86.27371645599808 gpu 0
Q round254-s17 15 (40, 25, 61, 4) 93.0254424287119 gpu 1
ROUND 254 n 4160 bestJ 17.544033723717053 best (24, 21, 52, 49) eligible 0 update 0 updates_total 19
Q round255-s17 0 (39, 21, 20, 0) 23.60359903561701 gpu 0
Q round255-s17 1 (8, 69, 4, 16) 23.883659016497287 gpu 1
Q round255-s17 2 (24, 45, 4, 17) 25.07230907910961 gpu 0
Q round255-s17 3 (48, 21, 12, 25) 23.371749342374425 gpu 1
Q round255-s17 4 (62, 5, 12, 24) 23.593664741024423 gpu 0
Q round255-s17 5 (62, 29, 20, 39) 21.34289097125748 gpu 1
Q round255-s17 6 (8, 21, 44, 41) 24.31780925563733 gpu 0
Q round255-s17 7 (70, 5, 68, 63) 48.3392458309198 gpu 1
Q round255-s17 8 (24, 45, 12, 65) 24.48077581326192 gpu 0
Q round255-s17 9 (64, 53, 12, 16) 24.409053212815095 gpu 1
Q round255-s17 10 (24, 45, 68, 16) 25.37186838397183 gpu 0
Q round255-s17 11 (24, 45, 68, 25) 23.23372142947075 gpu 1
Q round255-s17 12 (63, 21, 4, 41) 23.454196426246085 gpu 0
Q round255-s17 13 (63, 69, 20, 24) 24.670889874404185 gpu 1
Q round255-s17 14 (37, 51, 2, 12) 113.39063365056434 gpu 0
Q round255-s17 15 (61, 17, 39, 22) 79.39471907984566 gpu 1
ROUND 255 n 4176 bestJ 17.544033723717053 best (24, 21, 52, 49) eligible 0 update 0 updates_total 19
Q round256-s17 0 (24, 69, 28, 9) 23.928592380077514 gpu 0
Q round256-s17 1 (63, 69, 28, 49) 26.639145545945137 gpu 1
Q round256-s17 2 (38, 21, 68, 24) 23.760570559131235 gpu 0
Q round256-s17 3 (64, 53, 4, 17) 23.136711403997765 gpu 1
Q round256-s17 4 (48, 45, 4, 41) 23.154669972034316 gpu 0
Q round256-s17 5 (64, 69, 68, 62) 24.59256384418936 gpu 1
Q round256-s17 6 (39, 69, 52, 49) 27.568335543965436 gpu 0
Q round256-s17 7 (39, 13, 20, 16) 23.50302015480249 gpu 1
Q round256-s17 8 (24, 21, 4, 0) 24.740373985544668 gpu 0
Q round256-s17 9 (64, 69, 4, 25) 23.371283739660534 gpu 1
Q round256-s17 10 (63, 21, 52, 25) 22.422556526974518 gpu 0
Q round256-s17 11 (8, 21, 12, 49) 24.34497477020394 gpu 1
Q round256-s17 12 (64, 53, 28, 64) 23.267351423960076 gpu 0
Q round256-s17 13 (64, 5, 12, 41) 23.789935345920092 gpu 1
Q round256-s17 14 (62, 49, 57, 6) 83.08054835294453 gpu 0
Q round256-s17 15 (17, 56, 5, 29) 120.77937020180924 gpu 1
ROUND 256 n 4192 bestJ 17.544033723717053 best (24, 21, 52, 49) eligible 0 update 0 updates_total 19
Q round257-s17 0 (24, 69, 68, 9) 24.91094077315863 gpu 0
Q round257-s17 1 (39, 45, 20, 0) 22.257639776374905 gpu 1
Q round257-s17 2 (24, 69, 12, 9) 24.167563222613488 gpu 0
Q round257-s17 3 (38, 29, 44, 64) 21.702640710750778 gpu 1
Q round257-s17 4 (24, 21, 4, 17) 25.65422021568435 gpu 0
Q round257-s17 5 (64, 53, 4, 41) 21.351711856323544 gpu 1
Q round257-s17 6 (64, 21, 44, 17) 25.74383527282 gpu 0
Q round257-s17 7 (38, 45, 68, 24) 21.324729411077403 gpu 1
Q round257-s17 8 (64, 5, 44, 40) 24.93288606163564 gpu 0
Q round257-s17 9 (64, 21, 44, 40) 25.150181812608746 gpu 1
Q round257-s17 10 (70, 5, 12, 63) 45.981783964828345 gpu 0
Q round257-s17 11 (63, 45, 12, 65) 23.957833315350136 gpu 1
Q round257-s17 12 (64, 69, 28, 64) 22.917355619237437 gpu 0
Q round257-s17 13 (38, 29, 4, 39) 21.452703364731466 gpu 1
Q round257-s17 14 (5, 1, 21, 0) 46.61333336688805 gpu 0
Q round257-s17 15 (46, 45, 27, 11) 2076.9071400609387 gpu 1
ROUND 257 n 4208 bestJ 17.544033723717053 best (24, 21, 52, 49) eligible 0 update 0 updates_total 19
Q round258-s17 0 (62, 5, 68, 8) 23.405992493487464 gpu 0
Q round258-s17 1 (39, 69, 52, 9) 24.303567809112657 gpu 1
Q round258-s17 2 (8, 45, 44, 16) 22.698945280231797 gpu 0
Q round258-s17 3 (39, 21, 44, 41) 23.245454213480482 gpu 1
Q round258-s17 4 (39, 69, 68, 9) 25.24879170514428 gpu 0
Q round258-s17 5 (63, 69, 68, 49) 28.12468580911995 gpu 1
Q round258-s17 6 (48, 5, 44, 17) 23.340093878366563 gpu 0
Q round258-s17 7 (8, 69, 20, 16) 23.56499720704363 gpu 1
Q round258-s17 8 (8, 13, 44, 24) 26.362631074536544 gpu 0
Q round258-s17 9 (8, 29, 4, 25) 23.793162036708654 gpu 1
Q round258-s17 10 (64, 69, 4, 17) 22.443719321500744 gpu 0
Q round258-s17 11 (8, 5, 20, 54) 23.56740124359817 gpu 1
Q round258-s17 12 (64, 53, 4, 25) 24.502421402650572 gpu 0
Q round258-s17 13 (64, 69, 52, 9) 24.207756456404177 gpu 1
Q round258-s17 14 (63, 55, 47, 24) 124.01521000383342 gpu 0
Q round258-s17 15 (41, 47, 36, 21) 192.20204825165868 gpu 1
ROUND 258 n 4224 bestJ 17.544033723717053 best (24, 21, 52, 49) eligible 0 update 0 updates_total 19
Q round259-s17 0 (63, 29, 4, 25) 22.351868587824075 gpu 0
Q round259-s17 1 (62, 5, 12, 48) 21.456381402769985 gpu 1
Q round259-s17 2 (8, 45, 44, 41) 22.68941179613019 gpu 0
Q round259-s17 3 (38, 45, 52, 24) 22.67732052946942 gpu 1
Q round259-s17 4 (70, 5, 52, 39) 49.84934176183628 gpu 0
Q round259-s17 5 (70, 5, 12, 39) 45.911486461960926 gpu 1
Q round259-s17 6 (8, 5, 44, 54) 26.532305180030864 gpu 0
Q round259-s17 7 (64, 53, 52, 38) 23.794134861876 gpu 1
Q round259-s17 8 (38, 45, 44, 64) 22.530695704608156 gpu 0
Q round259-s17 9 (63, 13, 4, 24) 24.85268646151607 gpu 1
Q round259-s17 10 (38, 69, 20, 64) 21.555355749214016 gpu 0
Q round259-s17 11 (64, 13, 12, 39) 22.504929088272366 gpu 1
Q round259-s17 12 (24, 45, 44, 17) 23.798192788230956 gpu 0
Q round259-s17 13 (64, 13, 12, 64) 22.68204075544274 gpu 1
Q round259-s17 14 (33, 9, 15, 60) 70.36720704791462 gpu 0
Q round259-s17 15 (3, 3, 44, 63) 444.2719280396411 gpu 1
ROUND 259 n 4240 bestJ 17.544033723717053 best (24, 21, 52, 49) eligible 0 update 0 updates_total 19
Q round260-s17 0 (64, 37, 4, 9) 27.775946663752578 gpu 0
Q round260-s17 1 (39, 29, 44, 25) 22.775105589405907 gpu 1
Q round260-s17 2 (24, 21, 44, 17) 24.987531926475317 gpu 0
Q round260-s17 3 (70, 69, 4, 8) 47.22737295201072 gpu 1
Q round260-s17 4 (38, 45, 28, 24) 20.94452907909381 gpu 0
Q round260-s17 5 (65, 29, 4, 8) 27.01384713351519 gpu 1
Q round260-s17 6 (64, 45, 20, 40) 23.87211776000761 gpu 0
Q round260-s17 7 (70, 21, 12, 39) 45.3674090390686 gpu 1
Q round260-s17 8 (54, 5, 68, 39) 50.436931647903734 gpu 0
Q round260-s17 9 (64, 21, 4, 17) 27.98946937871671 gpu 1
Q round260-s17 10 (8, 29, 52, 9) 24.73795949855643 gpu 0
Q round260-s17 11 (24, 5, 44, 17) 25.321499633284308 gpu 1
Q round260-s17 12 (24, 5, 44, 16) 22.499607366378946 gpu 0
Q round260-s17 13 (24, 5, 20, 17) 26.623953032271828 gpu 1
Q round260-s17 14 (23, 27, 15, 3) 106.33087424765989 gpu 0
Q round260-s17 15 (4, 42, 7, 59) 169.14740188217854 gpu 1
ROUND 260 n 4256 bestJ 17.544033723717053 best (24, 21, 52, 49) eligible 0 update 0 updates_total 19
Q round261-s17 0 (24, 29, 68, 9) 24.5291329228497 gpu 0
Q round261-s17 1 (62, 21, 68, 24) 22.918544408430513 gpu 1
Q round261-s17 2 (64, 29, 44, 17) 22.809647302478428 gpu 0
Q round261-s17 3 (24, 53, 28, 49) 28.154666286656372 gpu 1
Q round261-s17 4 (24, 45, 20, 17) 23.791222397074055 gpu 0
Q round261-s17 5 (38, 69, 44, 64) 20.90688910329308 gpu 1
Q round261-s17 6 (62, 21, 20, 64) 24.903327389010247 gpu 0
Q round261-s17 7 (8, 45, 28, 65) 24.367278000055055 gpu 1
Q round261-s17 8 (38, 45, 20, 64) 23.217769935748752 gpu 0
Q round261-s17 9 (48, 5, 20, 14) 26.913188916690235 gpu 1
Q round261-s17 10 (63, 53, 52, 49) 28.59374312380531 gpu 0
Q round261-s17 11 (39, 45, 4, 24) 23.57200735707593 gpu 1
Q round261-s17 12 (64, 13, 68, 9) 24.355423605844074 gpu 0
Q round261-s17 13 (64, 5, 12, 40) 23.119508374103322 gpu 1
Q round261-s17 14 (60, 9, 21, 32) 42.57935399565538 gpu 0
Q round261-s17 15 (68, 47, 60, 42) 89.66039346465385 gpu 1
TRIGGER_UPDATE 261 4272 ['stagnation', 'eligible_collapse'] {"new_labels_since_update": 256, "evals_since_best": 3380, "recent_n": 128, "recent_spearman": 0.3473379417689068, "recent_high_uncertainty_fraction": 0.0859375, "sigma_ref_p90": 0.04690890945494175, "eligible_pool": 0, "eligible_floor": 120}
ROUND 261 n 4272 bestJ 17.544033723717053 best (24, 21, 52, 49) eligible 0 update 1 updates_total 20
Q round262-s17 0 (38, 29, 4, 63) 21.51553336177755 gpu 0
Q round262-s17 1 (64, 21, 12, 41) 24.377049012199635 gpu 1
Q round262-s17 2 (38, 53, 4, 39) 21.915818490643208 gpu 0
Q round262-s17 3 (38, 29, 44, 48) 22.858174726338856 gpu 1
Q round262-s17 4 (38, 53, 20, 39) 22.14672223303459 gpu 0
Q round262-s17 5 (38, 53, 44, 39) 22.326541321991783 gpu 1
Q round262-s17 6 (64, 45, 12, 41) 22.844293643762153 gpu 0
Q round262-s17 7 (38, 53, 4, 63) 20.89597882324072 gpu 1
Q round262-s17 8 (64, 5, 28, 41) 23.415393046958272 gpu 0
Q round262-s17 9 (64, 53, 44, 41) 22.00191905536891 gpu 1
Q round262-s17 10 (38, 69, 44, 24) 21.63105245784284 gpu 0
Q round262-s17 11 (38, 53, 44, 63) 22.600427381668865 gpu 1
Q round262-s17 12 (64, 29, 28, 24) 24.210853981346606 gpu 0
Q round262-s17 13 (38, 13, 4, 64) 19.148813723739227 gpu 1
Q round262-s17 14 (23, 20, 71, 42) 71.80004234518519 gpu 0
Q round262-s17 15 (18, 15, 64, 63) 54.20079707414091 gpu 1
ROUND 262 n 4288 bestJ 17.544033723717053 best (24, 21, 52, 49) eligible 0 update 0 updates_total 20
Q round263-s17 0 (38, 29, 20, 64) 22.110261336723916 gpu 0
Q round263-s17 1 (38, 29, 4, 64) 22.46143251038022 gpu 1
Q round263-s17 2 (38, 53, 20, 64) 22.36092690150537 gpu 0
Q round263-s17 3 (38, 53, 44, 64) 21.530383214996007 gpu 1
Q round263-s17 4 (38, 53, 4, 64) 22.264233132757454 gpu 0
Q round263-s17 5 (38, 69, 4, 64) 21.669887575347218 gpu 1
Q round263-s17 6 (62, 29, 4, 64) 21.304883062772834 gpu 0
Q round263-s17 7 (62, 29, 4, 63) 21.663354826064992 gpu 1
Q round263-s17 8 (38, 13, 20, 64) 19.743913524159712 gpu 0
Q round263-s17 9 (38, 13, 44, 64) 21.427278789189412 gpu 1
Q round263-s17 10 (62, 53, 4, 64) 20.397169520274662 gpu 0
Q round263-s17 11 (62, 69, 4, 64) 20.382350295304665 gpu 1
Q round263-s17 12 (38, 53, 20, 63) 20.813515840799752 gpu 0
Q round263-s17 13 (38, 29, 4, 24) 24.27281116793978 gpu 1
Q round263-s17 14 (35, 56, 0, 21) 38.80898496127328 gpu 0
Q round263-s17 15 (22, 61, 43, 24) 57.51235888318029 gpu 1
ROUND 263 n 4304 bestJ 17.544033723717053 best (24, 21, 52, 49) eligible 0 update 0 updates_total 20
Q round264-s17 0 (62, 13, 4, 8) 20.777730965395925 gpu 0
Q round264-s17 1 (62, 29, 44, 63) 23.998833867844883 gpu 1
Q round264-s17 2 (63, 69, 52, 65) 26.385701981201752 gpu 0
Q round264-s17 3 (38, 69, 20, 24) 21.42624673730005 gpu 1
Q round264-s17 4 (38, 69, 4, 39) 21.58965014003149 gpu 0
Q round264-s17 5 (38, 29, 4, 48) 21.44928368310678 gpu 1
Q round264-s17 6 (64, 69, 44, 41) 20.580515859619982 gpu 0
Q round264-s17 7 (64, 69, 20, 41) 20.878268768463418 gpu 1
Q round264-s17 8 (38, 69, 20, 39) 22.14445146593759 gpu 0
Q round264-s17 9 (64, 29, 52, 64) 23.233555148456443 gpu 1
Q round264-s17 10 (38, 69, 44, 39) 21.342402888397228 gpu 0
Q round264-s17 11 (38, 69, 4, 24) 21.602493579447593 gpu 1
Q round264-s17 12 (62, 13, 20, 64) 23.15333033789289 gpu cache
Q round264-s17 13 (48, 21, 20, 41) 21.99900184115619 gpu 0
Q round264-s17 14 (12, 28, 43, 5) 95.39623845464348 gpu 1
Q round264-s17 15 (67, 11, 44, 41) 180.05251291846668 gpu 0
ROUND 264 n 4320 bestJ 17.544033723717053 best (24, 21, 52, 49) eligible 0 update 0 updates_total 20
Q round265-s17 0 (24, 53, 52, 9) 23.621305276486087 gpu 1
Q round265-s17 1 (63, 21, 4, 0) 23.638489511585604 gpu 0
Q round265-s17 2 (38, 53, 4, 24) 23.634789826780864 gpu 1
Q round265-s17 3 (62, 21, 20, 63) 23.121934253571812 gpu 0
Q round265-s17 4 (64, 53, 44, 17) 23.204614318357734 gpu 1
Q round265-s17 5 (64, 29, 28, 48) 26.07784373610845 gpu 0
Q round265-s17 6 (64, 69, 20, 17) 23.74556736695995 gpu 1
Q round265-s17 7 (38, 13, 20, 24) 21.7549876328888 gpu 0
Q round265-s17 8 (64, 53, 28, 63) 25.54386123614145 gpu 1
Q round265-s17 9 (64, 69, 44, 17) 22.460218045379325 gpu 0
Q round265-s17 10 (38, 13, 44, 24) 22.838603632591923 gpu 1
Q round265-s17 11 (63, 13, 12, 49) 27.577236627875397 gpu 0
Q round265-s17 12 (64, 21, 28, 41) 22.656431736440922 gpu 1
Q round265-s17 13 (64, 69, 12, 24) 23.4699936315739 gpu 0
Q round265-s17 14 (13, 44, 4, 25) 164.43185933671103 gpu 1
Q round265-s17 15 (47, 60, 52, 70) 55.636157563293814 gpu 0
ROUND 265 n 4336 bestJ 17.544033723717053 best (24, 21, 52, 49) eligible 0 update 0 updates_total 20
Q round266-s17 0 (62, 69, 20, 64) 19.278085087627325 gpu 1
Q round266-s17 1 (62, 53, 4, 39) 22.341590286048714 gpu 0
Q round266-s17 2 (64, 29, 68, 16) 24.385974646349407 gpu 1
Q round266-s17 3 (62, 13, 44, 64) 24.596921431163814 gpu 0
Q round266-s17 4 (38, 69, 44, 48) 24.29055090733474 gpu 1
Q round266-s17 5 (38, 69, 4, 63) 21.693025669648993 gpu 0
Q round266-s17 6 (38, 69, 20, 63) 21.292945912711843 gpu 1
Q round266-s17 7 (64, 69, 28, 63) 24.846697089787185 gpu 0
Q round266-s17 8 (64, 5, 68, 41) 24.42319544381144 gpu 1
Q round266-s17 9 (64, 53, 12, 24) 23.68927912832593 gpu 0
Q round266-s17 10 (38, 69, 44, 63) 22.899874189059542 gpu 1
Q round266-s17 11 (62, 13, 4, 64) 22.734955236276416 gpu 0
Q round266-s17 12 (64, 5, 12, 30) 25.92024932803703 gpu 1
Q round266-s17 13 (39, 21, 20, 40) 23.856889622737288 gpu 0
Q round266-s17 14 (68, 22, 22, 56) 76.27663852755917 gpu 1
Q round266-s17 15 (11, 26, 61, 17) 197.73033488504652 gpu 0
ROUND 266 n 4352 bestJ 17.544033723717053 best (24, 21, 52, 49) eligible 0 update 0 updates_total 20
Q round267-s17 0 (62, 69, 4, 8) 21.694261822415687 gpu 1
Q round267-s17 1 (62, 69, 20, 8) 23.218579837439552 gpu 0
Q round267-s17 2 (62, 29, 20, 64) 21.66514560394276 gpu 1
Q round267-s17 3 (62, 29, 20, 63) 21.380071170479837 gpu 0
Q round267-s17 4 (38, 29, 20, 48) 21.706121520871378 gpu 1
Q round267-s17 5 (62, 53, 20, 64) 20.743485094534858 gpu 0
Q round267-s17 6 (62, 69, 44, 64) 21.564132150660644 gpu 1
Q round267-s17 7 (64, 53, 20, 41) 22.791351581513197 gpu 0
Q round267-s17 8 (62, 53, 20, 39) 22.40384453757761 gpu 1
Q round267-s17 9 (63, 5, 44, 0) 22.68157313079092 gpu 0
Q round267-s17 10 (62, 53, 20, 24) 23.105314690531277 gpu 1
Q round267-s17 11 (62, 69, 20, 24) 21.699641087589264 gpu 0
Q round267-s17 12 (62, 69, 44, 24) 24.01651245506883 gpu 1
Q round267-s17 13 (38, 69, 20, 48) 22.86371221612137 gpu 0
Q round267-s17 14 (33, 8, 38, 28) 83.92550035014466 gpu 1
Q round267-s17 15 (59, 20, 65, 48) 50.544187264970304 gpu 0
ROUND 267 n 4368 bestJ 17.544033723717053 best (24, 21, 52, 49) eligible 0 update 0 updates_total 20
Q round268-s17 0 (62, 21, 28, 64) 23.010332533022826 gpu 1
Q round268-s17 1 (62, 29, 44, 64) 21.848219421225743 gpu 0
Q round268-s17 2 (62, 45, 28, 64) 22.75713463651451 gpu 1
Q round268-s17 3 (62, 29, 20, 48) 22.643379775021895 gpu 0
Q round268-s17 4 (64, 53, 20, 17) 23.755406800524373 gpu 1
Q round268-s17 5 (48, 69, 52, 9) 21.653968372460138 gpu 0
Q round268-s17 6 (38, 53, 4, 48) 22.245904161101475 gpu 1
Q round268-s17 7 (62, 45, 20, 64) 23.024896862220974 gpu 0
Q round268-s17 8 (62, 69, 20, 39) 22.37082545756847 gpu 1
Q round268-s17 9 (62, 69, 44, 39) 24.502666034499896 gpu 0
Q round268-s17 10 (64, 69, 12, 48) 25.363755153300602 gpu 1
Q round268-s17 11 (62, 53, 20, 48) 24.131873703385505 gpu 0
Q round268-s17 12 (38, 29, 12, 64) 22.11543980129337 gpu 1
Q round268-s17 13 (62, 69, 4, 24) 22.852592898832363 gpu 0
Q round268-s17 14 (35, 54, 8, 18) 63.71818199312223 gpu 1
Q round268-s17 15 (21, 33, 34, 44) 198.6630094293411 gpu 0
ROUND 268 n 4384 bestJ 17.544033723717053 best (24, 21, 52, 49) eligible 0 update 0 updates_total 20
Q round269-s17 0 (62, 29, 20, 8) 22.391265120922945 gpu 1
Q round269-s17 1 (62, 45, 68, 64) 24.45119276344181 gpu 0
Q round269-s17 2 (62, 29, 20, 24) 21.69691254427634 gpu 1
Q round269-s17 3 (62, 53, 4, 63) 22.96202171912899 gpu 0
Q round269-s17 4 (64, 69, 12, 0) 24.78027184742194 gpu 1
Q round269-s17 5 (39, 69, 20, 0) 22.51994354567132 gpu 0
Q round269-s17 6 (8, 53, 68, 65) 26.04463821137546 gpu 1
Q round269-s17 7 (62, 45, 20, 48) 21.692635370942075 gpu 0
Q round269-s17 8 (62, 21, 44, 64) 23.547725627750776 gpu 1
Q round269-s17 9 (63, 13, 20, 24) 24.452756506894207 gpu 0
Q round269-s17 10 (64, 5, 12, 14) 23.905630145420854 gpu 1
Q round269-s17 11 (62, 13, 20, 24) 24.133408714432367 gpu 0
Q round269-s17 12 (38, 13, 4, 24) 20.923923033228874 gpu 1
Q round269-s17 13 (62, 45, 4, 63) 22.83067984480675 gpu 0
Q round269-s17 14 (35, 20, 16, 19) 151.89091608133708 gpu 1
Q round269-s17 15 (46, 40, 10, 42) 626.5613144882802 gpu 0
ROUND 269 n 4400 bestJ 17.544033723717053 best (24, 21, 52, 49) eligible 0 update 0 updates_total 20
Q round270-s17 0 (38, 29, 44, 24) 21.730101791273988 gpu 1
Q round270-s17 1 (62, 53, 44, 64) 22.06526564552334 gpu 0
Q round270-s17 2 (63, 13, 68, 65) 27.424333740549567 gpu 1
Q round270-s17 3 (62, 53, 20, 63) 23.240674404207308 gpu 0
Q round270-s17 4 (65, 69, 20, 8) 26.154727374227708 gpu 1
Q round270-s17 5 (39, 45, 44, 41) 22.447541662777745 gpu 0
Q round270-s17 6 (63, 53, 68, 49) 27.09810330178057 gpu 1
Q round270-s17 7 (64, 5, 68, 40) 22.349546850155015 gpu 0
Q round270-s17 8 (62, 69, 4, 39) 22.741374555625114 gpu 1
Q round270-s17 9 (48, 29, 4, 24) 26.339660237447468 gpu 0
Q round270-s17 10 (38, 69, 4, 48) 23.34566195676303 gpu 1
Q round270-s17 11 (8, 21, 20, 16) 25.961499037526533 gpu 0
Q round270-s17 12 (64, 69, 28, 16) 25.021218121171724 gpu 1
Q round270-s17 13 (64, 53, 12, 48) 25.839371782812268 gpu 0
Q round270-s17 14 (44, 49, 37, 63) 52.21583278087341 gpu 1
Q round270-s17 15 (7, 52, 6, 4) 46.099077388619214 gpu 0
ROUND 270 n 4416 bestJ 17.544033723717053 best (24, 21, 52, 49) eligible 0 update 0 updates_total 20
Q round271-s17 0 (63, 5, 20, 0) 24.60293674882011 gpu cache
Q round271-s17 1 (62, 21, 20, 48) 22.09089542537109 gpu 1
Q round271-s17 2 (48, 5, 68, 25) 23.675534687268303 gpu 0
Q round271-s17 3 (64, 29, 68, 24) 24.31163061093441 gpu 1
Q round271-s17 4 (8, 5, 44, 30) 24.69516779649893 gpu 0
Q round271-s17 5 (39, 45, 52, 25) 22.486921258017578 gpu 1
Q round271-s17 6 (64, 53, 68, 64) 21.962019270400948 gpu 0
Q round271-s17 7 (8, 5, 20, 30) 21.758567963966666 gpu 1
Q round271-s17 8 (8, 5, 4, 54) 22.49451559255907 gpu 0
Q round271-s17 9 (64, 69, 68, 64) 22.112760478339567 gpu 1
Q round271-s17 10 (38, 29, 12, 25) 25.050801881810404 gpu 0
Q round271-s17 11 (8, 69, 28, 65) 25.188149445390373 gpu 1
Q round271-s17 12 (62, 69, 20, 48) 24.613832671982497 gpu 0
Q round271-s17 13 (62, 69, 44, 48) 25.11201354742074 gpu 1
Q round271-s17 14 (17, 1, 9, 55) 65.03599662328207 gpu 0
Q round271-s17 15 (6, 66, 9, 30) 66.11194881132108 gpu 1
ROUND 271 n 4432 bestJ 17.544033723717053 best (24, 21, 52, 49) eligible 0 update 0 updates_total 20
Q round272-s17 0 (62, 29, 44, 39) 22.179622821092178 gpu 0
Q round272-s17 1 (63, 29, 4, 0) 24.305362808905613 gpu 1
Q round272-s17 2 (62, 53, 44, 63) 24.30405930010267 gpu 0
Q round272-s17 3 (62, 45, 44, 64) 22.42284094362165 gpu 1
Q round272-s17 4 (64, 29, 4, 40) 23.130638496203016 gpu 0
Q round272-s17 5 (38, 53, 12, 25) 23.898881608228635 gpu 1
Q round272-s17 6 (62, 45, 4, 39) 22.248425898044697 gpu 0
Q round272-s17 7 (64, 29, 52, 63) 26.533548951784123 gpu 1
Q round272-s17 8 (8, 69, 12, 49) 25.10240138952716 gpu 0
Q round272-s17 9 (64, 13, 12, 16) 24.7137830758646 gpu 1
Q round272-s17 10 (62, 69, 20, 63) 23.396369214162338 gpu 0
Q round272-s17 11 (63, 45, 68, 25) 23.227787788586216 gpu 1
Q round272-s17 12 (8, 21, 20, 14) 22.53964832455534 gpu 0
Q round272-s17 13 (64, 21, 68, 41) 25.45352705965951 gpu 1
Q round272-s17 14 (18, 1, 15, 37) 43.51942219926912 gpu 0
Q round272-s17 15 (70, 18, 24, 39) 78.67207087848078 gpu 1
ROUND 272 n 4448 bestJ 17.544033723717053 best (24, 21, 52, 49) eligible 0 update 0 updates_total 20
Q round273-s17 0 (39, 13, 4, 16) 23.830265592238593 gpu 0
Q round273-s17 1 (48, 45, 12, 16) 26.944597865889303 gpu 1
Q round273-s17 2 (64, 5, 28, 40) 22.53331007519451 gpu 0
Q round273-s17 3 (38, 69, 12, 8) 21.107088647872477 gpu 1
Q round273-s17 4 (64, 29, 28, 0) 24.630149249217716 gpu 0
Q round273-s17 5 (63, 5, 4, 0) 22.637087615050117 gpu 1
Q round273-s17 6 (64, 13, 68, 8) 22.637216345676087 gpu 0
Q round273-s17 7 (49, 69, 20, 8) 22.021040291823635 gpu 1
Q round273-s17 8 (48, 5, 44, 14) 28.470411167936057 gpu 0
Q round273-s17 9 (62, 69, 44, 63) 24.93558836428484 gpu 1
Q round273-s17 10 (8, 21, 44, 14) 24.544838063144887 gpu 0
Q round273-s17 11 (48, 5, 28, 25) 23.197540313471553 gpu 1
Q round273-s17 12 (38, 45, 4, 63) 22.534152659638924 gpu 0
Q round273-s17 13 (64, 29, 68, 0) 25.227004186308122 gpu 1
Q round273-s17 14 (64, 43, 40, 8) 56.027576701645074 gpu 0
Q round273-s17 15 (57, 14, 10, 49) 101.1386894600059 gpu 1
ROUND 273 n 4464 bestJ 17.544033723717053 best (24, 21, 52, 49) eligible 0 update 0 updates_total 20
Q round274-s17 0 (63, 5, 44, 16) 22.2116303595799 gpu 0
Q round274-s17 1 (63, 45, 52, 16) 27.097027770734577 gpu 1
Q round274-s17 2 (64, 21, 12, 40) 24.484111659717627 gpu 0
Q round274-s17 3 (24, 53, 44, 16) 24.93653082832959 gpu 1
Q round274-s17 4 (48, 69, 28, 65) 26.67296559649175 gpu 0
Q round274-s17 5 (65, 69, 20, 24) 26.10911664800873 gpu 1
Q round274-s17 6 (64, 29, 68, 48) 26.378974012830138 gpu 0
Q round274-s17 7 (65, 13, 4, 8) 24.316017356349512 gpu 1
Q round274-s17 8 (48, 45, 20, 41) 22.43513461325534 gpu 0
Q round274-s17 9 (64, 21, 12, 70) 22.618579284700566 gpu 1
Q round274-s17 10 (64, 13, 4, 41) 21.270530719244505 gpu 0
Q round274-s17 11 (48, 13, 12, 65) 27.361879739549458 gpu 1
Q round274-s17 12 (62, 29, 12, 64) 24.364631618369074 gpu 0
Q round274-s17 13 (48, 45, 20, 25) 23.121664083392925 gpu 1
Q round274-s17 14 (49, 36, 28, 25) 37.19574592867295 gpu 0
Q round274-s17 15 (6, 60, 30, 48) 73.97896363479857 gpu 1
ROUND 274 n 4480 bestJ 17.544033723717053 best (24, 21, 52, 49) eligible 0 update 0 updates_total 20
Q round275-s17 0 (62, 29, 4, 39) 21.42744349655162 gpu 0
Q round275-s17 1 (8, 53, 68, 9) 25.256927146733204 gpu 1
Q round275-s17 2 (48, 5, 68, 0) 26.13067372194241 gpu 0
Q round275-s17 3 (62, 21, 44, 48) 22.33413252222026 gpu 1
Q round275-s17 4 (62, 21, 4, 63) 22.969830988563583 gpu 0
Q round275-s17 5 (24, 69, 20, 16) 24.174506052504334 gpu 1
Q round275-s17 6 (38, 13, 12, 8) 23.31238834357004 gpu 0
Q round275-s17 7 (24, 45, 28, 25) 23.686111844769915 gpu 1
Q round275-s17 8 (64, 29, 52, 16) 26.813052439582066 gpu 0
Q round275-s17 9 (64, 69, 52, 38) 24.720659075297622 gpu 1
Q round275-s17 10 (39, 5, 28, 40) 22.965875005971768 gpu 0
Q round275-s17 11 (8, 45, 4, 16) 24.13304319480492 gpu 1
Q round275-s17 12 (48, 45, 44, 25) 22.180441091158805 gpu 0
Q round275-s17 13 (48, 21, 4, 14) 25.33954946849185 gpu 1
Q round275-s17 14 (41, 44, 11, 55) 40.07183299614945 gpu 0
Q round275-s17 15 (1, 13, 13, 42) 90.2591072760605 gpu 1
ROUND 275 n 4496 bestJ 17.544033723717053 best (24, 21, 52, 49) eligible 0 update 0 updates_total 20
Q round276-s17 0 (8, 69, 4, 0) 23.963342535993903 gpu 0
Q round276-s17 1 (48, 53, 68, 9) 24.245383816631648 gpu 1
Q round276-s17 2 (8, 45, 44, 0) 23.387597790346167 gpu 0
Q round276-s17 3 (39, 29, 12, 24) 25.69334553402893 gpu 1
Q round276-s17 4 (64, 13, 28, 38) 25.615880077601574 gpu 0
Q round276-s17 5 (38, 13, 20, 48) 22.61645078254312 gpu 1
Q round276-s17 6 (48, 45, 4, 30) 28.770778432910927 gpu 0
Q round276-s17 7 (64, 45, 28, 41) 22.507559054953425 gpu 1
Q round276-s17 8 (63, 45, 4, 41) 22.29242221180487 gpu 0
Q round276-s17 9 (8, 13, 4, 16) 24.690010520550835 gpu 1
Q round276-s17 10 (62, 69, 12, 8) 23.347027071119374 gpu 0
Q round276-s17 11 (38, 21, 44, 64) 24.159480216072925 gpu 1
Q round276-s17 12 (38, 13, 44, 48) 24.40039232908884 gpu 0
Q round276-s17 13 (62, 45, 4, 64) 22.177677624591652 gpu 1
Q round276-s17 14 (39, 70, 33, 50) 286.4937451645141 gpu 0
Q round276-s17 15 (26, 10, 65, 12) 149.07875178046973 gpu 1
ROUND 276 n 4512 bestJ 17.544033723717053 best (24, 21, 52, 49) eligible 0 update 0 updates_total 20
Q round277-s17 0 (39, 69, 44, 16) 24.46093197441554 gpu 0
Q round277-s17 1 (62, 53, 44, 39) 23.962271249546266 gpu 1
Q round277-s17 2 (8, 45, 20, 16) 23.199854575078632 gpu 0
Q round277-s17 3 (39, 5, 20, 40) 23.70194285676629 gpu 1
Q round277-s17 4 (48, 45, 44, 41) 25.378198776473134 gpu 0
Q round277-s17 5 (38, 69, 12, 25) 24.436350194423262 gpu 1
Q round277-s17 6 (64, 53, 28, 24) 24.966164141076796 gpu 0
Q round277-s17 7 (64, 69, 28, 24) 24.51635997307236 gpu 1
Q round277-s17 8 (24, 5, 20, 16) 24.30686040071383 gpu 0
Q round277-s17 9 (38, 45, 4, 39) 23.078832192655145 gpu 1
Q round277-s17 10 (64, 45, 44, 40) 22.203897323547057 gpu 0
Q round277-s17 11 (64, 53, 4, 14) 26.303310131995076 gpu 1
Q round277-s17 12 (64, 13, 4, 17) 22.76050330700512 gpu 0
Q round277-s17 13 (38, 21, 20, 48) 23.513340294614377 gpu cache
Q round277-s17 14 (44, 13, 47, 8) 40.778484764035554 gpu 1
Q round277-s17 15 (6, 71, 41, 56) 149.50342952151792 gpu 0
TRIGGER_UPDATE 277 4528 ['stagnation', 'eligible_collapse'] {"new_labels_since_update": 256, "evals_since_best": 3636, "recent_n": 128, "recent_spearman": 0.32199345357993037, "recent_high_uncertainty_fraction": 0.0703125, "sigma_ref_p90": 0.046597822010517126, "eligible_pool": 0, "eligible_floor": 120}
ROUND 277 n 4528 bestJ 17.544033723717053 best (24, 21, 52, 49) eligible 0 update 1 updates_total 21
Q round278-s17 0 (62, 69, 4, 63) 23.578467579894536 gpu 1
Q round278-s17 1 (38, 13, 4, 39) 22.80183463983349 gpu 0
Q round278-s17 2 (38, 13, 4, 63) 24.17810609454665 gpu 1
Q round278-s17 3 (62, 13, 4, 39) 26.192648721669883 gpu 0
Q round278-s17 4 (62, 13, 4, 63) 26.170641434015323 gpu 1
Q round278-s17 5 (62, 69, 4, 48) 24.08251375909002 gpu 0
Q round278-s17 6 (38, 13, 20, 39) 23.360814530550094 gpu 1
Q round278-s17 7 (38, 13, 44, 39) 24.60109345561312 gpu 0
Q round278-s17 8 (38, 13, 4, 48) 24.128232666348328 gpu 1
Q round278-s17 9 (38, 13, 20, 63) 23.399699197957233 gpu 0
Q round278-s17 10 (38, 13, 44, 63) 25.182275129297928 gpu 1
Q round278-s17 11 (62, 13, 4, 48) 24.80632568729681 gpu 0
Q round278-s17 12 (65, 69, 20, 64) 23.81685941907567 gpu 1
Q round278-s17 13 (65, 53, 20, 64) 26.56347282071201 gpu 0
Q round278-s17 14 (58, 9, 1, 2) 80.94418226592929 gpu 1
Q round278-s17 15 (29, 38, 30, 30) 71.2984172941225 gpu 0
ROUND 278 n 4544 bestJ 17.544033723717053 best (24, 21, 52, 49) eligible 0 update 0 updates_total 21
Q round279-s17 0 (38, 53, 20, 48) 22.15157577377052 gpu 1
Q round279-s17 1 (62, 13, 4, 24) 23.901905483942492 gpu 0
Q round279-s17 2 (62, 13, 20, 39) 25.972690321637334 gpu 1
Q round279-s17 3 (65, 69, 4, 64) 23.73008833215091 gpu 0
Q round279-s17 4 (65, 13, 20, 64) 22.94100148301117 gpu cache
Q round279-s17 5 (65, 53, 4, 64) 25.061147876098254 gpu 1
Q round279-s17 6 (49, 69, 20, 64) 21.453363094289024 gpu 0
Q round279-s17 7 (64, 45, 68, 41) 19.909616213603172 gpu 1
Q round279-s17 8 (65, 13, 4, 64) 23.10854866547668 gpu 0
Q round279-s17 9 (49, 69, 4, 64) 20.545601302609107 gpu 1
Q round279-s17 10 (38, 21, 4, 63) 23.44139465276485 gpu 0
Q round279-s17 11 (62, 13, 20, 48) 24.607517450212107 gpu 1
Q round279-s17 12 (49, 53, 20, 64) 20.676154621803153 gpu 0
Q round279-s17 13 (62, 45, 4, 48) 21.924644023553878 gpu 1
Q round279-s17 14 (51, 51, 24, 43) 92.27541205945201 gpu 0
Q round279-s17 15 (66, 13, 34, 20) 133.29362309308328 gpu 1
ROUND 279 n 4560 bestJ 17.544033723717053 best (24, 21, 52, 49) eligible 0 update 0 updates_total 21
Q round280-s17 0 (38, 29, 44, 8) 23.029473054979977 gpu 0
Q round280-s17 1 (38, 53, 44, 24) 22.045628881143042 gpu 1
Q round280-s17 2 (48, 21, 44, 41) 21.380838926830886 gpu 0
Q round280-s17 3 (62, 13, 20, 63) 27.00265860451942 gpu 1
Q round280-s17 4 (65, 69, 20, 48) 24.797171584327078 gpu 0
Q round280-s17 5 (62, 21, 4, 39) 23.32185271676296 gpu 1
Q round280-s17 6 (65, 13, 44, 64) 22.02597046929323 gpu 0
Q round280-s17 7 (65, 29, 20, 64) 26.151609945821804 gpu 1
Q round280-s17 8 (70, 29, 4, 64) 35.9283619101397 gpu 0
Q round280-s17 9 (49, 69, 20, 48) 25.071416003113594 gpu 1
Q round280-s17 10 (49, 69, 20, 24) 23.003964484677404 gpu 0
Q round280-s17 11 (38, 45, 20, 48) 21.80048382695252 gpu 1
Q round280-s17 12 (49, 13, 4, 64) 25.534257720369236 gpu 0
Q round280-s17 13 (38, 21, 4, 39) 24.387019406413543 gpu 1
Q round280-s17 14 (43, 18, 50, 8) 104.90218214889086 gpu 0
Q round280-s17 15 (2, 47, 66, 19) 125.40241893964804 gpu 1
ROUND 280 n 4576 bestJ 17.544033723717053 best (24, 21, 52, 49) eligible 0 update 0 updates_total 21
Q round281-s17 0 (38, 53, 12, 8) 22.887392356672592 gpu 0
Q round281-s17 1 (70, 53, 4, 24) 38.67155793961047 gpu 1
Q round281-s17 2 (65, 13, 4, 24) 23.061597768846852 gpu 0
Q round281-s17 3 (49, 53, 4, 64) 20.36789658377639 gpu 1
Q round281-s17 4 (70, 53, 44, 24) 40.9294769763892 gpu 0
Q round281-s17 5 (64, 13, 20, 17) 22.23509983566069 gpu 1
Q round281-s17 6 (49, 13, 44, 64) 26.702713972173992 gpu 0
Q round281-s17 7 (70, 69, 20, 8) 47.211787828069305 gpu 1
Q round281-s17 8 (64, 13, 44, 17) 21.247716600004477 gpu 0
Q round281-s17 9 (63, 45, 20, 41) 22.01969008414685 gpu 1
Q round281-s17 10 (64, 21, 52, 41) 22.783297783773325 gpu 0
Q round281-s17 11 (38, 21, 44, 48) 23.437349735345766 gpu 1
Q round281-s17 12 (70, 29, 20, 64) 36.877273201737175 gpu 0
Q round281-s17 13 (38, 29, 28, 64) 24.12766351236214 gpu 1
Q round281-s17 14 (24, 66, 70, 10) 103.81344708069766 gpu 0
Q round281-s17 15 (52, 70, 40, 66) 74.9919809868271 gpu 1
ROUND 281 n 4592 bestJ 17.544033723717053 best (24, 21, 52, 49) eligible 0 update 0 updates_total 21
Q round282-s17 0 (38, 29, 20, 24) 23.771418773142607 gpu 0
Q round282-s17 1 (62, 13, 44, 39) 29.280383662523196 gpu 1
Q round282-s17 2 (65, 69, 44, 64) 24.01121123482646 gpu 0
Q round282-s17 3 (49, 69, 44, 64) 23.911005921309208 gpu 1
Q round282-s17 4 (70, 53, 4, 64) 42.416520937918975 gpu 0
Q round282-s17 5 (38, 29, 12, 39) 24.052208501807165 gpu 1
Q round282-s17 6 (49, 13, 4, 48) 25.82103457126809 gpu 0
Q round282-s17 7 (65, 69, 12, 64) 23.48524380100973 gpu 1
Q round282-s17 8 (64, 5, 52, 41) 22.443517202585188 gpu 0
Q round282-s17 9 (38, 45, 4, 48) 22.08433359236996 gpu 1
Q round282-s17 10 (24, 29, 4, 41) 21.152970260822023 gpu 0
Q round282-s17 11 (70, 69, 4, 64) 47.74364432764372 gpu 1
Q round282-s17 12 (38, 53, 4, 38) 24.751543944070416 gpu 0
Q round282-s17 13 (38, 13, 4, 16) 22.438525807732606 gpu 1
Q round282-s17 14 (5, 27, 36, 38) 83.98417601832547 gpu 0
Q round282-s17 15 (40, 34, 13, 43) 200.3089770683346 gpu 1
ROUND 282 n 4608 bestJ 17.544033723717053 best (24, 21, 52, 49) eligible 0 update 0 updates_total 21
Q round283-s17 0 (62, 13, 44, 63) 27.69920896664901 gpu 0
Q round283-s17 1 (65, 13, 20, 24) 23.38209068285736 gpu 1
Q round283-s17 2 (65, 13, 44, 24) 22.583561567631634 gpu 0
Q round283-s17 3 (49, 13, 20, 24) 25.201404626345788 gpu 1
Q round283-s17 4 (49, 13, 4, 24) 24.494068413636292 gpu 0
Q round283-s17 5 (70, 13, 4, 8) 50.66716195043535 gpu 1
Q round283-s17 6 (49, 13, 20, 64) 26.248932209547597 gpu 0
Q round283-s17 7 (49, 29, 20, 64) 21.805834598022983 gpu 1
Q round283-s17 8 (8, 29, 4, 17) 23.19443217262781 gpu 0
Q round283-s17 9 (70, 69, 20, 24) 48.79766490812719 gpu 1
Q round283-s17 10 (48, 5, 44, 40) 23.017255004659194 gpu 0
Q round283-s17 11 (38, 53, 44, 38) 23.502306759272297 gpu 1
Q round283-s17 12 (38, 29, 12, 63) 23.576462253681242 gpu 0
Q round283-s17 13 (48, 45, 4, 25) 23.481254926871756 gpu 1
Q round283-s17 14 (3, 67, 68, 31) 74.34586370285513 gpu 0
Q round283-s17 15 (52, 62, 59, 50) 159.69470330512084 gpu 1
ROUND 283 n 4624 bestJ 17.544033723717053 best (24, 21, 52, 49) eligible 0 update 0 updates_total 21
Q round284-s17 0 (62, 53, 4, 8) 21.663851014359043 gpu 0
Q round284-s17 1 (65, 69, 12, 8) 24.868800506364156 gpu 1
Q round284-s17 2 (65, 13, 20, 8) 24.16782948947824 gpu 0
Q round284-s17 3 (65, 29, 4, 64) 25.409898324579174 gpu 1
Q round284-s17 4 (49, 29, 4, 64) 21.06467349220874 gpu 0
Q round284-s17 5 (38, 53, 20, 38) 24.73651871212488 gpu 1
Q round284-s17 6 (48, 5, 12, 25) 23.218276808254814 gpu 0
Q round284-s17 7 (64, 13, 20, 41) 20.80699275492226 gpu 1
Q round284-s17 8 (38, 29, 44, 38) 23.05416022294472 gpu 0
Q round284-s17 9 (39, 29, 20, 41) 21.59978978244407 gpu 1
Q round284-s17 10 (65, 53, 4, 39) 24.312703887527917 gpu 0
Q round284-s17 11 (64, 29, 12, 17) 22.791953292175194 gpu 1
Q round284-s17 12 (39, 5, 20, 0) 24.446413560254577 gpu cache
Q round284-s17 13 (64, 13, 44, 41) 20.3737428745181 gpu 0
Q round284-s17 14 (67, 15, 60, 47) 45.0192746948726 gpu 1
Q round284-s17 15 (35, 44, 70, 36) 60.81924558888687 gpu 0
ROUND 284 n 4640 bestJ 17.544033723717053 best (24, 21, 52, 49) eligible 0 update 0 updates_total 21
Q round285-s17 0 (62, 29, 44, 24) 22.635948793603433 gpu 1
Q round285-s17 1 (63, 21, 20, 41) 23.767645877669153 gpu 0
Q round285-s17 2 (38, 45, 44, 48) 22.100954633626987 gpu 1
Q round285-s17 3 (65, 13, 4, 48) 22.093918033921586 gpu 0
Q round285-s17 4 (49, 53, 12, 24) 26.11359558583527 gpu 1
Q round285-s17 5 (62, 69, 4, 16) 22.773297412715003 gpu cache
Q round285-s17 6 (38, 29, 12, 48) 25.759345838229898 gpu 0
Q round285-s17 7 (38, 53, 12, 24) 25.28601346700094 gpu 1
Q round285-s17 8 (38, 53, 4, 62) 23.67092569674205 gpu 0
Q round285-s17 9 (62, 21, 4, 64) 24.547971546199012 gpu 1
Q round285-s17 10 (49, 13, 4, 8) 23.432352866456696 gpu 0
Q round285-s17 11 (48, 21, 4, 40) 23.058979527706192 gpu 1
Q round285-s17 12 (38, 53, 44, 62) 22.715946668665623 gpu 0
Q round285-s17 13 (48, 21, 20, 25) 24.432049633372806 gpu 1
Q round285-s17 14 (34, 19, 64, 63) 59.42437616025721 gpu 0
Q round285-s17 15 (27, 23, 46, 32) 69.72775521535067 gpu 1
ROUND 285 n 4656 bestJ 17.544033723717053 best (24, 21, 52, 49) eligible 0 update 0 updates_total 21
Q round286-s17 0 (65, 69, 44, 48) 24.067186041576452 gpu 0
Q round286-s17 1 (38, 29, 20, 16) 22.576233628079272 gpu cache
Q round286-s17 2 (48, 5, 20, 40) 22.333165683376617 gpu 1
Q round286-s17 3 (38, 29, 20, 38) 23.768327948420342 gpu 0
Q round286-s17 4 (48, 21, 44, 25) 24.030951317027487 gpu 1
Q round286-s17 5 (38, 69, 4, 38) 23.00197517700523 gpu 0
Q round286-s17 6 (38, 29, 4, 38) 23.88423205755489 gpu 1
Q round286-s17 7 (39, 45, 20, 40) 21.983025784244482 gpu 0
Q round286-s17 8 (38, 53, 20, 62) 23.985169407574272 gpu 1
Q round286-s17 9 (38, 29, 44, 62) 24.764590949585365 gpu 0
Q round286-s17 10 (62, 5, 20, 63) 22.699848582299023 gpu 1
Q round286-s17 11 (62, 29, 20, 38) 23.73059190368221 gpu 0
Q round286-s17 12 (8, 5, 4, 70) 20.754230541813648 gpu 1
Q round286-s17 13 (38, 29, 20, 62) 23.901629839285714 gpu 0
Q round286-s17 14 (16, 64, 38, 50) 176.3763024831341 gpu 1
Q round286-s17 15 (36, 15, 52, 57) 40.692055135371405 gpu 0
ROUND 286 n 4672 bestJ 17.544033723717053 best (24, 21, 52, 49) eligible 0 update 0 updates_total 21
Q round287-s17 0 (63, 45, 44, 41) 23.12539452391022 gpu 1
Q round287-s17 1 (70, 69, 44, 24) 49.2257870045393 gpu 0
Q round287-s17 2 (65, 69, 68, 24) 21.90457380918079 gpu 1
Q round287-s17 3 (70, 53, 20, 64) 43.15722124255343 gpu 0
Q round287-s17 4 (62, 29, 28, 64) 24.559491427856504 gpu 1
Q round287-s17 5 (38, 21, 4, 48) 24.82634357030227 gpu 0
Q round287-s17 6 (65, 69, 44, 63) 24.323938648835693 gpu 1
Q round287-s17 7 (39, 5, 20, 16) 24.391261310512977 gpu cache
Q round287-s17 8 (38, 45, 4, 64) 22.934868053296128 gpu 0
Q round287-s17 9 (64, 29, 12, 41) 19.24378377397125 gpu 1
Q round287-s17 10 (64, 45, 52, 41) 21.06753429434894 gpu 0
Q round287-s17 11 (9, 69, 20, 64) 27.532187240070396 gpu 1
Q round287-s17 12 (64, 69, 12, 17) 22.181976919344507 gpu 0
Q round287-s17 13 (38, 69, 44, 38) 24.403413471442974 gpu 1
Q round287-s17 14 (2, 60, 39, 51) 148.42280503721577 gpu 0
Q round287-s17 15 (57, 25, 2, 61) 117.02724041224002 gpu 1
ROUND 287 n 4688 bestJ 17.544033723717053 best (24, 21, 52, 49) eligible 0 update 0 updates_total 21
Q round288-s17 0 (38, 29, 12, 24) 24.274511171515154 gpu 0
Q round288-s17 1 (38, 29, 28, 8) 21.249944397100375 gpu 1
Q round288-s17 2 (8, 29, 4, 41) 22.650382397606595 gpu 0
Q round288-s17 3 (70, 29, 44, 8) 35.45892705439478 gpu 1
Q round288-s17 4 (39, 21, 12, 41) 22.79950316862166 gpu 0
Q round288-s17 5 (62, 53, 20, 38) 24.870273493641985 gpu 1
Q round288-s17 6 (9, 69, 44, 48) 26.617852231221157 gpu 0
Q round288-s17 7 (38, 53, 12, 64) 23.38059835905741 gpu 1
Q round288-s17 8 (24, 5, 12, 41) 22.1614912870333 gpu 0
Q round288-s17 9 (65, 69, 20, 63) 23.53849954469124 gpu 1
Q round288-s17 10 (65, 69, 44, 39) 23.93696171157086 gpu 0
Q round288-s17 11 (38, 21, 20, 64) 26.34424891767005 gpu 1
Q round288-s17 12 (63, 21, 4, 14) 25.173551592201633 gpu 0
Q round288-s17 13 (70, 13, 4, 24) 50.93378014503915 gpu 1
Q round288-s17 14 (65, 0, 18, 4) 114.15173415790966 gpu 0
Q round288-s17 15 (2, 48, 27, 48) 147.46042009048435 gpu 1
ROUND 288 n 4704 bestJ 17.544033723717053 best (24, 21, 52, 49) eligible 0 update 0 updates_total 21
Q round289-s17 0 (62, 29, 4, 24) 20.853401126322563 gpu 0
Q round289-s17 1 (39, 29, 4, 41) 21.150891802911385 gpu 1
Q round289-s17 2 (8, 29, 4, 0) 23.12685667350881 gpu 0
Q round289-s17 3 (62, 29, 12, 39) 26.216836901039773 gpu 1
Q round289-s17 4 (65, 69, 4, 63) 23.516177030429038 gpu 0
Q round289-s17 5 (65, 69, 4, 39) 25.07109905968276 gpu 1
Q round289-s17 6 (62, 53, 12, 25) 24.25102507595765 gpu 0
Q round289-s17 7 (39, 5, 12, 41) 23.250261859856256 gpu 1
Q round289-s17 8 (38, 29, 68, 24) 25.94886512502612 gpu 0
Q round289-s17 9 (38, 69, 20, 38) 24.064432574009196 gpu 1
Q round289-s17 10 (38, 29, 4, 62) 23.47361810685195 gpu 0
Q round289-s17 11 (65, 69, 20, 39) 25.213132673506863 gpu 1
Q round289-s17 12 (48, 5, 4, 49) 21.85804235427217 gpu 0
Q round289-s17 13 (62, 29, 20, 62) 24.934020314680353 gpu 1
Q round289-s17 14 (49, 65, 17, 42) 155.24513194256568 gpu 0
Q round289-s17 15 (30, 9, 63, 46) 103.4302000428268 gpu 1
ROUND 289 n 4720 bestJ 17.544033723717053 best (24, 21, 52, 49) eligible 0 update 0 updates_total 21
Q round290-s17 0 (38, 69, 4, 16) 21.100351889452348 gpu cache
Q round290-s17 1 (8, 45, 20, 0) 23.901814942792868 gpu 0
Q round290-s17 2 (38, 45, 20, 16) 22.75067141561838 gpu 1
Q round290-s17 3 (65, 29, 20, 24) 25.631060577820065 gpu 0
Q round290-s17 4 (39, 29, 44, 41) 22.08298061619728 gpu 1
Q round290-s17 5 (48, 45, 4, 17) 21.642541258415164 gpu 0
Q round290-s17 6 (38, 45, 20, 40) 23.108818649542464 gpu cache
Q round290-s17 7 (64, 53, 12, 17) 23.04376772334414 gpu 1
Q round290-s17 8 (38, 5, 44, 63) 23.72747777049793 gpu 0
Q round290-s17 9 (38, 69, 44, 25) 24.41926638620963 gpu 1
Q round290-s17 10 (62, 45, 20, 24) 22.17874441542259 gpu 0
Q round290-s17 11 (48, 21, 20, 17) 23.24630482194202 gpu 1
Q round290-s17 12 (49, 53, 4, 63) 25.231720229627445 gpu 0
Q round290-s17 13 (48, 45, 20, 17) 21.77944312217667 gpu 1
Q round290-s17 14 (69, 20, 9, 49) 55.45617255094432 gpu 0
Q round290-s17 15 (9, 34, 66, 70) 47.801433715891335 gpu 1
ROUND 290 n 4736 bestJ 17.544033723717053 best (24, 21, 52, 49) eligible 0 update 0 updates_total 21
Q round291-s17 0 (39, 45, 44, 40) 22.332281378256006 gpu 0
Q round291-s17 1 (62, 21, 20, 40) 23.355434121583023 gpu 1
Q round291-s17 2 (62, 29, 44, 62) 22.763522358760735 gpu 0
Q round291-s17 3 (49, 53, 12, 48) 27.980490694146695 gpu 1
Q round291-s17 4 (64, 69, 4, 40) 22.54740915595504 gpu 0
Q round291-s17 5 (38, 29, 52, 25) 23.649407130615714 gpu 1
Q round291-s17 6 (62, 69, 20, 25) 24.50495386674003 gpu 0
Q round291-s17 7 (38, 69, 44, 65) 24.92040818518179 gpu 1
Q round291-s17 8 (48, 53, 52, 9) 23.562654863129055 gpu 0
Q round291-s17 9 (65, 29, 44, 63) 24.147272892199535 gpu 1
Q round291-s17 10 (64, 45, 12, 40) 23.41187766561704 gpu 0
Q round291-s17 11 (38, 21, 28, 40) 21.392928499293294 gpu 1
Q round291-s17 12 (38, 5, 20, 63) 24.130244187738448 gpu 0
Q round291-s17 13 (38, 69, 4, 62) 23.915493880637865 gpu 1
Q round291-s17 14 (57, 25, 6, 30) 75.99846568905232 gpu 0
Q round291-s17 15 (53, 3, 51, 7) 118.03115532982434 gpu 1
ROUND 291 n 4752 bestJ 17.544033723717053 best (24, 21, 52, 49) eligible 0 update 0 updates_total 21
Q round292-s17 0 (62, 5, 44, 63) 23.00014047238892 gpu 0
Q round292-s17 1 (63, 5, 20, 40) 21.88798528875081 gpu cache
Q round292-s17 2 (38, 45, 4, 16) 23.152743439982167 gpu cache
Q round292-s17 3 (62, 29, 4, 38) 22.585917013182844 gpu 1
Q round292-s17 4 (38, 69, 12, 64) 22.72163581421469 gpu 0
Q round292-s17 5 (38, 29, 12, 65) 24.36297899789733 gpu 1
Q round292-s17 6 (48, 21, 4, 17) 23.739384781559355 gpu 0
Q round292-s17 7 (48, 21, 44, 17) 22.995531243577336 gpu 1
Q round292-s17 8 (62, 5, 20, 39) 24.1514551140436 gpu 0
Q round292-s17 9 (24, 5, 20, 0) 24.70621189072633 gpu 1
Q round292-s17 10 (38, 29, 28, 48) 27.798524846465437 gpu 0
Q round292-s17 11 (38, 53, 68, 25) 24.62131283221041 gpu 1
Q round292-s17 12 (64, 21, 12, 14) 25.052999609381025 gpu 0
Q round292-s17 13 (70, 69, 44, 64) 48.51874507231715 gpu 1
Q round292-s17 14 (27, 50, 62, 24) 59.81560409162594 gpu 0
Q round292-s17 15 (37, 12, 2, 40) 286.6178857186866 gpu 1
ROUND 292 n 4768 bestJ 17.544033723717053 best (24, 21, 52, 49) eligible 0 update 0 updates_total 21
Q round293-s17 0 (65, 29, 28, 64) 22.769870677004764 gpu 0
Q round293-s17 1 (65, 53, 20, 39) 24.73818859062735 gpu 1
Q round293-s17 2 (9, 69, 20, 48) 27.200373917876735 gpu 0
Q round293-s17 3 (63, 21, 4, 40) 23.17677671790449 gpu 1
Q round293-s17 4 (62, 69, 20, 16) 21.67793597254949 gpu cache
Q round293-s17 5 (38, 69, 20, 65) 25.159961791344895 gpu 0
Q round293-s17 6 (9, 29, 52, 24) 25.2685106885599 gpu 1
Q round293-s17 7 (38, 69, 4, 25) 25.38686011519445 gpu 0
Q round293-s17 8 (64, 29, 20, 14) 27.14268696350979 gpu 1
Q round293-s17 9 (70, 69, 20, 64) 47.77231640624661 gpu 0
Q round293-s17 10 (62, 69, 12, 24) 27.763763188501272 gpu 1
Q round293-s17 11 (62, 69, 20, 38) 25.74062144967623 gpu 0
Q round293-s17 12 (38, 69, 44, 62) 23.997702286255063 gpu 1
Q round293-s17 13 (62, 53, 12, 64) 24.261970897669297 gpu 0
Q round293-s17 14 (29, 43, 32, 43) 104.62597448465897 gpu 1
Q round293-s17 15 (0, 50, 67, 68) 287.160055976118 gpu 0
TRIGGER_UPDATE 293 4784 ['stagnation', 'eligible_collapse'] {"new_labels_since_update": 256, "evals_since_best": 3892, "recent_n": 128, "recent_spearman": 0.6071804614539461, "recent_high_uncertainty_fraction": 0.1015625, "sigma_ref_p90": 0.04480383135378362, "eligible_pool": 0, "eligible_floor": 120}
ROUND 293 n 4784 bestJ 17.544033723717053 best (24, 21, 52, 49) eligible 0 update 1 updates_total 22
Q round294-s17 0 (24, 21, 12, 41) 21.962384650677926 gpu 1
Q round294-s17 1 (24, 69, 4, 17) 21.445441534662784 gpu 0
Q round294-s17 2 (24, 29, 20, 41) 22.600664729053996 gpu 1
Q round294-s17 3 (24, 29, 44, 41) 24.468165841172823 gpu 0
Q round294-s17 4 (24, 45, 12, 41) 25.844225057659102 gpu 1
Q round294-s17 5 (62, 21, 12, 48) 22.69715326165911 gpu 0
Q round294-s17 6 (8, 29, 20, 41) 23.200375800033466 gpu 1
Q round294-s17 7 (39, 45, 12, 41) 22.89505773645399 gpu 0
Q round294-s17 8 (64, 45, 52, 17) 24.78920459835145 gpu 1
Q round294-s17 9 (8, 21, 12, 41) 22.971005202445212 gpu 0
Q round294-s17 10 (64, 69, 12, 41) 24.705112619815697 gpu 1
Q round294-s17 11 (63, 21, 12, 41) 23.52712669318026 gpu 0
Q round294-s17 12 (64, 69, 20, 1) 23.66929686142321 gpu 1
Q round294-s17 13 (64, 69, 44, 1) 22.0854866787277 gpu 0
Q round294-s17 14 (39, 41, 3, 42) 64.31494618285743 gpu 1
Q round294-s17 15 (18, 14, 44, 15) 46.414892236189935 gpu 0
ROUND 294 n 4800 bestJ 17.544033723717053 best (24, 21, 52, 49) eligible 0 update 0 updates_total 22
Q round295-s17 0 (24, 29, 4, 17) 21.381751304467972 gpu 1
Q round295-s17 1 (24, 5, 68, 41) 20.280685141550283 gpu 0
Q round295-s17 2 (8, 29, 44, 41) 25.932151444233345 gpu 1
Q round295-s17 3 (24, 69, 20, 17) 22.087709091545594 gpu 0
Q round295-s17 4 (24, 69, 44, 17) 20.702779998201667 gpu 1
Q round295-s17 5 (63, 29, 4, 41) 21.535548977946362 gpu 0
Q round295-s17 6 (64, 69, 28, 17) 19.519817548787245 gpu 1
Q round295-s17 7 (64, 29, 68, 17) 22.16488133926046 gpu 0
Q round295-s17 8 (8, 45, 12, 41) 26.42303398791247 gpu 1
Q round295-s17 9 (48, 21, 4, 25) 24.025111494125213 gpu 0
Q round295-s17 10 (63, 5, 12, 41) 22.77208648320179 gpu 1
Q round295-s17 11 (64, 13, 12, 17) 19.107357524708608 gpu 0
Q round295-s17 12 (64, 21, 52, 17) 23.55305069736348 gpu 1
Q round295-s17 13 (64, 29, 28, 41) 25.43218389055882 gpu 0
Q round295-s17 14 (65, 57, 41, 59) 50.968989286212604 gpu 1
Q round295-s17 15 (48, 65, 41, 43) 62.24005585076824 gpu 0
ROUND 295 n 4816 bestJ 17.544033723717053 best (24, 21, 52, 49) eligible 0 update 0 updates_total 22
Q round296-s17 0 (38, 53, 44, 48) 23.995227377619187 gpu 1
Q round296-s17 1 (64, 29, 28, 17) 22.954162545594166 gpu 0
Q round296-s17 2 (24, 69, 4, 41) 24.010859866504564 gpu 1
Q round296-s17 3 (64, 69, 4, 1) 23.057687109568185 gpu 0
Q round296-s17 4 (64, 69, 68, 17) 19.543019648556513 gpu 1
Q round296-s17 5 (64, 13, 20, 1) 22.9344268784207 gpu 0
Q round296-s17 6 (64, 13, 4, 1) 23.009524622800928 gpu 1
Q round296-s17 7 (24, 45, 68, 17) 22.04064417969802 gpu 0
Q round296-s17 8 (64, 53, 12, 41) 23.72132718814081 gpu 1
Q round296-s17 9 (64, 13, 44, 1) 22.24389233734099 gpu 0
Q round296-s17 10 (63, 29, 20, 41) 21.225262288993452 gpu 1
Q round296-s17 11 (64, 29, 20, 1) 23.832016495390903 gpu 0
Q round296-s17 12 (64, 29, 52, 17) 23.50133333051057 gpu 1
Q round296-s17 13 (64, 45, 68, 17) 23.85246830503227 gpu 0
Q round296-s17 14 (65, 47, 46, 37) 211.89566239238005 gpu 1
Q round296-s17 15 (37, 59, 2, 24) 146.43441639935088 gpu 0
ROUND 296 n 4832 bestJ 17.544033723717053 best (24, 21, 52, 49) eligible 0 update 0 updates_total 22
Q round297-s17 0 (63, 21, 44, 41) 22.705283079425108 gpu 1
Q round297-s17 1 (64, 53, 28, 17) 21.522202001842786 gpu 0
Q round297-s17 2 (38, 29, 4, 0) 21.367836093555546 gpu 1
Q round297-s17 3 (64, 53, 44, 1) 23.645718369092783 gpu 0
Q round297-s17 4 (64, 29, 44, 1) 22.962963857059695 gpu 1
Q round297-s17 5 (64, 53, 68, 17) 20.149717127573883 gpu 0
Q round297-s17 6 (48, 5, 44, 65) 23.995944024076582 gpu 1
Q round297-s17 7 (64, 69, 12, 1) 21.741469683861688 gpu 0
Q round297-s17 8 (48, 5, 20, 65) 25.797639385738997 gpu 1
Q round297-s17 9 (24, 21, 52, 17) 19.76240779837665 gpu 0
Q round297-s17 10 (64, 29, 12, 1) 22.73540797281295 gpu 1
Q round297-s17 11 (39, 29, 12, 17) 22.766154670574362 gpu 0
Q round297-s17 12 (64, 37, 4, 65) 34.31793371590278 gpu 1
Q round297-s17 13 (24, 5, 52, 17) 20.924981000159654 gpu 0
Q round297-s17 14 (6, 35, 26, 64) 71.11353717413571 gpu 1
Q round297-s17 15 (48, 47, 34, 28) 156.218272798576 gpu 0
ROUND 297 n 4848 bestJ 17.544033723717053 best (24, 21, 52, 49) eligible 0 update 0 updates_total 22
Q round298-s17 0 (39, 69, 44, 41) 22.670744794230355 gpu 1
Q round298-s17 1 (8, 69, 4, 17) 23.130528807017804 gpu 0
Q round298-s17 2 (63, 45, 12, 41) 22.01806923938249 gpu 1
Q round298-s17 3 (39, 21, 4, 0) 24.40953656921838 gpu 0
Q round298-s17 4 (39, 13, 4, 17) 22.048314322333816 gpu 1
Q round298-s17 5 (24, 45, 12, 17) 22.125084478786714 gpu 0
Q round298-s17 6 (24, 13, 4, 17) 24.11449286094821 gpu 1
Q round298-s17 7 (49, 69, 44, 48) 26.73253510941836 gpu 0
Q round298-s17 8 (64, 29, 4, 1) 23.71455874560703 gpu 1
Q round298-s17 9 (24, 69, 4, 1) 20.045074491765835 gpu 0
Q round298-s17 10 (64, 45, 28, 17) 23.904358611129073 gpu 1
Q round298-s17 11 (39, 13, 44, 17) 23.172998273884097 gpu 0
Q round298-s17 12 (64, 13, 28, 17) 25.659312194813513 gpu 1
Q round298-s17 13 (64, 29, 68, 41) 24.925881853596664 gpu 0
Q round298-s17 14 (45, 42, 38, 43) 95.6721634005074 gpu 1
Q round298-s17 15 (28, 16, 55, 0) 72.26763591446327 gpu 0
ROUND 298 n 4864 bestJ 17.544033723717053 best (24, 21, 52, 49) eligible 0 update 0 updates_total 22
Q round299-s17 0 (63, 29, 44, 41) 23.42633547783567 gpu 1
Q round299-s17 1 (38, 69, 20, 16) 21.260685125722645 gpu cache
Q round299-s17 2 (24, 53, 4, 1) 21.970620925527392 gpu 0
Q round299-s17 3 (65, 53, 44, 39) 24.433738754460418 gpu 1
Q round299-s17 4 (24, 5, 52, 41) 26.013590610032747 gpu 0
Q round299-s17 5 (64, 53, 12, 1) 22.812921580590174 gpu 1
Q round299-s17 6 (64, 29, 28, 1) 21.952139460455946 gpu 0
Q round299-s17 7 (64, 21, 68, 17) 24.90255629545011 gpu 1
Q round299-s17 8 (64, 37, 20, 65) 35.44413849540884 gpu 0
Q round299-s17 9 (64, 37, 44, 65) 36.419211331259795 gpu 1
Q round299-s17 10 (24, 21, 20, 14) 23.06205341874787 gpu 0
Q round299-s17 11 (39, 45, 12, 17) 22.432552002543733 gpu 1
Q round299-s17 12 (38, 13, 44, 16) 23.721566873356583 gpu cache
Q round299-s17 13 (24, 29, 12, 17) 25.032479034083604 gpu 0
Q round299-s17 14 (2, 37, 65, 4) 199.27848391893056 gpu 1
Q round299-s17 15 (3, 70, 35, 60) 474.7460596590188 gpu 0
ROUND 299 n 4880 bestJ 17.544033723717053 best (24, 21, 52, 49) eligible 0 update 0 updates_total 22
Q round300-s17 0 (39, 69, 20, 41) 22.331159148021847 gpu 1
Q round300-s17 1 (62, 21, 28, 8) 22.754399873434444 gpu 0
Q round300-s17 2 (63, 69, 4, 16) 24.15396093554958 gpu 1
Q round300-s17 3 (38, 69, 4, 0) 21.84642067630079 gpu 0
Q round300-s17 4 (65, 53, 4, 63) 24.805017532748312 gpu 1
Q round300-s17 5 (38, 5, 28, 40) 21.391764651326607 gpu 0
Q round300-s17 6 (65, 69, 28, 64) 22.38912955479924 gpu 1
Q round300-s17 7 (24, 21, 44, 14) 25.783999614567357 gpu 0
Q round300-s17 8 (64, 69, 52, 17) 24.88683336134634 gpu 1
Q round300-s17 9 (24, 69, 44, 41) 25.543857509074776 gpu 0
Q round300-s17 10 (64, 37, 4, 8) 36.29843492919004 gpu 1
Q round300-s17 11 (8, 45, 68, 41) 27.213003208112628 gpu 0
Q round300-s17 12 (48, 5, 12, 41) 24.917492875991023 gpu 1
Q round300-s17 13 (39, 21, 52, 25) 23.148248227918494 gpu 0
Q round300-s17 14 (60, 29, 21, 64) 479.08708324878046 gpu 1
Q round300-s17 15 (67, 64, 18, 11) 120.28023112234162 gpu 0
ROUND 300 n 4896 bestJ 17.544033723717053 best (24, 21, 52, 49) eligible 0 update 0 updates_total 22
Q round301-s17 0 (24, 45, 28, 17) 21.592373226510677 gpu 1
Q round301-s17 1 (24, 53, 44, 41) 24.97298465824659 gpu 0
Q round301-s17 2 (63, 45, 4, 40) 22.44219692227843 gpu 1
Q round301-s17 3 (39, 13, 20, 17) 22.773795953144248 gpu 0
Q round301-s17 4 (38, 21, 68, 16) 23.57149799920908 gpu 1
Q round301-s17 5 (63, 21, 12, 17) 23.475652151734156 gpu 0
Q round301-s17 6 (38, 69, 28, 8) 23.742608444408795 gpu 1
Q round301-s17 7 (8, 5, 4, 30) 22.016502286726652 gpu 0
Q round301-s17 8 (39, 21, 12, 17) 24.403720994658368 gpu 1
Q round301-s17 9 (48, 21, 12, 17) 23.20150754345724 gpu 0
Q round301-s17 10 (24, 45, 52, 17) 26.449557890526293 gpu 1
Q round301-s17 11 (62, 45, 4, 24) 22.503069878971395 gpu 0
Q round301-s17 12 (8, 21, 20, 54) 22.67643236425116 gpu 1
Q round301-s17 13 (65, 13, 12, 64) 21.78215373877909 gpu 0
Q round301-s17 14 (48, 1, 7, 35) 84.26499324414168 gpu 1
Q round301-s17 15 (66, 22, 37, 20) 232.5722785080994 gpu 0
ROUND 301 n 4912 bestJ 17.544033723717053 best (24, 21, 52, 49) eligible 0 update 0 updates_total 22
Q round302-s17 0 (62, 13, 44, 48) 26.517245791662997 gpu 1
Q round302-s17 1 (65, 29, 68, 64) 23.099781212651422 gpu 0
Q round302-s17 2 (24, 21, 12, 17) 24.316696530514005 gpu 1
Q round302-s17 3 (63, 45, 12, 17) 23.418770365506536 gpu 0
Q round302-s17 4 (38, 13, 20, 16) 21.36075799412051 gpu 1
Q round302-s17 5 (62, 5, 44, 39) 23.778929530744666 gpu 0
Q round302-s17 6 (38, 69, 12, 24) 24.48002871681945 gpu 1
Q round302-s17 7 (64, 29, 68, 1) 19.806408231645065 gpu 0
Q round302-s17 8 (48, 5, 44, 25) 23.991090744387204 gpu 1
Q round302-s17 9 (48, 5, 20, 25) 24.857281898116643 gpu 0
Q round302-s17 10 (64, 37, 4, 25) 34.15455156514015 gpu 1
Q round302-s17 11 (65, 29, 20, 39) 24.01655884326479 gpu 0
Q round302-s17 12 (62, 5, 20, 48) 23.478244817731223 gpu 1
Q round302-s17 13 (8, 21, 52, 17) 21.398320646140206 gpu 0
Q round302-s17 14 (13, 44, 3, 14) 112.17803077318858 gpu 1
Q round302-s17 15 (63, 35, 1, 25) 52.95512228915296 gpu 0
ROUND 302 n 4928 bestJ 17.544033723717053 best (24, 21, 52, 49) eligible 0 update 0 updates_total 22
Q round303-s17 0 (24, 21, 68, 41) 20.78462195454142 gpu 1
Q round303-s17 1 (65, 13, 20, 48) 22.313274491218312 gpu 0
Q round303-s17 2 (65, 69, 4, 48) 25.332426711419355 gpu 1
Q round303-s17 3 (63, 69, 20, 17) 22.523422548445204 gpu 0
Q round303-s17 4 (64, 53, 20, 1) 23.342850273713978 gpu 1
Q round303-s17 5 (64, 53, 4, 1) 23.370217431023843 gpu 0
Q round303-s17 6 (8, 29, 4, 1) 24.236525815354057 gpu 1
Q round303-s17 7 (8, 21, 44, 54) 26.335491150112308 gpu 0
Q round303-s17 8 (62, 21, 20, 24) 23.556902015516147 gpu 1
Q round303-s17 9 (38, 53, 4, 40) 24.095944408446034 gpu cache
Q round303-s17 10 (65, 69, 68, 64) 22.572535553278172 gpu 0
Q round303-s17 11 (38, 45, 44, 24) 22.512810146616996 gpu 1
Q round303-s17 12 (64, 13, 68, 17) 26.363885423314297 gpu 0
Q round303-s17 13 (64, 21, 12, 30) 26.98065303793358 gpu 1
Q round303-s17 14 (33, 65, 21, 28) 51.39131085577492 gpu 0
Q round303-s17 15 (23, 38, 24, 45) 204.6317821692646 gpu 1
ROUND 303 n 4944 bestJ 17.544033723717053 best (24, 21, 52, 49) eligible 0 update 0 updates_total 22
Q round304-s17 0 (64, 21, 28, 40) 22.138257321772393 gpu 0
Q round304-s17 1 (49, 29, 12, 64) 24.698079651171703 gpu 1
Q round304-s17 2 (62, 45, 4, 40) 20.91267723410794 gpu 0
Q round304-s17 3 (48, 5, 12, 17) 22.326514437381704 gpu 1
Q round304-s17 4 (63, 69, 4, 41) 23.632481128187255 gpu 0
Q round304-s17 5 (38, 21, 20, 16) 24.767663663503225 gpu cache
Q round304-s17 6 (62, 21, 4, 0) 24.556696715545648 gpu 1
Q round304-s17 7 (8, 5, 28, 41) 20.488805395925045 gpu 0
Q round304-s17 8 (64, 5, 52, 17) 24.20717550646605 gpu 1
Q round304-s17 9 (48, 5, 28, 17) 21.096993186835704 gpu 0
Q round304-s17 10 (39, 53, 12, 17) 22.580257648919385 gpu 1
Q round304-s17 11 (64, 29, 20, 40) 23.43460456395758 gpu 0
Q round304-s17 12 (39, 5, 28, 49) 22.025568792626014 gpu 1
Q round304-s17 13 (49, 53, 4, 39) 23.527108416037294 gpu 0
Q round304-s17 14 (61, 11, 21, 1) 4177.514013189095 gpu 1
Q round304-s17 15 (9, 39, 47, 39) 96.75508019218918 gpu 0
ROUND 304 n 4960 bestJ 17.544033723717053 best (24, 21, 52, 49) eligible 0 update 0 updates_total 22
Q round305-s17 0 (39, 13, 4, 0) 24.15911210978472 gpu 1
Q round305-s17 1 (8, 69, 4, 41) 24.90135053303498 gpu 0
Q round305-s17 2 (24, 69, 20, 41) 24.363110712515713 gpu 1
Q round305-s17 3 (38, 21, 4, 16) 24.97912021072417 gpu 0
Q round305-s17 4 (65, 29, 44, 39) 24.172521326635177 gpu 1
Q round305-s17 5 (38, 21, 4, 40) 24.91340484870437 gpu 0
Q round305-s17 6 (63, 45, 20, 40) 21.971125619034055 gpu 1
Q round305-s17 7 (39, 69, 12, 17) 21.884581075945228 gpu 0
Q round305-s17 8 (39, 5, 52, 17) 23.007429680341158 gpu 1
Q round305-s17 9 (62, 13, 20, 16) 23.433403404216474 gpu cache
Q round305-s17 10 (8, 29, 12, 17) 25.43573708373088 gpu 0
Q round305-s17 11 (63, 13, 4, 17) 23.478912006325174 gpu 1
Q round305-s17 12 (64, 21, 28, 17) 24.24307129271872 gpu 0
Q round305-s17 13 (64, 45, 68, 1) 24.945723989787773 gpu 1
Q round305-s17 14 (49, 47, 57, 42) 367.1624719215856 gpu 0
Q round305-s17 15 (39, 5, 68, 56) 25.667089736382973 gpu 1
ROUND 305 n 4976 bestJ 17.544033723717053 best (24, 21, 52, 49) eligible 0 update 0 updates_total 22
Q round306-s17 0 (8, 69, 44, 17) 22.659115162847293 gpu 0
Q round306-s17 1 (38, 29, 28, 24) 25.35256893944456 gpu 1
Q round306-s17 2 (38, 45, 52, 16) 24.690044715730448 gpu cache
Q round306-s17 3 (64, 45, 52, 1) 23.039320717988435 gpu 0
Q round306-s17 4 (64, 21, 52, 1) 24.492142628617238 gpu 1
Q round306-s17 5 (48, 5, 4, 65) 25.5853969153492 gpu 0
Q round306-s17 6 (64, 13, 12, 1) 21.05682594178694 gpu 1
Q round306-s17 7 (65, 29, 12, 63) 23.26169482119555 gpu 0
Q round306-s17 8 (64, 45, 52, 25) 23.227526990171917 gpu 1
Q round306-s17 9 (64, 37, 44, 25) 34.44664578176276 gpu 0
Q round306-s17 10 (48, 45, 12, 17) 26.02846703369863 gpu 1
Q round306-s17 11 (64, 37, 20, 25) 33.62352763109982 gpu 0
Q round306-s17 12 (63, 5, 12, 49) 22.627367466852935 gpu 1
Q round306-s17 13 (8, 5, 12, 41) 23.08297678504179 gpu 0
Q round306-s17 14 (39, 65, 71, 64) 93.96404590569104 gpu 1
Q round306-s17 15 (55, 58, 7, 15) 116.41885504667236 gpu 0
ROUND 306 n 4992 bestJ 17.544033723717053 best (24, 21, 52, 49) eligible 0 update 0 updates_total 22
Q round307-s17 0 (38, 29, 4, 16) 23.1897254094824 gpu cache
Q round307-s17 1 (8, 53, 4, 41) 24.375938456780244 gpu 1
Q round307-s17 2 (62, 45, 4, 16) 21.97237173209589 gpu 0
Q round307-s17 3 (65, 69, 12, 24) 24.147602803223194 gpu 1
Q round307-s17 4 (8, 53, 4, 0) 24.325975080430755 gpu 0
Q round307-s17 5 (64, 69, 28, 1) 21.53775605873219 gpu 1
Q round307-s17 6 (62, 29, 20, 40) 23.408947826473142 gpu 0
Q round307-s17 7 (24, 69, 44, 1) 24.017328202850877 gpu 1
Q round307-s17 8 (63, 45, 68, 17) 23.865211001715448 gpu 0
Q round307-s17 9 (38, 13, 4, 0) 23.742155521876672 gpu 1
Q round307-s17 10 (65, 29, 4, 63) 24.720203419765202 gpu 0
Q round307-s17 11 (64, 69, 28, 41) 25.942630600176653 gpu 1
Q round307-s17 12 (38, 21, 4, 64) 24.41896437551931 gpu 0
Q round307-s17 13 (63, 29, 12, 17) 22.429863455441136 gpu 1
Q round307-s17 14 (41, 58, 33, 64) 66.20940305428059 gpu 0
Q round307-s17 15 (58, 66, 45, 58) 230.63959163261268 gpu 1
ROUND 307 n 5008 bestJ 17.544033723717053 best (24, 21, 52, 49) eligible 0 update 0 updates_total 22
Q round308-s17 0 (39, 69, 4, 41) 22.036786198465244 gpu 0
Q round308-s17 1 (63, 29, 20, 17) 22.8845872072977 gpu 1
Q round308-s17 2 (63, 69, 44, 17) 22.23534604225808 gpu 0
Q round308-s17 3 (24, 29, 4, 1) 22.112634044489667 gpu 1
Q round308-s17 4 (64, 21, 68, 40) 23.02265538595452 gpu 0
Q round308-s17 5 (63, 13, 4, 16) 24.37079371062353 gpu 1
Q round308-s17 6 (39, 29, 44, 1) 22.48805414200453 gpu 0
Q round308-s17 7 (8, 45, 68, 17) 22.205654019577107 gpu 1
Q round308-s17 8 (64, 29, 28, 16) 23.842004309632525 gpu 0
Q round308-s17 9 (64, 69, 68, 1) 22.2346517617357 gpu 1
Q round308-s17 10 (63, 5, 12, 40) 23.230380204032436 gpu 0
Q round308-s17 11 (24, 21, 68, 25) 23.967370526361425 gpu 1
Q round308-s17 12 (64, 69, 68, 39) 24.130031029730965 gpu 0
Q round308-s17 13 (64, 13, 12, 63) 24.48547903111794 gpu 1
Q round308-s17 14 (64, 5, 41, 4) 46.5955803067023 gpu 0
Q round308-s17 15 (40, 20, 34, 38) 59.43285387457134 gpu 1
ROUND 308 n 5024 bestJ 17.544033723717053 best (24, 21, 52, 49) eligible 0 update 0 updates_total 22
Q round309-s17 0 (24, 29, 44, 17) 21.655034818479912 gpu 0
Q round309-s17 1 (8, 21, 28, 41) 18.853912174661208 gpu 1
Q round309-s17 2 (24, 53, 20, 41) 24.519073777457383 gpu 0
Q round309-s17 3 (24, 53, 20, 1) 22.04622163359463 gpu 1
Q round309-s17 4 (64, 53, 52, 17) 24.98507274404599 gpu 0
Q round309-s17 5 (64, 29, 44, 40) 23.455158590353264 gpu 1
Q round309-s17 6 (8, 53, 4, 1) 22.642588098269318 gpu 0
Q round309-s17 7 (64, 45, 28, 40) 23.152182318265144 gpu 1
Q round309-s17 8 (39, 13, 4, 41) 23.90104182493735 gpu 0
Q round309-s17 9 (24, 13, 44, 17) 25.54149755117037 gpu 1
Q round309-s17 10 (24, 13, 20, 17) 24.46791853581817 gpu 0
Q round309-s17 11 (38, 5, 44, 39) 23.691359242875052 gpu 1
Q round309-s17 12 (8, 69, 68, 65) 25.589589530280314 gpu 0
Q round309-s17 13 (38, 5, 44, 48) 24.00617101633931 gpu 1
Q round309-s17 14 (13, 13, 67, 63) 478.22981544796727 gpu 0
Q round309-s17 15 (3, 14, 43, 4) 127.11151784468646 gpu 1
TRIGGER_UPDATE 309 5040 ['stagnation', 'eligible_collapse'] {"new_labels_since_update": 256, "evals_since_best": 4148, "recent_n": 128, "recent_spearman": 0.5151357352133309, "recent_high_uncertainty_fraction": 0.09375, "sigma_ref_p90": 0.05869446396827697, "eligible_pool": 0, "eligible_floor": 120}
ROUND 309 n 5040 bestJ 17.544033723717053 best (24, 21, 52, 49) eligible 0 update 1 updates_total 23
Q round310-s17 0 (64, 69, 52, 1) 25.750292848869822 gpu 0
Q round310-s17 1 (64, 29, 52, 1) 25.398409908321344 gpu 1
Q round310-s17 2 (24, 5, 28, 41) 20.966598463725056 gpu 0
Q round310-s17 3 (24, 21, 28, 41) 19.63167698485645 gpu 1
Q round310-s17 4 (24, 21, 52, 1) 19.8025895845805 gpu 0
Q round310-s17 5 (64, 13, 68, 1) 25.528862830022216 gpu 1
Q round310-s17 6 (8, 21, 68, 41) 19.92539569522693 gpu 0
Q round310-s17 7 (24, 21, 28, 17) 23.953286630144966 gpu 1
Q round310-s17 8 (39, 5, 28, 41) 22.344708616948505 gpu 0
Q round310-s17 9 (39, 21, 28, 41) 23.16864543804298 gpu 1
Q round310-s17 10 (39, 29, 12, 1) 24.060896942045254 gpu 0
Q round310-s17 11 (63, 13, 4, 1) 25.101449872927887 gpu 1
Q round310-s17 12 (39, 21, 68, 41) 22.8105951121234 gpu 0
Q round310-s17 13 (24, 5, 52, 1) 20.064452768351813 gpu 1
Q round310-s17 14 (30, 63, 13, 12) 119.54105041224966 gpu 0
Q round310-s17 15 (16, 20, 28, 67) 168.3389670071974 gpu 1
ROUND 310 n 5056 bestJ 17.544033723717053 best (24, 21, 52, 49) eligible 0 update 0 updates_total 23
Q round311-s17 0 (64, 13, 28, 1) 26.56603806555827 gpu 0
Q round311-s17 1 (64, 53, 52, 1) 25.924959416646104 gpu 1
Q round311-s17 2 (24, 45, 68, 1) 24.70231355049821 gpu 0
Q round311-s17 3 (8, 5, 68, 41) 20.693866707562403 gpu 1
Q round311-s17 4 (63, 13, 44, 17) 24.986185564470755 gpu 0
Q round311-s17 5 (39, 29, 20, 17) 22.414418156239694 gpu 1
Q round311-s17 6 (48, 21, 28, 17) 20.227741828623355 gpu 0
Q round311-s17 7 (24, 21, 68, 1) 22.15134442752811 gpu 1
Q round311-s17 8 (24, 53, 4, 41) 24.10982913534072 gpu 0
Q round311-s17 9 (38, 53, 20, 24) 22.99233859983161 gpu 1
Q round311-s17 10 (8, 29, 12, 1) 26.773839708272416 gpu 0
Q round311-s17 11 (24, 21, 28, 1) 24.85484688101724 gpu 1
Q round311-s17 12 (63, 69, 12, 17) 26.755637345255767 gpu 0
Q round311-s17 13 (63, 5, 28, 41) 23.01540681333737 gpu 1
Q round311-s17 14 (64, 18, 29, 51) 305.63933074937694 gpu 0
Q round311-s17 15 (37, 12, 46, 53) 49.09202885419394 gpu 1
ROUND 311 n 5072 bestJ 17.544033723717053 best (24, 21, 52, 49) eligible 0 update 0 updates_total 23
Q round312-s17 0 (64, 53, 28, 1) 21.508003490453792 gpu 0
Q round312-s17 1 (39, 13, 4, 1) 22.944076729078684 gpu 1
Q round312-s17 2 (63, 13, 20, 17) 22.426720393340478 gpu 0
Q round312-s17 3 (24, 29, 12, 1) 26.18898128813283 gpu 1
Q round312-s17 4 (63, 29, 12, 1) 25.88927893334994 gpu 0
Q round312-s17 5 (24, 45, 28, 41) 27.714125390261866 gpu 1
Q round312-s17 6 (39, 45, 4, 16) 22.321576528225396 gpu 0
Q round312-s17 7 (24, 13, 20, 1) 25.722945687284835 gpu 1
Q round312-s17 8 (63, 21, 28, 41) 22.11938011312993 gpu 0
Q round312-s17 9 (8, 45, 28, 41) 27.160467985882086 gpu 1
Q round312-s17 10 (63, 53, 12, 17) 26.093848497745235 gpu 0
Q round312-s17 11 (8, 21, 52, 1) 19.235398573372393 gpu 1
Q round312-s17 12 (8, 45, 28, 17) 22.97008906680431 gpu 0
Q round312-s17 13 (8, 5, 52, 41) 26.39946918348285 gpu 1
Q round312-s17 14 (60, 29, 0, 43) 297.79799447125333 gpu 0
Q round312-s17 15 (8, 11, 26, 63) 220.93230691455412 gpu 1
ROUND 312 n 5088 bestJ 17.544033723717053 best (24, 21, 52, 49) eligible 0 update 0 updates_total 23
Q round313-s17 0 (39, 69, 4, 1) 21.550534578454222 gpu 0
Q round313-s17 1 (8, 29, 44, 1) 21.141816536135817 gpu 1
Q round313-s17 2 (8, 29, 20, 1) 23.881160446238898 gpu 0
Q round313-s17 3 (8, 69, 44, 1) 25.643414367195447 gpu 1
Q round313-s17 4 (63, 21, 52, 17) 22.026673628878505 gpu 0
Q round313-s17 5 (62, 21, 52, 24) 22.524928384627838 gpu 1
Q round313-s17 6 (39, 45, 28, 41) 22.072677768083206 gpu 0
Q round313-s17 7 (39, 21, 52, 1) 23.774001988832364 gpu 1
Q round313-s17 8 (39, 45, 52, 1) 21.440530305893144 gpu 0
Q round313-s17 9 (63, 21, 28, 17) 24.636366766752463 gpu 1
Q round313-s17 10 (24, 45, 12, 1) 20.588117435950707 gpu 0
Q round313-s17 11 (63, 21, 52, 1) 22.686628254685928 gpu 1
Q round313-s17 12 (24, 45, 68, 41) 27.711184818681303 gpu 0
Q round313-s17 13 (64, 13, 52, 1) 26.683791149992935 gpu 1
Q round313-s17 14 (51, 16, 47, 61) 51.8430626092035 gpu 0
Q round313-s17 15 (50, 52, 46, 66) 469.589030266931 gpu 1
ROUND 313 n 5104 bestJ 17.544033723717053 best (24, 21, 52, 49) eligible 0 update 0 updates_total 23
Q round314-s17 0 (24, 29, 20, 17) 22.305200709764698 gpu 0
Q round314-s17 1 (24, 29, 20, 1) 21.957887354706422 gpu 1
Q round314-s17 2 (63, 53, 4, 1) 21.5599725310635 gpu 0
Q round314-s17 3 (8, 69, 4, 1) 21.777603096601894 gpu 1
Q round314-s17 4 (24, 45, 52, 1) 27.33945578370497 gpu 0
Q round314-s17 5 (8, 45, 52, 17) 27.30401013526453 gpu 1
Q round314-s17 6 (8, 69, 20, 1) 22.766701856067364 gpu 0
Q round314-s17 7 (63, 13, 44, 1) 26.5105065735558 gpu 1
Q round314-s17 8 (63, 21, 68, 1) 25.14125940355387 gpu 0
Q round314-s17 9 (8, 45, 52, 1) 29.00409180640572 gpu 1
Q round314-s17 10 (48, 21, 28, 1) 22.608472647083016 gpu 0
Q round314-s17 11 (39, 21, 68, 1) 24.65455118456503 gpu 1
Q round314-s17 12 (8, 21, 68, 17) 25.98589028352153 gpu 0
Q round314-s17 13 (8, 5, 52, 17) 22.96564682794028 gpu 1
Q round314-s17 14 (68, 63, 50, 18) 370.9152667327801 gpu 0
Q round314-s17 15 (45, 33, 66, 52) 195.94686264239104 gpu 1
ROUND 314 n 5120 bestJ 17.544033723717053 best (24, 21, 52, 49) eligible 0 update 0 updates_total 23
Q round315-s17 0 (48, 45, 44, 17) 23.571931838739253 gpu 0
Q round315-s17 1 (39, 21, 52, 17) 22.527380783032807 gpu 1
Q round315-s17 2 (48, 5, 52, 17) 25.347648660296393 gpu 0
Q round315-s17 3 (63, 21, 28, 1) 24.08790985759782 gpu 1
Q round315-s17 4 (63, 5, 52, 1) 23.133311515720727 gpu 0
Q round315-s17 5 (39, 21, 28, 1) 22.71145491507299 gpu 1
Q round315-s17 6 (39, 21, 52, 41) 22.356812684115535 gpu 0
Q round315-s17 7 (24, 21, 12, 1) 24.549932432773474 gpu 1
Q round315-s17 8 (62, 21, 4, 40) 24.013106509444086 gpu 0
Q round315-s17 9 (24, 53, 12, 17) 26.138549852418215 gpu 1
Q round315-s17 10 (8, 21, 28, 17) 25.537042551789057 gpu 0
Q round315-s17 11 (48, 5, 68, 1) 26.589143209065 gpu 1
Q round315-s17 12 (39, 13, 12, 1) 28.21715171936891 gpu 0
Q round315-s17 13 (8, 21, 52, 41) 25.532755090856117 gpu 1
Q round315-s17 14 (10, 37, 0, 68) 604.9579455991109 gpu 0
Q round315-s17 15 (1, 3, 18, 28) 99.45934539303843 gpu 1
ROUND 315 n 5136 bestJ 17.544033723717053 best (24, 21, 52, 49) eligible 0 update 0 updates_total 23
Q round316-s17 0 (24, 69, 20, 1) 21.566336781714472 gpu 0
Q round316-s17 1 (63, 29, 44, 1) 22.320744297549027 gpu 1
Q round316-s17 2 (48, 5, 68, 17) 19.903900191200073 gpu 0
Q round316-s17 3 (48, 21, 12, 1) 22.722591241648136 gpu 1
Q round316-s17 4 (63, 21, 68, 41) 23.580480275576758 gpu 0
Q round316-s17 5 (8, 45, 68, 1) 25.575798879374332 gpu 1
Q round316-s17 6 (8, 53, 12, 17) 26.27037427569317 gpu 0
Q round316-s17 7 (63, 21, 12, 1) 23.798785368566516 gpu 1
Q round316-s17 8 (48, 29, 4, 1) 24.287472426658102 gpu 0
Q round316-s17 9 (48, 21, 20, 1) 25.271397906708458 gpu 1
Q round316-s17 10 (48, 5, 52, 1) 27.801678673590462 gpu 0
Q round316-s17 11 (64, 13, 52, 17) 26.71106909753641 gpu 1
Q round316-s17 12 (8, 29, 28, 1) 27.19575596349476 gpu 0
Q round316-s17 13 (8, 45, 28, 1) 26.48639349654067 gpu 1
Q round316-s17 14 (9, 10, 50, 9) 170.62709909995732 gpu 0
Q round316-s17 15 (24, 18, 60, 22) 28.299067250530655 gpu 1
ROUND 316 n 5152 bestJ 17.544033723717053 best (24, 21, 52, 49) eligible 0 update 0 updates_total 23
Q round317-s17 0 (24, 29, 44, 1) 20.630621026308297 gpu 0
Q round317-s17 1 (63, 29, 4, 17) 21.60949894309125 gpu 1
Q round317-s17 2 (39, 29, 20, 1) 22.6425496471491 gpu 0
Q round317-s17 3 (39, 53, 12, 1) 22.492776464044347 gpu 1
Q round317-s17 4 (63, 5, 52, 17) 22.23718258374258 gpu 0
Q round317-s17 5 (63, 45, 52, 1) 26.266031205684065 gpu 1
Q round317-s17 6 (48, 45, 20, 1) 22.474509898348018 gpu 0
Q round317-s17 7 (39, 21, 28, 17) 24.02065613118961 gpu 1
Q round317-s17 8 (38, 29, 4, 40) 23.95543667563344 gpu 0
Q round317-s17 9 (39, 5, 52, 1) 22.817298060598887 gpu 1
Q round317-s17 10 (49, 69, 4, 48) 24.17007350879271 gpu 0
Q round317-s17 11 (8, 29, 28, 17) 28.11312309590277 gpu 1
Q round317-s17 12 (8, 53, 12, 1) 27.018849432101327 gpu 0
Q round317-s17 13 (8, 29, 68, 17) 27.490774276536058 gpu 1
Q round317-s17 14 (54, 61, 26, 45) 213.2324945407469 gpu 0
Q round317-s17 15 (42, 4, 27, 44) 107.14551004595097 gpu 1
ROUND 317 n 5168 bestJ 17.544033723717053 best (24, 21, 52, 49) eligible 0 update 0 updates_total 23
Q round318-s17 0 (39, 69, 44, 1) 22.820053575506464 gpu 0
Q round318-s17 1 (48, 29, 4, 17) 22.578161756961975 gpu 1
Q round318-s17 2 (39, 29, 52, 1) 27.036623012745736 gpu 0
Q round318-s17 3 (48, 21, 44, 1) 22.387122237218506 gpu 1
Q round318-s17 4 (24, 5, 36, 25) 21.341345686547577 gpu 0
Q round318-s17 5 (8, 13, 4, 17) 24.86078867102555 gpu 1
Q round318-s17 6 (8, 29, 68, 1) 27.407178543737817 gpu 0
Q round318-s17 7 (39, 13, 12, 17) 27.278380704301206 gpu 1
Q round318-s17 8 (63, 45, 28, 41) 25.86353424069863 gpu 0
Q round318-s17 9 (8, 21, 68, 1) 22.119466734472 gpu 1
Q round318-s17 10 (24, 69, 12, 17) 25.930599785158623 gpu 0
Q round318-s17 11 (8, 13, 4, 1) 26.070357742635704 gpu 1
Q round318-s17 12 (39, 45, 68, 25) 23.570989544638373 gpu 0
Q round318-s17 13 (24, 21, 36, 25) 19.401131034096903 gpu 1
Q round318-s17 14 (13, 19, 27, 54) 112.2938731502733 gpu 0
Q round318-s17 15 (14, 38, 70, 60) 88.70866107491017 gpu 1
ROUND 318 n 5184 bestJ 17.544033723717053 best (24, 21, 52, 49) eligible 0 update 0 updates_total 23
Q round319-s17 0 (63, 29, 44, 17) 22.326609732365984 gpu 0
Q round319-s17 1 (24, 13, 4, 1) 25.637209664230166 gpu 1
Q round319-s17 2 (24, 13, 44, 1) 26.854552636777065 gpu 0
Q round319-s17 3 (39, 69, 28, 17) 26.362273365166498 gpu 1
Q round319-s17 4 (63, 5, 68, 17) 23.862041322026638 gpu 0
Q round319-s17 5 (48, 45, 44, 1) 21.71498823366533 gpu 1
Q round319-s17 6 (24, 53, 12, 1) 26.60724696922912 gpu 0
Q round319-s17 7 (48, 45, 68, 17) 27.880516621652383 gpu 1
Q round319-s17 8 (38, 45, 4, 40) 23.43519064493053 gpu 0
Q round319-s17 9 (24, 69, 12, 1) 26.407787801156317 gpu 1
Q round319-s17 10 (63, 45, 28, 25) 22.350896182308983 gpu 0
Q round319-s17 11 (24, 5, 28, 17) 23.96403964764256 gpu 1
Q round319-s17 12 (64, 29, 44, 25) 23.844176025284774 gpu 0
Q round319-s17 13 (64, 21, 36, 25) 24.70634107841156 gpu 1
Q round319-s17 14 (0, 36, 32, 6) 75.37157081660185 gpu 0
Q round319-s17 15 (49, 55, 61, 34) 244.83187041571415 gpu 1
ROUND 319 n 5200 bestJ 17.544033723717053 best (24, 21, 52, 49) eligible 0 update 0 updates_total 23
Q round320-s17 0 (63, 45, 28, 17) 22.69019559665983 gpu 0
Q round320-s17 1 (8, 53, 44, 41) 26.228342752984933 gpu 1
Q round320-s17 2 (48, 21, 68, 1) 24.149757450322284 gpu 0
Q round320-s17 3 (49, 53, 4, 48) 25.080744481390802 gpu 1
Q round320-s17 4 (48, 45, 4, 1) 22.64718067902559 gpu 0
Q round320-s17 5 (24, 21, 52, 41) 26.95809574149245 gpu 1
Q round320-s17 6 (39, 69, 44, 0) 23.94522590066253 gpu 0
Q round320-s17 7 (38, 45, 20, 24) 23.081328870801972 gpu 1
Q round320-s17 8 (8, 69, 12, 1) 26.66592293874362 gpu 0
Q round320-s17 9 (64, 29, 20, 25) 23.493096974785256 gpu 1
Q round320-s17 10 (8, 21, 28, 1) 26.003495638228067 gpu 0
Q round320-s17 11 (64, 5, 36, 25) 23.267229670599736 gpu 1
Q round320-s17 12 (64, 21, 36, 65) 23.622410316994948 gpu 0
Q round320-s17 13 (64, 5, 36, 65) 23.00470035047154 gpu 1
Q round320-s17 14 (18, 69, 48, 38) 64.17678796215047 gpu 0
Q round320-s17 15 (31, 4, 8, 40) 68.615578486824 gpu 1
ROUND 320 n 5216 bestJ 17.544033723717053 best (24, 21, 52, 49) eligible 0 update 0 updates_total 23
Q round321-s17 0 (39, 53, 20, 41) 22.335799829816924 gpu 0
Q round321-s17 1 (63, 45, 68, 1) 21.766911251131756 gpu 1
Q round321-s17 2 (39, 45, 4, 40) 21.930077898362278 gpu 0
Q round321-s17 3 (8, 53, 20, 41) 26.296922473599984 gpu 1
Q round321-s17 4 (63, 69, 20, 41) 23.09161172025584 gpu 0
Q round321-s17 5 (38, 69, 20, 0) 22.063812409358345 gpu cache
Q round321-s17 6 (63, 21, 68, 25) 24.24101566416386 gpu 1
Q round321-s17 7 (39, 21, 12, 1) 24.930336702996982 gpu 0
Q round321-s17 8 (65, 13, 68, 64) 21.171754991052858 gpu 1
Q round321-s17 9 (24, 5, 60, 25) 20.2344668912728 gpu 0
Q round321-s17 10 (8, 5, 52, 1) 20.992169915992516 gpu 1
Q round321-s17 11 (8, 69, 12, 17) 27.134019020829975 gpu 0
Q round321-s17 12 (64, 21, 60, 25) 24.171764424057322 gpu 1
Q round321-s17 13 (63, 69, 68, 17) 28.79613751241681 gpu 0
Q round321-s17 14 (69, 1, 39, 38) 68.30899849126573 gpu 1
Q round321-s17 15 (68, 25, 30, 55) 69.06236155319952 gpu 0
ROUND 321 n 5232 bestJ 17.544033723717053 best (24, 21, 52, 49) eligible 0 update 0 updates_total 23
Q round322-s17 0 (8, 53, 20, 1) 22.89102099172165 gpu 1
Q round322-s17 1 (38, 69, 44, 16) 21.889035756911127 gpu 0
Q round322-s17 2 (24, 29, 68, 1) 26.958658715276712 gpu 1
Q round322-s17 3 (38, 69, 44, 0) 22.78399186856798 gpu 0
Q round322-s17 4 (65, 69, 12, 48) 22.30624482257782 gpu 1
Q round322-s17 5 (8, 45, 12, 17) 22.504313480347726 gpu 0
Q round322-s17 6 (63, 45, 44, 40) 25.61410712235901 gpu 1
Q round322-s17 7 (38, 29, 68, 64) 24.682107190161766 gpu 0
Q round322-s17 8 (64, 21, 36, 1) 21.037434552061754 gpu 1
Q round322-s17 9 (64, 21, 36, 17) 20.661145763766125 gpu 0
Q round322-s17 10 (38, 13, 28, 8) 24.988028953472067 gpu 1
Q round322-s17 11 (39, 29, 12, 41) 25.81347979436375 gpu 0
Q round322-s17 12 (48, 21, 4, 1) 23.193411116872582 gpu 1
Q round322-s17 13 (38, 45, 4, 24) 23.5913995405344 gpu 0
Q round322-s17 14 (48, 66, 34, 0) 58.090887304350304 gpu 1
Q round322-s17 15 (28, 61, 37, 53) 164.89050133261443 gpu 0
ROUND 322 n 5248 bestJ 17.544033723717053 best (24, 21, 52, 49) eligible 0 update 0 updates_total 23
Q round323-s17 0 (63, 69, 4, 17) 22.460347869235907 gpu 1
Q round323-s17 1 (63, 5, 44, 40) 23.004217686274863 gpu cache
Q round323-s17 2 (48, 5, 28, 1) 24.426634388548752 gpu 0
Q round323-s17 3 (65, 29, 52, 64) 22.074192766126924 gpu 1
Q round323-s17 4 (64, 53, 4, 40) 22.787003220867515 gpu 0
Q round323-s17 5 (65, 13, 28, 64) 21.880005784762105 gpu 1
Q round323-s17 6 (64, 45, 36, 25) 20.094981278503678 gpu 0
Q round323-s17 7 (64, 5, 60, 25) 23.890824456315954 gpu 1
Q round323-s17 8 (63, 29, 52, 1) 28.81792044561913 gpu 0
Q round323-s17 9 (62, 5, 4, 48) 22.72292176716482 gpu 1
Q round323-s17 10 (64, 53, 28, 41) 25.851534081436206 gpu 0
Q round323-s17 11 (64, 45, 36, 65) 19.17504503083664 gpu 1
Q round323-s17 12 (63, 13, 12, 1) 29.86139477333367 gpu 0
Q round323-s17 13 (48, 21, 52, 17) 24.90812787913934 gpu 1
Q round323-s17 14 (20, 43, 48, 56) 57.033867240423426 gpu 0
Q round323-s17 15 (12, 20, 17, 42) 225.03058946136522 gpu 1
ROUND 323 n 5264 bestJ 17.544033723717053 best (24, 21, 52, 49) eligible 0 update 0 updates_total 23
Q round324-s17 0 (39, 13, 44, 1) 23.434872474180665 gpu 0
Q round324-s17 1 (63, 13, 20, 1) 24.032448107252304 gpu 1
Q round324-s17 2 (48, 45, 28, 1) 29.323039450026144 gpu 0
Q round324-s17 3 (62, 5, 44, 48) 23.40093593234397 gpu 1
Q round324-s17 4 (65, 53, 12, 63) 23.299301340118408 gpu 0
Q round324-s17 5 (38, 53, 44, 0) 22.753249883006834 gpu 1
Q round324-s17 6 (48, 5, 12, 1) 24.23438606505313 gpu 0
Q round324-s17 7 (65, 69, 12, 39) 22.875617886406417 gpu 1
Q round324-s17 8 (65, 69, 12, 63) 21.76773856265769 gpu 0
Q round324-s17 9 (24, 21, 60, 25) 19.23516210837112 gpu 1
Q round324-s17 10 (24, 5, 36, 65) 24.05250436484644 gpu 0
Q round324-s17 11 (63, 21, 28, 25) 24.328573577977224 gpu 1
Q round324-s17 12 (48, 21, 52, 1) 28.017908037441234 gpu 0
Q round324-s17 13 (64, 21, 52, 25) 24.12071582577965 gpu 1
Q round324-s17 14 (45, 41, 9, 21) 42.40717423485901 gpu 0
Q round324-s17 15 (16, 55, 28, 0) 97.58168504001665 gpu 1
ROUND 324 n 5280 bestJ 17.544033723717053 best (24, 21, 52, 49) eligible 0 update 0 updates_total 23
Q round325-s17 0 (48, 45, 28, 17) 27.20397387275852 gpu 0
Q round325-s17 1 (63, 69, 12, 1) 28.6002272502391 gpu 1
Q round325-s17 2 (24, 5, 68, 17) 24.607480151548693 gpu 0
Q round325-s17 3 (24, 29, 68, 17) 26.267969319715696 gpu 1
Q round325-s17 4 (49, 53, 20, 24) 23.93203528374617 gpu 0
Q round325-s17 5 (65, 29, 12, 39) 24.26580773055742 gpu 1
Q round325-s17 6 (48, 69, 4, 17) 24.10996661740398 gpu 0
Q round325-s17 7 (38, 13, 20, 0) 22.653093226923296 gpu cache
Q round325-s17 8 (62, 5, 4, 63) 23.014494161406 gpu 1
Q round325-s17 9 (39, 45, 28, 25) 23.816175589602548 gpu 0
Q round325-s17 10 (63, 13, 12, 17) 29.792629280919872 gpu 1
Q round325-s17 11 (8, 13, 20, 1) 26.714969383129528 gpu 0
Q round325-s17 12 (63, 5, 68, 65) 24.19329327279394 gpu 1
Q round325-s17 13 (64, 5, 36, 49) 21.576170010869355 gpu 0
Q round325-s17 14 (38, 46, 43, 67) 46.23689549504299 gpu 1
Q round325-s17 15 (12, 64, 20, 62) 38.52049844246111 gpu 0
TRIGGER_UPDATE 325 5296 ['stagnation', 'eligible_collapse'] {"new_labels_since_update": 256, "evals_since_best": 4404, "recent_n": 128, "recent_spearman": 0.28591375206006225, "recent_high_uncertainty_fraction": 0.0625, "sigma_ref_p90": 0.05231862328946594, "eligible_pool": 0, "eligible_floor": 120}
ROUND 325 n 5296 bestJ 17.544033723717053 best (24, 21, 52, 49) eligible 0 update 1 updates_total 24
Q round326-s17 0 (24, 45, 36, 25) 25.27008198489799 gpu 1
Q round326-s17 1 (24, 45, 60, 25) 24.383792216474777 gpu 0
Q round326-s17 2 (8, 21, 36, 25) 18.751491035197557 gpu 1
Q round326-s17 3 (8, 21, 60, 25) 19.330645401947585 gpu 0
Q round326-s17 4 (8, 5, 60, 25) 19.26068572389457 gpu 1
Q round326-s17 5 (8, 45, 36, 25) 25.295042925254258 gpu 0
Q round326-s17 6 (8, 45, 60, 25) 25.230107481527277 gpu 1
Q round326-s17 7 (64, 21, 36, 49) 21.820034094057455 gpu 0
Q round326-s17 8 (24, 5, 60, 65) 20.73142906735327 gpu 1
Q round326-s17 9 (8, 5, 36, 65) 24.27127339135901 gpu 0
Q round326-s17 10 (64, 5, 60, 49) 21.070999819208694 gpu 1
Q round326-s17 11 (64, 21, 60, 49) 20.37621325907089 gpu 0
Q round326-s17 12 (64, 45, 60, 25) 21.659729124108647 gpu 1
Q round326-s17 13 (24, 21, 36, 65) 23.31718183584088 gpu 0
Q round326-s17 14 (0, 51, 15, 2) 67.51114883027742 gpu 1
Q round326-s17 15 (0, 1, 1, 31) 94.73308572261291 gpu 0
ROUND 326 n 5312 bestJ 17.544033723717053 best (24, 21, 52, 49) eligible 0 update 0 updates_total 24
Q round327-s17 0 (8, 5, 36, 25) 20.276250609328827 gpu 1
Q round327-s17 1 (24, 21, 68, 17) 24.826529723421295 gpu 0
Q round327-s17 2 (64, 45, 36, 49) 25.999541298848314 gpu 1
Q round327-s17 3 (64, 45, 60, 65) 19.590676478363385 gpu 0
Q round327-s17 4 (64, 21, 60, 65) 23.44887163763116 gpu 1
Q round327-s17 5 (24, 21, 60, 65) 20.149835863993065 gpu 0
Q round327-s17 6 (8, 21, 36, 65) 22.765667661044517 gpu 1
Q round327-s17 7 (39, 5, 36, 25) 22.15340462494911 gpu 0
Q round327-s17 8 (63, 5, 36, 25) 21.905961095001974 gpu 1
Q round327-s17 9 (64, 45, 60, 49) 25.37205076871698 gpu 0
Q round327-s17 10 (64, 5, 52, 40) 22.168007294404042 gpu 1
Q round327-s17 11 (39, 5, 60, 25) 24.131087099907983 gpu 0
Q round327-s17 12 (8, 21, 60, 65) 19.071778298131388 gpu 1
Q round327-s17 13 (39, 21, 36, 25) 22.481411571108243 gpu 0
Q round327-s17 14 (3, 23, 33, 16) 60.12126944714329 gpu 1
Q round327-s17 15 (58, 0, 69, 47) 45.885285089716014 gpu 0
ROUND 327 n 5328 bestJ 17.544033723717053 best (24, 21, 52, 49) eligible 0 update 0 updates_total 24
Q round328-s17 0 (8, 5, 60, 65) 20.378344562288927 gpu 1
Q round328-s17 1 (39, 53, 20, 17) 23.496933593092322 gpu 0
Q round328-s17 2 (64, 21, 60, 17) 19.727330896518104 gpu 1
Q round328-s17 3 (24, 45, 28, 1) 25.2814653109676 gpu 0
Q round328-s17 4 (64, 5, 60, 65) 23.801337481040107 gpu 1
Q round328-s17 5 (39, 21, 60, 25) 23.925770696624667 gpu 0
Q round328-s17 6 (64, 13, 36, 9) 24.2458618325606 gpu 1
Q round328-s17 7 (64, 13, 60, 9) 24.74980528462369 gpu 0
Q round328-s17 8 (63, 21, 36, 25) 21.315326635798 gpu 1
Q round328-s17 9 (64, 45, 36, 17) 25.87446331281817 gpu 0
Q round328-s17 10 (63, 21, 60, 25) 22.538782804949115 gpu 1
Q round328-s17 11 (64, 45, 68, 40) 22.523169838761223 gpu 0
Q round328-s17 12 (24, 21, 44, 40) 22.2341085086964 gpu 1
Q round328-s17 13 (24, 45, 36, 65) 26.43295849008855 gpu 0
Q round328-s17 14 (47, 48, 68, 18) 241.14086510878116 gpu 1
Q round328-s17 15 (71, 25, 49, 10) 183.18671099234695 gpu 0
ROUND 328 n 5344 bestJ 17.544033723717053 best (24, 21, 52, 49) eligible 0 update 0 updates_total 24
Q round329-s17 0 (39, 53, 4, 17) 23.08867759179004 gpu 1
Q round329-s17 1 (8, 29, 20, 17) 23.15688190296402 gpu 0
Q round329-s17 2 (39, 45, 52, 17) 22.54977325096888 gpu 1
Q round329-s17 3 (39, 5, 12, 40) 22.890913989479877 gpu cache
Q round329-s17 4 (48, 5, 44, 1) 23.235204897012405 gpu 0
Q round329-s17 5 (64, 53, 68, 1) 21.723558483306302 gpu 1
Q round329-s17 6 (64, 69, 36, 9) 25.216794754242628 gpu 0
Q round329-s17 7 (39, 45, 60, 25) 23.272981588974254 gpu 1
Q round329-s17 8 (8, 5, 12, 40) 23.440776673053126 gpu 0
Q round329-s17 9 (64, 69, 60, 9) 25.269772313379566 gpu 1
Q round329-s17 10 (49, 13, 44, 48) 28.183634626866777 gpu 0
Q round329-s17 11 (24, 69, 60, 9) 24.12881166368463 gpu 1
Q round329-s17 12 (65, 29, 52, 39) 22.122389501171583 gpu 0
Q round329-s17 13 (8, 45, 36, 65) 26.115117443936025 gpu 1
Q round329-s17 14 (71, 14, 36, 59) 81.1195642892672 gpu 0
Q round329-s17 15 (12, 16, 24, 47) 68.46034691130042 gpu 1
ROUND 329 n 5360 bestJ 17.544033723717053 best (24, 21, 52, 49) eligible 0 update 0 updates_total 24
Q round330-s17 0 (38, 53, 20, 16) 21.448369496649207 gpu cache
Q round330-s17 1 (39, 45, 36, 25) 24.152353910712506 gpu 0
Q round330-s17 2 (64, 53, 36, 9) 25.19221979137872 gpu 1
Q round330-s17 3 (64, 45, 60, 17) 24.92292814078946 gpu 0
Q round330-s17 4 (64, 5, 60, 1) 21.01977823654491 gpu 1
Q round330-s17 5 (24, 29, 60, 9) 23.6128405928147 gpu 0
Q round330-s17 6 (39, 5, 36, 65) 22.640532627240535 gpu 1
Q round330-s17 7 (65, 13, 52, 64) 24.35796941807551 gpu 0
Q round330-s17 8 (24, 45, 60, 65) 26.095692010820787 gpu 1
Q round330-s17 9 (63, 45, 36, 25) 27.261675843016896 gpu 0
Q round330-s17 10 (38, 45, 44, 16) 22.33186072701412 gpu 1
Q round330-s17 11 (64, 29, 36, 25) 26.196787696209174 gpu 0
Q round330-s17 12 (63, 5, 36, 65) 21.226103992062857 gpu 1
Q round330-s17 13 (8, 69, 36, 9) 21.324834609016744 gpu 0
Q round330-s17 14 (35, 39, 39, 39) 64.10760522634038 gpu 1
Q round330-s17 15 (29, 61, 32, 4) 755.1440908106094 gpu 0
ROUND 330 n 5376 bestJ 17.544033723717053 best (24, 21, 52, 49) eligible 0 update 0 updates_total 24
Q round331-s17 0 (24, 5, 44, 40) 22.251939910307158 gpu 1
Q round331-s17 1 (48, 5, 20, 1) 24.215054468650152 gpu 0
Q round331-s17 2 (49, 13, 12, 64) 29.396396407463275 gpu 1
Q round331-s17 3 (62, 45, 44, 24) 22.817629929330014 gpu 0
Q round331-s17 4 (38, 53, 20, 0) 22.54569919418085 gpu 1
Q round331-s17 5 (8, 21, 20, 40) 24.13707937240216 gpu 0
Q round331-s17 6 (49, 13, 68, 64) 31.10040219680394 gpu 1
Q round331-s17 7 (49, 13, 28, 64) 32.065101765456795 gpu 0
Q round331-s17 8 (8, 29, 36, 9) 22.520511748983413 gpu 1
Q round331-s17 9 (8, 45, 44, 40) 23.943720119759234 gpu 0
Q round331-s17 10 (8, 45, 60, 65) 26.884636685527212 gpu 1
Q round331-s17 11 (64, 29, 60, 25) 22.866890634435816 gpu 0
Q round331-s17 12 (64, 29, 36, 9) 25.246393719558046 gpu 1
Q round331-s17 13 (64, 21, 52, 40) 22.165602508383245 gpu 0
Q round331-s17 14 (63, 20, 53, 24) 42.19184211527816 gpu 1
Q round331-s17 15 (57, 16, 54, 18) 184.36791560458556 gpu 0
ROUND 331 n 5392 bestJ 17.544033723717053 best (24, 21, 52, 49) eligible 0 update 0 updates_total 24
Q round332-s17 0 (63, 5, 60, 25) 21.508067191669127 gpu 1
Q round332-s17 1 (65, 53, 28, 39) 22.16458149555897 gpu 0
Q round332-s17 2 (65, 53, 28, 63) 22.72766686790127 gpu 1
Q round332-s17 3 (48, 21, 44, 40) 23.43697367236579 gpu 0
Q round332-s17 4 (24, 45, 44, 40) 23.079934912800383 gpu 1
Q round332-s17 5 (65, 53, 52, 39) 24.281593620058718 gpu 0
Q round332-s17 6 (65, 69, 68, 39) 21.844306330946456 gpu 1
Q round332-s17 7 (48, 5, 4, 1) 23.613241573379387 gpu 0
Q round332-s17 8 (64, 45, 36, 1) 24.99315178976819 gpu 1
Q round332-s17 9 (24, 5, 36, 49) 25.60751522823198 gpu 0
Q round332-s17 10 (64, 5, 60, 8) 24.822348615048963 gpu 1
Q round332-s17 11 (8, 69, 60, 9) 22.54233882795565 gpu 0
Q round332-s17 12 (49, 69, 4, 63) 25.69704364954008 gpu 1
Q round332-s17 13 (49, 69, 44, 39) 26.238848321308925 gpu 0
Q round332-s17 14 (4, 47, 23, 4) 52.358034660837355 gpu 1
Q round332-s17 15 (50, 25, 51, 60) 138.16846408791292 gpu 0
ROUND 332 n 5408 bestJ 17.544033723717053 best (24, 21, 52, 49) eligible 0 update 0 updates_total 24
Q round333-s17 0 (62, 29, 4, 48) 23.84440809508957 gpu 1
Q round333-s17 1 (64, 5, 36, 17) 21.029460557113996 gpu 0
Q round333-s17 2 (48, 53, 60, 9) 21.120556818122193 gpu 1
Q round333-s17 3 (64, 45, 28, 1) 24.479317696831533 gpu 0
Q round333-s17 4 (49, 53, 20, 39) 24.23864498333857 gpu 1
Q round333-s17 5 (49, 69, 20, 63) 25.067999972163882 gpu 0
Q round333-s17 6 (24, 5, 12, 40) 22.50171903943762 gpu 1
Q round333-s17 7 (39, 21, 36, 65) 22.888499631047278 gpu 0
Q round333-s17 8 (65, 13, 44, 63) 21.996065806744575 gpu 1
Q round333-s17 9 (49, 69, 20, 39) 25.692065180850992 gpu 0
Q round333-s17 10 (65, 13, 20, 63) 23.184883633205388 gpu 1
Q round333-s17 11 (65, 13, 20, 39) 23.612886863383387 gpu 0
Q round333-s17 12 (25, 13, 68, 64) 26.71193791952609 gpu 1
Q round333-s17 13 (65, 13, 4, 39) 23.296805155106888 gpu 0
Q round333-s17 14 (7, 49, 32, 45) 196.566586759509 gpu 1
Q round333-s17 15 (50, 31, 27, 61) 160.8075273503208 gpu 0
ROUND 333 n 5424 bestJ 17.544033723717053 best (24, 21, 52, 49) eligible 0 update 0 updates_total 24
Q round334-s17 0 (62, 29, 44, 8) 22.308027371454234 gpu 1
Q round334-s17 1 (39, 69, 44, 17) 22.960418111779067 gpu 0
Q round334-s17 2 (48, 21, 20, 40) 23.403375833149365 gpu 1
Q round334-s17 3 (65, 53, 68, 39) 21.910899656709464 gpu 0
Q round334-s17 4 (65, 69, 28, 39) 21.906197561993732 gpu 1
Q round334-s17 5 (8, 69, 20, 17) 23.146166263872967 gpu 0
Q round334-s17 6 (39, 5, 60, 65) 23.078320511922055 gpu 1
Q round334-s17 7 (49, 29, 68, 63) 29.322602028631007 gpu 0
Q round334-s17 8 (8, 53, 52, 9) 24.597060014096872 gpu 1
Q round334-s17 9 (49, 53, 44, 39) 26.188635487169275 gpu 0
Q round334-s17 10 (8, 5, 68, 17) 25.56648375230033 gpu 1
Q round334-s17 11 (49, 69, 4, 39) 25.102757740014436 gpu 0
Q round334-s17 12 (8, 5, 36, 49) 26.55220561442124 gpu 1
Q round334-s17 13 (65, 69, 4, 16) 24.16060053914704 gpu 0
Q round334-s17 14 (20, 39, 25, 55) 60.52222142719598 gpu 1
Q round334-s17 15 (24, 30, 58, 29) 224.98819679945134 gpu 0
ROUND 334 n 5440 bestJ 17.544033723717053 best (24, 21, 52, 49) eligible 0 update 0 updates_total 24
Q round335-s17 0 (8, 29, 44, 17) 23.14175532833006 gpu 1
Q round335-s17 1 (63, 45, 12, 1) 23.883058368457828 gpu 0
Q round335-s17 2 (48, 45, 4, 40) 24.996815911932053 gpu 1
Q round335-s17 3 (64, 21, 60, 1) 20.654948571659357 gpu 0
Q round335-s17 4 (65, 53, 68, 63) 22.141395058336265 gpu 1
Q round335-s17 5 (49, 53, 44, 63) 25.83163158918992 gpu 0
Q round335-s17 6 (65, 13, 44, 39) 22.42684835410443 gpu 1
Q round335-s17 7 (49, 29, 44, 63) 24.830266166680772 gpu 0
Q round335-s17 8 (65, 13, 4, 63) 22.773492333853323 gpu 1
Q round335-s17 9 (64, 69, 20, 40) 22.269155639765806 gpu 0
Q round335-s17 10 (8, 21, 12, 17) 25.258694225806376 gpu 1
Q round335-s17 11 (8, 21, 12, 1) 25.45398100131032 gpu 0
Q round335-s17 12 (25, 13, 12, 64) 23.726398870853185 gpu 1
Q round335-s17 13 (49, 29, 20, 39) 21.803221920613343 gpu 0
Q round335-s17 14 (46, 3, 59, 70) 58.146662984170824 gpu 1
Q round335-s17 15 (45, 48, 65, 29) 36.60900496370185 gpu 0
ROUND 335 n 5456 bestJ 17.544033723717053 best (24, 21, 52, 49) eligible 0 update 0 updates_total 24
Q round336-s17 0 (24, 53, 4, 17) 22.00686044296208 gpu 1
Q round336-s17 1 (48, 69, 36, 9) 20.187218641097726 gpu 0
Q round336-s17 2 (24, 21, 4, 40) 23.15783672034898 gpu 1
Q round336-s17 3 (38, 5, 52, 16) 20.582316851370877 gpu cache
Q round336-s17 4 (49, 29, 52, 48) 30.1285609463286 gpu 0
Q round336-s17 5 (49, 29, 12, 39) 26.499109430393318 gpu 1
Q round336-s17 6 (8, 21, 44, 40) 23.678061705629325 gpu 0
Q round336-s17 7 (65, 69, 68, 63) 22.528830389283804 gpu 1
Q round336-s17 8 (49, 29, 52, 39) 30.13231333179254 gpu 0
Q round336-s17 9 (8, 29, 60, 9) 23.256774669550282 gpu 1
Q round336-s17 10 (65, 69, 52, 39) 24.199090610205403 gpu 0
Q round336-s17 11 (65, 29, 20, 63) 23.813135263456306 gpu 1
Q round336-s17 12 (63, 45, 44, 1) 23.086478992344787 gpu 0
Q round336-s17 13 (49, 13, 4, 63) 29.222167307121264 gpu cache
Q round336-s17 14 (59, 45, 49, 17) 51.16333157309651 gpu 1
Q round336-s17 15 (17, 2, 0, 46) 65.96134008505592 gpu 0
ROUND 336 n 5472 bestJ 17.544033723717053 best (24, 21, 52, 49) eligible 0 update 0 updates_total 24
Q round337-s17 0 (63, 45, 60, 25) 26.640980097103455 gpu 1
Q round337-s17 1 (38, 5, 44, 40) 24.926147877981073 gpu 0
Q round337-s17 2 (49, 53, 28, 39) 29.08685442025909 gpu 1
Q round337-s17 3 (38, 21, 52, 40) 22.997866407966626 gpu 0
Q round337-s17 4 (49, 13, 28, 48) 31.693729504033982 gpu 1
Q round337-s17 5 (49, 13, 52, 64) 32.42785323427931 gpu 0
Q round337-s17 6 (24, 13, 36, 9) 20.612842411062648 gpu 1
Q round337-s17 7 (38, 5, 20, 39) 24.384704784092744 gpu 0
Q round337-s17 8 (63, 21, 36, 65) 20.603483092822934 gpu 1
Q round337-s17 9 (64, 69, 44, 40) 23.07197164482588 gpu 0
Q round337-s17 10 (65, 69, 52, 63) 24.573521204652618 gpu 1
Q round337-s17 11 (24, 5, 60, 49) 26.55515563228372 gpu 0
Q round337-s17 12 (64, 53, 68, 39) 24.47039247577458 gpu 1
Q round337-s17 13 (8, 5, 28, 17) 24.513609243749546 gpu 0
Q round337-s17 14 (28, 31, 49, 43) 60.83361317507789 gpu 1
Q round337-s17 15 (24, 54, 48, 32) 106.42863326145356 gpu 0
ROUND 337 n 5488 bestJ 17.544033723717053 best (24, 21, 52, 49) eligible 0 update 0 updates_total 24
Q round338-s17 0 (49, 13, 20, 48) 25.876399636170998 gpu 1
Q round338-s17 1 (8, 45, 20, 40) 24.020006463198282 gpu 0
Q round338-s17 2 (49, 29, 28, 63) 28.978123964793262 gpu 1
Q round338-s17 3 (49, 69, 12, 39) 28.589883037217838 gpu 0
Q round338-s17 4 (65, 53, 44, 63) 23.898278171158342 gpu 1
Q round338-s17 5 (65, 13, 12, 39) 23.409302936063856 gpu 0
Q round338-s17 6 (63, 45, 20, 1) 23.59201722585889 gpu 1
Q round338-s17 7 (25, 53, 12, 63) 24.38524011513611 gpu 0
Q round338-s17 8 (25, 13, 28, 64) 26.510488713546675 gpu 1
Q round338-s17 9 (49, 13, 4, 39) 28.62611444994845 gpu 0
Q round338-s17 10 (25, 13, 52, 64) 26.638167038606827 gpu 1
Q round338-s17 11 (24, 5, 36, 17) 26.932772129458527 gpu 0
Q round338-s17 12 (49, 29, 4, 39) 22.594073823740263 gpu 1
Q round338-s17 13 (39, 21, 60, 65) 23.081945918266992 gpu 0
Q round338-s17 14 (66, 0, 27, 55) 70.20698862165017 gpu 1
Q round338-s17 15 (51, 18, 4, 42) 177.2908189013364 gpu 0
ROUND 338 n 5504 bestJ 17.544033723717053 best (24, 21, 52, 49) eligible 0 update 0 updates_total 24
Q round339-s17 0 (39, 53, 44, 17) 22.89208443771142 gpu 1
Q round339-s17 1 (64, 5, 36, 1) 22.562374608611 gpu 0
Q round339-s17 2 (49, 69, 12, 24) 26.63385782688473 gpu 1
Q round339-s17 3 (49, 53, 20, 63) 24.982835841303114 gpu 0
Q round339-s17 4 (49, 53, 44, 40) 27.47055330498255 gpu 1
Q round339-s17 5 (63, 5, 60, 65) 21.629500681628446 gpu 0
Q round339-s17 6 (8, 5, 68, 1) 23.809763913764822 gpu 1
Q round339-s17 7 (39, 5, 44, 16) 23.649791531384196 gpu 0
Q round339-s17 8 (49, 29, 4, 63) 23.593160457858357 gpu 1
Q round339-s17 9 (8, 21, 4, 40) 23.415210858374934 gpu 0
Q round339-s17 10 (65, 13, 4, 40) 22.78677049514913 gpu 1
Q round339-s17 11 (25, 69, 12, 39) 23.14715032522019 gpu 0
Q round339-s17 12 (24, 13, 60, 9) 21.703975168886 gpu 1
Q round339-s17 13 (24, 45, 44, 1) 24.182566078124008 gpu 0
Q round339-s17 14 (58, 56, 20, 9) 100.79577058754765 gpu 1
Q round339-s17 15 (36, 21, 51, 67) 112.82769254053866 gpu 0
ROUND 339 n 5520 bestJ 17.544033723717053 best (24, 21, 52, 49) eligible 0 update 0 updates_total 24
Q round340-s17 0 (48, 29, 36, 9) 21.37363283819624 gpu 1
Q round340-s17 1 (48, 69, 60, 9) 21.87526454340965 gpu 0
Q round340-s17 2 (24, 5, 20, 40) 22.555501901817497 gpu 1
Q round340-s17 3 (24, 5, 4, 40) 22.757716909062122 gpu 0
Q round340-s17 4 (39, 5, 68, 40) 22.46852208743233 gpu 1
Q round340-s17 5 (24, 5, 44, 0) 22.01821560666972 gpu 0
Q round340-s17 6 (49, 13, 52, 24) 30.88170320373689 gpu 1
Q round340-s17 7 (25, 69, 12, 63) 23.958488237112654 gpu 0
Q round340-s17 8 (8, 5, 28, 1) 24.72844404689802 gpu 1
Q round340-s17 9 (38, 5, 20, 48) 23.359514644405046 gpu 0
Q round340-s17 10 (39, 13, 20, 1) 23.581976391382955 gpu 1
Q round340-s17 11 (63, 5, 4, 24) 23.809788750525925 gpu 0
Q round340-s17 12 (49, 13, 20, 39) 28.858307284835274 gpu 1
Q round340-s17 13 (62, 5, 4, 39) 23.216001873701227 gpu 0
Q round340-s17 14 (71, 65, 2, 69) 175.11924631967346 gpu 1
Q round340-s17 15 (15, 23, 67, 41) 98.32617597524359 gpu 0
ROUND 340 n 5536 bestJ 17.544033723717053 best (24, 21, 52, 49) eligible 0 update 0 updates_total 24
Q round341-s17 0 (63, 29, 4, 1) 22.064867108409526 gpu 1
Q round341-s17 1 (24, 21, 20, 40) 23.113460447164154 gpu 0
Q round341-s17 2 (49, 29, 28, 39) 27.74528825619046 gpu 1
Q round341-s17 3 (64, 45, 60, 1) 26.31634658809027 gpu 0
Q round341-s17 4 (8, 5, 28, 40) 23.186523407243108 gpu 1
Q round341-s17 5 (38, 13, 44, 0) 24.101648691221758 gpu 0
Q round341-s17 6 (38, 21, 20, 0) 25.653114173031135 gpu 1
Q round341-s17 7 (64, 21, 68, 1) 24.88800743812329 gpu 0
Q round341-s17 8 (49, 21, 52, 48) 25.907051749878665 gpu 1
Q round341-s17 9 (63, 45, 20, 17) 23.66652856122071 gpu 0
Q round341-s17 10 (64, 5, 52, 1) 22.805862206756903 gpu 1
Q round341-s17 11 (64, 21, 3, 65) 58.71220681802451 gpu 0
Q round341-s17 12 (25, 13, 4, 48) 21.332591016929875 gpu 1
Q round341-s17 13 (24, 5, 12, 49) 23.922498904599003 gpu 0
Q round341-s17 14 (57, 46, 27, 43) 84.45839500501071 gpu 1
Q round341-s17 15 (17, 51, 9, 35) 426.75525126129924 gpu 0
TRIGGER_UPDATE 341 5552 ['stagnation', 'eligible_collapse'] {"new_labels_since_update": 256, "evals_since_best": 4660, "recent_n": 128, "recent_spearman": 0.4531736403589086, "recent_high_uncertainty_fraction": 0.0859375, "sigma_ref_p90": 0.047454047948122025, "eligible_pool": 0, "eligible_floor": 120}
ROUND 341 n 5552 bestJ 17.544033723717053 best (24, 21, 52, 49) eligible 0 update 1 updates_total 25
Q round342-s17 0 (8, 13, 60, 9) 21.038807984152307 gpu 1
Q round342-s17 1 (8, 13, 36, 9) 21.120422168967163 gpu 0
Q round342-s17 2 (63, 53, 60, 9) 25.784223561269542 gpu 1
Q round342-s17 3 (64, 5, 36, 8) 24.5179288949476 gpu 0
Q round342-s17 4 (63, 21, 60, 65) 21.768661629838988 gpu 1
Q round342-s17 5 (8, 5, 60, 49) 25.3188986482905 gpu 0
Q round342-s17 6 (39, 45, 36, 65) 26.348476378149833 gpu 1
Q round342-s17 7 (62, 21, 68, 8) 23.31567899817592 gpu 0
Q round342-s17 8 (38, 45, 12, 40) 22.74302389893589 gpu 1
Q round342-s17 9 (63, 45, 36, 65) 27.42840044581416 gpu 0
Q round342-s17 10 (38, 45, 68, 0) 23.974143660487478 gpu 1
Q round342-s17 11 (64, 21, 36, 8) 24.23077867366436 gpu 0
Q round342-s17 12 (64, 13, 4, 40) 23.234906747706077 gpu 1
Q round342-s17 13 (8, 5, 28, 49) 22.72041937993612 gpu 0
Q round342-s17 14 (59, 64, 46, 26) 38.11490936485225 gpu 1
Q round342-s17 15 (34, 23, 20, 18) 287.5819688167408 gpu 0
ROUND 342 n 5568 bestJ 17.544033723717053 best (24, 21, 52, 49) eligible 0 update 0 updates_total 25
Q round343-s17 0 (39, 21, 4, 40) 24.011322217562995 gpu 1
Q round343-s17 1 (39, 45, 60, 65) 22.646042528787255 gpu 0
Q round343-s17 2 (8, 21, 12, 40) 23.421603447971787 gpu 1
Q round343-s17 3 (63, 45, 60, 65) 26.231526194777807 gpu 0
Q round343-s17 4 (64, 21, 60, 8) 24.48247209518586 gpu 1
Q round343-s17 5 (48, 5, 36, 25) 26.323380990087063 gpu 0
Q round343-s17 6 (8, 45, 68, 25) 25.345789914853608 gpu 1
Q round343-s17 7 (64, 53, 44, 40) 23.296319421300893 gpu 0
Q round343-s17 8 (38, 13, 4, 40) 24.192533550798757 gpu 1
Q round343-s17 9 (64, 45, 52, 40) 25.111627466080233 gpu 0
Q round343-s17 10 (25, 13, 4, 64) 23.353429434880017 gpu 1
Q round343-s17 11 (63, 45, 44, 49) 22.035540236434517 gpu 0
Q round343-s17 12 (62, 21, 60, 25) 25.121895300084383 gpu 1
Q round343-s17 13 (48, 29, 20, 17) 23.087153996151308 gpu 0
Q round343-s17 14 (31, 27, 42, 34) 115.15333433815665 gpu 1
Q round343-s17 15 (25, 57, 39, 51) 50.84644212798612 gpu 0
ROUND 343 n 5584 bestJ 17.544033723717053 best (24, 21, 52, 49) eligible 0 update 0 updates_total 25
Q round344-s17 0 (64, 5, 60, 17) 20.895282969548532 gpu 1
Q round344-s17 1 (63, 69, 20, 1) 22.99122563953218 gpu 0
Q round344-s17 2 (38, 69, 4, 40) 24.21694712638796 gpu 1
Q round344-s17 3 (48, 13, 68, 9) 22.756378167080708 gpu 0
Q round344-s17 4 (8, 13, 28, 9) 26.110395397741954 gpu 1
Q round344-s17 5 (39, 5, 36, 49) 26.981501854638072 gpu 0
Q round344-s17 6 (38, 45, 28, 0) 22.506146006879387 gpu 1
Q round344-s17 7 (38, 5, 12, 0) 23.558856467293378 gpu cache
Q round344-s17 8 (48, 29, 52, 9) 22.359916506438186 gpu 0
Q round344-s17 9 (65, 29, 28, 39) 21.955797418714656 gpu 1
Q round344-s17 10 (8, 5, 60, 17) 26.22775678655285 gpu 0
Q round344-s17 11 (38, 53, 44, 40) 25.922686880470376 gpu 1
Q round344-s17 12 (39, 5, 60, 49) 25.782285372310113 gpu 0
Q round344-s17 13 (8, 5, 36, 17) 27.042577864978252 gpu 1
Q round344-s17 14 (55, 5, 35, 27) 544.4858410376386 gpu 0
Q round344-s17 15 (36, 3, 50, 53) 116.9243741500776 gpu 1
ROUND 344 n 5600 bestJ 17.544033723717053 best (24, 21, 52, 49) eligible 0 update 0 updates_total 25
Q round345-s17 0 (24, 53, 36, 9) 23.36845603707974 gpu 0
Q round345-s17 1 (39, 53, 44, 41) 22.448657984279063 gpu 1
Q round345-s17 2 (8, 53, 44, 17) 21.900410999462377 gpu 0
Q round345-s17 3 (38, 21, 12, 16) 23.528028178737564 gpu cache
Q round345-s17 4 (62, 21, 20, 0) 24.382704296266013 gpu 1
Q round345-s17 5 (65, 69, 52, 8) 22.88995211220515 gpu 0
Q round345-s17 6 (38, 45, 28, 40) 23.76509457604771 gpu 1
Q round345-s17 7 (49, 13, 4, 16) 24.644936885825395 gpu 0
Q round345-s17 8 (48, 69, 68, 9) 23.122258338541624 gpu 1
Q round345-s17 9 (65, 69, 68, 48) 23.92341482233341 gpu 0
Q round345-s17 10 (38, 69, 68, 8) 25.009492363796333 gpu 1
Q round345-s17 11 (38, 5, 28, 8) 24.135611267672676 gpu 0
Q round345-s17 12 (63, 5, 36, 49) 26.30917048896404 gpu 1
Q round345-s17 13 (39, 21, 4, 47) 28.433664247907966 gpu 0
Q round345-s17 14 (20, 9, 54, 67) 55.373786313776264 gpu 1
Q round345-s17 15 (46, 50, 23, 25) 76.9705730860745 gpu 0
ROUND 345 n 5616 bestJ 17.544033723717053 best (24, 21, 52, 49) eligible 0 update 0 updates_total 25
Q round346-s17 0 (62, 21, 12, 16) 23.48904531732766 gpu 1
Q round346-s17 1 (63, 5, 52, 41) 23.52446462309243 gpu 0
Q round346-s17 2 (48, 5, 60, 25) 25.384172365863915 gpu 1
Q round346-s17 3 (38, 29, 52, 8) 25.16884911835376 gpu 0
Q round346-s17 4 (48, 69, 28, 9) 23.29961972832195 gpu 1
Q round346-s17 5 (8, 29, 4, 40) 24.89630516687004 gpu 0
Q round346-s17 6 (64, 5, 4, 46) 22.80729501616474 gpu 1
Q round346-s17 7 (38, 21, 60, 25) 26.105045946913812 gpu 0
Q round346-s17 8 (25, 13, 4, 24) 21.433314409730887 gpu 1
Q round346-s17 9 (38, 5, 4, 63) 24.58855264132306 gpu 0
Q round346-s17 10 (38, 45, 36, 25) 24.976100257645637 gpu 1
Q round346-s17 11 (62, 21, 36, 25) 24.80181424515394 gpu 0
Q round346-s17 12 (8, 45, 4, 41) 22.52393023040856 gpu 1
Q round346-s17 13 (64, 21, 28, 1) 24.83746157451016 gpu 0
Q round346-s17 14 (50, 49, 24, 36) 71.3614796705455 gpu 1
Q round346-s17 15 (0, 20, 35, 49) 52.96875569678716 gpu 0
ROUND 346 n 5632 bestJ 17.544033723717053 best (24, 21, 52, 49) eligible 0 update 0 updates_total 25
Q round347-s17 0 (39, 53, 44, 1) 22.488135316681422 gpu 1
Q round347-s17 1 (62, 5, 52, 16) 23.495830732038826 gpu cache
Q round347-s17 2 (65, 29, 52, 63) 24.067961444370336 gpu 0
Q round347-s17 3 (38, 21, 44, 0) 23.596800192417653 gpu cache
Q round347-s17 4 (24, 5, 60, 17) 27.018977529726662 gpu 1
Q round347-s17 5 (38, 29, 68, 25) 24.244810105612796 gpu 0
Q round347-s17 6 (62, 13, 36, 9) 26.133633391796106 gpu 1
Q round347-s17 7 (39, 21, 68, 40) 23.37656457291638 gpu 0
Q round347-s17 8 (63, 45, 20, 49) 22.041084310660125 gpu 1
Q round347-s17 9 (24, 5, 12, 17) 24.927291800441367 gpu 0
Q round347-s17 10 (48, 45, 20, 40) 24.048234172202314 gpu 1
Q round347-s17 11 (63, 45, 4, 1) 23.663319758470223 gpu 0
Q round347-s17 12 (65, 29, 4, 39) 24.933308919439234 gpu 1
Q round347-s17 13 (8, 5, 60, 1) 26.844268605733294 gpu 0
Q round347-s17 14 (49, 59, 10, 11) 105.75448464987939 gpu 1
Q round347-s17 15 (48, 54, 11, 59) 55.14462859474787 gpu 0
ROUND 347 n 5648 bestJ 17.544033723717053 best (24, 21, 52, 49) eligible 0 update 0 updates_total 25
Q round348-s17 0 (24, 53, 60, 9) 23.325482119073957 gpu 1
Q round348-s17 1 (63, 21, 44, 40) 22.433827960804173 gpu 0
Q round348-s17 2 (62, 45, 4, 0) 22.240171887122823 gpu 1
Q round348-s17 3 (38, 69, 20, 40) 23.38071630440341 gpu 0
Q round348-s17 4 (49, 13, 4, 0) 24.662030838739575 gpu 1
Q round348-s17 5 (39, 45, 12, 65) 23.99359974168611 gpu 0
Q round348-s17 6 (39, 21, 36, 49) 26.382849749462753 gpu 1
Q round348-s17 7 (63, 21, 12, 65) 24.7794439562405 gpu 0
Q round348-s17 8 (38, 53, 52, 25) 23.511919417860426 gpu 1
Q round348-s17 9 (39, 5, 12, 49) 23.297982356012337 gpu 0
Q round348-s17 10 (64, 69, 36, 25) 26.087953709147026 gpu 1
Q round348-s17 11 (39, 21, 28, 65) 25.244109047855513 gpu 0
Q round348-s17 12 (8, 45, 28, 25) 24.084170826511023 gpu 1
Q round348-s17 13 (63, 45, 4, 17) 23.567353970756272 gpu 0
Q round348-s17 14 (47, 12, 34, 54) 48.88665238142284 gpu 1
Q round348-s17 15 (70, 0, 4, 6) 100.50302687674375 gpu 0
ROUND 348 n 5664 bestJ 17.544033723717053 best (24, 21, 52, 49) eligible 0 update 0 updates_total 25
Q round349-s17 0 (8, 53, 20, 17) 23.907190671189753 gpu 1
Q round349-s17 1 (48, 53, 28, 9) 24.17001100229658 gpu 0
Q round349-s17 2 (39, 5, 4, 7) 30.30421929095721 gpu 1
Q round349-s17 3 (48, 53, 12, 9) 24.22726453026172 gpu 0
Q round349-s17 4 (38, 21, 36, 25) 26.14729307638107 gpu 1
Q round349-s17 5 (38, 69, 68, 25) 23.631151680507877 gpu 0
Q round349-s17 6 (38, 21, 60, 65) 24.978347884240357 gpu 1
Q round349-s17 7 (8, 5, 44, 40) 24.403018193545556 gpu 0
Q round349-s17 8 (8, 21, 44, 16) 23.221404008153986 gpu 1
Q round349-s17 9 (64, 69, 60, 25) 25.70284060677365 gpu 0
Q round349-s17 10 (8, 21, 60, 49) 25.877728450917214 gpu 1
Q round349-s17 11 (38, 21, 36, 65) 24.7093767619593 gpu 0
Q round349-s17 12 (8, 21, 36, 49) 26.44590681421537 gpu 1
Q round349-s17 13 (62, 21, 60, 65) 24.37343764637409 gpu 0
Q round349-s17 14 (55, 15, 26, 12) 100.44053792929702 gpu 1
Q round349-s17 15 (27, 3, 22, 51) 141.2680357673906 gpu 0
ROUND 349 n 5680 bestJ 17.544033723717053 best (24, 21, 52, 49) eligible 0 update 0 updates_total 25
Q round350-s17 0 (39, 69, 20, 17) 21.813649445223465 gpu 1
Q round350-s17 1 (63, 69, 4, 1) 22.261300045023248 gpu 0
Q round350-s17 2 (8, 13, 68, 9) 24.96007785967039 gpu 1
Q round350-s17 3 (63, 5, 44, 41) 23.4198466656943 gpu 0
Q round350-s17 4 (39, 45, 12, 1) 23.44850806855558 gpu 1
Q round350-s17 5 (63, 45, 44, 17) 22.929398714159962 gpu 0
Q round350-s17 6 (24, 21, 12, 40) 22.787428944160673 gpu 1
Q round350-s17 7 (63, 13, 28, 9) 23.630742309732018 gpu 0
Q round350-s17 8 (62, 29, 12, 65) 24.35744005422876 gpu 1
Q round350-s17 9 (63, 21, 52, 41) 22.095965682332483 gpu 0
Q round350-s17 10 (62, 21, 36, 65) 24.73305913317233 gpu 1
Q round350-s17 11 (25, 13, 44, 64) 22.43433443705684 gpu 0
Q round350-s17 12 (25, 13, 20, 64) 23.429922215622504 gpu 1
Q round350-s17 13 (24, 45, 12, 25) 23.778897316326795 gpu 0
Q round350-s17 14 (49, 30, 32, 26) 223.30691116812815 gpu 1
Q round350-s17 15 (39, 21, 3, 2) 142.94377291108538 gpu 0
ROUND 350 n 5696 bestJ 17.544033723717053 best (24, 21, 52, 49) eligible 0 update 0 updates_total 25
Q round351-s17 0 (38, 45, 44, 40) 23.610149743754704 gpu 1
Q round351-s17 1 (62, 45, 52, 24) 25.949733165965384 gpu 0
Q round351-s17 2 (64, 53, 20, 40) 23.439820800575212 gpu 1
Q round351-s17 3 (38, 53, 68, 8) 23.98267170857645 gpu 0
Q round351-s17 4 (49, 53, 52, 8) 28.12099288587484 gpu 1
Q round351-s17 5 (49, 29, 44, 39) 25.088826875990005 gpu 0
Q round351-s17 6 (48, 45, 36, 9) 23.785797766424718 gpu 1
Q round351-s17 7 (64, 29, 36, 65) 25.5999496065911 gpu 0
Q round351-s17 8 (49, 69, 44, 63) 27.169215090819158 gpu 1
Q round351-s17 9 (65, 21, 52, 48) 24.166808799398975 gpu 0
Q round351-s17 10 (64, 45, 12, 1) 24.525507309804823 gpu 1
Q round351-s17 11 (62, 29, 4, 62) 23.433897137213222 gpu 0
Q round351-s17 12 (8, 21, 44, 0) 23.074245293464365 gpu 1
Q round351-s17 13 (38, 5, 4, 39) 24.551789224530538 gpu 0
Q round351-s17 14 (18, 17, 1, 29) 69.58879334501776 gpu 1
Q round351-s17 15 (61, 7, 18, 5) 111.4001731492679 gpu 0
ROUND 351 n 5712 bestJ 17.544033723717053 best (24, 21, 52, 49) eligible 0 update 0 updates_total 25
Q round352-s17 0 (48, 13, 12, 9) 23.128629482079653 gpu 1
Q round352-s17 1 (62, 21, 4, 24) 24.346962925306176 gpu 0
Q round352-s17 2 (24, 5, 12, 1) 24.962398837696817 gpu 1
Q round352-s17 3 (8, 13, 12, 9) 25.676032295852764 gpu 0
Q round352-s17 4 (8, 5, 20, 40) 24.660403698715786 gpu 1
Q round352-s17 5 (65, 53, 52, 63) 24.96410153676202 gpu 0
Q round352-s17 6 (64, 13, 20, 40) 22.964110864366376 gpu 1
Q round352-s17 7 (49, 21, 52, 64) 22.506168923323592 gpu 0
Q round352-s17 8 (65, 21, 52, 63) 24.69605363056846 gpu 1
Q round352-s17 9 (8, 21, 28, 40) 23.071988180910544 gpu 0
Q round352-s17 10 (48, 21, 12, 41) 23.492461200103836 gpu 1
Q round352-s17 11 (24, 21, 28, 25) 23.73679113558385 gpu 0
Q round352-s17 12 (63, 45, 4, 49) 22.396517890894298 gpu 1
Q round352-s17 13 (63, 21, 20, 17) 26.204882581280547 gpu 0
Q round352-s17 14 (0, 57, 63, 52) 81.35294473963252 gpu 1
Q round352-s17 15 (37, 17, 21, 33) 42.414310097857594 gpu 0
ROUND 352 n 5728 bestJ 17.544033723717053 best (24, 21, 52, 49) eligible 0 update 0 updates_total 25
Q round353-s17 0 (39, 69, 4, 17) 21.639329509674685 gpu 1
Q round353-s17 1 (8, 53, 4, 17) 24.104567614379285 gpu 0
Q round353-s17 2 (62, 13, 4, 16) 23.669419980811583 gpu 1
Q round353-s17 3 (24, 45, 4, 40) 21.9914536336145 gpu 0
Q round353-s17 4 (24, 45, 20, 40) 22.198308143996847 gpu 1
Q round353-s17 5 (38, 21, 68, 40) 21.648746362035197 gpu 0
Q round353-s17 6 (63, 5, 28, 40) 24.705611750155988 gpu 1
Q round353-s17 7 (48, 21, 68, 17) 20.50573492978876 gpu 0
Q round353-s17 8 (49, 13, 44, 24) 25.888664659844313 gpu 1
Q round353-s17 9 (65, 53, 44, 64) 25.085795949820728 gpu 0
Q round353-s17 10 (62, 69, 12, 25) 24.498116582224096 gpu 1
Q round353-s17 11 (62, 29, 44, 38) 22.976119152380928 gpu 0
Q round353-s17 12 (8, 5, 36, 1) 27.187548650180684 gpu 1
Q round353-s17 13 (39, 5, 20, 7) 30.090740678777184 gpu 0
Q round353-s17 14 (38, 8, 60, 52) 86.47344402210317 gpu 1
Q round353-s17 15 (48, 19, 1, 28) 89.32518771322597 gpu 0
ROUND 353 n 5744 bestJ 17.544033723717053 best (24, 21, 52, 49) eligible 0 update 0 updates_total 25
Q round354-s17 0 (63, 53, 4, 17) 22.21793604734739 gpu 1
Q round354-s17 1 (63, 5, 68, 41) 24.239840367942683 gpu 0
Q round354-s17 2 (39, 5, 36, 17) 26.497691377148506 gpu 1
Q round354-s17 3 (38, 69, 44, 40) 25.493403859839514 gpu 0
Q round354-s17 4 (49, 29, 44, 64) 21.238758654657804 gpu 1
Q round354-s17 5 (8, 69, 68, 9) 25.458345328830056 gpu 0
Q round354-s17 6 (38, 45, 60, 25) 24.542864358982122 gpu 1
Q round354-s17 7 (38, 29, 28, 65) 24.27870381734477 gpu 0
Q round354-s17 8 (38, 53, 12, 65) 25.566535556731814 gpu 1
Q round354-s17 9 (39, 21, 4, 24) 25.76010101110002 gpu cache
Q round354-s17 10 (24, 45, 20, 1) 25.205738023569364 gpu 0
Q round354-s17 11 (65, 45, 52, 39) 22.928219162756008 gpu 1
Q round354-s17 12 (25, 69, 4, 64) 23.68241125075487 gpu 0
Q round354-s17 13 (63, 5, 60, 49) 27.38381250188001 gpu 1
Q round354-s17 14 (26, 19, 47, 14) 53.97573853971642 gpu 0
Q round354-s17 15 (63, 8, 25, 1) 102.32844878652526 gpu 1
ROUND 354 n 5760 bestJ 17.544033723717053 best (24, 21, 52, 49) eligible 0 update 0 updates_total 25
Q round355-s17 0 (63, 21, 68, 17) 24.24742515977415 gpu 0
Q round355-s17 1 (64, 53, 60, 9) 25.469501084411903 gpu 1
Q round355-s17 2 (39, 21, 28, 40) 23.595977414186947 gpu 0
Q round355-s17 3 (63, 45, 12, 25) 23.829840173568357 gpu 1
Q round355-s17 4 (25, 13, 20, 24) 21.924458646394175 gpu 0
Q round355-s17 5 (38, 29, 52, 65) 22.806408112914983 gpu 1
Q round355-s17 6 (39, 5, 4, 0) 24.357287028172696 gpu 0
Q round355-s17 7 (38, 5, 4, 48) 23.911529266520624 gpu 1
Q round355-s17 8 (48, 21, 60, 25) 25.823701142603035 gpu 0
Q round355-s17 9 (64, 13, 44, 40) 25.045586347359517 gpu 1
Q round355-s17 10 (64, 45, 36, 8) 28.242955730931413 gpu 0
Q round355-s17 11 (8, 21, 28, 65) 26.948397511187856 gpu 1
Q round355-s17 12 (24, 21, 12, 65) 24.13955205633776 gpu 0
Q round355-s17 13 (38, 21, 4, 24) 26.239450657228254 gpu 1
Q round355-s17 14 (17, 23, 49, 4) 102.06380562822832 gpu 0
Q round355-s17 15 (18, 0, 3, 22) 66.13723302044667 gpu 1
ROUND 355 n 5776 bestJ 17.544033723717053 best (24, 21, 52, 49) eligible 0 update 0 updates_total 25
Q round356-s17 0 (38, 53, 4, 16) 21.889465505978812 gpu 0
Q round356-s17 1 (39, 5, 52, 40) 23.616551189586104 gpu 1
Q round356-s17 2 (63, 5, 12, 1) 23.81700073838949 gpu 0
Q round356-s17 3 (39, 5, 4, 47) 29.527922764622065 gpu 1
Q round356-s17 4 (62, 53, 4, 62) 24.66597612892842 gpu 0
Q round356-s17 5 (9, 53, 68, 63) 24.765442502697915 gpu 1
Q round356-s17 6 (9, 53, 68, 39) 24.033115411723045 gpu 0
Q round356-s17 7 (38, 29, 12, 49) 23.285630168851153 gpu 1
Q round356-s17 8 (9, 29, 68, 63) 24.685503633947913 gpu 0
Q round356-s17 9 (38, 69, 12, 65) 24.387340173913483 gpu 1
Q round356-s17 10 (9, 29, 52, 63) 24.395942449299447 gpu 0
Q round356-s17 11 (38, 5, 36, 65) 24.98790607427625 gpu 1
Q round356-s17 12 (64, 5, 36, 41) 25.86546069203304 gpu 0
Q round356-s17 13 (64, 5, 44, 7) 29.185712881963436 gpu 1
Q round356-s17 14 (62, 3, 32, 42) 1531.3247883502684 gpu 0
Q round356-s17 15 (17, 55, 33, 23) 108.91767112787343 gpu 1
ROUND 356 n 5792 bestJ 17.544033723717053 best (24, 21, 52, 49) eligible 0 update 0 updates_total 25
Q round357-s17 0 (39, 45, 68, 1) 23.414728808263575 gpu 0
Q round357-s17 1 (65, 29, 68, 39) 22.790242901471668 gpu 1
Q round357-s17 2 (62, 29, 12, 48) 28.47627959654715 gpu 0
Q round357-s17 3 (38, 5, 4, 40) 24.58760257701923 gpu 1
Q round357-s17 4 (62, 5, 12, 8) 22.458375142663805 gpu 0
Q round357-s17 5 (62, 53, 44, 38) 23.205008316365486 gpu 1
Q round357-s17 6 (62, 5, 44, 24) 23.01078357772931 gpu 0
Q round357-s17 7 (63, 5, 28, 65) 23.472639769966353 gpu 1
Q round357-s17 8 (39, 45, 4, 47) 31.318769924745872 gpu 0
Q round357-s17 9 (64, 29, 60, 65) 25.227337921060318 gpu 1
Q round357-s17 10 (64, 5, 20, 7) 28.89754744517454 gpu 0
Q round357-s17 11 (38, 69, 52, 25) 22.97148378383692 gpu 1
Q round357-s17 12 (8, 21, 68, 40) 23.984425534192763 gpu 0
Q round357-s17 13 (64, 53, 36, 25) 24.87319812045612 gpu 1
Q round357-s17 14 (7, 12, 36, 48) 51.72244853170043 gpu 0
Q round357-s17 15 (39, 27, 27, 54) 60.514611837251415 gpu 1
TRIGGER_UPDATE 357 5808 ['stagnation', 'eligible_collapse'] {"new_labels_since_update": 256, "evals_since_best": 4916, "recent_n": 128, "recent_spearman": 0.5833123512177257, "recent_high_uncertainty_fraction": 0.0859375, "sigma_ref_p90": 0.047481334209442144, "eligible_pool": 0, "eligible_floor": 120}
ROUND 357 n 5808 bestJ 17.544033723717053 best (24, 21, 52, 49) eligible 0 update 1 updates_total 26
Q round358-s17 0 (24, 53, 44, 17) 21.187337140173288 gpu 0
Q round358-s17 1 (38, 45, 20, 0) 24.163279454644265 gpu 1
Q round358-s17 2 (48, 45, 12, 1) 26.46767954951508 gpu 0
Q round358-s17 3 (48, 29, 12, 9) 23.750464442941922 gpu 1
Q round358-s17 4 (24, 21, 36, 49) 26.53786149266077 gpu 0
Q round358-s17 5 (64, 69, 68, 63) 24.722004562081224 gpu 1
Q round358-s17 6 (48, 21, 60, 9) 24.996682705499634 gpu 0
Q round358-s17 7 (64, 21, 4, 46) 23.518711972523683 gpu 1
Q round358-s17 8 (24, 21, 60, 49) 25.670353900394055 gpu 0
Q round358-s17 9 (64, 53, 68, 63) 24.636727263704323 gpu 1
Q round358-s17 10 (49, 69, 68, 8) 27.07905736096917 gpu 0
Q round358-s17 11 (38, 29, 28, 39) 25.110040148549512 gpu 1
Q round358-s17 12 (48, 53, 44, 9) 24.48987018844607 gpu 0
Q round358-s17 13 (64, 5, 28, 30) 25.04615252808376 gpu 1
Q round358-s17 14 (6, 29, 36, 16) 62.19746100303817 gpu 0
Q round358-s17 15 (50, 35, 18, 16) 93.62884291473068 gpu 1
ROUND 358 n 5824 bestJ 17.544033723717053 best (24, 21, 52, 49) eligible 0 update 0 updates_total 26
Q round359-s17 0 (62, 53, 4, 24) 22.47796878040538 gpu 0
Q round359-s17 1 (39, 5, 68, 41) 22.48173396394845 gpu 1
Q round359-s17 2 (62, 53, 4, 40) 24.939464742075586 gpu 0
Q round359-s17 3 (38, 45, 4, 0) 23.386218085252676 gpu 1
Q round359-s17 4 (64, 69, 68, 41) 25.642490379950956 gpu 0
Q round359-s17 5 (48, 21, 36, 9) 23.872355671046112 gpu 1
Q round359-s17 6 (24, 5, 28, 40) 23.717187548908253 gpu 0
Q round359-s17 7 (38, 21, 4, 0) 24.138431718494434 gpu 1
Q round359-s17 8 (64, 53, 60, 25) 25.275447724163243 gpu 0
Q round359-s17 9 (38, 21, 44, 24) 25.590268808059953 gpu 1
Q round359-s17 10 (48, 29, 44, 1) 26.677678316837493 gpu 0
Q round359-s17 11 (64, 5, 20, 46) 23.364969543544035 gpu 1
Q round359-s17 12 (38, 53, 12, 39) 23.921674880775903 gpu 0
Q round359-s17 13 (39, 21, 60, 49) 25.522110693309493 gpu 1
Q round359-s17 14 (14, 45, 30, 38) 77.5649151231953 gpu 0
Q round359-s17 15 (28, 11, 58, 46) 329.7904491668724 gpu 1
ROUND 359 n 5840 bestJ 17.544033723717053 best (24, 21, 52, 49) eligible 0 update 0 updates_total 26
Q round360-s17 0 (63, 53, 4, 41) 22.7932530522869 gpu 0
Q round360-s17 1 (38, 53, 4, 0) 22.89780882440804 gpu 1
Q round360-s17 2 (39, 29, 4, 17) 22.813502388223455 gpu 0
Q round360-s17 3 (63, 45, 68, 41) 26.082288284613185 gpu 1
Q round360-s17 4 (38, 45, 44, 0) 22.821503287814853 gpu cache
Q round360-s17 5 (62, 13, 12, 8) 25.436933622984217 gpu 0
Q round360-s17 6 (48, 13, 20, 9) 24.135207340731075 gpu 1
Q round360-s17 7 (62, 21, 44, 24) 23.701188354216157 gpu 0
Q round360-s17 8 (62, 29, 12, 63) 26.415633758014774 gpu 1
Q round360-s17 9 (48, 13, 4, 9) 24.043466124490926 gpu 0
Q round360-s17 10 (48, 69, 44, 9) 24.005569385471873 gpu 1
Q round360-s17 11 (24, 5, 60, 1) 27.26489061088678 gpu 0
Q round360-s17 12 (39, 53, 12, 32) 22.928111541043116 gpu 1
Q round360-s17 13 (64, 5, 12, 54) 26.322112620645655 gpu 0
Q round360-s17 14 (65, 9, 40, 7) 89.80640274197278 gpu 1
Q round360-s17 15 (38, 24, 14, 15) 94.72098193074788 gpu 0
ROUND 360 n 5856 bestJ 17.544033723717053 best (24, 21, 52, 49) eligible 0 update 0 updates_total 26
Q round361-s17 0 (38, 5, 52, 40) 23.335986344549983 gpu 1
Q round361-s17 1 (24, 5, 68, 1) 22.101940419798805 gpu 0
Q round361-s17 2 (65, 69, 52, 24) 23.592679250038067 gpu 1
Q round361-s17 3 (49, 53, 44, 24) 23.56128326694221 gpu 0
Q round361-s17 4 (8, 45, 12, 40) 25.254430982665635 gpu 1
Q round361-s17 5 (64, 29, 52, 41) 25.64659161154425 gpu 0
Q round361-s17 6 (24, 29, 12, 38) 24.561031766465117 gpu 1
Q round361-s17 7 (64, 45, 12, 30) 26.86313507823747 gpu 0
Q round361-s17 8 (38, 29, 12, 38) 24.105171316923723 gpu 1
Q round361-s17 9 (48, 5, 28, 41) 25.54924910012557 gpu 0
Q round361-s17 10 (64, 29, 4, 25) 23.100973000654935 gpu 1
Q round361-s17 11 (38, 5, 44, 64) 24.186364221514417 gpu 0
Q round361-s17 12 (38, 29, 28, 63) 25.87434648082633 gpu 1
Q round361-s17 13 (48, 69, 4, 9) 24.326409939530706 gpu 0
Q round361-s17 14 (24, 2, 33, 47) 54.693702719473805 gpu 1
Q round361-s17 15 (2, 69, 61, 37) 108.91366937513114 gpu 0
ROUND 361 n 5872 bestJ 17.544033723717053 best (24, 21, 52, 49) eligible 0 update 0 updates_total 26
Q round362-s17 0 (63, 21, 44, 0) 22.556063163964552 gpu cache
Q round362-s17 1 (38, 21, 68, 0) 23.874242640891854 gpu 1
Q round362-s17 2 (24, 5, 28, 1) 23.961497658066843 gpu 0
Q round362-s17 3 (38, 5, 36, 8) 26.25075522546821 gpu 1
Q round362-s17 4 (65, 5, 60, 64) 24.56736980786179 gpu 0
Q round362-s17 5 (62, 53, 4, 38) 23.683297171396692 gpu 1
Q round362-s17 6 (39, 45, 4, 8) 23.920259741596528 gpu 0
Q round362-s17 7 (24, 45, 52, 41) 27.47251176182449 gpu 1
Q round362-s17 8 (49, 53, 12, 39) 27.377870184888213 gpu 0
Q round362-s17 9 (38, 69, 12, 48) 26.2889711404946 gpu 1
Q round362-s17 10 (38, 5, 12, 8) 24.00657926711711 gpu 0
Q round362-s17 11 (38, 69, 12, 39) 25.174888600731126 gpu 1
Q round362-s17 12 (38, 53, 12, 63) 26.164560472694994 gpu 0
Q round362-s17 13 (38, 53, 28, 64) 23.794594533845085 gpu 1
Q round362-s17 14 (59, 21, 47, 27) 199.01002808134834 gpu 0
Q round362-s17 15 (8, 51, 41, 14) 60.48889525283962 gpu 1
ROUND 362 n 5888 bestJ 17.544033723717053 best (24, 21, 52, 49) eligible 0 update 0 updates_total 26
Q round363-s17 0 (65, 13, 4, 16) 23.023349374180484 gpu 0
Q round363-s17 1 (49, 69, 4, 8) 22.156250084962043 gpu 1
Q round363-s17 2 (39, 45, 12, 40) 24.80917389416473 gpu 0
Q round363-s17 3 (49, 29, 44, 40) 25.961242303133506 gpu 1
Q round363-s17 4 (39, 29, 12, 56) 22.552559317585075 gpu 0
Q round363-s17 5 (48, 53, 4, 9) 24.26627068092842 gpu 1
Q round363-s17 6 (38, 5, 20, 64) 25.449081329915007 gpu 0
Q round363-s17 7 (24, 29, 4, 40) 24.20384414960842 gpu 1
Q round363-s17 8 (39, 21, 20, 8) 25.498965907250355 gpu 0
Q round363-s17 9 (64, 5, 28, 70) 24.678932947800508 gpu 1
Q round363-s17 10 (63, 21, 20, 14) 24.187208757373316 gpu 0
Q round363-s17 11 (38, 69, 20, 62) 24.015288479581653 gpu 1
Q round363-s17 12 (8, 69, 20, 41) 25.13337516961099 gpu 0
Q round363-s17 13 (63, 21, 44, 14) 26.444533668113845 gpu 1
Q round363-s17 14 (68, 28, 29, 3) 94.11138768169965 gpu 0
Q round363-s17 15 (64, 10, 17, 6) 52.78142636474563 gpu 1
ROUND 363 n 5904 bestJ 17.544033723717053 best (24, 21, 52, 49) eligible 0 update 0 updates_total 26
Q round364-s17 0 (63, 69, 44, 41) 26.627401808063453 gpu 0
Q round364-s17 1 (39, 5, 44, 0) 24.0898592877025 gpu 1
Q round364-s17 2 (65, 29, 28, 63) 21.929053744355492 gpu 0
Q round364-s17 3 (63, 29, 44, 16) 24.30597689983628 gpu cache
Q round364-s17 4 (38, 21, 20, 24) 25.013346375873688 gpu 1
Q round364-s17 5 (25, 29, 52, 64) 23.43658430983734 gpu 0
Q round364-s17 6 (49, 29, 20, 63) 24.031903626111983 gpu 1
Q round364-s17 7 (62, 69, 52, 25) 24.648635774472332 gpu 0
Q round364-s17 8 (39, 5, 44, 24) 24.184976705231488 gpu 1
Q round364-s17 9 (8, 13, 4, 0) 26.426511977749396 gpu 0
Q round364-s17 10 (65, 69, 4, 8) 25.164053852670932 gpu 1
Q round364-s17 11 (62, 45, 4, 8) 23.72733143558787 gpu 0
Q round364-s17 12 (62, 5, 4, 64) 24.052599835581905 gpu 1
Q round364-s17 13 (62, 69, 4, 38) 24.73367098939229 gpu 0
Q round364-s17 14 (62, 40, 63, 40) 103.97200959862222 gpu 1
Q round364-s17 15 (1, 68, 9, 33) 40.49187564108853 gpu 0
ROUND 364 n 5920 bestJ 17.544033723717053 best (24, 21, 52, 49) eligible 0 update 0 updates_total 26
Q round365-s17 0 (64, 53, 68, 41) 25.93889293445226 gpu 1
Q round365-s17 1 (65, 53, 12, 39) 22.879443671297313 gpu 0
Q round365-s17 2 (62, 5, 20, 16) 23.91703178040369 gpu cache
Q round365-s17 3 (39, 29, 12, 32) 23.263989621766587 gpu 1
Q round365-s17 4 (62, 29, 52, 25) 23.62346638650951 gpu 0
Q round365-s17 5 (62, 53, 20, 62) 24.404129996330752 gpu 1
Q round365-s17 6 (49, 29, 68, 39) 28.84900087062881 gpu 0
Q round365-s17 7 (24, 45, 12, 40) 25.328834631974697 gpu 1
Q round365-s17 8 (8, 5, 60, 8) 25.64611973038186 gpu 0
Q round365-s17 9 (39, 45, 20, 14) 25.680035939662172 gpu 1
Q round365-s17 10 (38, 29, 12, 62) 23.664916699348137 gpu 0
Q round365-s17 11 (63, 21, 36, 49) 27.26293993106175 gpu 1
Q round365-s17 12 (64, 29, 12, 56) 24.78299377430758 gpu 0
Q round365-s17 13 (39, 45, 44, 14) 26.802799245709814 gpu 1
Q round365-s17 14 (28, 44, 28, 46) 54.01202784246454 gpu 0
Q round365-s17 15 (56, 12, 23, 62) 69.2271270814488 gpu 1
ROUND 365 n 5936 bestJ 17.544033723717053 best (24, 21, 52, 49) eligible 0 update 0 updates_total 26
Q round366-s17 0 (63, 53, 44, 17) 22.759076447435202 gpu 0
Q round366-s17 1 (39, 5, 52, 41) 22.97939040459237 gpu 1
Q round366-s17 2 (63, 21, 20, 40) 22.592266322614055 gpu 0
Q round366-s17 3 (48, 45, 60, 9) 23.434987505029195 gpu 1
Q round366-s17 4 (63, 69, 20, 16) 24.599568849121138 gpu 0
Q round366-s17 5 (8, 29, 20, 40) 24.78836902015185 gpu 1
Q round366-s17 6 (8, 5, 36, 8) 25.30181706733661 gpu 0
Q round366-s17 7 (38, 53, 12, 16) 25.30946581712179 gpu 1
Q round366-s17 8 (8, 21, 20, 0) 26.512072601836667 gpu 0
Q round366-s17 9 (38, 69, 28, 64) 24.582478607125477 gpu 1
Q round366-s17 10 (8, 69, 44, 41) 26.90091584496546 gpu 0
Q round366-s17 11 (64, 69, 52, 62) 26.773170095181282 gpu 1
Q round366-s17 12 (64, 13, 12, 24) 24.380540026294575 gpu 0
Q round366-s17 13 (65, 21, 60, 39) 24.526817012577084 gpu 1
Q round366-s17 14 (39, 69, 9, 45) 52.82819182516573 gpu 0
Q round366-s17 15 (69, 10, 28, 45) 115.60920632805247 gpu 1
ROUND 366 n 5952 bestJ 17.544033723717053 best (24, 21, 52, 49) eligible 0 update 0 updates_total 26
Q round367-s17 0 (48, 13, 44, 9) 23.84865684968787 gpu 0
Q round367-s17 1 (49, 13, 12, 8) 28.634409257181396 gpu 1
Q round367-s17 2 (38, 5, 60, 8) 25.382802141030517 gpu 0
Q round367-s17 3 (24, 13, 4, 16) 24.17449540796448 gpu 1
Q round367-s17 4 (65, 5, 52, 24) 24.490227726101345 gpu 0
Q round367-s17 5 (65, 21, 36, 39) 23.786809721522065 gpu 1
Q round367-s17 6 (24, 5, 4, 16) 23.632233244412873 gpu 0
Q round367-s17 7 (62, 29, 68, 65) 23.447619637883815 gpu 1
Q round367-s17 8 (38, 29, 68, 39) 25.658681679276636 gpu 0
Q round367-s17 9 (64, 13, 28, 64) 23.83554961023318 gpu 1
Q round367-s17 10 (39, 53, 4, 40) 24.97715897854717 gpu 0
Q round367-s17 11 (64, 21, 28, 30) 26.968029697328642 gpu 1
Q round367-s17 12 (39, 69, 12, 62) 25.342418621757034 gpu 0
Q round367-s17 13 (8, 69, 28, 8) 24.269778447020165 gpu 1
Q round367-s17 14 (59, 65, 16, 21) 34.47311727329996 gpu 0
Q round367-s17 15 (9, 27, 13, 57) 152.4422107481481 gpu 1
ROUND 367 n 5968 bestJ 17.544033723717053 best (24, 21, 52, 49) eligible 0 update 0 updates_total 26
Q round368-s17 0 (8, 53, 36, 9) 23.493063307256104 gpu 0
Q round368-s17 1 (64, 29, 60, 9) 25.653105271952185 gpu 1
Q round368-s17 2 (64, 5, 44, 46) 25.856994094453235 gpu 0
Q round368-s17 3 (49, 21, 52, 24) 23.233673034457127 gpu 1
Q round368-s17 4 (49, 29, 12, 63) 27.109678025788764 gpu 0
Q round368-s17 5 (65, 21, 52, 39) 24.207286797157103 gpu 1
Q round368-s17 6 (65, 29, 4, 24) 25.802315113618896 gpu 0
Q round368-s17 7 (39, 5, 4, 16) 24.143013450403544 gpu 1
Q round368-s17 8 (38, 13, 68, 8) 26.425699153478 gpu 0
Q round368-s17 9 (38, 53, 12, 49) 23.51766141706085 gpu 1
Q round368-s17 10 (48, 45, 44, 40) 26.141547726190982 gpu 0
Q round368-s17 11 (38, 21, 36, 8) 25.303530733263457 gpu 1
Q round368-s17 12 (64, 45, 12, 70) 26.21282893098793 gpu 0
Q round368-s17 13 (38, 21, 52, 38) 23.298236127049407 gpu 1
Q round368-s17 14 (12, 3, 61, 21) 79.13957873926164 gpu 0
Q round368-s17 15 (32, 29, 39, 16) 56.107507843713144 gpu 1
ROUND 368 n 5984 bestJ 17.544033723717053 best (24, 21, 52, 49) eligible 0 update 0 updates_total 26
Q round369-s17 0 (39, 69, 20, 1) 23.305574176181015 gpu 0
Q round369-s17 1 (38, 5, 20, 40) 24.323922006351978 gpu 1
Q round369-s17 2 (48, 69, 20, 9) 24.411060302720834 gpu 0
Q round369-s17 3 (65, 45, 52, 24) 23.33302240575834 gpu 1
Q round369-s17 4 (63, 21, 12, 40) 23.297222041496333 gpu 0
Q round369-s17 5 (49, 45, 52, 48) 29.449909787257106 gpu 1
Q round369-s17 6 (39, 69, 4, 40) 24.775017917053788 gpu 0
Q round369-s17 7 (25, 69, 20, 24) 22.979134357943224 gpu 1
Q round369-s17 8 (24, 21, 36, 17) 27.291846345511278 gpu 0
Q round369-s17 9 (8, 13, 12, 8) 25.069635242024574 gpu 1
Q round369-s17 10 (24, 69, 28, 49) 26.396251932498128 gpu 0
Q round369-s17 11 (24, 69, 52, 65) 25.631593382849196 gpu 1
Q round369-s17 12 (25, 13, 4, 8) 24.027552282284404 gpu 0
Q round369-s17 13 (48, 21, 36, 25) 26.316579377894676 gpu 1
Q round369-s17 14 (19, 28, 4, 31) 77.45167231838597 gpu 0
Q round369-s17 15 (4, 67, 44, 1) 143.02245475204091 gpu 1
ROUND 369 n 6000 bestJ 17.544033723717053 best (24, 21, 52, 49) eligible 0 update 0 updates_total 26
Q round370-s17 0 (39, 29, 44, 17) 22.58959136905208 gpu 0
Q round370-s17 1 (38, 53, 28, 8) 23.312127633962206 gpu 1
Q round370-s17 2 (65, 53, 68, 64) 23.609742701962833 gpu 0
Q round370-s17 3 (65, 29, 68, 63) 22.30069584562658 gpu 1
Q round370-s17 4 (49, 53, 12, 8) 25.140659244460057 gpu 0
Q round370-s17 5 (62, 53, 52, 25) 23.905540152613415 gpu 1
Q round370-s17 6 (49, 69, 28, 16) 27.78976372636409 gpu 0
Q round370-s17 7 (39, 5, 68, 1) 23.82773817236271 gpu 1
Q round370-s17 8 (8, 69, 20, 0) 23.904194119654477 gpu 0
Q round370-s17 9 (38, 29, 12, 0) 24.89568418986556 gpu 1
Q round370-s17 10 (65, 45, 68, 64) 24.654065294859045 gpu 0
Q round370-s17 11 (62, 53, 12, 65) 24.493422574620823 gpu 1
Q round370-s17 12 (38, 53, 28, 65) 24.725045988806293 gpu 0
Q round370-s17 13 (38, 53, 20, 49) 25.40823378358984 gpu 1
Q round370-s17 14 (43, 13, 27, 6) 106.8319872066204 gpu 0
Q round370-s17 15 (57, 29, 20, 1) 34.099106995257 gpu 1
ROUND 370 n 6016 bestJ 17.544033723717053 best (24, 21, 52, 49) eligible 0 update 0 updates_total 26
Q round371-s17 0 (8, 53, 60, 9) 23.213651842084975 gpu 0
Q round371-s17 1 (63, 69, 44, 1) 22.031397966067654 gpu 1
Q round371-s17 2 (63, 53, 44, 41) 25.455144578062328 gpu 0
Q round371-s17 3 (63, 45, 28, 1) 22.514590510296717 gpu 1
Q round371-s17 4 (49, 29, 20, 48) 24.05487013963351 gpu 0
Q round371-s17 5 (49, 13, 68, 8) 29.23732289677887 gpu 1
Q round371-s17 6 (65, 29, 44, 16) 25.321752591271323 gpu 0
Q round371-s17 7 (38, 29, 68, 65) 23.79496160663607 gpu 1
Q round371-s17 8 (65, 5, 36, 39) 24.165855687472607 gpu 0
Q round371-s17 9 (38, 53, 4, 49) 25.187137580582682 gpu 1
Q round371-s17 10 (39, 21, 36, 17) 26.31039369626536 gpu 0
Q round371-s17 11 (63, 21, 44, 49) 23.44344590651284 gpu 1
Q round371-s17 12 (24, 21, 60, 17) 26.069394903136086 gpu 0
Q round371-s17 13 (65, 5, 60, 39) 23.968598210855188 gpu 1
Q round371-s17 14 (65, 71, 42, 53) 233.4501789344011 gpu 0
Q round371-s17 15 (68, 18, 65, 11) 116.55398432960124 gpu 1
ROUND 371 n 6032 bestJ 17.544033723717053 best (24, 21, 52, 49) eligible 0 update 0 updates_total 26
Q round372-s17 0 (24, 53, 4, 0) 24.228579832240673 gpu 0
Q round372-s17 1 (48, 5, 36, 9) 25.675812813957183 gpu 1
Q round372-s17 2 (8, 69, 4, 40) 25.237445180937193 gpu 0
Q round372-s17 3 (62, 69, 44, 38) 24.03960545938132 gpu 1
Q round372-s17 4 (62, 69, 4, 62) 24.870679712528585 gpu 0
Q round372-s17 5 (39, 13, 44, 41) 26.161551438775778 gpu 1
Q round372-s17 6 (39, 29, 68, 38) 24.32099278985931 gpu 0
Q round372-s17 7 (63, 21, 20, 49) 23.428824150180265 gpu 1
Q round372-s17 8 (39, 21, 68, 25) 24.27359213736541 gpu 0
Q round372-s17 9 (63, 45, 44, 30) 28.560161996506437 gpu 1
Q round372-s17 10 (64, 21, 36, 41) 25.461406921183972 gpu 0
Q round372-s17 11 (63, 5, 20, 8) 23.64736637532277 gpu 1
Q round372-s17 12 (8, 29, 12, 39) 24.421428449132566 gpu 0
Q round372-s17 13 (64, 29, 12, 32) 26.138431175060862 gpu 1
Q round372-s17 14 (20, 10, 3, 45) 122.34349019470518 gpu 0
Q round372-s17 15 (31, 60, 27, 20) 44092.6343796504 gpu 1
ROUND 372 n 6048 bestJ 17.544033723717053 best (24, 21, 52, 49) eligible 0 update 0 updates_total 26
Q round373-s17 0 (65, 13, 12, 16) 21.576311472531874 gpu 0
Q round373-s17 1 (8, 45, 12, 1) 21.34359513738697 gpu 1
Q round373-s17 2 (65, 13, 20, 40) 21.937720764560208 gpu 0
Q round373-s17 3 (25, 69, 12, 64) 22.668889730695106 gpu 1
Q round373-s17 4 (39, 5, 12, 17) 24.965823843647307 gpu 0
Q round373-s17 5 (39, 53, 20, 56) 24.757656816927952 gpu 1
Q round373-s17 6 (38, 21, 60, 8) 24.538135505473022 gpu 0
Q round373-s17 7 (38, 21, 52, 62) 24.130942228752165 gpu 1
Q round373-s17 8 (38, 45, 68, 38) 24.35237296481647 gpu 0
Q round373-s17 9 (8, 45, 52, 41) 28.009691758830144 gpu 1
Q round373-s17 10 (38, 69, 12, 63) 25.950504209043757 gpu 0
Q round373-s17 11 (39, 45, 44, 49) 23.779499237184208 gpu 1
Q round373-s17 12 (38, 45, 20, 8) 24.851882343663195 gpu 0
Q round373-s17 13 (63, 45, 4, 14) 26.820777248095307 gpu 1
Q round373-s17 14 (69, 4, 39, 55) 52.84186576144805 gpu 0
Q round373-s17 15 (33, 32, 17, 61) 97.4553895812037 gpu 1
TRIGGER_UPDATE 373 6064 ['stagnation', 'eligible_collapse'] {"new_labels_since_update": 256, "evals_since_best": 5172, "recent_n": 128, "recent_spearman": 0.6567077916132577, "recent_high_uncertainty_fraction": 0.078125, "sigma_ref_p90": 0.053539744019508374, "eligible_pool": 0, "eligible_floor": 120}
ROUND 373 n 6064 bestJ 17.544033723717053 best (24, 21, 52, 49) eligible 0 update 1 updates_total 27
Q round374-s17 0 (48, 13, 36, 9) 26.264091952660195 gpu 0
Q round374-s17 1 (39, 69, 20, 56) 23.769253082355192 gpu 1
Q round374-s17 2 (39, 69, 20, 32) 27.149295296272758 gpu 0
Q round374-s17 3 (39, 69, 44, 32) 25.461824379822854 gpu 1
Q round374-s17 4 (63, 45, 52, 17) 24.318685082989052 gpu 0
Q round374-s17 5 (63, 69, 20, 32) 24.223983949645834 gpu 1
Q round374-s17 6 (39, 69, 4, 56) 24.284546308132867 gpu 0
Q round374-s17 7 (63, 53, 20, 56) 23.627701881533934 gpu 1
Q round374-s17 8 (63, 53, 44, 56) 21.94911278269266 gpu 0
Q round374-s17 9 (39, 13, 20, 32) 25.216085220705686 gpu 1
Q round374-s17 10 (64, 53, 12, 32) 24.2999528059581 gpu 0
Q round374-s17 11 (39, 53, 4, 56) 24.13732739291267 gpu 1
Q round374-s17 12 (64, 69, 12, 32) 25.114568455202182 gpu 0
Q round374-s17 13 (63, 69, 20, 56) 22.976462318131393 gpu 1
Q round374-s17 14 (15, 33, 32, 46) 85.4315661030889 gpu 0
Q round374-s17 15 (3, 34, 1, 62) 54.9167542968889 gpu 1
ROUND 374 n 6080 bestJ 17.544033723717053 best (24, 21, 52, 49) eligible 0 update 0 updates_total 27
Q round375-s17 0 (39, 53, 44, 56) 23.743598823659415 gpu 0
Q round375-s17 1 (39, 29, 44, 56) 24.134747289324036 gpu 1
Q round375-s17 2 (64, 29, 28, 32) 23.946424128813817 gpu 0
Q round375-s17 3 (63, 69, 44, 56) 21.54771678593671 gpu 1
Q round375-s17 4 (39, 69, 4, 32) 26.356995705969883 gpu 0
Q round375-s17 5 (39, 29, 44, 32) 25.72111844867735 gpu 1
Q round375-s17 6 (64, 53, 28, 32) 23.25893290831111 gpu 0
Q round375-s17 7 (63, 69, 4, 56) 23.370823709774502 gpu 1
Q round375-s17 8 (63, 69, 4, 32) 23.710399054853955 gpu 0
Q round375-s17 9 (64, 69, 20, 56) 27.87446991964003 gpu 1
Q round375-s17 10 (64, 53, 12, 56) 23.35118019049363 gpu 0
Q round375-s17 11 (64, 69, 44, 56) 26.1378819489978 gpu 1
Q round375-s17 12 (64, 69, 20, 32) 30.01411202318969 gpu 0
Q round375-s17 13 (64, 69, 44, 32) 28.157602767193904 gpu 1
Q round375-s17 14 (16, 48, 5, 52) 115.13733316153346 gpu 0
Q round375-s17 15 (15, 50, 27, 6) 35.08960369232125 gpu 1
ROUND 375 n 6096 bestJ 17.544033723717053 best (24, 21, 52, 49) eligible 0 update 0 updates_total 27
Q round376-s17 0 (62, 53, 4, 48) 23.74369732978438 gpu 0
Q round376-s17 1 (62, 21, 28, 48) 21.46004231081071 gpu 1
Q round376-s17 2 (39, 69, 44, 56) 23.399887772190976 gpu 0
Q round376-s17 3 (63, 69, 44, 32) 23.015203444985772 gpu 1
Q round376-s17 4 (63, 53, 12, 32) 20.672135663006305 gpu 0
Q round376-s17 5 (39, 13, 20, 56) 23.11056525574113 gpu 1
Q round376-s17 6 (48, 21, 12, 16) 22.741187517939277 gpu 0
Q round376-s17 7 (63, 29, 44, 32) 23.736213652260247 gpu 1
Q round376-s17 8 (64, 29, 68, 32) 23.052750878770254 gpu 0
Q round376-s17 9 (63, 69, 12, 32) 20.344026187927756 gpu 1
Q round376-s17 10 (49, 69, 44, 16) 23.96975449726824 gpu 0
Q round376-s17 11 (64, 53, 68, 32) 21.747013555938025 gpu 1
Q round376-s17 12 (64, 29, 28, 56) 22.41912167517221 gpu 0
Q round376-s17 13 (63, 29, 4, 56) 24.410487088735007 gpu 1
Q round376-s17 14 (2, 13, 25, 29) 191.6845274047233 gpu 0
Q round376-s17 15 (21, 1, 61, 29) 110.30977208632112 gpu 1
ROUND 376 n 6112 bestJ 17.544033723717053 best (24, 21, 52, 49) eligible 0 update 0 updates_total 27
Q round377-s17 0 (39, 53, 4, 41) 21.9275429049392 gpu 0
Q round377-s17 1 (48, 53, 4, 17) 25.27776809991975 gpu 1
Q round377-s17 2 (38, 29, 68, 8) 22.319723244518272 gpu 0
Q round377-s17 3 (39, 69, 12, 32) 22.601960985595184 gpu 1
Q round377-s17 4 (39, 13, 44, 32) 23.547489963165177 gpu 0
Q round377-s17 5 (39, 21, 44, 0) 23.795200029712714 gpu 1
Q round377-s17 6 (63, 29, 20, 32) 25.280618666732412 gpu 0
Q round377-s17 7 (39, 53, 28, 32) 20.776598329614735 gpu 1
Q round377-s17 8 (39, 45, 12, 32) 26.51303540621201 gpu 0
Q round377-s17 9 (48, 29, 68, 9) 23.417398128245217 gpu 1
Q round377-s17 10 (39, 21, 28, 56) 26.436616342695697 gpu 0
Q round377-s17 11 (39, 13, 4, 56) 22.480224464885495 gpu 1
Q round377-s17 12 (63, 69, 60, 9) 24.9964067870763 gpu 0
Q round377-s17 13 (63, 13, 20, 32) 23.07540724932418 gpu 1
Q round377-s17 14 (32, 0, 12, 51) 75.73769301956682 gpu 0
Q round377-s17 15 (53, 39, 7, 36) 45.91639255183355 gpu 1
ROUND 377 n 6128 bestJ 17.544033723717053 best (24, 21, 52, 49) eligible 0 update 0 updates_total 27
Q round378-s17 0 (39, 53, 20, 32) 26.45714952076015 gpu 0
Q round378-s17 1 (39, 13, 44, 56) 21.870016786543353 gpu 1
Q round378-s17 2 (39, 29, 4, 56) 25.98969848452193 gpu 0
Q round378-s17 3 (63, 21, 28, 32) 25.97422370886715 gpu 1
Q round378-s17 4 (64, 69, 28, 32) 23.073468708220947 gpu 0
Q round378-s17 5 (39, 21, 52, 32) 26.332750112530736 gpu 1
Q round378-s17 6 (63, 45, 12, 32) 23.980157739052515 gpu 0
Q round378-s17 7 (39, 13, 4, 32) 25.153741628072815 gpu 1
Q round378-s17 8 (64, 69, 12, 56) 22.77226520451647 gpu 0
Q round378-s17 9 (64, 53, 20, 56) 28.319793142788853 gpu 1
Q round378-s17 10 (64, 29, 68, 56) 23.31121104550434 gpu 0
Q round378-s17 11 (64, 53, 44, 56) 26.071776965118595 gpu 1
Q round378-s17 12 (63, 21, 52, 32) 24.778883684889987 gpu 0
Q round378-s17 13 (64, 69, 4, 56) 28.85866339048211 gpu 1
Q round378-s17 14 (50, 44, 25, 41) 56.36515928215327 gpu 0
Q round378-s17 15 (70, 53, 5, 19) 110.52156261356569 gpu 1
ROUND 378 n 6144 bestJ 17.544033723717053 best (24, 21, 52, 49) eligible 0 update 0 updates_total 27
Q round379-s17 0 (24, 69, 36, 9) 22.198381735438634 gpu 0
Q round379-s17 1 (63, 29, 20, 56) 24.538440616119182 gpu 1
Q round379-s17 2 (39, 21, 52, 56) 23.977718387463526 gpu 0
Q round379-s17 3 (63, 5, 28, 17) 23.182077288552648 gpu 1
Q round379-s17 4 (63, 45, 28, 32) 22.383304777643993 gpu 0
Q round379-s17 5 (65, 69, 28, 24) 21.308345504005718 gpu 1
Q round379-s17 6 (39, 29, 4, 40) 24.12833860775398 gpu 0
Q round379-s17 7 (63, 45, 12, 56) 22.52883356120733 gpu 1
Q round379-s17 8 (39, 69, 68, 32) 20.989269811348567 gpu 0
Q round379-s17 9 (64, 53, 20, 32) 30.135421252550564 gpu 1
Q round379-s17 10 (8, 69, 44, 0) 25.092390508910523 gpu 0
Q round379-s17 11 (64, 45, 28, 32) 27.88267585109907 gpu 1
Q round379-s17 12 (39, 5, 68, 32) 28.14579311923987 gpu 0
Q round379-s17 13 (64, 53, 44, 32) 28.109200220792573 gpu 1
Q round379-s17 14 (24, 45, 66, 22) 48.58908595824285 gpu 0
Q round379-s17 15 (13, 50, 25, 34) 136.72003070719387 gpu 1
ROUND 379 n 6160 bestJ 17.544033723717053 best (24, 21, 52, 49) eligible 0 update 0 updates_total 27
Q round380-s17 0 (38, 29, 20, 40) 22.57970598156676 gpu 0
Q round380-s17 1 (39, 21, 68, 32) 28.673582668595653 gpu 1
Q round380-s17 2 (39, 21, 12, 56) 27.702037710560315 gpu 0
Q round380-s17 3 (63, 45, 68, 32) 22.88188534426305 gpu 1
Q round380-s17 4 (63, 21, 12, 32) 27.632470226671735 gpu 0
Q round380-s17 5 (39, 13, 12, 32) 20.1183778443577 gpu 1
Q round380-s17 6 (8, 45, 4, 40) 24.878530119566356 gpu 0
Q round380-s17 7 (63, 45, 52, 32) 20.647275227628914 gpu 1
Q round380-s17 8 (64, 69, 68, 32) 22.261524256995344 gpu 0
Q round380-s17 9 (63, 21, 28, 56) 23.854482317513153 gpu 1
Q round380-s17 10 (49, 69, 12, 64) 25.217387975429364 gpu 0
Q round380-s17 11 (64, 29, 20, 56) 30.16086884977793 gpu 1
Q round380-s17 12 (63, 21, 52, 56) 23.620911131686015 gpu 0
Q round380-s17 13 (64, 29, 44, 56) 27.77334332659391 gpu 1
Q round380-s17 14 (46, 49, 69, 44) 109.56552682525063 gpu 0
Q round380-s17 15 (60, 4, 70, 42) 137.9360431388301 gpu 1
ROUND 380 n 6176 bestJ 17.544033723717053 best (24, 21, 52, 49) eligible 0 update 0 updates_total 27
Q round381-s17 0 (24, 53, 44, 1) 23.042386580918112 gpu 0
Q round381-s17 1 (39, 53, 44, 32) 24.462485278624754 gpu 1
Q round381-s17 2 (39, 29, 20, 56) 26.319605507533648 gpu 0
Q round381-s17 3 (65, 53, 4, 48) 24.8736914741753 gpu 1
Q round381-s17 4 (39, 5, 28, 32) 27.891712012480667 gpu 0
Q round381-s17 5 (48, 53, 44, 17) 26.120971868835657 gpu 1
Q round381-s17 6 (48, 69, 20, 17) 25.015623893472835 gpu 0
Q round381-s17 7 (63, 21, 12, 56) 24.979557748615004 gpu 1
Q round381-s17 8 (64, 53, 28, 56) 22.183550328752023 gpu 0
Q round381-s17 9 (48, 29, 4, 41) 27.212559769581006 gpu 1
Q round381-s17 10 (64, 45, 28, 56) 25.756745914024116 gpu 0
Q round381-s17 11 (64, 45, 52, 32) 25.832507223012012 gpu 1
Q round381-s17 12 (39, 29, 4, 32) 27.608834924782283 gpu 0
Q round381-s17 13 (63, 21, 68, 56) 23.969194107175092 gpu 1
Q round381-s17 14 (50, 63, 58, 2) 153.75453107094032 gpu 0
Q round381-s17 15 (13, 36, 43, 0) 243.6885521468251 gpu 1
ROUND 381 n 6192 bestJ 17.544033723717053 best (24, 21, 52, 49) eligible 0 update 0 updates_total 27
Q round382-s17 0 (63, 29, 12, 32) 21.30610187802524 gpu 0
Q round382-s17 1 (65, 13, 20, 16) 22.70696151937955 gpu 1
Q round382-s17 2 (63, 53, 4, 56) 23.77794519033068 gpu 0
Q round382-s17 3 (39, 45, 68, 32) 24.75877424329531 gpu 1
Q round382-s17 4 (39, 45, 52, 32) 23.79603920963297 gpu 0
Q round382-s17 5 (63, 13, 44, 32) 19.88696851861417 gpu 1
Q round382-s17 6 (48, 53, 20, 17) 24.884269008673982 gpu 0
Q round382-s17 7 (38, 21, 44, 16) 24.92226742232051 gpu 1
Q round382-s17 8 (39, 53, 28, 56) 19.93625531999181 gpu 0
Q round382-s17 9 (64, 45, 52, 56) 24.640534706581708 gpu 1
Q round382-s17 10 (39, 5, 52, 32) 26.074718425362846 gpu 0
Q round382-s17 11 (63, 13, 20, 56) 20.57074169727617 gpu 1
Q round382-s17 12 (64, 5, 4, 22) 24.563418465989272 gpu 0
Q round382-s17 13 (64, 69, 4, 32) 30.369527501437208 gpu 1
Q round382-s17 14 (59, 43, 6, 0) 48.88572302002081 gpu 0
Q round382-s17 15 (36, 61, 28, 62) 51.45762030891238 gpu 1
ROUND 382 n 6208 bestJ 17.544033723717053 best (24, 21, 52, 49) eligible 0 update 0 updates_total 27
Q round383-s17 0 (39, 29, 28, 56) 21.554675832334997 gpu 0
Q round383-s17 1 (39, 69, 12, 56) 20.942958092917497 gpu 1
Q round383-s17 2 (48, 69, 4, 1) 25.886987463633737 gpu 0
Q round383-s17 3 (63, 29, 4, 32) 26.592164177974038 gpu 1
Q round383-s17 4 (64, 21, 28, 32) 32.782275626677325 gpu 0
Q round383-s17 5 (64, 21, 52, 56) 28.833768877701807 gpu 1
Q round383-s17 6 (63, 13, 4, 32) 21.8566668811864 gpu 0
Q round383-s17 7 (64, 13, 12, 32) 22.950734850458108 gpu 1
Q round383-s17 8 (39, 5, 52, 56) 23.93268032394213 gpu 0
Q round383-s17 9 (63, 45, 28, 56) 21.47559326362636 gpu 1
Q round383-s17 10 (39, 5, 12, 32) 29.40819211058468 gpu 0
Q round383-s17 11 (64, 45, 68, 32) 28.979441230460004 gpu 1
Q round383-s17 12 (63, 13, 44, 56) 19.68450633294309 gpu 0
Q round383-s17 13 (39, 45, 52, 41) 26.209713193768085 gpu 1
Q round383-s17 14 (5, 43, 25, 5) 318.92533310886057 gpu 0
Q round383-s17 15 (19, 4, 22, 71) 51.820191133784846 gpu 1
ROUND 383 n 6224 bestJ 17.544033723717053 best (24, 21, 52, 49) eligible 0 update 0 updates_total 27
Q round384-s17 0 (62, 29, 28, 8) 23.790107965194164 gpu 0
Q round384-s17 1 (63, 29, 44, 56) 22.55253798221363 gpu 1
Q round384-s17 2 (39, 29, 68, 32) 21.64200152125655 gpu 0
Q round384-s17 3 (39, 29, 20, 32) 27.95361252071988 gpu 1
Q round384-s17 4 (39, 53, 12, 56) 21.510795278860414 gpu 0
Q round384-s17 5 (63, 53, 4, 32) 23.752863229889 gpu 1
Q round384-s17 6 (65, 53, 68, 48) 25.078169345764223 gpu 0
Q round384-s17 7 (39, 29, 68, 56) 20.895482021642113 gpu 1
Q round384-s17 8 (39, 45, 52, 56) 21.150438989860014 gpu 0
Q round384-s17 9 (65, 45, 52, 64) 24.061773335638684 gpu 1
Q round384-s17 10 (49, 29, 12, 48) 27.568591113555225 gpu 0
Q round384-s17 11 (63, 5, 12, 17) 23.809158240158265 gpu 1
Q round384-s17 12 (39, 5, 12, 56) 27.855934319908418 gpu 0
Q round384-s17 13 (48, 53, 12, 32) 20.773171730460014 gpu 1
Q round384-s17 14 (5, 65, 8, 15) 63.651387236403906 gpu 0
Q round384-s17 15 (60, 37, 28, 27) 112.62283945877458 gpu 1
ROUND 384 n 6240 bestJ 17.544033723717053 best (24, 21, 52, 49) eligible 0 update 0 updates_total 27
Q round385-s17 0 (63, 53, 20, 17) 21.82207440163215 gpu 0
Q round385-s17 1 (39, 53, 4, 1) 23.231361742712117 gpu 1
Q round385-s17 2 (63, 53, 20, 1) 23.104104071256543 gpu 0
Q round385-s17 3 (38, 21, 52, 16) 19.95048936989669 gpu 1
Q round385-s17 4 (62, 5, 12, 40) 21.335898345817355 gpu 0
Q round385-s17 5 (63, 53, 20, 32) 23.78980082827297 gpu 1
Q round385-s17 6 (39, 45, 28, 32) 23.71210016462044 gpu 0
Q round385-s17 7 (48, 53, 4, 1) 25.708204022599567 gpu 1
Q round385-s17 8 (63, 5, 28, 32) 25.073700442408406 gpu 0
Q round385-s17 9 (64, 13, 20, 32) 28.47280626480114 gpu 1
Q round385-s17 10 (64, 53, 68, 56) 21.93499028628853 gpu 0
Q round385-s17 11 (63, 45, 68, 56) 20.542321057574714 gpu 1
Q round385-s17 12 (64, 29, 20, 32) 32.37889458455992 gpu 0
Q round385-s17 13 (64, 45, 68, 56) 25.693852337011457 gpu 1
Q round385-s17 14 (48, 59, 36, 69) 2544.2379278758667 gpu 0
Q round385-s17 15 (23, 23, 20, 50) 294.3249211204783 gpu 1
ROUND 385 n 6256 bestJ 17.544033723717053 best (24, 21, 52, 49) eligible 0 update 0 updates_total 27
Q round386-s17 0 (48, 21, 12, 0) 24.195911143045723 gpu 0
Q round386-s17 1 (39, 21, 68, 56) 25.53835258089955 gpu cache
Q round386-s17 2 (65, 69, 28, 63) 22.58456552145094 gpu 1
Q round386-s17 3 (64, 21, 52, 32) 31.178404323882038 gpu 0
Q round386-s17 4 (64, 29, 44, 32) 29.964990505224968 gpu 1
Q round386-s17 5 (64, 21, 28, 56) 29.97197921541366 gpu 0
Q round386-s17 6 (64, 53, 4, 56) 28.03815447574053 gpu 1
Q round386-s17 7 (64, 13, 44, 32) 25.89582139406443 gpu 0
Q round386-s17 8 (38, 45, 52, 40) 26.092802660314312 gpu 1
Q round386-s17 9 (64, 29, 52, 32) 22.565316629915223 gpu 0
Q round386-s17 10 (65, 21, 52, 24) 24.639646113986203 gpu 1
Q round386-s17 11 (64, 21, 68, 32) 32.14040852416619 gpu 0
Q round386-s17 12 (71, 69, 4, 9) 31.98777519226973 gpu 1
Q round386-s17 13 (63, 45, 52, 56) 20.73266128625189 gpu 0
Q round386-s17 14 (29, 52, 36, 5) 120.351695545502 gpu 1
Q round386-s17 15 (62, 18, 45, 45) 320.91513494835687 gpu 0
ROUND 386 n 6272 bestJ 17.544033723717053 best (24, 21, 52, 49) eligible 0 update 0 updates_total 27
Q round387-s17 0 (38, 45, 52, 0) 25.133066370331083 gpu 1
Q round387-s17 1 (48, 69, 12, 32) 20.91983170535199 gpu 0
Q round387-s17 2 (9, 69, 52, 39) 22.87261638143253 gpu 1
Q round387-s17 3 (25, 69, 68, 48) 26.183601508308662 gpu 0
Q round387-s17 4 (64, 13, 20, 56) 25.899881657915895 gpu 1
Q round387-s17 5 (64, 45, 12, 32) 30.21753440534391 gpu 0
Q round387-s17 6 (64, 45, 12, 56) 28.20947296824741 gpu 1
Q round387-s17 7 (39, 45, 44, 56) 27.513952511693276 gpu 0
Q round387-s17 8 (38, 69, 28, 25) 25.243881258419407 gpu 1
Q round387-s17 9 (48, 29, 12, 32) 20.24006892605429 gpu 0
Q round387-s17 10 (48, 45, 68, 1) 28.455580666103277 gpu 1
Q round387-s17 11 (48, 53, 28, 32) 21.74538169096907 gpu 0
Q round387-s17 12 (64, 13, 44, 56) 23.89901135005694 gpu 1
Q round387-s17 13 (64, 34, 20, 70) 19.971287528020827 gpu 0
Q round387-s17 14 (71, 12, 20, 41) 44.75736363847131 gpu 1
Q round387-s17 15 (32, 2, 12, 62) 60.94299485462473 gpu 0
ROUND 387 n 6288 bestJ 17.544033723717053 best (24, 21, 52, 49) eligible 0 update 0 updates_total 27
Q round388-s17 0 (39, 53, 68, 32) 20.745190450803722 gpu 1
Q round388-s17 1 (39, 53, 4, 32) 26.48742579036297 gpu 0
Q round388-s17 2 (63, 53, 12, 56) 19.33694771463097 gpu 1
Q round388-s17 3 (25, 13, 20, 48) 22.449988374618584 gpu 0
Q round388-s17 4 (63, 5, 68, 32) 25.642293283336308 gpu 1
Q round388-s17 5 (63, 13, 4, 56) 21.351261696215694 gpu 0
Q round388-s17 6 (39, 45, 20, 56) 29.8314235784127 gpu 1
Q round388-s17 7 (48, 58, 4, 39) 22.241621731049232 gpu 0
Q round388-s17 8 (64, 58, 4, 70) 21.642437129064337 gpu 1
Q round388-s17 9 (64, 58, 20, 70) 21.825529689195474 gpu 0
Q round388-s17 10 (64, 58, 4, 39) 31.28139150340244 gpu 1
Q round388-s17 11 (64, 34, 4, 70) 20.667820513700054 gpu 0
Q round388-s17 12 (63, 5, 12, 56) 25.75062017238103 gpu 1
Q round388-s17 13 (64, 21, 68, 56) 30.026501757913646 gpu 0
Q round388-s17 14 (29, 8, 34, 23) 39.78224857490949 gpu 1
Q round388-s17 15 (54, 59, 27, 22) 45.55638482008466 gpu 0
ROUND 388 n 6304 bestJ 17.544033723717053 best (24, 21, 52, 49) eligible 0 update 0 updates_total 27
Q round389-s17 0 (65, 13, 12, 48) 23.036140520887177 gpu 1
Q round389-s17 1 (63, 5, 52, 32) 24.410907091958315 gpu 0
Q round389-s17 2 (63, 5, 52, 56) 22.382165077261302 gpu 1
Q round389-s17 3 (62, 53, 44, 62) 24.39329179879955 gpu 0
Q round389-s17 4 (64, 58, 4, 63) 30.461885715298504 gpu 1
Q round389-s17 5 (64, 34, 44, 70) 21.74665176270818 gpu 0
Q round389-s17 6 (48, 58, 4, 62) 19.75703698566452 gpu 1
Q round389-s17 7 (64, 34, 4, 14) 21.247624351745472 gpu 0
Q round389-s17 8 (64, 29, 4, 56) 30.62295174973287 gpu 1
Q round389-s17 9 (64, 58, 44, 70) 20.26337769457333 gpu 0
Q round389-s17 10 (63, 45, 20, 56) 28.29930319048498 gpu 1
Q round389-s17 11 (48, 58, 4, 63) 21.729275283966423 gpu 0
Q round389-s17 12 (48, 58, 4, 38) 20.978609758384575 gpu 1
Q round389-s17 13 (63, 13, 44, 24) 25.893241263305825 gpu 0
Q round389-s17 14 (67, 25, 10, 34) 135.47654719732463 gpu 1
Q round389-s17 15 (47, 61, 32, 9) 83.27622704541551 gpu 0
TRIGGER_UPDATE 389 6320 ['stagnation', 'eligible_collapse'] {"new_labels_since_update": 256, "evals_since_best": 5428, "recent_n": 128, "recent_spearman": 0.45739676799121043, "recent_high_uncertainty_fraction": 0.3203125, "sigma_ref_p90": 0.04172264821827411, "eligible_pool": 0, "eligible_floor": 120}
ROUND 389 n 6320 bestJ 17.544033723717053 best (24, 21, 52, 49) eligible 0 update 1 updates_total 28
Q round390-s17 0 (64, 34, 4, 30) 20.62524734621091 gpu 1
Q round390-s17 1 (64, 34, 4, 54) 22.245781628347473 gpu 0
Q round390-s17 2 (64, 58, 4, 30) 20.421975752053932 gpu 1
Q round390-s17 3 (64, 58, 4, 54) 18.901226156325148 gpu 0
Q round390-s17 4 (24, 34, 4, 30) 23.56900318413172 gpu 1
Q round390-s17 5 (48, 58, 4, 70) 23.011835173940586 gpu 0
Q round390-s17 6 (64, 34, 20, 30) 21.037213663584893 gpu 1
Q round390-s17 7 (64, 58, 4, 14) 17.99428697266963 gpu 0
Q round390-s17 8 (64, 34, 44, 30) 22.761689271704693 gpu 1
Q round390-s17 9 (24, 58, 4, 30) 19.980787918416667 gpu 0
Q round390-s17 10 (64, 58, 20, 30) 20.860579667632862 gpu 1
Q round390-s17 11 (64, 58, 44, 30) 20.39306851233252 gpu 0
Q round390-s17 12 (48, 58, 4, 54) 24.807850045965356 gpu 1
Q round390-s17 13 (64, 50, 4, 70) 33.21059912104098 gpu 0
Q round390-s17 14 (9, 68, 18, 71) 69.91238892839007 gpu 1
Q round390-s17 15 (57, 12, 42, 64) 216.68851040973135 gpu 0
ROUND 390 n 6336 bestJ 17.544033723717053 best (24, 21, 52, 49) eligible 0 update 0 updates_total 28
Q round391-s17 0 (48, 58, 4, 30) 24.471668593017917 gpu 1
Q round391-s17 1 (24, 58, 4, 70) 19.523903681333326 gpu 0
Q round391-s17 2 (48, 34, 4, 54) 28.094864763564715 gpu 1
Q round391-s17 3 (64, 50, 4, 30) 32.1539696013645 gpu 0
Q round391-s17 4 (48, 58, 4, 14) 24.074832637015746 gpu 1
Q round391-s17 5 (64, 34, 20, 54) 21.68257213871619 gpu 0
Q round391-s17 6 (24, 34, 4, 54) 24.752393299887615 gpu 1
Q round391-s17 7 (63, 69, 68, 32) 20.112801038394196 gpu 0
Q round391-s17 8 (48, 34, 4, 14) 27.991982687396487 gpu 1
Q round391-s17 9 (39, 58, 4, 30) 19.369290996225008 gpu 0
Q round391-s17 10 (64, 34, 44, 54) 23.895747866748877 gpu 1
Q round391-s17 11 (48, 58, 20, 30) 23.422220837915294 gpu 0
Q round391-s17 12 (64, 58, 20, 54) 19.0747730585852 gpu 1
Q round391-s17 13 (48, 50, 4, 30) 23.892084069568384 gpu 0
Q round391-s17 14 (31, 25, 61, 29) 371.21241654147155 gpu 1
Q round391-s17 15 (1, 48, 5, 1) 115.07323358540523 gpu 0
ROUND 391 n 6352 bestJ 17.544033723717053 best (24, 21, 52, 49) eligible 0 update 0 updates_total 28
Q round392-s17 0 (48, 34, 4, 70) 26.787883014147273 gpu 1
Q round392-s17 1 (64, 50, 4, 54) 30.32553151492706 gpu 0
Q round392-s17 2 (39, 13, 28, 32) 18.958164689592312 gpu 1
Q round392-s17 3 (48, 50, 4, 70) 24.780583235587727 gpu 0
Q round392-s17 4 (39, 58, 4, 70) 18.74754776053772 gpu 1
Q round392-s17 5 (48, 58, 44, 30) 24.697882569120278 gpu 0
Q round392-s17 6 (64, 58, 44, 54) 19.06252389573295 gpu 1
Q round392-s17 7 (24, 34, 4, 14) 25.29835123929615 gpu 0
Q round392-s17 8 (64, 34, 20, 14) 22.45808014126294 gpu 1
Q round392-s17 9 (48, 34, 44, 30) 28.205019773265075 gpu 0
Q round392-s17 10 (24, 58, 4, 54) 21.591929384309687 gpu 1
Q round392-s17 11 (48, 58, 20, 70) 22.381825603719733 gpu 0
Q round392-s17 12 (48, 34, 20, 70) 25.691823676500825 gpu 1
Q round392-s17 13 (64, 34, 20, 62) 24.0103591615001 gpu 0
Q round392-s17 14 (33, 25, 61, 26) 195.6044549886924 gpu 1
Q round392-s17 15 (69, 43, 29, 21) 111.55708731870807 gpu 0
ROUND 392 n 6368 bestJ 17.544033723717053 best (24, 21, 52, 49) eligible 0 update 0 updates_total 28
Q round393-s17 0 (48, 34, 4, 30) 27.05962220779666 gpu 1
Q round393-s17 1 (24, 34, 4, 70) 23.179845203112333 gpu 0
Q round393-s17 2 (63, 13, 12, 32) 19.29765117190097 gpu 1
Q round393-s17 3 (39, 13, 12, 56) 19.093089772317434 gpu 0
Q round393-s17 4 (39, 69, 28, 56) 19.23373421709908 gpu 1
Q round393-s17 5 (39, 13, 68, 32) 19.044125327287023 gpu 0
Q round393-s17 6 (48, 34, 20, 30) 28.11695474770122 gpu 1
Q round393-s17 7 (39, 34, 4, 70) 23.12220098547614 gpu 0
Q round393-s17 8 (39, 69, 52, 32) 19.725141105379144 gpu 1
Q round393-s17 9 (48, 34, 4, 62) 24.134564047864625 gpu 0
Q round393-s17 10 (63, 53, 28, 32) 19.192592244666315 gpu 1
Q round393-s17 11 (64, 34, 44, 62) 23.1538598459439 gpu 0
Q round393-s17 12 (48, 34, 4, 38) 23.67681477518889 gpu 1
Q round393-s17 13 (63, 69, 52, 32) 21.82858611997097 gpu 0
Q round393-s17 14 (0, 20, 12, 50) 147.44776214733434 gpu 1
Q round393-s17 15 (11, 65, 58, 44) 200.3477110019319 gpu 0
ROUND 393 n 6384 bestJ 17.544033723717053 best (24, 21, 52, 49) eligible 0 update 0 updates_total 28
Q round394-s17 0 (39, 69, 68, 56) 19.89289472620948 gpu 1
Q round394-s17 1 (63, 69, 12, 56) 20.071382880961362 gpu 0
Q round394-s17 2 (39, 34, 4, 30) 25.19869538009696 gpu 1
Q round394-s17 3 (63, 69, 28, 32) 19.200390706202196 gpu 0
Q round394-s17 4 (39, 53, 68, 56) 19.343394937692853 gpu 1
Q round394-s17 5 (63, 53, 68, 32) 19.638227674798372 gpu 0
Q round394-s17 6 (24, 69, 12, 56) 19.612112651810786 gpu 1
Q round394-s17 7 (64, 34, 4, 62) 23.628954835209875 gpu 0
Q round394-s17 8 (64, 58, 20, 14) 18.266665262371223 gpu 1
Q round394-s17 9 (24, 53, 12, 56) 17.887259909496727 gpu 0
Q round394-s17 10 (64, 34, 44, 14) 23.332740185628953 gpu 1
Q round394-s17 11 (24, 69, 68, 32) 19.754415124364574 gpu 0
Q round394-s17 12 (24, 34, 44, 30) 24.11996064281574 gpu 1
Q round394-s17 13 (24, 34, 20, 62) 21.90628364709608 gpu 0
Q round394-s17 14 (59, 49, 71, 61) 60.722766386237254 gpu 1
Q round394-s17 15 (11, 61, 64, 64) 47.40991284577848 gpu 0
ROUND 394 n 6400 bestJ 17.544033723717053 best (24, 21, 52, 49) eligible 0 update 0 updates_total 28
Q round395-s17 0 (48, 58, 44, 70) 24.369361174502757 gpu 1
Q round395-s17 1 (24, 34, 44, 62) 22.394830884201912 gpu 0
Q round395-s17 2 (39, 53, 52, 32) 19.924724931091284 gpu 1
Q round395-s17 3 (63, 58, 4, 30) 21.99298578199178 gpu 0
Q round395-s17 4 (64, 50, 20, 30) 31.708672620251402 gpu 1
Q round395-s17 5 (64, 34, 20, 38) 24.634638582928012 gpu 0
Q round395-s17 6 (64, 58, 44, 14) 18.7242362014482 gpu 1
Q round395-s17 7 (64, 50, 4, 14) 31.82809588711675 gpu 0
Q round395-s17 8 (64, 34, 44, 38) 23.168770030997997 gpu 1
Q round395-s17 9 (64, 58, 20, 62) 28.745184592104604 gpu 0
Q round395-s17 10 (39, 69, 52, 56) 21.73679232838883 gpu 1
Q round395-s17 11 (64, 58, 44, 62) 26.965343898167525 gpu 0
Q round395-s17 12 (24, 58, 4, 14) 21.776631910948282 gpu 1
Q round395-s17 13 (63, 13, 12, 56) 22.13313832831968 gpu 0
Q round395-s17 14 (2, 31, 17, 50) 112.33787242108794 gpu 1
Q round395-s17 15 (10, 17, 54, 15) 70.58107362755504 gpu 0
ROUND 395 n 6416 bestJ 17.544033723717053 best (24, 21, 52, 49) eligible 0 update 0 updates_total 28
Q round396-s17 0 (63, 69, 68, 56) 21.879055203829118 gpu 1
Q round396-s17 1 (24, 34, 20, 30) 23.70237250982307 gpu 0
Q round396-s17 2 (48, 34, 44, 70) 29.29035099848613 gpu 1
Q round396-s17 3 (24, 29, 68, 56) 19.57711591979662 gpu 0
Q round396-s17 4 (64, 34, 4, 38) 24.911299966829233 gpu 1
Q round396-s17 5 (48, 58, 20, 62) 20.05135064892598 gpu 0
Q round396-s17 6 (24, 58, 20, 30) 19.398809910826603 gpu 1
Q round396-s17 7 (63, 29, 68, 32) 20.217654518960096 gpu 0
Q round396-s17 8 (39, 69, 28, 32) 20.50247414553893 gpu 1
Q round396-s17 9 (48, 34, 20, 62) 23.74050613833095 gpu 0
Q round396-s17 10 (63, 58, 4, 70) 22.363475922798916 gpu 1
Q round396-s17 11 (48, 58, 44, 62) 20.55658228752169 gpu 0
Q round396-s17 12 (64, 50, 44, 30) 28.942167213211537 gpu 1
Q round396-s17 13 (64, 58, 4, 62) 29.19704853828586 gpu 0
Q round396-s17 14 (70, 9, 66, 23) 132.40136075513874 gpu 1
Q round396-s17 15 (32, 69, 62, 11) 99.23746029143005 gpu 0
ROUND 396 n 6432 bestJ 17.544033723717053 best (24, 21, 52, 49) eligible 0 update 0 updates_total 28
Q round397-s17 0 (63, 53, 68, 56) 22.02069294486829 gpu 1
Q round397-s17 1 (24, 53, 68, 32) 18.110538560936412 gpu 0
Q round397-s17 2 (63, 34, 4, 30) 26.07738897543969 gpu 1
Q round397-s17 3 (39, 29, 52, 56) 20.404571485846294 gpu 0
Q round397-s17 4 (24, 58, 20, 62) 25.891792379183343 gpu 1
Q round397-s17 5 (64, 58, 12, 41) 23.063394017965535 gpu 0
Q round397-s17 6 (24, 69, 28, 32) 20.09521069940422 gpu 1
Q round397-s17 7 (63, 13, 68, 32) 21.23603164221239 gpu 0
Q round397-s17 8 (63, 13, 28, 32) 20.07664844797871 gpu 1
Q round397-s17 9 (24, 58, 44, 62) 23.39859010585558 gpu 0
Q round397-s17 10 (48, 34, 44, 62) 24.110873039137235 gpu 1
Q round397-s17 11 (63, 53, 52, 32) 21.343979772715386 gpu 0
Q round397-s17 12 (48, 34, 20, 38) 24.250331892913515 gpu 1
Q round397-s17 13 (24, 58, 44, 30) 21.934762082097947 gpu 0
Q round397-s17 14 (50, 17, 68, 20) 140.45195879056863 gpu 1
Q round397-s17 15 (2, 11, 48, 53) 283.24376458117393 gpu 0
ROUND 397 n 6448 bestJ 17.544033723717053 best (24, 21, 52, 49) eligible 0 update 0 updates_total 28
Q round398-s17 0 (63, 53, 28, 56) 21.10451892346121 gpu 1
Q round398-s17 1 (48, 50, 4, 54) 22.58579803945227 gpu 0
Q round398-s17 2 (24, 69, 68, 56) 20.660328701235148 gpu 1
Q round398-s17 3 (48, 58, 20, 38) 20.772249190485883 gpu 0
Q round398-s17 4 (24, 34, 44, 38) 21.864228846183565 gpu 1
Q round398-s17 5 (24, 34, 20, 38) 21.83364109934556 gpu 0
Q round398-s17 6 (64, 50, 20, 70) 32.839086754066834 gpu 1
Q round398-s17 7 (64, 58, 20, 38) 30.643531566883762 gpu 0
Q round398-s17 8 (48, 34, 44, 38) 24.45529674357469 gpu 1
Q round398-s17 9 (39, 34, 4, 54) 25.597562758249016 gpu 0
Q round398-s17 10 (48, 58, 44, 38) 20.059736426271417 gpu 1
Q round398-s17 11 (64, 34, 44, 41) 21.96746367853688 gpu 0
Q round398-s17 12 (64, 58, 44, 38) 27.693479471784155 gpu 1
Q round398-s17 13 (39, 58, 4, 54) 22.74034341525171 gpu 0
Q round398-s17 14 (23, 22, 19, 2) 227.34645664941684 gpu 1
Q round398-s17 15 (26, 14, 0, 62) 60.37570366399465 gpu 0
ROUND 398 n 6464 bestJ 17.544033723717053 best (24, 21, 52, 49) eligible 0 update 0 updates_total 28
Q round399-s17 0 (24, 34, 20, 70) 22.61051049672139 gpu 1
Q round399-s17 1 (64, 34, 20, 41) 23.499260303954816 gpu 0
Q round399-s17 2 (48, 34, 20, 54) 28.325309624261383 gpu 1
Q round399-s17 3 (39, 13, 52, 32) 21.021376024532824 gpu 0
Q round399-s17 4 (24, 34, 44, 70) 24.045321602463943 gpu 1
Q round399-s17 5 (39, 29, 52, 32) 20.578445263571403 gpu 0
Q round399-s17 6 (48, 58, 20, 54) 24.60177321575895 gpu 1
Q round399-s17 7 (64, 50, 44, 70) 30.512433642353432 gpu 0
Q round399-s17 8 (64, 58, 28, 49) 24.788097144878904 gpu 1
Q round399-s17 9 (48, 34, 44, 54) 29.0139979064305 gpu 0
Q round399-s17 10 (24, 53, 68, 56) 19.82688462139379 gpu 1
Q round399-s17 11 (24, 53, 28, 32) 18.249626395584947 gpu 0
Q round399-s17 12 (64, 58, 4, 38) 29.4883083116525 gpu 1
Q round399-s17 13 (24, 34, 4, 62) 22.474199111492556 gpu 0
Q round399-s17 14 (49, 57, 4, 70) 55.55185372158045 gpu 1
Q round399-s17 15 (20, 24, 57, 45) 30.81693252217063 gpu 0
ROUND 399 n 6480 bestJ 17.544033723717053 best (24, 21, 52, 49) eligible 0 update 0 updates_total 28
Q round400-s17 0 (39, 53, 52, 56) 22.36003725660081 gpu 1
Q round400-s17 1 (24, 69, 28, 56) 20.08209938127524 gpu 0
Q round400-s17 2 (64, 34, 28, 41) 19.874056441353087 gpu 1
Q round400-s17 3 (24, 29, 28, 56) 19.73970850608445 gpu 0
Q round400-s17 4 (64, 58, 28, 41) 22.85999088083357 gpu 1
Q round400-s17 5 (24, 58, 20, 38) 26.565695647663038 gpu 0
Q round400-s17 6 (24, 58, 44, 41) 24.57040088573284 gpu 1
Q round400-s17 7 (64, 13, 52, 56) 20.371098327178967 gpu 0
Q round400-s17 8 (24, 58, 44, 38) 24.793918897532016 gpu 1
Q round400-s17 9 (48, 58, 44, 54) 26.340104028923836 gpu 0
Q round400-s17 10 (39, 13, 28, 56) 20.572907768748294 gpu 1
Q round400-s17 11 (24, 53, 28, 56) 19.142176803130493 gpu 0
Q round400-s17 12 (24, 21, 60, 32) 18.981712932087127 gpu 1
Q round400-s17 13 (64, 58, 44, 41) 26.137210237702746 gpu 0
Q round400-s17 14 (46, 50, 68, 56) 42.05040398284007 gpu 1
Q round400-s17 15 (14, 57, 47, 50) 198.81475005568012 gpu 0
ROUND 400 n 6496 bestJ 17.544033723717053 best (24, 21, 52, 49) eligible 0 update 0 updates_total 28
Q round401-s17 0 (63, 34, 4, 70) 25.238606924560653 gpu 1
Q round401-s17 1 (64, 34, 28, 49) 19.427317093815073 gpu 0
Q round401-s17 2 (63, 29, 12, 56) 21.312468209630037 gpu 1
Q round401-s17 3 (24, 21, 36, 32) 18.816180465508737 gpu 0
Q round401-s17 4 (63, 29, 28, 32) 20.08730620501052 gpu 1
Q round401-s17 5 (64, 13, 68, 56) 20.06056663603094 gpu 0
Q round401-s17 6 (24, 58, 20, 41) 25.959148448371774 gpu 1
Q round401-s17 7 (64, 34, 12, 49) 20.67927262372376 gpu 0
Q round401-s17 8 (39, 34, 20, 70) 23.931082344492054 gpu 1
Q round401-s17 9 (64, 58, 20, 41) 29.002654771032905 gpu 0
Q round401-s17 10 (48, 58, 20, 14) 24.45185135981937 gpu 1
Q round401-s17 11 (39, 58, 20, 30) 19.67429942191582 gpu 0
Q round401-s17 12 (48, 34, 20, 14) 27.620551107919642 gpu 1
Q round401-s17 13 (24, 58, 20, 70) 19.053977917376667 gpu 0
Q round401-s17 14 (20, 30, 10, 31) 47.791971911083415 gpu 1
Q round401-s17 15 (8, 47, 27, 11) 62.26182449085909 gpu 0
ROUND 401 n 6512 bestJ 17.544033723717053 best (24, 21, 52, 49) eligible 0 update 0 updates_total 28
Q round402-s17 0 (48, 58, 20, 41) 22.31586299590559 gpu 1
Q round402-s17 1 (64, 58, 68, 49) 23.98490090670429 gpu 0
Q round402-s17 2 (48, 58, 44, 41) 21.71744365733549 gpu 1
Q round402-s17 3 (48, 34, 44, 41) 26.927369331668064 gpu 0
Q round402-s17 4 (39, 13, 68, 56) 20.645143188600482 gpu 1
Q round402-s17 5 (48, 58, 4, 41) 21.572327869213623 gpu 0
Q round402-s17 6 (64, 13, 28, 56) 19.101939774059527 gpu 1
Q round402-s17 7 (48, 69, 52, 32) 23.694934910443713 gpu 0
Q round402-s17 8 (39, 34, 4, 14) 26.060217925365134 gpu 1
Q round402-s17 9 (24, 13, 12, 32) 19.427283634753287 gpu 0
Q round402-s17 10 (48, 58, 44, 14) 25.81967679313208 gpu 1
Q round402-s17 11 (39, 58, 20, 70) 19.65616202100865 gpu 0
Q round402-s17 12 (48, 34, 44, 14) 29.26471220255874 gpu 1
Q round402-s17 13 (63, 21, 36, 32) 20.498449296791165 gpu 0
Q round402-s17 14 (14, 33, 49, 52) 77.61212817373101 gpu 1
Q round402-s17 15 (57, 18, 64, 41) 43.372981319087096 gpu 0
ROUND 402 n 6528 bestJ 17.544033723717053 best (24, 21, 52, 49) eligible 0 update 0 updates_total 28
Q round403-s17 0 (24, 34, 44, 41) 23.384931284013458 gpu 1
Q round403-s17 1 (63, 29, 52, 56) 22.3972738505002 gpu 0
Q round403-s17 2 (64, 34, 4, 41) 23.877999255467575 gpu 1
Q round403-s17 3 (48, 50, 4, 14) 23.450555678518903 gpu 0
Q round403-s17 4 (24, 29, 52, 32) 18.741171081629872 gpu 1
Q round403-s17 5 (24, 58, 4, 62) 25.23351682895195 gpu 0
Q round403-s17 6 (24, 29, 52, 56) 20.991274808584986 gpu 1
Q round403-s17 7 (39, 58, 4, 14) 21.867236697531865 gpu 0
Q round403-s17 8 (24, 58, 44, 70) 20.023461232531368 gpu 1
Q round403-s17 9 (48, 50, 44, 30) 23.253454546610914 gpu 0
Q round403-s17 10 (24, 69, 12, 32) 20.397434347340724 gpu 1
Q round403-s17 11 (39, 58, 44, 70) 21.10883026760128 gpu 0
Q round403-s17 12 (64, 34, 12, 38) 19.519726131066864 gpu 1
Q round403-s17 13 (24, 69, 52, 32) 20.656025898631327 gpu 0
Q round403-s17 14 (13, 37, 11, 1) 198.8378529493817 gpu 1
Q round403-s17 15 (37, 56, 34, 55) 47.63538285361958 gpu 0
ROUND 403 n 6544 bestJ 17.544033723717053 best (24, 21, 52, 49) eligible 0 update 0 updates_total 28
Q round404-s17 0 (63, 29, 52, 32) 21.071816916183483 gpu 1
Q round404-s17 1 (24, 34, 20, 41) 23.33775727659693 gpu 0
Q round404-s17 2 (39, 34, 44, 70) 25.52747433700535 gpu 1
Q round404-s17 3 (39, 58, 44, 30) 22.58242295947181 gpu 0
Q round404-s17 4 (64, 58, 12, 49) 24.154514691935205 gpu 1
Q round404-s17 5 (39, 21, 36, 56) 21.769957405111754 gpu 0
Q round404-s17 6 (64, 58, 12, 38) 24.182918839785938 gpu 1
Q round404-s17 7 (24, 34, 4, 38) 21.314220124549923 gpu 0
Q round404-s17 8 (63, 21, 60, 32) 22.715304475090107 gpu 1
Q round404-s17 9 (64, 34, 12, 62) 18.09434821341959 gpu 0
Q round404-s17 10 (64, 58, 12, 62) 24.068358369353675 gpu 1
Q round404-s17 11 (39, 58, 4, 62) 25.3213738920905 gpu 0
Q round404-s17 12 (63, 58, 4, 54) 23.53087256997266 gpu 1
Q round404-s17 13 (24, 53, 12, 32) 19.183875537036513 gpu 0
Q round404-s17 14 (37, 9, 22, 54) 81.00238094422095 gpu 1
Q round404-s17 15 (16, 53, 53, 24) 59.437911964999216 gpu 0
ROUND 404 n 6560 bestJ 17.544033723717053 best (24, 21, 52, 49) eligible 0 update 0 updates_total 28
Q round405-s17 0 (64, 34, 12, 41) 19.738472133258878 gpu 1
Q round405-s17 1 (64, 34, 68, 49) 19.966230189840473 gpu 0
Q round405-s17 2 (48, 50, 20, 30) 23.929252513455328 gpu 1
Q round405-s17 3 (48, 34, 4, 41) 25.04762845700223 gpu 0
Q round405-s17 4 (63, 34, 4, 54) 27.461653155857846 gpu 1
Q round405-s17 5 (39, 21, 36, 32) 21.864943384468546 gpu 0
Q round405-s17 6 (48, 50, 20, 70) 24.527406620594597 gpu 1
Q round405-s17 7 (48, 53, 52, 32) 24.015833341295853 gpu 0
Q round405-s17 8 (24, 21, 36, 56) 20.634909130727195 gpu 1
Q round405-s17 9 (63, 58, 4, 62) 23.571915329635786 gpu 0
Q round405-s17 10 (64, 58, 4, 41) 28.349613609609495 gpu 1
Q round405-s17 11 (64, 58, 68, 41) 23.778178316023983 gpu 0
Q round405-s17 12 (64, 45, 60, 56) 20.899662933173694 gpu 1
Q round405-s17 13 (64, 45, 36, 56) 20.95354477284441 gpu 0
Q round405-s17 14 (2, 20, 0, 68) 315.64681730073755 gpu 1
Q round405-s17 15 (11, 35, 17, 59) 176.10162072096549 gpu 0
TRIGGER_UPDATE 405 6576 ['stagnation', 'eligible_collapse'] {"new_labels_since_update": 256, "evals_since_best": 5684, "recent_n": 128, "recent_spearman": 0.37446209485442217, "recent_high_uncertainty_fraction": 0.140625, "sigma_ref_p90": 0.044303887337446245, "eligible_pool": 0, "eligible_floor": 120}
ROUND 405 n 6576 bestJ 17.544033723717053 best (24, 21, 52, 49) eligible 0 update 1 updates_total 29
Q round406-s17 0 (8, 29, 52, 32) 20.89786957821068 gpu 1
Q round406-s17 1 (8, 69, 68, 32) 21.35113898706032 gpu 0
Q round406-s17 2 (8, 29, 52, 56) 22.392050589281276 gpu 1
Q round406-s17 3 (8, 29, 68, 56) 21.048180544220656 gpu 0
Q round406-s17 4 (8, 69, 52, 32) 22.439166390911137 gpu 1
Q round406-s17 5 (8, 69, 12, 56) 19.815463859996385 gpu 0
Q round406-s17 6 (8, 53, 68, 32) 19.87552540783679 gpu 1
Q round406-s17 7 (8, 53, 12, 56) 19.550611066798965 gpu 0
Q round406-s17 8 (8, 69, 28, 56) 21.69342952015554 gpu 1
Q round406-s17 9 (8, 69, 68, 56) 21.5496103453846 gpu 0
Q round406-s17 10 (8, 69, 28, 32) 22.65106598938416 gpu 1
Q round406-s17 11 (8, 53, 52, 32) 21.680691953790667 gpu 0
Q round406-s17 12 (8, 53, 28, 56) 21.230348944682017 gpu 1
Q round406-s17 13 (8, 29, 28, 56) 20.03742088594811 gpu 0
Q round406-s17 14 (48, 67, 65, 39) 57.55626372565839 gpu 1
Q round406-s17 15 (56, 1, 69, 11) 51.13608576738714 gpu 0
ROUND 406 n 6592 bestJ 17.544033723717053 best (24, 21, 52, 49) eligible 53 update 0 updates_total 29
Q round407-s17 0 (8, 21, 36, 56) 20.481709203058266 gpu 1
Q round407-s17 1 (8, 21, 60, 56) 19.008373406388074 gpu 0
Q round407-s17 2 (8, 53, 28, 32) 20.964005627077942 gpu 1
Q round407-s17 3 (8, 53, 68, 56) 20.302214264636355 gpu 0
Q round407-s17 4 (8, 21, 60, 32) 17.943490620807136 gpu 1
Q round407-s17 5 (24, 21, 60, 56) 20.274180393474328 gpu 0
Q round407-s17 6 (24, 29, 68, 32) 18.68690418338336 gpu 1
Q round407-s17 7 (24, 5, 36, 56) 21.504161974685328 gpu 0
Q round407-s17 8 (8, 21, 36, 32) 17.880744584408994 gpu 1
Q round407-s17 9 (24, 5, 60, 56) 20.628491013556676 gpu 0
Q round407-s17 10 (24, 45, 36, 32) 23.589775941897173 gpu 1
Q round407-s17 11 (8, 13, 12, 32) 21.236529757548446 gpu 0
Q round407-s17 12 (24, 13, 12, 56) 20.505818052608593 gpu 1
Q round407-s17 13 (8, 29, 68, 32) 20.674293119339495 gpu 0
Q round407-s17 14 (17, 13, 47, 28) 52.09238627098574 gpu 1
Q round407-s17 15 (54, 26, 41, 41) 108.34532457559638 gpu 0
ROUND 407 n 6608 bestJ 17.544033723717053 best (24, 21, 52, 49) eligible 40 update 0 updates_total 29
Q round408-s17 0 (24, 45, 60, 32) 22.88981924398492 gpu 1
Q round408-s17 1 (8, 45, 60, 32) 20.803307801440013 gpu 0
Q round408-s17 2 (8, 13, 12, 56) 22.300658272625352 gpu 1
Q round408-s17 3 (8, 45, 36, 32) 21.529333576378033 gpu 0
Q round408-s17 4 (24, 13, 28, 32) 21.774698368908624 gpu 1
Q round408-s17 5 (24, 13, 68, 32) 21.312125085232637 gpu 0
Q round408-s17 6 (24, 5, 60, 32) 19.108073724498404 gpu 1
Q round408-s17 7 (24, 53, 52, 32) 20.870254335133975 gpu 0
Q round408-s17 8 (8, 5, 36, 56) 20.55087205496484 gpu 1
Q round408-s17 9 (8, 53, 12, 32) 20.542578409819225 gpu 0
Q round408-s17 10 (8, 5, 60, 56) 19.545563878575916 gpu 1
Q round408-s17 11 (24, 5, 36, 32) 18.519174210979383 gpu 0
Q round408-s17 12 (8, 69, 12, 32) 19.953821810142976 gpu 1
Q round408-s17 13 (24, 29, 12, 56) 19.034501252855527 gpu 0
Q round408-s17 14 (38, 34, 39, 21) 75.33186194080834 gpu 1
Q round408-s17 15 (10, 7, 33, 48) 59.881191973419064 gpu 0
ROUND 408 n 6624 bestJ 17.544033723717053 best (24, 21, 52, 49) eligible 23 update 0 updates_total 29
Q round409-s17 0 (8, 13, 68, 32) 23.465035587512794 gpu 1
Q round409-s17 1 (8, 13, 28, 32) 23.1763746403189 gpu 0
Q round409-s17 2 (8, 69, 52, 56) 22.14786850514659 gpu 1
Q round409-s17 3 (24, 29, 28, 32) 19.15209590292276 gpu 0
Q round409-s17 4 (8, 53, 52, 56) 21.873976514521136 gpu 1
Q round409-s17 5 (8, 29, 28, 32) 20.73654497424729 gpu 0
Q round409-s17 6 (24, 45, 36, 56) 26.02352084366823 gpu 1
Q round409-s17 7 (8, 45, 36, 56) 23.845537732758466 gpu 0
Q round409-s17 8 (8, 29, 12, 56) 19.419338861108702 gpu 1
Q round409-s17 9 (8, 45, 60, 56) 23.499979578307244 gpu 0
Q round409-s17 10 (8, 5, 60, 32) 17.620775599794463 gpu 1
Q round409-s17 11 (24, 45, 60, 56) 24.56529860412138 gpu 0
Q round409-s17 12 (8, 5, 36, 32) 18.172775602955667 gpu 1
Q round409-s17 13 (8, 13, 28, 56) 23.675422123246612 gpu 0
Q round409-s17 14 (32, 36, 5, 57) 56.16371589878276 gpu 1
Q round409-s17 15 (56, 68, 29, 17) 51.4496987804879 gpu 0
ROUND 409 n 6640 bestJ 17.544033723717053 best (24, 21, 52, 49) eligible 12 update 0 updates_total 29
Q round410-s17 0 (24, 69, 52, 56) 21.986489645436315 gpu 1
Q round410-s17 1 (63, 69, 28, 56) 21.17441230240711 gpu 0
Q round410-s17 2 (64, 13, 52, 32) 18.83979589870168 gpu 1
Q round410-s17 3 (24, 13, 28, 56) 22.514642798546987 gpu 0
Q round410-s17 4 (8, 13, 68, 56) 23.382723453754977 gpu 1
Q round410-s17 5 (8, 13, 52, 32) 24.224872853325067 gpu 0
Q round410-s17 6 (63, 29, 68, 56) 20.676276208454265 gpu 1
Q round410-s17 7 (64, 69, 52, 56) 19.765615081955715 gpu 0
Q round410-s17 8 (24, 13, 68, 56) 21.62228334916085 gpu 1
Q round410-s17 9 (63, 29, 28, 56) 20.760251948005884 gpu 0
Q round410-s17 10 (24, 13, 52, 32) 23.22116969094301 gpu 1
Q round410-s17 11 (64, 53, 52, 56) 20.763782054772168 gpu 0
Q round410-s17 12 (24, 53, 52, 56) 22.30600946291693 gpu 1
Q round410-s17 13 (24, 13, 44, 56) 18.935022520910184 gpu 0
Q round410-s17 14 (43, 19, 24, 37) 230.15610825778813 gpu 1
Q round410-s17 15 (42, 9, 52, 36) 397.7241656115605 gpu 0
ROUND 410 n 6656 bestJ 17.544033723717053 best (24, 21, 52, 49) eligible 0 update 0 updates_total 29
Q round411-s17 0 (39, 13, 52, 56) 22.9213328322917 gpu 1
Q round411-s17 1 (63, 13, 28, 56) 21.975592497109083 gpu 0
Q round411-s17 2 (63, 13, 52, 32) 22.64567582703028 gpu 1
Q round411-s17 3 (62, 69, 52, 56) 24.443593640605663 gpu 0
Q round411-s17 4 (63, 69, 52, 56) 23.405076457490757 gpu 1
Q round411-s17 5 (24, 13, 20, 56) 20.407693993949234 gpu 0
Q round411-s17 6 (63, 13, 68, 56) 22.320907074688435 gpu 1
Q round411-s17 7 (24, 29, 12, 32) 21.041190520933856 gpu 0
Q round411-s17 8 (64, 29, 36, 32) 24.479412853438724 gpu 1
Q round411-s17 9 (63, 45, 36, 32) 24.066828226034175 gpu 0
Q round411-s17 10 (39, 45, 36, 32) 22.833879010225793 gpu 1
Q round411-s17 11 (63, 21, 36, 56) 22.464727471491344 gpu 0
Q round411-s17 12 (64, 29, 60, 32) 22.16266211373777 gpu 1
Q round411-s17 13 (39, 45, 60, 32) 20.91144620599277 gpu 0
Q round411-s17 14 (30, 17, 55, 40) 114.56915325866578 gpu 1
Q round411-s17 15 (19, 36, 57, 20) 445.745779779753 gpu 0
ROUND 411 n 6672 bestJ 17.544033723717053 best (24, 21, 52, 49) eligible 0 update 0 updates_total 29
Q round412-s17 0 (62, 13, 28, 56) 24.413282591934266 gpu 1
Q round412-s17 1 (62, 13, 12, 56) 20.8519320098353 gpu 0
Q round412-s17 2 (62, 13, 52, 32) 25.102576669083113 gpu 1
Q round412-s17 3 (39, 45, 36, 56) 24.811173735778052 gpu 0
Q round412-s17 4 (39, 21, 60, 56) 22.242528415523804 gpu 1
Q round412-s17 5 (62, 69, 68, 56) 20.688094345979383 gpu 0
Q round412-s17 6 (63, 53, 52, 56) 22.81486114526968 gpu 1
Q round412-s17 7 (64, 69, 52, 32) 21.867078730014025 gpu 0
Q round412-s17 8 (63, 5, 36, 56) 22.501626188972313 gpu 1
Q round412-s17 9 (63, 21, 60, 56) 21.320652828581448 gpu 0
Q round412-s17 10 (38, 13, 52, 56) 23.133455319964405 gpu 1
Q round412-s17 11 (38, 13, 68, 56) 20.556911588570795 gpu 0
Q round412-s17 12 (8, 29, 12, 32) 22.497936162738526 gpu 1
Q round412-s17 13 (39, 45, 60, 56) 24.308768493184715 gpu 0
Q round412-s17 14 (10, 29, 39, 29) 228.41724214587748 gpu 1
Q round412-s17 15 (50, 15, 59, 34) 118.65165568850792 gpu 0
ROUND 412 n 6688 bestJ 17.544033723717053 best (24, 21, 52, 49) eligible 0 update 0 updates_total 29
Q round413-s17 0 (38, 69, 52, 56) 22.928075759931456 gpu 1
Q round413-s17 1 (63, 45, 60, 32) 23.035694004861096 gpu 0
Q round413-s17 2 (62, 13, 68, 56) 23.471027535406638 gpu 1
Q round413-s17 3 (62, 69, 52, 32) 21.36505330600147 gpu 0
Q round413-s17 4 (63, 5, 60, 56) 21.889590592164257 gpu 1
Q round413-s17 5 (38, 13, 28, 56) 22.36461637961547 gpu 0
Q round413-s17 6 (64, 34, 52, 62) 21.06877309660434 gpu 1
Q round413-s17 7 (39, 21, 60, 32) 22.64850334798118 gpu 0
Q round413-s17 8 (64, 53, 52, 32) 21.900561254239058 gpu 1
Q round413-s17 9 (38, 13, 52, 32) 21.27637240212447 gpu 0
Q round413-s17 10 (64, 34, 52, 38) 19.798578459635184 gpu 1
Q round413-s17 11 (39, 5, 36, 56) 20.503854837283 gpu 0
Q round413-s17 12 (24, 34, 12, 62) 22.72468171301742 gpu 1
Q round413-s17 13 (64, 58, 52, 62) 22.414929253527042 gpu 0
Q round413-s17 14 (42, 3, 52, 11) 103.95895933767763 gpu 1
Q round413-s17 15 (30, 51, 32, 17) 47.96499145072856 gpu 0
ROUND 413 n 6704 bestJ 17.544033723717053 best (24, 21, 52, 49) eligible 0 update 0 updates_total 29
Q round414-s17 0 (62, 53, 52, 56) 22.923167285605874 gpu 1
Q round414-s17 1 (62, 29, 52, 56) 21.65486652642757 gpu 0
Q round414-s17 2 (62, 69, 28, 56) 22.001355377682167 gpu 1
Q round414-s17 3 (39, 5, 60, 56) 22.75014949357858 gpu 0
Q round414-s17 4 (63, 45, 36, 56) 26.3211265041324 gpu 1
Q round414-s17 5 (24, 45, 52, 56) 18.25402387613731 gpu 0
Q round414-s17 6 (64, 58, 52, 38) 22.875822061092986 gpu 1
Q round414-s17 7 (62, 13, 28, 32) 22.254721637012974 gpu 0
Q round414-s17 8 (63, 5, 36, 32) 20.392079414179968 gpu 1
Q round414-s17 9 (24, 34, 12, 38) 21.829852294672126 gpu 0
Q round414-s17 10 (64, 34, 12, 70) 24.823694447732844 gpu 1
Q round414-s17 11 (63, 5, 60, 32) 21.73997694035747 gpu 0
Q round414-s17 12 (64, 34, 12, 30) 24.598780577137184 gpu 1
Q round414-s17 13 (48, 13, 52, 32) 25.500668790442127 gpu 0
Q round414-s17 14 (5, 37, 66, 63) 198.22282356716954 gpu 1
Q round414-s17 15 (31, 67, 22, 53) 51.457355758561484 gpu 0
ROUND 414 n 6720 bestJ 17.544033723717053 best (24, 21, 52, 49) eligible 0 update 0 updates_total 29
Q round415-s17 0 (24, 34, 28, 38) 25.227044487857064 gpu 1
Q round415-s17 1 (64, 34, 68, 62) 18.68210759744399 gpu 0
Q round415-s17 2 (64, 58, 12, 70) 20.543234137842962 gpu 1
Q round415-s17 3 (64, 13, 68, 32) 21.203198617462117 gpu 0
Q round415-s17 4 (64, 58, 12, 30) 21.060251443216806 gpu 1
Q round415-s17 5 (24, 58, 12, 62) 16.825838026224016 gpu 0
Q round415-s17 6 (24, 34, 28, 62) 25.63415372630524 gpu 1
Q round415-s17 7 (64, 69, 36, 32) 24.100693279912534 gpu 0
Q round415-s17 8 (38, 13, 12, 56) 21.967943943486244 gpu 1
Q round415-s17 9 (64, 58, 68, 62) 23.738965375950208 gpu 0
Q round415-s17 10 (48, 29, 52, 32) 23.30694468022004 gpu 1
Q round415-s17 11 (24, 58, 12, 38) 20.433838120190096 gpu 0
Q round415-s17 12 (8, 13, 44, 56) 22.070802760646067 gpu 1
Q round415-s17 13 (64, 34, 68, 38) 15.477280283970245 gpu 0
Q round415-s17 14 (6, 14, 40, 6) 119.61626026408598 gpu 1
Q round415-s17 15 (5, 53, 27, 16) 795.8744756205062 gpu 0
ROUND 415 n 6736 bestJ 15.477280283970245 best (64, 34, 68, 38) eligible 0 update 0 updates_total 29
Q round416-s17 0 (62, 13, 68, 32) 21.380410290092396 gpu 1
Q round416-s17 1 (38, 53, 52, 56) 22.63925955443444 gpu 0
Q round416-s17 2 (64, 29, 52, 56) 22.353905898947627 gpu 1
Q round416-s17 3 (64, 34, 28, 62) 19.502504467750065 gpu 0
Q round416-s17 4 (24, 58, 28, 38) 20.452025831651817 gpu 1
Q round416-s17 5 (48, 13, 68, 32) 23.781382061439402 gpu 0
Q round416-s17 6 (63, 45, 60, 56) 26.412787800080586 gpu 1
Q round416-s17 7 (64, 58, 68, 38) 24.016306309075073 gpu 0
Q round416-s17 8 (24, 58, 28, 62) 20.364304880155466 gpu 1
Q round416-s17 9 (39, 29, 28, 32) 21.31940518835475 gpu 0
Q round416-s17 10 (64, 58, 28, 62) 23.2905325186086 gpu 1
Q round416-s17 11 (64, 34, 12, 14) 25.303194035809017 gpu 0
Q round416-s17 12 (38, 69, 68, 56) 22.739450513980273 gpu 1
Q round416-s17 13 (64, 34, 28, 38) 16.82743616278931 gpu 0
Q round416-s17 14 (22, 30, 20, 29) 271.73437036459217 gpu 1
Q round416-s17 15 (37, 36, 46, 18) 47.534735442000425 gpu 0
ROUND 416 n 6752 bestJ 15.477280283970245 best (64, 34, 68, 38) eligible 0 update 0 updates_total 29
Q round417-s17 0 (64, 58, 12, 14) 22.9792141181969 gpu 1
Q round417-s17 1 (24, 34, 44, 14) 25.638101805304153 gpu 0
Q round417-s17 2 (8, 13, 20, 56) 22.927195963206326 gpu 1
Q round417-s17 3 (24, 34, 20, 14) 25.43738771972814 gpu 0
Q round417-s17 4 (64, 13, 28, 32) 21.224447536054832 gpu 1
Q round417-s17 5 (8, 13, 52, 56) 22.894121357150457 gpu 0
Q round417-s17 6 (64, 58, 28, 38) 24.838841808605807 gpu 1
Q round417-s17 7 (24, 34, 68, 38) 24.738652459259036 gpu 0
Q round417-s17 8 (64, 34, 12, 54) 25.978640977165284 gpu 1
Q round417-s17 9 (63, 13, 52, 56) 24.933299376387282 gpu 0
Q round417-s17 10 (24, 58, 44, 54) 22.80526032398347 gpu 1
Q round417-s17 11 (64, 58, 12, 54) 23.297228308948032 gpu 0
Q round417-s17 12 (63, 58, 44, 70) 23.80516105668074 gpu 1
Q round417-s17 13 (64, 53, 36, 32) 24.02498553662681 gpu 0
Q round417-s17 14 (34, 53, 63, 47) 37.78666808860296 gpu 1
Q round417-s17 15 (18, 68, 18, 7) 133.68505545599174 gpu 0
ROUND 417 n 6768 bestJ 15.477280283970245 best (64, 34, 68, 38) eligible 0 update 0 updates_total 29
Q round418-s17 0 (24, 34, 44, 54) 25.94230133122443 gpu 1
Q round418-s17 1 (39, 58, 44, 54) 24.383347931266353 gpu 0
Q round418-s17 2 (38, 29, 52, 56) 22.95884796024424 gpu 1
Q round418-s17 3 (62, 13, 12, 32) 21.35802010243728 gpu 0
Q round418-s17 4 (38, 69, 52, 32) 22.32411315152282 gpu 1
Q round418-s17 5 (63, 58, 20, 70) 21.410835575931017 gpu 0
Q round418-s17 6 (39, 58, 20, 54) 22.496452992509536 gpu 1
Q round418-s17 7 (24, 58, 44, 14) 22.524176614133694 gpu 0
Q round418-s17 8 (64, 34, 28, 30) 25.32963307994247 gpu 1
Q round418-s17 9 (64, 58, 28, 30) 21.88737884337503 gpu 0
Q round418-s17 10 (39, 5, 60, 32) 22.118630315878068 gpu 1
Q round418-s17 11 (48, 69, 68, 32) 22.60828327868497 gpu 0
Q round418-s17 12 (24, 34, 52, 56) 25.52320284121526 gpu 1
Q round418-s17 13 (64, 69, 68, 56) 22.26716391185145 gpu 0
Q round418-s17 14 (6, 10, 11, 51) 382.5565151729369 gpu 1
Q round418-s17 15 (23, 47, 65, 62) 123.04949603812759 gpu 0
ROUND 418 n 6784 bestJ 15.477280283970245 best (64, 34, 68, 38) eligible 0 update 0 updates_total 29
Q round419-s17 0 (48, 13, 28, 32) 23.7738366728292 gpu 1
Q round419-s17 1 (24, 58, 20, 14) 20.924890701793736 gpu 0
Q round419-s17 2 (24, 34, 68, 62) 25.408067540235926 gpu 1
Q round419-s17 3 (38, 13, 68, 32) 22.323505447324628 gpu 0
Q round419-s17 4 (39, 5, 36, 32) 22.068762093912447 gpu 1
Q round419-s17 5 (24, 58, 52, 56) 28.059059214586107 gpu 0
Q round419-s17 6 (64, 69, 60, 32) 23.776174180325665 gpu 1
Q round419-s17 7 (63, 58, 20, 54) 23.774948731723825 gpu 0
Q round419-s17 8 (63, 34, 20, 54) 27.593158720356143 gpu 1
Q round419-s17 9 (63, 58, 20, 30) 23.019215688316258 gpu 0
Q round419-s17 10 (39, 58, 44, 14) 24.1161841913534 gpu 1
Q round419-s17 11 (48, 69, 12, 56) 22.728037672958614 gpu 0
Q round419-s17 12 (24, 58, 68, 38) 20.14721125055291 gpu 1
Q round419-s17 13 (39, 58, 20, 14) 21.823934076918263 gpu 0
Q round419-s17 14 (45, 2, 28, 4) 107.71062008139208 gpu 1
Q round419-s17 15 (7, 57, 70, 4) 91.07077944802852 gpu 0
ROUND 419 n 6800 bestJ 15.477280283970245 best (64, 34, 68, 38) eligible 0 update 0 updates_total 29
Q round420-s17 0 (62, 13, 52, 56) 25.645184027806916 gpu 1
Q round420-s17 1 (62, 53, 52, 32) 21.793097690633108 gpu 0
Q round420-s17 2 (24, 58, 20, 54) 21.861647288115456 gpu 1
Q round420-s17 3 (62, 69, 12, 56) 23.063291517010466 gpu 0
Q round420-s17 4 (39, 34, 44, 14) 27.26529159192856 gpu 1
Q round420-s17 5 (39, 34, 20, 14) 25.16726510720595 gpu 0
Q round420-s17 6 (63, 58, 44, 30) 24.712794780904538 gpu 1
Q round420-s17 7 (64, 29, 36, 56) 25.44526036802689 gpu 0
Q round420-s17 8 (62, 69, 68, 32) 20.987442582867715 gpu 1
Q round420-s17 9 (48, 29, 68, 56) 23.08607332442227 gpu 0
Q round420-s17 10 (64, 34, 28, 70) 25.11583592228169 gpu 1
Q round420-s17 11 (64, 58, 28, 70) 20.732048293152932 gpu 0
Q round420-s17 12 (63, 58, 44, 14) 25.393144328981954 gpu 1
Q round420-s17 13 (63, 58, 20, 14) 24.624045553012703 gpu 0
Q round420-s17 14 (66, 18, 66, 50) 327.7295705113678 gpu 1
Q round420-s17 15 (11, 69, 27, 53) 98.38319976623315 gpu 0
ROUND 420 n 6816 bestJ 15.477280283970245 best (64, 34, 68, 38) eligible 0 update 0 updates_total 29
Q round421-s17 0 (38, 69, 28, 56) 21.57786077641793 gpu 1
Q round421-s17 1 (63, 34, 44, 14) 29.808595212984645 gpu 0
Q round421-s17 2 (48, 13, 12, 32) 22.19697101958735 gpu 1
Q round421-s17 3 (24, 34, 52, 49) 24.718499545604885 gpu 0
Q round421-s17 4 (63, 58, 52, 56) 26.857678296848718 gpu 1
Q round421-s17 5 (64, 34, 68, 30) 25.061458068337963 gpu 0
Q round421-s17 6 (64, 58, 68, 30) 21.617988132041074 gpu 1
Q round421-s17 7 (24, 58, 68, 62) 20.823932738210505 gpu 0
Q round421-s17 8 (64, 45, 60, 32) 22.262992307132713 gpu 1
Q round421-s17 9 (48, 29, 12, 56) 20.82157406397594 gpu 0
Q round421-s17 10 (24, 13, 52, 56) 23.220652695387717 gpu 1
Q round421-s17 11 (63, 34, 4, 14) 27.424225848162028 gpu 0
Q round421-s17 12 (63, 34, 12, 62) 24.382363901422845 gpu 1
Q round421-s17 13 (8, 29, 36, 32) 25.563909556827348 gpu 0
Q round421-s17 14 (50, 0, 37, 46) 53.16540327165732 gpu 1
Q round421-s17 15 (70, 70, 34, 32) 162.1955292113784 gpu 0
TRIGGER_UPDATE 421 6832 ['eligible_collapse'] {"new_labels_since_update": 256, "evals_since_best": 98, "recent_n": 128, "recent_spearman": 0.47514191540010986, "recent_high_uncertainty_fraction": 0.046875, "sigma_ref_p90": 0.056055767461657524, "eligible_pool": 0, "eligible_floor": 120}
ROUND 421 n 6832 bestJ 15.477280283970245 best (64, 34, 68, 38) eligible 0 update 1 updates_total 30
Q round422-s17 0 (8, 45, 52, 56) 20.504449519413484 gpu 1
Q round422-s17 1 (24, 58, 52, 49) 20.122781054485984 gpu 0
Q round422-s17 2 (64, 34, 52, 41) 22.536080313325193 gpu 1
Q round422-s17 3 (24, 58, 12, 39) 20.998505274641676 gpu 0
Q round422-s17 4 (24, 34, 12, 39) 22.521176140954935 gpu 1
Q round422-s17 5 (24, 13, 44, 32) 20.56696752941677 gpu 0
Q round422-s17 6 (8, 34, 12, 38) 23.639763754951503 gpu 1
Q round422-s17 7 (8, 34, 12, 62) 24.785055900111892 gpu 0
Q round422-s17 8 (8, 58, 12, 38) 24.15068903539216 gpu 1
Q round422-s17 9 (64, 58, 36, 65) 20.668444135965807 gpu 0
Q round422-s17 10 (64, 34, 36, 65) 20.181234251920767 gpu 1
Q round422-s17 11 (64, 34, 68, 41) 20.241620709509387 gpu 0
Q round422-s17 12 (24, 13, 4, 56) 19.969873185003507 gpu 1
Q round422-s17 13 (8, 58, 12, 62) 19.449758995964196 gpu 0
Q round422-s17 14 (25, 39, 22, 69) 165.66282097345126 gpu 1
Q round422-s17 15 (42, 30, 30, 36) 44.87729727441664 gpu 0
ROUND 422 n 6848 bestJ 15.477280283970245 best (64, 34, 68, 38) eligible 0 update 0 updates_total 30
Q round423-s17 0 (64, 58, 52, 41) 22.216000246838043 gpu 1
Q round423-s17 1 (24, 34, 68, 49) 23.881327405121844 gpu 0
Q round423-s17 2 (64, 34, 52, 49) 16.059409140088924 gpu 1
Q round423-s17 3 (24, 58, 12, 63) 21.46483621569687 gpu 0
Q round423-s17 4 (24, 13, 20, 32) 23.752235138281865 gpu 1
Q round423-s17 5 (24, 34, 12, 63) 23.828285286325293 gpu 0
Q round423-s17 6 (64, 58, 60, 65) 20.948279941937205 gpu 1
Q round423-s17 7 (24, 45, 52, 32) 21.219718594815067 gpu 0
Q round423-s17 8 (64, 34, 60, 65) 17.47292613559809 gpu 1
Q round423-s17 9 (64, 34, 52, 39) 22.283581363865867 gpu 0
Q round423-s17 10 (64, 58, 52, 39) 21.90588084789769 gpu 1
Q round423-s17 11 (64, 58, 52, 49) 22.528692812687368 gpu 0
Q round423-s17 12 (64, 34, 68, 39) 20.502813365410997 gpu 1
Q round423-s17 13 (24, 58, 68, 49) 19.932940752129266 gpu 0
Q round423-s17 14 (34, 40, 16, 13) 36.88118769947359 gpu 1
Q round423-s17 15 (50, 64, 20, 64) 160.6842447731928 gpu 0
ROUND 423 n 6864 bestJ 15.477280283970245 best (64, 34, 68, 38) eligible 0 update 0 updates_total 30
Q round424-s17 0 (39, 58, 68, 38) 21.130909521816356 gpu 1
Q round424-s17 1 (39, 58, 68, 62) 20.862763024458047 gpu 0
Q round424-s17 2 (39, 34, 68, 38) 22.740668276405977 gpu 1
Q round424-s17 3 (63, 58, 12, 62) 21.03760353133377 gpu 0
Q round424-s17 4 (39, 58, 28, 62) 20.426934364056518 gpu 1
Q round424-s17 5 (39, 34, 68, 62) 24.955142780216736 gpu 0
Q round424-s17 6 (24, 58, 12, 41) 19.759511983699888 gpu 1
Q round424-s17 7 (24, 58, 28, 39) 21.717244510578503 gpu 0
Q round424-s17 8 (64, 58, 68, 39) 23.898578275775016 gpu 1
Q round424-s17 9 (39, 34, 28, 62) 24.147675692779544 gpu 0
Q round424-s17 10 (8, 34, 28, 38) 27.70259995477953 gpu 1
Q round424-s17 11 (64, 34, 68, 63) 22.212241182826418 gpu 0
Q round424-s17 12 (8, 34, 52, 49) 26.77354276536073 gpu 1
Q round424-s17 13 (24, 58, 52, 38) 21.765555996678927 gpu 0
Q round424-s17 14 (65, 64, 16, 61) 219.89470589558542 gpu 1
Q round424-s17 15 (18, 21, 59, 28) 111.91460411621841 gpu 0
ROUND 424 n 6880 bestJ 15.477280283970245 best (64, 34, 68, 38) eligible 0 update 0 updates_total 30
Q round425-s17 0 (24, 34, 28, 41) 26.801283802644377 gpu 1
Q round425-s17 1 (63, 58, 28, 38) 21.075890382973366 gpu 0
Q round425-s17 2 (64, 13, 12, 56) 21.641554618732744 gpu 1
Q round425-s17 3 (63, 58, 12, 38) 20.794663441201315 gpu 0
Q round425-s17 4 (24, 34, 28, 39) 24.730038547424435 gpu 1
Q round425-s17 5 (39, 58, 28, 38) 21.590243905295242 gpu 0
Q round425-s17 6 (64, 58, 68, 63) 22.686524402324196 gpu 1
Q round425-s17 7 (8, 58, 52, 49) 22.63595412513719 gpu 0
Q round425-s17 8 (39, 34, 28, 38) 23.480011120268916 gpu 1
Q round425-s17 9 (8, 58, 28, 38) 22.910551901759558 gpu 0
Q round425-s17 10 (24, 34, 52, 65) 22.870521528246066 gpu 1
Q round425-s17 11 (24, 34, 52, 38) 26.004308855612482 gpu 0
Q round425-s17 12 (8, 34, 68, 38) 27.319337646934912 gpu 1
Q round425-s17 13 (63, 58, 68, 38) 20.648020682236965 gpu 0
Q round425-s17 14 (64, 58, 38, 33) 48.7517843742803 gpu 1
Q round425-s17 15 (30, 17, 9, 36) 76.11791292861524 gpu 0
ROUND 425 n 6896 bestJ 15.477280283970245 best (64, 34, 68, 38) eligible 0 update 0 updates_total 30
Q round426-s17 0 (63, 58, 28, 62) 21.79219605675002 gpu 1
Q round426-s17 1 (63, 34, 12, 38) 23.941486755819216 gpu 0
Q round426-s17 2 (64, 58, 52, 63) 21.03464924952642 gpu 1
Q round426-s17 3 (39, 34, 12, 62) 21.32206130708734 gpu 0
Q round426-s17 4 (62, 29, 52, 32) 22.01599173449862 gpu 1
Q round426-s17 5 (64, 34, 52, 63) 22.91439300206022 gpu 0
Q round426-s17 6 (39, 58, 12, 62) 20.800538682243825 gpu 1
Q round426-s17 7 (39, 58, 52, 38) 20.25153388384671 gpu 0
Q round426-s17 8 (63, 34, 28, 38) 25.572559239110422 gpu 1
Q round426-s17 9 (24, 34, 28, 49) 23.75730922372081 gpu 0
Q round426-s17 10 (8, 34, 28, 62) 26.69946002130135 gpu 1
Q round426-s17 11 (8, 34, 68, 49) 25.785826660956605 gpu 0
Q round426-s17 12 (39, 34, 12, 38) 20.70017122693584 gpu 1
Q round426-s17 13 (8, 58, 28, 62) 23.000898847882414 gpu 0
Q round426-s17 14 (58, 28, 0, 24) 52.36857345105501 gpu 1
Q round426-s17 15 (42, 13, 17, 1) 54.884929684086686 gpu 0
ROUND 426 n 6912 bestJ 15.477280283970245 best (64, 34, 68, 38) eligible 0 update 0 updates_total 30
Q round427-s17 0 (24, 58, 68, 41) 22.36159577411668 gpu 1
Q round427-s17 1 (64, 58, 36, 49) 18.893253545424905 gpu 0
Q round427-s17 2 (62, 53, 28, 56) 23.082267958037175 gpu 1
Q round427-s17 3 (39, 34, 52, 38) 24.39357886423712 gpu 0
Q round427-s17 4 (39, 58, 12, 38) 22.01505244763962 gpu 1
Q round427-s17 5 (63, 58, 68, 62) 20.32507224262945 gpu 0
Q round427-s17 6 (64, 34, 28, 39) 20.420015976865777 gpu 1
Q round427-s17 7 (63, 34, 68, 38) 25.73293763555766 gpu 0
Q round427-s17 8 (24, 58, 52, 65) 24.465877213256654 gpu 1
Q round427-s17 9 (64, 34, 36, 49) 23.122529846579983 gpu 0
Q round427-s17 10 (64, 34, 52, 17) 18.707158766900346 gpu 1
Q round427-s17 11 (8, 45, 52, 32) 23.15101857148158 gpu 0
Q round427-s17 12 (8, 58, 12, 39) 23.799152953217096 gpu 1
Q round427-s17 13 (64, 34, 28, 63) 21.407509140784402 gpu 0
Q round427-s17 14 (46, 29, 39, 34) 137.45833778185514 gpu 1
Q round427-s17 15 (2, 51, 25, 69) 261.06114521135413 gpu 0
ROUND 427 n 6928 bestJ 15.477280283970245 best (64, 34, 68, 38) eligible 0 update 0 updates_total 30
Q round428-s17 0 (62, 53, 68, 56) 21.37800635082932 gpu 1
Q round428-s17 1 (8, 58, 68, 38) 22.561664711428826 gpu 0
Q round428-s17 2 (63, 34, 28, 62) 27.045602767005075 gpu 1
Q round428-s17 3 (8, 58, 68, 49) 23.364387362737062 gpu 0
Q round428-s17 4 (62, 29, 68, 56) 21.693352648196257 gpu 1
Q round428-s17 5 (8, 34, 12, 39) 24.103873535077977 gpu 0
Q round428-s17 6 (8, 34, 68, 62) 26.716505734305127 gpu 1
Q round428-s17 7 (64, 58, 28, 39) 23.4185933408451 gpu 0
Q round428-s17 8 (48, 5, 60, 32) 23.053128309400435 gpu 1
Q round428-s17 9 (64, 58, 28, 63) 22.503651145743383 gpu 0
Q round428-s17 10 (24, 58, 28, 49) 21.40043298553631 gpu 1
Q round428-s17 11 (64, 69, 28, 56) 22.035859013882654 gpu 0
Q round428-s17 12 (48, 58, 20, 39) 21.598207031458884 gpu 1
Q round428-s17 13 (8, 58, 68, 62) 24.15310203321973 gpu 0
Q round428-s17 14 (8, 37, 4, 39) 40.759317097463665 gpu 1
Q round428-s17 15 (52, 65, 59, 71) 41.719660399275725 gpu 0
ROUND 428 n 6944 bestJ 15.477280283970245 best (64, 34, 68, 38) eligible 0 update 0 updates_total 30
Q round429-s17 0 (24, 34, 68, 8) 23.50465930724971 gpu 1
Q round429-s17 1 (24, 58, 28, 63) 22.957799859490613 gpu 0
Q round429-s17 2 (24, 58, 52, 62) 22.958022284037124 gpu 1
Q round429-s17 3 (64, 58, 52, 17) 24.28659620967161 gpu 0
Q round429-s17 4 (48, 5, 36, 32) 23.16675831375774 gpu 1
Q round429-s17 5 (63, 34, 68, 62) 27.18773070549188 gpu 0
Q round429-s17 6 (64, 58, 68, 70) 22.236339645589112 gpu 1
Q round429-s17 7 (48, 21, 52, 56) 19.036479146782153 gpu 0
Q round429-s17 8 (24, 34, 28, 63) 24.482903315240627 gpu 1
Q round429-s17 9 (64, 58, 60, 49) 21.21742453270293 gpu 0
Q round429-s17 10 (39, 34, 52, 62) 24.76968457636982 gpu 1
Q round429-s17 11 (48, 58, 44, 39) 22.17060096877713 gpu 0
Q round429-s17 12 (24, 58, 68, 39) 21.678781381848587 gpu 1
Q round429-s17 13 (48, 34, 4, 39) 23.148136391887107 gpu 0
Q round429-s17 14 (54, 55, 21, 1) 151.0438091036589 gpu 1
Q round429-s17 15 (52, 64, 24, 23) 66.20511848195308 gpu 0
ROUND 429 n 6960 bestJ 15.477280283970245 best (64, 34, 68, 38) eligible 0 update 0 updates_total 30
Q round430-s17 0 (38, 13, 28, 32) 21.903087841749894 gpu 1
Q round430-s17 1 (24, 34, 52, 62) 25.654353649546984 gpu 0
Q round430-s17 2 (64, 34, 52, 1) 18.22819976608867 gpu 1
Q round430-s17 3 (64, 58, 36, 25) 21.82254657569773 gpu 0
Q round430-s17 4 (24, 34, 68, 39) 24.139920025421926 gpu 1
Q round430-s17 5 (38, 53, 68, 56) 22.962100933005008 gpu 0
Q round430-s17 6 (8, 58, 44, 30) 21.272874368558707 gpu 1
Q round430-s17 7 (64, 45, 36, 32) 20.63708944143312 gpu 0
Q round430-s17 8 (24, 34, 52, 17) 24.822908069189754 gpu 1
Q round430-s17 9 (48, 58, 12, 62) 21.330691915400386 gpu 0
Q round430-s17 10 (48, 58, 12, 38) 21.354284416596418 gpu 1
Q round430-s17 11 (8, 34, 52, 65) 26.16202997082089 gpu 0
Q round430-s17 12 (64, 34, 60, 49) 22.826141491329544 gpu 1
Q round430-s17 13 (62, 53, 68, 32) 21.95518729796595 gpu 0
Q round430-s17 14 (51, 65, 37, 24) 45.28463269324797 gpu 1
Q round430-s17 15 (50, 54, 22, 38) 64.98431593005958 gpu 0
ROUND 430 n 6976 bestJ 15.477280283970245 best (64, 34, 68, 38) eligible 0 update 0 updates_total 30
Q round431-s17 0 (38, 13, 12, 32) 22.283751797483564 gpu 1
Q round431-s17 1 (38, 53, 52, 32) 23.02028463917 gpu 0
Q round431-s17 2 (8, 34, 28, 49) 26.66211135175739 gpu 1
Q round431-s17 3 (64, 34, 36, 25) 19.030649933710762 gpu 0
Q round431-s17 4 (24, 21, 52, 56) 23.52770869133734 gpu 1
Q round431-s17 5 (48, 58, 20, 63) 22.901672429414983 gpu 0
Q round431-s17 6 (64, 34, 12, 39) 20.8757833830869 gpu 1
Q round431-s17 7 (64, 58, 52, 1) 24.639359146728605 gpu 0
Q round431-s17 8 (8, 58, 20, 30) 20.238140086007338 gpu 1
Q round431-s17 9 (8, 58, 44, 70) 20.739913732549724 gpu 0
Q round431-s17 10 (8, 34, 12, 41) 26.18556840548673 gpu 1
Q round431-s17 11 (64, 34, 12, 63) 20.4826381260687 gpu 0
Q round431-s17 12 (8, 58, 20, 70) 21.093441882228024 gpu 1
Q round431-s17 13 (64, 58, 12, 39) 25.10616456449588 gpu 0
Q round431-s17 14 (63, 2, 67, 55) 43.736387688297604 gpu 1
Q round431-s17 15 (51, 31, 42, 70) 58.51776224928568 gpu 0
ROUND 431 n 6992 bestJ 15.477280283970245 best (64, 34, 68, 38) eligible 0 update 0 updates_total 30
Q round432-s17 0 (62, 53, 12, 56) 23.312662520801563 gpu 1
Q round432-s17 1 (8, 34, 68, 8) 25.46798739718749 gpu 0
Q round432-s17 2 (24, 58, 52, 17) 20.483124343451095 gpu 1
Q round432-s17 3 (8, 58, 52, 65) 26.89333843032932 gpu 0
Q round432-s17 4 (48, 34, 44, 39) 23.33218547588427 gpu 1
Q round432-s17 5 (63, 58, 52, 49) 21.21570454104237 gpu 0
Q round432-s17 6 (38, 53, 28, 56) 22.56113394993529 gpu 1
Q round432-s17 7 (64, 21, 60, 56) 23.577389971105315 gpu 0
Q round432-s17 8 (39, 58, 28, 39) 18.346501032257343 gpu 1
Q round432-s17 9 (38, 69, 12, 56) 23.113616631256185 gpu 0
Q round432-s17 10 (64, 58, 12, 63) 24.2114796712317 gpu 1
Q round432-s17 11 (8, 58, 12, 63) 23.249056960789773 gpu 0
Q round432-s17 12 (39, 34, 52, 49) 23.85875822794906 gpu 1
Q round432-s17 13 (39, 34, 12, 39) 21.892297895829124 gpu 0
Q round432-s17 14 (35, 30, 55, 62) 72.42009104696398 gpu 1
Q round432-s17 15 (32, 62, 34, 51) 52.85268930195957 gpu 0
ROUND 432 n 7008 bestJ 15.477280283970245 best (64, 34, 68, 38) eligible 0 update 0 updates_total 30
Q round433-s17 0 (24, 34, 20, 54) 24.65713292323933 gpu 1
Q round433-s17 1 (48, 34, 20, 39) 22.62666796269962 gpu 0
Q round433-s17 2 (63, 58, 12, 39) 20.234541470238405 gpu 1
Q round433-s17 3 (39, 58, 12, 39) 20.288129694774227 gpu 0
Q round433-s17 4 (48, 45, 52, 56) 20.403385103146626 gpu 1
Q round433-s17 5 (8, 34, 12, 63) 24.573536221378575 gpu 0
Q round433-s17 6 (64, 58, 36, 17) 17.790705817537425 gpu 1
Q round433-s17 7 (48, 29, 68, 32) 21.813755488527544 gpu 0
Q round433-s17 8 (24, 58, 36, 65) 20.558120412527025 gpu 1
Q round433-s17 9 (39, 58, 28, 41) 22.252199919848167 gpu 0
Q round433-s17 10 (48, 13, 44, 56) 22.502496730226014 gpu 1
Q round433-s17 11 (24, 45, 68, 56) 21.51743788613971 gpu 0
Q round433-s17 12 (39, 34, 28, 39) 22.102599129656646 gpu 1
Q round433-s17 13 (63, 34, 52, 49) 26.230764275166667 gpu 0
Q round433-s17 14 (11, 43, 42, 67) 134.99911023043543 gpu 1
Q round433-s17 15 (27, 9, 32, 11) 223.4575019378439 gpu 0
ROUND 433 n 7024 bestJ 15.477280283970245 best (64, 34, 68, 38) eligible 0 update 0 updates_total 30
Q round434-s17 0 (24, 34, 68, 41) 26.017962425266585 gpu 1
Q round434-s17 1 (39, 58, 52, 62) 19.34774605105553 gpu 0
Q round434-s17 2 (24, 34, 28, 8) 23.388257212805566 gpu 1
Q round434-s17 3 (38, 29, 52, 32) 23.9546880798131 gpu 0
Q round434-s17 4 (39, 58, 52, 49) 20.490690933045215 gpu 1
Q round434-s17 5 (48, 34, 4, 63) 22.89691993301598 gpu 0
Q round434-s17 6 (62, 53, 28, 32) 22.83397298875938 gpu 1
Q round434-s17 7 (64, 58, 60, 25) 22.283407236370046 gpu 0
Q round434-s17 8 (64, 34, 36, 17) 23.356616642969456 gpu 1
Q round434-s17 9 (38, 69, 68, 32) 23.434847344697324 gpu 0
Q round434-s17 10 (24, 34, 68, 17) 24.57406059354696 gpu 1
Q round434-s17 11 (24, 53, 44, 56) 20.626872538126342 gpu 0
Q round434-s17 12 (8, 13, 44, 32) 22.30715715018622 gpu 1
Q round434-s17 13 (39, 58, 12, 63) 19.794501820128836 gpu 0
Q round434-s17 14 (9, 14, 57, 24) 94.42632195910599 gpu 1
Q round434-s17 15 (61, 55, 57, 49) 73.30877887804209 gpu 0
ROUND 434 n 7040 bestJ 15.477280283970245 best (64, 34, 68, 38) eligible 0 update 0 updates_total 30
Q round435-s17 0 (48, 58, 44, 63) 23.012834376690986 gpu 1
Q round435-s17 1 (24, 58, 28, 8) 23.371362469926233 gpu 0
Q round435-s17 2 (64, 21, 36, 56) 22.710624820210192 gpu 1
Q round435-s17 3 (24, 69, 44, 56) 20.911001784791903 gpu 0
Q round435-s17 4 (48, 29, 28, 56) 22.91268040250842 gpu 1
Q round435-s17 5 (24, 34, 36, 65) 24.687454985465433 gpu 0
Q round435-s17 6 (64, 34, 68, 70) 25.380983535115774 gpu 1
Q round435-s17 7 (48, 13, 20, 56) 21.569459122884112 gpu 0
Q round435-s17 8 (64, 34, 60, 25) 20.036260375723522 gpu 1
Q round435-s17 9 (63, 34, 12, 39) 23.18219613998885 gpu 0
Q round435-s17 10 (48, 34, 20, 63) 23.867469748671056 gpu 1
Q round435-s17 11 (24, 58, 12, 30) 24.175299248292017 gpu 0
Q round435-s17 12 (24, 58, 68, 17) 23.370945469453705 gpu 1
Q round435-s17 13 (39, 58, 28, 63) 19.812573026425547 gpu 0
Q round435-s17 14 (53, 47, 5, 35) 136.81056499284517 gpu 1
Q round435-s17 15 (35, 30, 67, 48) 46.37953905816719 gpu 0
ROUND 435 n 7056 bestJ 15.477280283970245 best (64, 34, 68, 38) eligible 0 update 0 updates_total 30
Q round436-s17 0 (63, 58, 52, 38) 21.552169296129016 gpu 1
Q round436-s17 1 (38, 29, 68, 56) 23.398075858822345 gpu 0
Q round436-s17 2 (39, 34, 12, 63) 21.883286427354744 gpu 1
Q round436-s17 3 (24, 58, 68, 63) 22.86175171771838 gpu 0
Q round436-s17 4 (48, 21, 36, 32) 23.01585114647154 gpu 1
Q round436-s17 5 (64, 34, 52, 65) 22.38802381274832 gpu 0
Q round436-s17 6 (62, 69, 12, 32) 24.256380723283236 gpu 1
Q round436-s17 7 (48, 21, 60, 32) 23.41386216425775 gpu 0
Q round436-s17 8 (48, 58, 28, 38) 23.80939410035943 gpu 1
Q round436-s17 9 (64, 58, 60, 17) 18.389572970550223 gpu 0
Q round436-s17 10 (24, 58, 52, 8) 23.482618606520443 gpu 1
Q round436-s17 11 (64, 50, 52, 62) 37.666606105930626 gpu 0
Q round436-s17 12 (64, 50, 52, 38) 38.36206140115702 gpu 1
Q round436-s17 13 (48, 53, 12, 56) 22.423167957350202 gpu 0
Q round436-s17 14 (23, 70, 10, 70) 153.14276402930255 gpu 1
Q round436-s17 15 (16, 52, 2, 48) 66.31962980753428 gpu 0
ROUND 436 n 7072 bestJ 15.477280283970245 best (64, 34, 68, 38) eligible 0 update 0 updates_total 30
Q round437-s17 0 (62, 69, 28, 32) 22.240433723419752 gpu 1
Q round437-s17 1 (8, 58, 68, 8) 28.302778213571926 gpu 0
Q round437-s17 2 (8, 34, 28, 8) 26.60913199105975 gpu 1
Q round437-s17 3 (63, 58, 12, 41) 23.160636643301988 gpu 0
Q round437-s17 4 (63, 58, 12, 63) 19.732280894444678 gpu 1
Q round437-s17 5 (24, 34, 12, 30) 26.3001328674529 gpu 0
Q round437-s17 6 (24, 34, 68, 63) 24.813432489500226 gpu 1
Q round437-s17 7 (39, 34, 28, 63) 23.099154613886437 gpu 0
Q round437-s17 8 (64, 34, 60, 17) 22.135762060820753 gpu 1
Q round437-s17 9 (48, 45, 52, 32) 19.908579257862126 gpu 0
Q round437-s17 10 (39, 58, 68, 39) 18.365199194461237 gpu 1
Q round437-s17 11 (8, 58, 20, 54) 21.911837247176287 gpu 0
Q round437-s17 12 (48, 29, 28, 32) 21.65975923469514 gpu 1
Q round437-s17 13 (24, 34, 12, 49) 21.41388741402302 gpu 0
Q round437-s17 14 (15, 53, 22, 56) 77.89733594935673 gpu 1
Q round437-s17 15 (16, 7, 37, 67) 124.12097869360089 gpu 0
TRIGGER_UPDATE 437 7088 ['eligible_collapse'] {"new_labels_since_update": 256, "evals_since_best": 354, "recent_n": 128, "recent_spearman": 0.37146355978758466, "recent_high_uncertainty_fraction": 0.109375, "sigma_ref_p90": 0.04740767218172551, "eligible_pool": 0, "eligible_floor": 120}
ROUND 437 n 7088 bestJ 15.477280283970245 best (64, 34, 68, 38) eligible 0 update 1 updates_total 31
Q round438-s17 0 (48, 5, 52, 56) 18.286960706639842 gpu 1
Q round438-s17 1 (48, 45, 68, 56) 19.391173485965133 gpu 0
Q round438-s17 2 (64, 58, 36, 1) 17.426650421106302 gpu 1
Q round438-s17 3 (64, 58, 60, 1) 18.41222096815715 gpu 0
Q round438-s17 4 (48, 13, 44, 32) 20.41813183612553 gpu 1
Q round438-s17 5 (64, 34, 36, 1) 23.20975104659846 gpu 0
Q round438-s17 6 (48, 13, 20, 32) 20.938595306701693 gpu 1
Q round438-s17 7 (64, 34, 60, 1) 22.5818270081596 gpu 0
Q round438-s17 8 (48, 13, 4, 56) 21.16544508523143 gpu 1
Q round438-s17 9 (48, 69, 44, 56) 20.254183218732642 gpu 0
Q round438-s17 10 (48, 45, 28, 56) 20.17568041518477 gpu 1
Q round438-s17 11 (39, 34, 68, 39) 22.192315500518674 gpu 0
Q round438-s17 12 (63, 58, 28, 39) 20.876187304037458 gpu 1
Q round438-s17 13 (39, 58, 68, 63) 19.88380675936233 gpu 0
Q round438-s17 14 (29, 53, 39, 38) 36.8407922380069 gpu 1
Q round438-s17 15 (58, 5, 68, 66) 156.16627687803776 gpu 0
ROUND 438 n 7104 bestJ 15.477280283970245 best (64, 34, 68, 38) eligible 0 update 0 updates_total 31
Q round439-s17 0 (48, 69, 20, 56) 19.01598169057775 gpu 1
Q round439-s17 1 (48, 53, 44, 56) 21.807411546853846 gpu 0
Q round439-s17 2 (48, 21, 52, 32) 20.577531191815535 gpu 1
Q round439-s17 3 (63, 58, 68, 39) 20.782160940241916 gpu 0
Q round439-s17 4 (39, 58, 60, 65) 20.807138538549488 gpu 1
Q round439-s17 5 (48, 53, 20, 56) 19.196631621877064 gpu 0
Q round439-s17 6 (39, 34, 68, 63) 23.624850659827146 gpu 1
Q round439-s17 7 (39, 34, 36, 65) 26.81115737875042 gpu 0
Q round439-s17 8 (24, 34, 36, 25) 22.723792518250132 gpu 1
Q round439-s17 9 (39, 58, 52, 39) 20.078049506946343 gpu 0
Q round439-s17 10 (39, 34, 60, 65) 26.16360989889331 gpu 1
Q round439-s17 11 (63, 34, 28, 39) 24.726634700614344 gpu 0
Q round439-s17 12 (39, 34, 60, 25) 25.582989803112845 gpu 1
Q round439-s17 13 (63, 58, 60, 25) 20.757335063064644 gpu 0
Q round439-s17 14 (15, 40, 71, 65) 108.68198351391536 gpu 1
Q round439-s17 15 (4, 42, 49, 53) 187.96163554238953 gpu 0
ROUND 439 n 7120 bestJ 15.477280283970245 best (64, 34, 68, 38) eligible 0 update 0 updates_total 31
Q round440-s17 0 (24, 58, 36, 25) 18.995359461069008 gpu 1
Q round440-s17 1 (63, 34, 12, 63) 23.98935654456482 gpu 0
Q round440-s17 2 (48, 69, 28, 32) 22.241149711226388 gpu 1
Q round440-s17 3 (63, 58, 68, 63) 21.48290184737345 gpu 0
Q round440-s17 4 (64, 34, 52, 8) 21.63339765565234 gpu 1
Q round440-s17 5 (24, 34, 60, 25) 23.0925015368505 gpu 0
Q round440-s17 6 (48, 45, 68, 32) 18.7056560911137 gpu 1
Q round440-s17 7 (48, 21, 68, 56) 20.97557932623552 gpu 0
Q round440-s17 8 (39, 58, 52, 63) 20.72360430254302 gpu 1
Q round440-s17 9 (63, 34, 28, 63) 25.788700670395404 gpu 0
Q round440-s17 10 (64, 58, 52, 64) 25.66177051670372 gpu 1
Q round440-s17 11 (48, 45, 12, 56) 19.130404017628813 gpu 0
Q round440-s17 12 (39, 58, 68, 41) 23.608954479362446 gpu 1
Q round440-s17 13 (63, 34, 60, 25) 26.566293581605112 gpu 0
Q round440-s17 14 (7, 41, 19, 0) 73.20258647624965 gpu 1
Q round440-s17 15 (26, 55, 17, 50) 72.72448337938772 gpu 0
ROUND 440 n 7136 bestJ 15.477280283970245 best (64, 34, 68, 38) eligible 0 update 0 updates_total 31
Q round441-s17 0 (39, 58, 36, 65) 19.795607614205217 gpu 1
Q round441-s17 1 (39, 58, 60, 25) 20.363622758876193 gpu 0
Q round441-s17 2 (63, 58, 28, 63) 20.599987070868945 gpu 1
Q round441-s17 3 (24, 58, 60, 25) 18.12897854880919 gpu 0
Q round441-s17 4 (63, 58, 36, 65) 24.059804447550796 gpu 1
Q round441-s17 5 (63, 58, 60, 65) 20.57847616300573 gpu 0
Q round441-s17 6 (63, 34, 68, 39) 23.544073606906924 gpu 1
Q round441-s17 7 (39, 34, 52, 39) 24.30524007943319 gpu 0
Q round441-s17 8 (63, 34, 60, 65) 25.826207691981775 gpu 1
Q round441-s17 9 (48, 53, 68, 32) 21.543768136188866 gpu 0
Q round441-s17 10 (48, 13, 4, 32) 20.09176962818401 gpu 1
Q round441-s17 11 (39, 58, 68, 64) 23.06634948094319 gpu 0
Q round441-s17 12 (48, 5, 52, 32) 19.835698609059076 gpu 1
Q round441-s17 13 (39, 58, 12, 41) 22.69412473060752 gpu 0
Q round441-s17 14 (55, 32, 21, 13) 185.0271125231327 gpu 1
Q round441-s17 15 (41, 11, 7, 57) 51.70255315489414 gpu 0
ROUND 441 n 7152 bestJ 15.477280283970245 best (64, 34, 68, 38) eligible 0 update 0 updates_total 31
Q round442-s17 0 (39, 58, 36, 25) 21.088270864488265 gpu 1
Q round442-s17 1 (39, 58, 60, 49) 24.486107202979213 gpu 0
Q round442-s17 2 (63, 34, 36, 65) 27.534254871301894 gpu 1
Q round442-s17 3 (39, 58, 36, 17) 24.708713026413136 gpu 0
Q round442-s17 4 (8, 13, 20, 32) 26.429367496186075 gpu 1
Q round442-s17 5 (64, 34, 52, 64) 22.200818597044346 gpu 0
Q round442-s17 6 (39, 58, 60, 17) 24.707098025465477 gpu 1
Q round442-s17 7 (64, 58, 36, 38) 21.680002943828892 gpu 0
Q round442-s17 8 (63, 34, 68, 63) 24.99793694309519 gpu 1
Q round442-s17 9 (39, 58, 28, 64) 21.81170501786338 gpu 0
Q round442-s17 10 (64, 34, 68, 64) 22.58697807271981 gpu 1
Q round442-s17 11 (39, 34, 68, 64) 22.5605877003672 gpu 0
Q round442-s17 12 (24, 58, 60, 65) 19.047279790030455 gpu 1
Q round442-s17 13 (63, 58, 52, 39) 21.634233962617902 gpu 0
Q round442-s17 14 (2, 57, 16, 19) 359.3409033626913 gpu 1
Q round442-s17 15 (48, 55, 16, 46) 111.31674247769391 gpu 0
ROUND 442 n 7168 bestJ 15.477280283970245 best (64, 34, 68, 38) eligible 0 update 0 updates_total 31
Q round443-s17 0 (63, 58, 36, 25) 20.90550094251358 gpu 1
Q round443-s17 1 (39, 34, 60, 49) 27.91023296276525 gpu 0
Q round443-s17 2 (63, 34, 68, 49) 26.417176134110182 gpu 1
Q round443-s17 3 (39, 58, 68, 8) 23.87312711837965 gpu 0
Q round443-s17 4 (39, 34, 52, 63) 24.507856782976152 gpu 1
Q round443-s17 5 (63, 58, 52, 17) 23.997662628774044 gpu 0
Q round443-s17 6 (63, 58, 52, 62) 21.622282312094175 gpu 1
Q round443-s17 7 (63, 58, 28, 64) 21.229063982344186 gpu 0
Q round443-s17 8 (63, 58, 68, 64) 21.252257658400108 gpu 0
Q round443-s17 9 (24, 34, 52, 25) 21.17076967318158 gpu 1
Q round443-s17 10 (64, 58, 36, 41) 21.022872155635643 gpu 0
Q round443-s17 11 (48, 21, 28, 56) 20.79878998775307 gpu 1
Q round443-s17 12 (24, 34, 60, 65) 23.7156723672363 gpu 0
Q round443-s17 13 (48, 69, 4, 56) 19.966301588666678 gpu 1
Q round443-s17 14 (6, 53, 1, 52) 59.355702541964924 gpu 0
Q round443-s17 15 (52, 36, 65, 38) 41.248923870865866 gpu 1
ROUND 443 n 7184 bestJ 15.477280283970245 best (64, 34, 68, 38) eligible 0 update 0 updates_total 31
Q round444-s17 0 (39, 58, 52, 17) 23.797226318660325 gpu 0
Q round444-s17 1 (39, 34, 28, 64) 22.89034231969862 gpu 1
Q round444-s17 2 (24, 53, 20, 17) 22.97674830942732 gpu 0
Q round444-s17 3 (64, 58, 60, 38) 20.136261510180898 gpu 1
Q round444-s17 4 (48, 53, 4, 56) 19.100238417320714 gpu 0
Q round444-s17 5 (48, 45, 28, 32) 19.57765311495401 gpu 1
Q round444-s17 6 (63, 58, 60, 49) 26.21209129260594 gpu 0
Q round444-s17 7 (64, 34, 36, 38) 25.447071764855416 gpu 1
Q round444-s17 8 (24, 34, 44, 63) 22.272394854231536 gpu 0
Q round444-s17 9 (39, 58, 52, 64) 21.010569149394755 gpu 1
Q round444-s17 10 (48, 53, 44, 32) 18.6159335795525 gpu 0
Q round444-s17 11 (48, 69, 44, 32) 19.017451520510587 gpu 1
Q round444-s17 12 (39, 34, 12, 64) 21.814326251744834 gpu 0
Q round444-s17 13 (48, 53, 28, 56) 22.98523199169601 gpu 1
Q round444-s17 14 (25, 50, 12, 11) 173.47936739649543 gpu 0
Q round444-s17 15 (34, 63, 59, 55) 47.46391404275722 gpu 1
ROUND 444 n 7200 bestJ 15.477280283970245 best (64, 34, 68, 38) eligible 0 update 0 updates_total 31
Q round445-s17 0 (64, 58, 52, 8) 26.18889300333956 gpu 0
Q round445-s17 1 (39, 34, 36, 49) 27.911155010503972 gpu 1
Q round445-s17 2 (64, 58, 68, 64) 28.07509044387371 gpu 0
Q round445-s17 3 (39, 34, 52, 17) 25.402175118997004 gpu 1
Q round445-s17 4 (39, 34, 60, 17) 27.03838944724296 gpu 0
Q round445-s17 5 (39, 58, 12, 64) 25.035727723666046 gpu 1
Q round445-s17 6 (63, 34, 52, 65) 23.624175737015634 gpu 0
Q round445-s17 7 (24, 58, 28, 41) 23.59215728219622 gpu 1
Q round445-s17 8 (24, 34, 20, 63) 22.795245838220925 gpu 0
Q round445-s17 9 (63, 34, 28, 49) 26.308395170409085 gpu 1
Q round445-s17 10 (24, 58, 44, 63) 22.488120462553447 gpu 0
Q round445-s17 11 (64, 58, 60, 41) 21.19906197242281 gpu 1
Q round445-s17 12 (39, 58, 36, 56) 20.198803192935177 gpu 0
Q round445-s17 13 (48, 5, 68, 56) 20.835960697640008 gpu 1
Q round445-s17 14 (20, 49, 19, 13) 153.619479115534 gpu 0
Q round445-s17 15 (55, 68, 1, 10) 54.23200571828816 gpu 1
ROUND 445 n 7216 bestJ 15.477280283970245 best (64, 34, 68, 38) eligible 0 update 0 updates_total 31
Q round446-s17 0 (24, 58, 68, 8) 23.499831714062488 gpu 0
Q round446-s17 1 (48, 34, 44, 63) 25.89923157739288 gpu 1
Q round446-s17 2 (63, 34, 12, 64) 22.606260285092038 gpu 0
Q round446-s17 3 (64, 34, 68, 8) 22.147129735665537 gpu 1
Q round446-s17 4 (63, 34, 52, 38) 25.911568539120257 gpu 0
Q round446-s17 5 (63, 34, 52, 17) 28.41060582009926 gpu 1
Q round446-s17 6 (64, 58, 36, 62) 22.6009236883411 gpu 0
Q round446-s17 7 (24, 58, 20, 63) 24.209844698736322 gpu 1
Q round446-s17 8 (24, 69, 20, 56) 24.01075097921779 gpu 0
Q round446-s17 9 (64, 58, 28, 64) 27.768969242199507 gpu 1
Q round446-s17 10 (8, 13, 4, 56) 22.222031888379895 gpu 0
Q round446-s17 11 (24, 58, 52, 25) 23.167702800879884 gpu 1
Q round446-s17 12 (48, 58, 12, 39) 22.56908214119821 gpu 0
Q round446-s17 13 (24, 13, 4, 32) 22.7240859714549 gpu 1
Q round446-s17 14 (15, 70, 31, 38) 116.00511400888695 gpu 0
Q round446-s17 15 (20, 1, 57, 16) 58.26914930786026 gpu 1
ROUND 446 n 7232 bestJ 15.477280283970245 best (64, 34, 68, 38) eligible 0 update 0 updates_total 31
Q round447-s17 0 (24, 34, 12, 41) 25.15719098796659 gpu 0
Q round447-s17 1 (39, 34, 36, 17) 27.73307834020273 gpu 1
Q round447-s17 2 (63, 34, 28, 64) 23.85653081916647 gpu 0
Q round447-s17 3 (39, 34, 68, 49) 21.491840044263036 gpu 1
Q round447-s17 4 (48, 29, 44, 56) 19.093052042640352 gpu 0
Q round447-s17 5 (48, 69, 28, 56) 23.424255847690237 gpu 1
Q round447-s17 6 (63, 58, 36, 32) 22.450923581503353 gpu 0
Q round447-s17 7 (48, 53, 20, 32) 19.709467562095806 gpu 1
Q round447-s17 8 (39, 58, 60, 56) 22.183655077987567 gpu 0
Q round447-s17 9 (64, 34, 28, 64) 21.939057429083224 gpu 1
Q round447-s17 10 (24, 58, 12, 64) 24.795372095817637 gpu 0
Q round447-s17 11 (39, 58, 28, 8) 23.219412620748212 gpu 1
Q round447-s17 12 (24, 34, 44, 39) 22.64826381428504 gpu 0
Q round447-s17 13 (24, 53, 20, 56) 22.363100493988792 gpu 1
Q round447-s17 14 (53, 4, 43, 36) 99.96065061481305 gpu 0
Q round447-s17 15 (41, 27, 36, 9) 49.217201028970415 gpu 1
TRIGGER_UPDATE 447 7248 ['ranking_degradation'] {"new_labels_since_update": 160, "evals_since_best": 514, "recent_n": 128, "recent_spearman": 0.22330502655191356, "recent_high_uncertainty_fraction": 0.09375, "sigma_ref_p90": 0.05010872185230256, "eligible_pool": 0, "eligible_floor": 120}
ROUND 447 n 7248 bestJ 15.477280283970245 best (64, 34, 68, 38) eligible 0 update 1 updates_total 32
Q round448-s17 0 (48, 69, 20, 32) 20.258640118584292 gpu 0
Q round448-s17 1 (48, 29, 20, 56) 20.19560951822064 gpu 1
Q round448-s17 2 (48, 53, 4, 32) 19.740862229785368 gpu 0
Q round448-s17 3 (48, 69, 4, 32) 20.379561149941125 gpu 1
Q round448-s17 4 (48, 5, 28, 56) 20.70100759877776 gpu 0
Q round448-s17 5 (48, 29, 44, 32) 19.625135936226023 gpu 1
Q round448-s17 6 (48, 29, 4, 56) 20.729291458698896 gpu 0
Q round448-s17 7 (48, 29, 20, 32) 21.962908344488135 gpu 1
Q round448-s17 8 (48, 45, 12, 32) 20.901840804069614 gpu 0
Q round448-s17 9 (48, 21, 68, 32) 22.401518421148165 gpu 1
Q round448-s17 10 (48, 5, 68, 32) 23.039180249555812 gpu 0
Q round448-s17 11 (48, 21, 12, 56) 23.631444641349912 gpu 1
Q round448-s17 12 (48, 58, 52, 32) 24.660623670411102 gpu 0
Q round448-s17 13 (48, 21, 28, 32) 23.031749146142374 gpu 1
Q round448-s17 14 (44, 51, 61, 12) 94.7092625650736 gpu 0
Q round448-s17 15 (1, 59, 58, 25) 135.58004223601174 gpu 1
ROUND 448 n 7264 bestJ 15.477280283970245 best (64, 34, 68, 38) eligible 10 update 0 updates_total 32
Q round449-s17 0 (48, 58, 52, 56) 25.44111970564433 gpu 0
Q round449-s17 1 (48, 58, 68, 56) 24.19565791671875 gpu 1
Q round449-s17 2 (48, 5, 28, 32) 23.11829583118839 gpu 0
Q round449-s17 3 (48, 5, 12, 56) 23.05186712925135 gpu 1
Q round449-s17 4 (64, 58, 60, 62) 21.890414541535712 gpu 0
Q round449-s17 5 (48, 58, 68, 32) 25.383342527280686 gpu 1
Q round449-s17 6 (48, 58, 28, 56) 24.26880096126483 gpu 0
Q round449-s17 7 (48, 34, 68, 56) 24.747366411287445 gpu 1
Q round449-s17 8 (48, 34, 68, 32) 24.727846773853145 gpu 0
Q round449-s17 9 (48, 29, 4, 32) 22.292877306000378 gpu 1
Q round449-s17 10 (64, 34, 60, 38) 24.647442668264055 gpu 0
Q round449-s17 11 (48, 34, 12, 56) 23.86471193755061 gpu 1
Q round449-s17 12 (48, 34, 52, 32) 26.51622103704008 gpu 0
Q round449-s17 13 (48, 58, 28, 32) 25.945068689873175 gpu 1
Q round449-s17 14 (18, 45, 41, 18) 100.77214635740378 gpu 0
Q round449-s17 15 (7, 43, 37, 9) 54.235068076626405 gpu 1
ROUND 449 n 7280 bestJ 15.477280283970245 best (64, 34, 68, 38) eligible 0 update 0 updates_total 32
Q round450-s17 0 (48, 34, 28, 56) 24.533375058556494 gpu 0
Q round450-s17 1 (48, 34, 12, 32) 23.82094178287248 gpu 1
Q round450-s17 2 (48, 58, 12, 56) 26.760251412781972 gpu 0
Q round450-s17 3 (64, 34, 36, 62) 26.177146282948367 gpu 1
Q round450-s17 4 (64, 34, 36, 41) 25.411566375915328 gpu 0
Q round450-s17 5 (48, 34, 28, 32) 24.541080159898502 gpu 1
Q round450-s17 6 (64, 34, 60, 41) 25.412040322293855 gpu 0
Q round450-s17 7 (48, 58, 28, 65) 22.444274954886538 gpu 1
Q round450-s17 8 (64, 34, 60, 56) 22.384401978807624 gpu 0
Q round450-s17 9 (64, 34, 60, 62) 25.479823272147005 gpu 1
Q round450-s17 10 (48, 58, 36, 32) 24.454298333884314 gpu 0
Q round450-s17 11 (48, 58, 60, 32) 23.99149364825879 gpu 1
Q round450-s17 12 (63, 58, 60, 32) 20.091598663697724 gpu 0
Q round450-s17 13 (64, 58, 60, 56) 26.33483848327508 gpu 1
Q round450-s17 14 (16, 25, 42, 20) 92.55873686687842 gpu 0
Q round450-s17 15 (57, 52, 68, 26) 142.86986986460263 gpu 1
ROUND 450 n 7296 bestJ 15.477280283970245 best (64, 34, 68, 38) eligible 0 update 0 updates_total 32
Q round451-s17 0 (48, 58, 68, 65) 22.067117445666778 gpu 0
Q round451-s17 1 (39, 58, 60, 32) 22.850600910429254 gpu 1
Q round451-s17 2 (48, 34, 52, 56) 26.514107730659312 gpu 0
Q round451-s17 3 (64, 58, 4, 46) 19.755585099801657 gpu 1
Q round451-s17 4 (64, 34, 36, 56) 22.65910224566308 gpu 0
Q round451-s17 5 (48, 58, 12, 65) 22.1890152312288 gpu 1
Q round451-s17 6 (64, 34, 60, 32) 20.69019119491586 gpu 0
Q round451-s17 7 (39, 34, 36, 56) 24.822745550751527 gpu 1
Q round451-s17 8 (63, 58, 36, 56) 22.276178909130586 gpu 0
Q round451-s17 9 (48, 21, 12, 32) 23.413265938383553 gpu 1
Q round451-s17 10 (39, 58, 36, 32) 21.230707766311244 gpu 0
Q round451-s17 11 (64, 58, 36, 56) 25.818954411302954 gpu 1
Q round451-s17 12 (39, 34, 60, 32) 23.223946883407447 gpu 0
Q round451-s17 13 (64, 58, 44, 46) 21.84367990062443 gpu 1
Q round451-s17 14 (54, 64, 12, 3) 68.0974606323207 gpu 0
Q round451-s17 15 (60, 23, 17, 0) 76.21505011339005 gpu 1
ROUND 451 n 7312 bestJ 15.477280283970245 best (64, 34, 68, 38) eligible 0 update 0 updates_total 32
Q round452-s17 0 (64, 58, 20, 46) 19.567652609455603 gpu 0
Q round452-s17 1 (39, 34, 60, 56) 25.0243369920811 gpu 1
Q round452-s17 2 (48, 45, 44, 56) 22.426851056495515 gpu 0
Q round452-s17 3 (63, 58, 60, 56) 21.653732596412024 gpu 1
Q round452-s17 4 (39, 34, 36, 32) 22.86069550578754 gpu 0
Q round452-s17 5 (48, 34, 12, 65) 22.532676746365233 gpu 1
Q round452-s17 6 (48, 58, 68, 25) 21.62897756895737 gpu 0
Q round452-s17 7 (48, 58, 28, 25) 22.16977446511762 gpu 1
Q round452-s17 8 (64, 58, 60, 32) 27.56684097679331 gpu 0
Q round452-s17 9 (64, 34, 36, 32) 22.08052334764814 gpu 1
Q round452-s17 10 (48, 58, 12, 32) 28.307779720505767 gpu 0
Q round452-s17 11 (48, 45, 20, 56) 23.057668923353727 gpu 1
Q round452-s17 12 (24, 45, 28, 56) 21.201891781023154 gpu 0
Q round452-s17 13 (48, 5, 12, 32) 23.34932288238447 gpu 1
Q round452-s17 14 (50, 64, 26, 51) 118.32231490957555 gpu 0
Q round452-s17 15 (10, 42, 45, 40) 98.0145043532358 gpu 1
ROUND 452 n 7328 bestJ 15.477280283970245 best (64, 34, 68, 38) eligible 0 update 0 updates_total 32
Q round453-s17 0 (48, 58, 12, 49) 19.920858648911395 gpu 0
Q round453-s17 1 (48, 58, 12, 25) 20.36655232857324 gpu 1
Q round453-s17 2 (64, 58, 36, 32) 26.524588879043158 gpu 0
Q round453-s17 3 (63, 34, 36, 32) 25.134140085336885 gpu 1
Q round453-s17 4 (48, 34, 28, 65) 25.42226752085998 gpu 0
Q round453-s17 5 (64, 34, 4, 46) 23.285227274529934 gpu 1
Q round453-s17 6 (63, 34, 60, 32) 24.997000288170597 gpu 0
Q round453-s17 7 (48, 10, 68, 32) 37.72872997408618 gpu 1
Q round453-s17 8 (64, 58, 28, 14) 22.91911131279765 gpu 0
Q round453-s17 9 (48, 34, 68, 65) 25.664948510184626 gpu 1
Q round453-s17 10 (48, 10, 28, 32) 38.17100828878382 gpu 0
Q round453-s17 11 (48, 26, 68, 32) 37.56207961877589 gpu 1
Q round453-s17 12 (48, 58, 60, 56) 25.099090742421684 gpu 0
Q round453-s17 13 (64, 58, 28, 54) 23.643494635573887 gpu 1
Q round453-s17 14 (8, 49, 34, 10) 228.5567161227043 gpu 0
Q round453-s17 15 (0, 23, 17, 8) 101.60100703511331 gpu 1
ROUND 453 n 7344 bestJ 15.477280283970245 best (64, 34, 68, 38) eligible 0 update 0 updates_total 32
Q round454-s17 0 (63, 34, 36, 56) 26.836241261176706 gpu 0
Q round454-s17 1 (48, 34, 12, 25) 21.485693681377224 gpu 1
Q round454-s17 2 (48, 58, 12, 17) 19.161704349287415 gpu 0
Q round454-s17 3 (48, 58, 36, 56) 25.247369114831194 gpu 1
Q round454-s17 4 (8, 58, 60, 25) 19.386468490529175 gpu 0
Q round454-s17 5 (63, 34, 60, 56) 25.095926178279694 gpu 1
Q round454-s17 6 (48, 58, 44, 64) 24.802398499514485 gpu 0
Q round454-s17 7 (48, 34, 44, 49) 22.794924695934533 gpu 1
Q round454-s17 8 (64, 34, 20, 46) 24.30843812647025 gpu 0
Q round454-s17 9 (48, 34, 28, 25) 24.20012125882925 gpu 1
Q round454-s17 10 (48, 26, 68, 56) 35.32326419630355 gpu 0
Q round454-s17 11 (48, 10, 12, 32) 39.747726607952295 gpu 1
Q round454-s17 12 (64, 58, 68, 14) 23.057700862531686 gpu 0
Q round454-s17 13 (64, 34, 68, 1) 20.129165498452824 gpu 1
Q round454-s17 14 (29, 29, 29, 36) 136.43872808684327 gpu 0
Q round454-s17 15 (18, 70, 46, 28) 50.021823086198324 gpu 1
ROUND 454 n 7360 bestJ 15.477280283970245 best (64, 34, 68, 38) eligible 0 update 0 updates_total 32
Q round455-s17 0 (39, 58, 36, 49) 25.369533292510155 gpu 0
Q round455-s17 1 (48, 58, 20, 64) 26.43399029171417 gpu 1
Q round455-s17 2 (64, 34, 44, 46) 25.041727348379155 gpu 0
Q round455-s17 3 (8, 58, 36, 25) 19.204492094879285 gpu 1
Q round455-s17 4 (63, 58, 52, 63) 22.60691200948989 gpu 0
Q round455-s17 5 (64, 58, 4, 22) 22.658701812428596 gpu 1
Q round455-s17 6 (48, 10, 12, 56) 37.63266583121807 gpu 0
Q round455-s17 7 (24, 58, 60, 49) 21.28426679548487 gpu 1
Q round455-s17 8 (48, 34, 68, 25) 24.514221508735098 gpu 0
Q round455-s17 9 (48, 58, 52, 65) 20.516529608424833 gpu 1
Q round455-s17 10 (24, 58, 36, 49) 23.449500870576625 gpu 0
Q round455-s17 11 (8, 58, 4, 54) 20.641659696996395 gpu 1
Q round455-s17 12 (64, 58, 68, 54) 23.518332742418913 gpu 0
Q round455-s17 13 (48, 58, 20, 49) 21.600699971674736 gpu 1
Q round455-s17 14 (4, 36, 20, 14) 54.71965048652131 gpu 0
Q round455-s17 15 (35, 71, 56, 59) 63.6596146031145 gpu 1
ROUND 455 n 7376 bestJ 15.477280283970245 best (64, 34, 68, 38) eligible 0 update 0 updates_total 32
Q round456-s17 0 (48, 58, 28, 49) 23.37511102212934 gpu 0
Q round456-s17 1 (64, 58, 60, 57) 26.485342578456873 gpu 1
Q round456-s17 2 (48, 10, 28, 56) 35.211694340249096 gpu 0
Q round456-s17 3 (64, 58, 36, 57) 26.194692533731658 gpu 1
Q round456-s17 4 (64, 34, 52, 25) 21.594860030355285 gpu 0
Q round456-s17 5 (48, 58, 52, 25) 18.474695695610393 gpu 1
Q round456-s17 6 (64, 58, 36, 39) 25.119494721110133 gpu 0
Q round456-s17 7 (8, 58, 4, 70) 20.21563538686548 gpu 1
Q round456-s17 8 (48, 10, 68, 56) 35.772303068518745 gpu 0
Q round456-s17 9 (64, 34, 68, 17) 21.8689252675848 gpu 1
Q round456-s17 10 (64, 58, 60, 33) 28.435640330910218 gpu 0
Q round456-s17 11 (48, 34, 20, 17) 24.3048623312218 gpu 1
Q round456-s17 12 (64, 34, 28, 1) 21.573364178677693 gpu 0
Q round456-s17 13 (8, 34, 60, 25) 22.61396635370445 gpu 1
Q round456-s17 14 (44, 60, 22, 17) 49.12323653041763 gpu 0
Q round456-s17 15 (23, 43, 6, 67) 93.24164081720878 gpu 1
ROUND 456 n 7392 bestJ 15.477280283970245 best (64, 34, 68, 38) eligible 0 update 0 updates_total 32
Q round457-s17 0 (39, 34, 36, 25) 25.722366803899284 gpu 0
Q round457-s17 1 (48, 34, 20, 49) 22.841441187990096 gpu 1
Q round457-s17 2 (48, 58, 44, 49) 19.90896157532255 gpu 0
Q round457-s17 3 (8, 34, 20, 70) 23.415410717365727 gpu 1
Q round457-s17 4 (8, 58, 44, 54) 22.483390068490326 gpu 0
Q round457-s17 5 (48, 34, 44, 17) 25.319927366327196 gpu 1
Q round457-s17 6 (39, 34, 52, 64) 23.63393407966645 gpu 0
Q round457-s17 7 (8, 58, 4, 30) 20.68027837920713 gpu 1
Q round457-s17 8 (48, 26, 52, 32) 35.726415019075944 gpu 0
Q round457-s17 9 (48, 34, 20, 64) 25.26526999024152 gpu 1
Q round457-s17 10 (64, 58, 60, 39) 25.46610619835068 gpu 0
Q round457-s17 11 (64, 58, 20, 22) 22.97858481385468 gpu 1
Q round457-s17 12 (64, 58, 44, 22) 24.85262949505976 gpu 0
Q round457-s17 13 (48, 58, 68, 49) 22.748325300085558 gpu 1
Q round457-s17 14 (35, 46, 19, 17) 47.192279868182354 gpu 0
Q round457-s17 15 (59, 36, 35, 40) 80.3323181286544 gpu 1
ROUND 457 n 7408 bestJ 15.477280283970245 best (64, 34, 68, 38) eligible 0 update 0 updates_total 32
Q round458-s17 0 (8, 34, 44, 70) 23.894965044068698 gpu 0
Q round458-s17 1 (8, 34, 4, 70) 23.481521868858398 gpu 1
Q round458-s17 2 (39, 58, 52, 41) 21.22553973913667 gpu 0
Q round458-s17 3 (8, 34, 4, 54) 24.87541325509311 gpu 1
Q round458-s17 4 (48, 58, 28, 17) 24.568156977000317 gpu 0
Q round458-s17 5 (48, 58, 20, 1) 24.12524230570578 gpu 1
Q round458-s17 6 (64, 58, 36, 33) 27.288249445680542 gpu 0
Q round458-s17 7 (64, 58, 52, 70) 24.06818816340585 gpu 1
Q round458-s17 8 (48, 58, 44, 17) 22.76122379968096 gpu 0
Q round458-s17 9 (24, 58, 68, 64) 24.194398263658965 gpu 1
Q round458-s17 10 (48, 34, 44, 65) 22.06830642827114 gpu 0
Q round458-s17 11 (39, 58, 68, 48) 23.134023977819446 gpu 1
Q round458-s17 12 (48, 58, 20, 17) 24.509277423821555 gpu 0
Q round458-s17 13 (48, 34, 4, 64) 25.245162205374655 gpu 1
Q round458-s17 14 (70, 7, 11, 71) 99.73551267181358 gpu 0
Q round458-s17 15 (60, 0, 66, 16) 56.06367857713343 gpu 1
ROUND 458 n 7424 bestJ 15.477280283970245 best (64, 34, 68, 38) eligible 0 update 0 updates_total 32
Q round459-s17 0 (48, 34, 4, 49) 22.624854140078575 gpu 0
Q round459-s17 1 (48, 58, 44, 1) 22.92132010047298 gpu 1
Q round459-s17 2 (64, 58, 36, 8) 24.305137720002808 gpu 0
Q round459-s17 3 (48, 34, 4, 17) 24.697991706625608 gpu 1
Q round459-s17 4 (24, 5, 52, 56) 22.292331397195753 gpu 0
Q round459-s17 5 (48, 34, 20, 65) 23.58853007148651 gpu 1
Q round459-s17 6 (48, 58, 12, 1) 23.05820561052533 gpu 0
Q round459-s17 7 (48, 34, 12, 49) 24.621318090949643 gpu 1
Q round459-s17 8 (8, 45, 68, 56) 22.988509091184305 gpu 0
Q round459-s17 9 (39, 58, 68, 24) 23.14432724617722 gpu 1
Q round459-s17 10 (48, 58, 4, 64) 26.24589661589239 gpu 0
Q round459-s17 11 (24, 58, 28, 64) 23.992458517028354 gpu 1
Q round459-s17 12 (48, 10, 52, 32) 35.44196969779239 gpu 0
Q round459-s17 13 (64, 58, 52, 30) 23.715016835539892 gpu 1
Q round459-s17 14 (32, 7, 54, 53) 274.03887088727276 gpu 0
Q round459-s17 15 (50, 13, 68, 57) 184.40469439343744 gpu 1
ROUND 459 n 7440 bestJ 15.477280283970245 best (64, 34, 68, 38) eligible 0 update 0 updates_total 32
Q round460-s17 0 (8, 34, 36, 25) 23.95200754406936 gpu 0
Q round460-s17 1 (39, 58, 68, 16) 23.038100072212764 gpu 1
Q round460-s17 2 (48, 34, 44, 64) 26.087408135556753 gpu 0
Q round460-s17 3 (48, 34, 44, 56) 24.526709054267766 gpu 1
Q round460-s17 4 (48, 58, 68, 17) 24.573269551295795 gpu 0
Q round460-s17 5 (39, 58, 52, 24) 23.148304136999045 gpu 1
Q round460-s17 6 (63, 58, 12, 64) 22.148278239605414 gpu 0
Q round460-s17 7 (24, 58, 12, 49) 21.552322931306552 gpu 1
Q round460-s17 8 (64, 58, 60, 8) 23.355073811193652 gpu 0
Q round460-s17 9 (64, 58, 52, 24) 25.143011923070386 gpu 1
Q round460-s17 10 (64, 58, 52, 48) 24.81955530228596 gpu 0
Q round460-s17 11 (39, 58, 28, 48) 22.55062464629393 gpu 1
Q round460-s17 12 (64, 34, 60, 33) 24.370697800996872 gpu 0
Q round460-s17 13 (48, 34, 20, 56) 25.008938541815404 gpu 1
Q round460-s17 14 (57, 57, 62, 48) 76.4402071749528 gpu 0
Q round460-s17 15 (59, 38, 53, 24) 40.963904495239326 gpu 1
ROUND 460 n 7456 bestJ 15.477280283970245 best (64, 34, 68, 38) eligible 0 update 0 updates_total 32
Q round461-s17 0 (39, 58, 52, 8) 22.446285191072878 gpu 0
Q round461-s17 1 (63, 34, 36, 25) 26.646560808635936 gpu 1
Q round461-s17 2 (39, 58, 28, 16) 23.190756992757144 gpu 0
Q round461-s17 3 (39, 34, 28, 41) 27.696706669569206 gpu 1
Q round461-s17 4 (48, 34, 20, 1) 25.563835311468058 gpu 0
Q round461-s17 5 (48, 34, 60, 9) 19.449899593670867 gpu 1
Q round461-s17 6 (48, 26, 28, 56) 35.663526085244754 gpu 0
Q round461-s17 7 (64, 34, 60, 57) 22.345509610366697 gpu 1
Q round461-s17 8 (64, 34, 36, 57) 21.345366696147142 gpu 0
Q round461-s17 9 (24, 34, 68, 65) 21.75331464134817 gpu 1
Q round461-s17 10 (64, 34, 28, 17) 21.589701094098945 gpu 0
Q round461-s17 11 (39, 34, 68, 24) 24.95381389156901 gpu 1
Q round461-s17 12 (48, 34, 36, 32) 27.61705501363843 gpu 0
Q round461-s17 13 (48, 26, 12, 56) 36.84740874006803 gpu 1
Q round461-s17 14 (16, 22, 40, 56) 111.66846838347304 gpu 0
Q round461-s17 15 (13, 9, 32, 20) 79.08226543650296 gpu 1
ROUND 461 n 7472 bestJ 15.477280283970245 best (64, 34, 68, 38) eligible 0 update 0 updates_total 32
Q round462-s17 0 (48, 58, 20, 8) 26.67265441022191 gpu 0
Q round462-s17 1 (62, 29, 28, 56) 22.14938734972608 gpu 1
Q round462-s17 2 (63, 58, 68, 49) 22.101075167022557 gpu 0
Q round462-s17 3 (24, 34, 28, 17) 25.487364056639397 gpu 1
Q round462-s17 4 (24, 34, 68, 1) 25.689861626088476 gpu 0
Q round462-s17 5 (48, 34, 44, 1) 25.800857688935 gpu 1
Q round462-s17 6 (8, 34, 44, 54) 24.54020139062325 gpu 0
Q round462-s17 7 (39, 69, 12, 33) 23.894525529664442 gpu 1
Q round462-s17 8 (64, 58, 68, 48) 24.064452748969764 gpu 0
Q round462-s17 9 (63, 34, 52, 39) 25.71338480154393 gpu 1
Q round462-s17 10 (8, 58, 44, 14) 23.057492688471275 gpu 0
Q round462-s17 11 (48, 58, 4, 49) 21.96625087968544 gpu 1
Q round462-s17 12 (24, 34, 68, 64) 24.660713506774954 gpu 0
Q round462-s17 13 (64, 58, 36, 63) 26.362783249585334 gpu 1
Q round462-s17 14 (55, 9, 2, 67) 92.43497266872568 gpu 0
Q round462-s17 15 (36, 32, 12, 18) 356.09278779424295 gpu 1
ROUND 462 n 7488 bestJ 15.477280283970245 best (64, 34, 68, 38) eligible 0 update 0 updates_total 32
Q round463-s17 0 (63, 58, 52, 64) 21.778169676432373 gpu 0
Q round463-s17 1 (63, 34, 44, 63) 21.243540536105222 gpu 1
Q round463-s17 2 (39, 13, 20, 57) 25.25740700842872 gpu 0
Q round463-s17 3 (39, 13, 44, 57) 23.551206147904885 gpu 1
Q round463-s17 4 (8, 58, 20, 14) 21.235827943827598 gpu 0
Q round463-s17 5 (64, 34, 52, 16) 24.12310058833805 gpu 1
Q round463-s17 6 (64, 34, 68, 48) 23.511697193578353 gpu 0
Q round463-s17 7 (24, 58, 52, 1) 21.813332182496477 gpu 1
Q round463-s17 8 (24, 58, 68, 1) 22.218263611077777 gpu 0
Q round463-s17 9 (48, 26, 28, 32) 37.45898784365768 gpu 1
Q round463-s17 10 (39, 13, 4, 57) 25.640505578557214 gpu 0
Q round463-s17 11 (63, 34, 52, 56) 24.032407012331657 gpu 1
Q round463-s17 12 (48, 34, 60, 32) 27.514170234637156 gpu 0
Q round463-s17 13 (64, 34, 36, 33) 23.320630593785634 gpu 1
Q round463-s17 14 (4, 16, 29, 41) 42.626118454599336 gpu 0
Q round463-s17 15 (54, 8, 7, 16) 150.4489402328513 gpu 1
TRIGGER_UPDATE 463 7504 ['stagnation', 'eligible_collapse'] {"new_labels_since_update": 256, "evals_since_best": 770, "recent_n": 128, "recent_spearman": 0.5666201245193188, "recent_high_uncertainty_fraction": 0.1875, "sigma_ref_p90": 0.04908452965319159, "eligible_pool": 0, "eligible_floor": 120}
ROUND 463 n 7504 bestJ 15.477280283970245 best (64, 34, 68, 38) eligible 0 update 1 updates_total 33
Q round464-s17 0 (8, 58, 60, 65) 21.84101088936811 gpu 0
Q round464-s17 1 (63, 34, 20, 39) 20.282208209253483 gpu 1
Q round464-s17 2 (8, 58, 4, 14) 20.980345499428694 gpu 0
Q round464-s17 3 (8, 58, 36, 65) 21.59336756655299 gpu 1
Q round464-s17 4 (24, 34, 68, 25) 19.717165630559776 gpu 0
Q round464-s17 5 (24, 58, 60, 17) 22.375077030394422 gpu 1
Q round464-s17 6 (39, 58, 68, 49) 21.89848910376676 gpu 0
Q round464-s17 7 (63, 58, 52, 8) 21.257606687277843 gpu 1
Q round464-s17 8 (64, 34, 4, 22) 26.96069579599149 gpu 0
Q round464-s17 9 (8, 34, 4, 14) 24.708226378318738 gpu 1
Q round464-s17 10 (39, 34, 20, 62) 20.961023828675565 gpu 0
Q round464-s17 11 (24, 58, 36, 17) 23.152789396610174 gpu 1
Q round464-s17 12 (39, 34, 12, 49) 21.868192449436012 gpu 0
Q round464-s17 13 (63, 58, 44, 62) 21.160751748551213 gpu 1
Q round464-s17 14 (40, 19, 60, 36) 428.7585795817533 gpu 0
Q round464-s17 15 (29, 54, 58, 0) 49.61504827787539 gpu 1
ROUND 464 n 7520 bestJ 15.477280283970245 best (64, 34, 68, 38) eligible 0 update 0 updates_total 33
Q round465-s17 0 (8, 34, 20, 30) 23.835510717590925 gpu 0
Q round465-s17 1 (63, 34, 4, 63) 21.283565374875753 gpu 1
Q round465-s17 2 (63, 58, 44, 63) 19.997733642894783 gpu 0
Q round465-s17 3 (48, 53, 36, 9) 21.633366441687837 gpu 1
Q round465-s17 4 (39, 34, 44, 38) 21.600210342935465 gpu 0
Q round465-s17 5 (64, 58, 4, 6) 21.262607177362135 gpu 1
Q round465-s17 6 (24, 58, 12, 70) 22.892238708718356 gpu 0
Q round465-s17 7 (63, 58, 52, 25) 22.810729358127503 gpu 1
Q round465-s17 8 (63, 58, 20, 63) 22.48855068745617 gpu 0
Q round465-s17 9 (63, 58, 20, 62) 23.611115171939883 gpu 1
Q round465-s17 10 (39, 34, 20, 38) 21.10964142785409 gpu 0
Q round465-s17 11 (8, 34, 60, 65) 23.865658856548215 gpu 1
Q round465-s17 12 (8, 21, 60, 33) 23.613272428113632 gpu 0
Q round465-s17 13 (39, 53, 20, 1) 23.74289295759305 gpu 1
Q round465-s17 14 (36, 10, 7, 6) 48.125773687114055 gpu 0
Q round465-s17 15 (63, 9, 44, 32) 66.69090145249162 gpu 1
ROUND 465 n 7536 bestJ 15.477280283970245 best (64, 34, 68, 38) eligible 0 update 0 updates_total 33
Q round466-s17 0 (8, 34, 44, 30) 24.334103509119178 gpu 0
Q round466-s17 1 (63, 34, 20, 63) 20.66987862090631 gpu 1
Q round466-s17 2 (63, 34, 4, 39) 20.968523944135168 gpu 0
Q round466-s17 3 (39, 34, 44, 63) 21.056210090864063 gpu 1
Q round466-s17 4 (63, 58, 12, 49) 20.79177958197747 gpu 0
Q round466-s17 5 (39, 34, 28, 49) 21.832608047041266 gpu 1
Q round466-s17 6 (48, 58, 60, 9) 20.52397142610345 gpu 0
Q round466-s17 7 (39, 34, 52, 25) 22.490743612278322 gpu 1
Q round466-s17 8 (24, 34, 28, 25) 20.446534932673146 gpu 0
Q round466-s17 9 (39, 58, 28, 49) 22.349703100216136 gpu 1
Q round466-s17 10 (63, 34, 44, 62) 22.715731702031043 gpu 0
Q round466-s17 11 (39, 34, 44, 39) 19.931125387100195 gpu 1
Q round466-s17 12 (63, 34, 44, 38) 22.1190255388045 gpu 0
Q round466-s17 13 (8, 58, 60, 49) 21.071978142851716 gpu 1
Q round466-s17 14 (18, 17, 70, 51) 627.337160697947 gpu 0
Q round466-s17 15 (21, 1, 12, 61) 196.3157235408834 gpu 1
ROUND 466 n 7552 bestJ 15.477280283970245 best (64, 34, 68, 38) eligible 0 update 0 updates_total 33
Q round467-s17 0 (39, 34, 44, 62) 19.558597543966737 gpu 0
Q round467-s17 1 (63, 58, 28, 49) 22.711532021595854 gpu 1
Q round467-s17 2 (62, 29, 4, 16) 22.078440404418835 gpu 0
Q round467-s17 3 (24, 34, 12, 17) 22.429408647103486 gpu 1
Q round467-s17 4 (39, 34, 20, 63) 20.166349765248487 gpu 0
Q round467-s17 5 (24, 58, 28, 17) 23.013550778244 gpu 1
Q round467-s17 6 (39, 34, 52, 65) 21.888101202768908 gpu 0
Q round467-s17 7 (63, 58, 44, 38) 22.556573008139257 gpu 1
Q round467-s17 8 (64, 58, 20, 6) 22.230956048505274 gpu 0
Q round467-s17 9 (63, 34, 20, 62) 21.279136343399756 gpu 1
Q round467-s17 10 (24, 58, 52, 39) 22.20154317194312 gpu 0
Q round467-s17 11 (63, 58, 44, 39) 21.030811945134314 gpu 1
Q round467-s17 12 (24, 69, 12, 33) 24.37808463234894 gpu 0
Q round467-s17 13 (63, 58, 52, 65) 23.532486887694404 gpu 1
Q round467-s17 14 (1, 14, 48, 70) 95.33344392574861 gpu 0
Q round467-s17 15 (45, 50, 14, 52) 332.9082103876109 gpu 1
ROUND 467 n 7568 bestJ 15.477280283970245 best (64, 34, 68, 38) eligible 0 update 0 updates_total 33
Q round468-s17 0 (63, 34, 44, 39) 20.693900271607728 gpu 0
Q round468-s17 1 (8, 34, 20, 54) 24.521700579552057 gpu 1
Q round468-s17 2 (39, 34, 28, 8) 21.092894911636314 gpu 0
Q round468-s17 3 (48, 34, 44, 25) 21.879107115380464 gpu 1
Q round468-s17 4 (64, 58, 44, 6) 22.94117015322747 gpu 0
Q round468-s17 5 (63, 34, 20, 38) 21.873666281875156 gpu 1
Q round468-s17 6 (8, 45, 28, 56) 23.294156174956804 gpu 0
Q round468-s17 7 (24, 34, 28, 65) 22.394319993253763 gpu 1
Q round468-s17 8 (8, 53, 44, 56) 22.16095077343185 gpu 0
Q round468-s17 9 (48, 34, 20, 25) 22.74189756566591 gpu 1
Q round468-s17 10 (48, 45, 4, 56) 22.754680116800976 gpu 0
Q round468-s17 11 (64, 58, 12, 46) 24.427461015240457 gpu 1
Q round468-s17 12 (63, 58, 20, 38) 25.84490252454348 gpu 0
Q round468-s17 13 (64, 5, 60, 56) 23.756835217764987 gpu 1
Q round468-s17 14 (53, 22, 8, 47) 78.06165771805868 gpu 0
Q round468-s17 15 (37, 32, 61, 48) 52.87503222646487 gpu 1
ROUND 468 n 7584 bestJ 15.477280283970245 best (64, 34, 68, 38) eligible 0 update 0 updates_total 33
Q round469-s17 0 (63, 29, 20, 1) 22.553690632957668 gpu 0
Q round469-s17 1 (48, 58, 36, 9) 21.57822469048365 gpu 1
Q round469-s17 2 (24, 45, 68, 32) 23.54311427748336 gpu 0
Q round469-s17 3 (39, 34, 20, 39) 18.79071684751033 gpu 1
Q round469-s17 4 (8, 34, 36, 65) 25.128182896782018 gpu 0
Q round469-s17 5 (24, 34, 20, 39) 23.046725808674868 gpu 1
Q round469-s17 6 (63, 34, 4, 38) 21.467250607748053 gpu 0
Q round469-s17 7 (63, 58, 20, 39) 24.053173210514213 gpu 1
Q round469-s17 8 (64, 34, 12, 1) 22.256251230930005 gpu 0
Q round469-s17 9 (38, 45, 36, 56) 22.987358818700535 gpu 1
Q round469-s17 10 (8, 58, 36, 49) 22.049599070744932 gpu 0
Q round469-s17 11 (64, 5, 36, 56) 23.895547232603672 gpu 1
Q round469-s17 12 (63, 58, 68, 25) 24.503618947512283 gpu 0
Q round469-s17 13 (24, 58, 4, 46) 22.64033224334574 gpu 1
Q round469-s17 14 (22, 29, 48, 28) 69.07152766763681 gpu 0
Q round469-s17 15 (31, 23, 16, 63) 138.60782986827851 gpu 1
ROUND 469 n 7600 bestJ 15.477280283970245 best (64, 34, 68, 38) eligible 0 update 0 updates_total 33
Q round470-s17 0 (8, 34, 4, 30) 23.452299066839945 gpu 0
Q round470-s17 1 (63, 34, 4, 62) 21.54791109928852 gpu 1
Q round470-s17 2 (8, 34, 20, 14) 25.295488747405827 gpu 0
Q round470-s17 3 (48, 34, 4, 65) 23.225359106118486 gpu 1
Q round470-s17 4 (8, 34, 44, 14) 26.072844084177564 gpu 0
Q round470-s17 5 (38, 53, 68, 32) 23.859863407580544 gpu 1
Q round470-s17 6 (24, 34, 12, 1) 24.004435396419716 gpu 0
Q round470-s17 7 (39, 58, 52, 1) 22.76011881772629 gpu 1
Q round470-s17 8 (63, 58, 20, 41) 24.414835134160214 gpu 0
Q round470-s17 9 (64, 58, 68, 1) 25.777676190280047 gpu 1
Q round470-s17 10 (48, 34, 52, 25) 24.76932365142819 gpu 0
Q round470-s17 11 (39, 58, 52, 25) 23.610734690046026 gpu 1
Q round470-s17 12 (24, 34, 28, 1) 25.760583552850047 gpu 0
Q round470-s17 13 (63, 58, 68, 17) 22.490383954675746 gpu 1
Q round470-s17 14 (8, 6, 35, 18) 156.58571543307525 gpu 0
Q round470-s17 15 (24, 3, 48, 45) 62.79398730204519 gpu 1
ROUND 470 n 7616 bestJ 15.477280283970245 best (64, 34, 68, 38) eligible 0 update 0 updates_total 33
Q round471-s17 0 (64, 58, 52, 16) 25.18788543051711 gpu 0
Q round471-s17 1 (62, 45, 36, 32) 23.712475116453586 gpu 1
Q round471-s17 2 (39, 69, 28, 33) 22.799276861092604 gpu 0
Q round471-s17 3 (39, 58, 12, 70) 25.54202088325232 gpu 1
Q round471-s17 4 (39, 34, 68, 25) 22.49919377405408 gpu 0
Q round471-s17 5 (62, 21, 36, 56) 22.612156596267795 gpu 1
Q round471-s17 6 (24, 69, 12, 57) 21.233339846663622 gpu 0
Q round471-s17 7 (48, 34, 4, 25) 22.280186021525598 gpu 1
Q round471-s17 8 (39, 58, 52, 65) 24.369873366276895 gpu 0
Q round471-s17 9 (39, 58, 68, 17) 25.339748341060194 gpu 1
Q round471-s17 10 (63, 34, 12, 25) 20.75775751751909 gpu 0
Q round471-s17 11 (62, 45, 60, 32) 22.284133500900268 gpu 1
Q round471-s17 12 (64, 13, 28, 33) 25.37494094772665 gpu 0
Q round471-s17 13 (8, 53, 20, 56) 25.430737787390974 gpu 1
Q round471-s17 14 (54, 19, 19, 25) 95.043119807597 gpu 0
Q round471-s17 15 (47, 10, 5, 65) 57.48830894956521 gpu 1
ROUND 471 n 7632 bestJ 15.477280283970245 best (64, 34, 68, 38) eligible 0 update 0 updates_total 33
Q round472-s17 0 (48, 29, 60, 9) 22.282422468881578 gpu 0
Q round472-s17 1 (62, 13, 44, 56) 22.605395429700273 gpu 1
Q round472-s17 2 (63, 53, 44, 1) 22.950071359039843 gpu 0
Q round472-s17 3 (39, 13, 12, 33) 22.512973620808836 gpu 1
Q round472-s17 4 (64, 34, 68, 16) 23.413519019747213 gpu 0
Q round472-s17 5 (38, 45, 36, 32) 22.0526156896247 gpu 1
Q round472-s17 6 (39, 69, 12, 57) 22.130697004604915 gpu 0
Q round472-s17 7 (24, 58, 28, 1) 22.61514323198229 gpu 1
Q round472-s17 8 (63, 34, 12, 49) 23.06854775806461 gpu 0
Q round472-s17 9 (39, 34, 68, 65) 22.300997383537638 gpu 1
Q round472-s17 10 (24, 34, 60, 49) 25.2934968137914 gpu 0
Q round472-s17 11 (24, 58, 12, 17) 24.357488416936686 gpu 1
Q round472-s17 12 (24, 29, 12, 57) 22.312429749713598 gpu 0
Q round472-s17 13 (38, 53, 12, 56) 23.894305067549602 gpu 1
Q round472-s17 14 (59, 22, 61, 8) 53.781828256053345 gpu 0
Q round472-s17 15 (32, 2, 47, 40) 51.73154595495356 gpu 1
ROUND 472 n 7648 bestJ 15.477280283970245 best (64, 34, 68, 38) eligible 0 update 0 updates_total 33
Q round473-s17 0 (39, 34, 44, 41) 22.177283244844144 gpu 0
Q round473-s17 1 (62, 13, 20, 56) 22.277112344491908 gpu 1
Q round473-s17 2 (39, 34, 12, 8) 21.619764438514242 gpu 0
Q round473-s17 3 (39, 34, 68, 17) 21.799537755084092 gpu 1
Q round473-s17 4 (39, 34, 4, 62) 20.935591282558104 gpu 0
Q round473-s17 5 (38, 45, 60, 56) 23.331452565277342 gpu 1
Q round473-s17 6 (38, 69, 28, 32) 22.25295049493508 gpu 0
Q round473-s17 7 (8, 21, 36, 33) 22.842768865341714 gpu 1
Q round473-s17 8 (24, 58, 52, 63) 22.821599031168343 gpu 0
Q round473-s17 9 (8, 34, 52, 25) 24.048727096729163 gpu 1
Q round473-s17 10 (39, 58, 52, 48) 23.81635518596757 gpu 0
Q round473-s17 11 (8, 21, 52, 56) 25.282515858516355 gpu 1
Q round473-s17 12 (24, 58, 60, 1) 21.819219213518835 gpu 0
Q round473-s17 13 (24, 58, 68, 65) 25.632899069486008 gpu 1
Q round473-s17 14 (39, 26, 62, 19) 133.3477666726983 gpu 0
Q round473-s17 15 (59, 1, 61, 26) 186.14134670398954 gpu 1
ROUND 473 n 7664 bestJ 15.477280283970245 best (64, 34, 68, 38) eligible 0 update 0 updates_total 33
Q round474-s17 0 (62, 53, 44, 16) 23.987915218264078 gpu 0
Q round474-s17 1 (38, 45, 60, 32) 22.543448341135424 gpu 1
Q round474-s17 2 (63, 34, 68, 25) 23.582061653578467 gpu 0
Q round474-s17 3 (24, 58, 68, 25) 25.252315810221663 gpu 1
Q round474-s17 4 (64, 34, 20, 22) 25.40548168112455 gpu 0
Q round474-s17 5 (64, 34, 28, 16) 23.024405628092484 gpu 1
Q round474-s17 6 (48, 45, 44, 32) 23.766173684562194 gpu 0
Q round474-s17 7 (64, 13, 68, 33) 24.585148499537976 gpu 1
Q round474-s17 8 (39, 58, 12, 48) 23.40187795128352 gpu 0
Q round474-s17 9 (39, 58, 12, 30) 25.518677900991513 gpu 1
Q round474-s17 10 (63, 58, 12, 17) 22.808759597943727 gpu 0
Q round474-s17 11 (65, 13, 36, 56) 24.67688432931671 gpu 1
Q round474-s17 12 (39, 21, 12, 40) 24.051640624954494 gpu 0
Q round474-s17 13 (63, 58, 28, 17) 23.39131838449711 gpu 1
Q round474-s17 14 (49, 30, 34, 20) 121.61107420862392 gpu 0
Q round474-s17 15 (16, 65, 59, 8) 56.790507941531075 gpu 1
ROUND 474 n 7680 bestJ 15.477280283970245 best (64, 34, 68, 38) eligible 0 update 0 updates_total 33
Q round475-s17 0 (25, 13, 4, 16) 21.811665492874745 gpu 0
Q round475-s17 1 (38, 29, 36, 32) 25.85671528485194 gpu 1
Q round475-s17 2 (63, 58, 28, 48) 23.60506623537229 gpu 0
Q round475-s17 3 (39, 34, 28, 25) 22.490441374010363 gpu 1
Q round475-s17 4 (8, 58, 12, 70) 21.70491364449319 gpu 0
Q round475-s17 5 (63, 58, 28, 25) 24.602586683845004 gpu 1
Q round475-s17 6 (64, 13, 12, 57) 24.050636256278374 gpu 0
Q round475-s17 7 (63, 34, 28, 25) 22.998588538071665 gpu 1
Q round475-s17 8 (38, 21, 36, 56) 24.392060205489468 gpu 0
Q round475-s17 9 (64, 34, 12, 17) 21.418018450540302 gpu 1
Q round475-s17 10 (63, 58, 68, 48) 23.699825974941223 gpu 0
Q round475-s17 11 (24, 34, 36, 49) 26.546100609321954 gpu 1
Q round475-s17 12 (64, 58, 68, 17) 26.1871934518172 gpu 0
Q round475-s17 13 (64, 34, 44, 22) 26.63170981484127 gpu 1
Q round475-s17 14 (52, 6, 43, 47) 37.97478215354588 gpu 0
Q round475-s17 15 (30, 68, 8, 38) 54.31273634013458 gpu 1
ROUND 475 n 7696 bestJ 15.477280283970245 best (64, 34, 68, 38) eligible 0 update 0 updates_total 33
Q round476-s17 0 (39, 34, 20, 41) 22.627896664060508 gpu 0
Q round476-s17 1 (62, 29, 68, 32) 22.99285571469452 gpu 1
Q round476-s17 2 (63, 58, 68, 16) 22.255136433586102 gpu 0
Q round476-s17 3 (8, 58, 12, 41) 22.834474107186416 gpu 1
Q round476-s17 4 (64, 34, 4, 6) 25.12504793874826 gpu 0
Q round476-s17 5 (24, 58, 52, 41) 23.207433067511346 gpu 1
Q round476-s17 6 (48, 58, 28, 62) 23.921810709248643 gpu 0
Q round476-s17 7 (24, 58, 12, 1) 24.496338127647636 gpu 1
Q round476-s17 8 (8, 13, 4, 32) 25.698347968717506 gpu 0
Q round476-s17 9 (39, 34, 52, 56) 23.354424039486304 gpu 1
Q round476-s17 10 (8, 69, 44, 56) 21.71794194404027 gpu 0
Q round476-s17 11 (39, 58, 28, 24) 23.592213632546525 gpu 1
Q round476-s17 12 (63, 34, 68, 56) 21.963146850059626 gpu 0
Q round476-s17 13 (48, 58, 68, 38) 23.80095958992686 gpu 1
Q round476-s17 14 (33, 61, 33, 51) 118.97653392864369 gpu 0
Q round476-s17 15 (50, 32, 59, 33) 1434.4407078328225 gpu 1
ROUND 476 n 7712 bestJ 15.477280283970245 best (64, 34, 68, 38) eligible 0 update 0 updates_total 33
Q round477-s17 0 (63, 34, 52, 32) 23.951838527025377 gpu 0
Q round477-s17 1 (63, 34, 52, 8) 25.42272593899739 gpu 1
Q round477-s17 2 (24, 53, 4, 56) 22.906853444896353 gpu 0
Q round477-s17 3 (48, 58, 12, 41) 23.18867422537017 gpu 1
Q round477-s17 4 (62, 58, 12, 39) 30.839193049217176 gpu 0
Q round477-s17 5 (48, 58, 60, 65) 22.95434099303941 gpu 1
Q round477-s17 6 (48, 58, 68, 1) 25.773315600342194 gpu 0
Q round477-s17 7 (64, 21, 60, 33) 24.574352770994984 gpu 1
Q round477-s17 8 (39, 58, 28, 17) 25.441650249322564 gpu 0
Q round477-s17 9 (8, 58, 52, 25) 26.438716646416115 gpu 1
Q round477-s17 10 (48, 58, 44, 25) 23.614508939532364 gpu 0
Q round477-s17 11 (63, 34, 12, 65) 22.3274320549651 gpu 1
Q round477-s17 12 (39, 34, 28, 65) 22.317967726960696 gpu 0
Q round477-s17 13 (48, 45, 20, 32) 25.85030787259899 gpu 1
Q round477-s17 14 (44, 56, 4, 71) 40.56854833233575 gpu 0
Q round477-s17 15 (42, 31, 40, 27) 237.32164311236588 gpu 1
ROUND 477 n 7728 bestJ 15.477280283970245 best (64, 34, 68, 38) eligible 0 update 0 updates_total 33
Q round478-s17 0 (39, 34, 52, 8) 23.75943361014675 gpu 0
Q round478-s17 1 (39, 58, 12, 16) 24.37682554476875 gpu 1
Q round478-s17 2 (8, 58, 12, 30) 21.684597765099657 gpu 0
Q round478-s17 3 (63, 58, 4, 41) 23.43423285914939 gpu 1
Q round478-s17 4 (38, 21, 60, 56) 24.00431513395513 gpu 0
Q round478-s17 5 (39, 21, 60, 33) 23.96605412911208 gpu 1
Q round478-s17 6 (48, 58, 36, 65) 23.433479652298328 gpu 0
Q round478-s17 7 (24, 29, 12, 33) 23.186864702910515 gpu 1
Q round478-s17 8 (63, 34, 44, 49) 21.242576630530305 gpu 0
Q round478-s17 9 (39, 58, 68, 1) 24.281318294133698 gpu 1
Q round478-s17 10 (24, 58, 36, 1) 24.510679500880187 gpu 0
Q round478-s17 11 (62, 5, 60, 56) 22.942879039488492 gpu 1
Q round478-s17 12 (64, 45, 60, 33) 23.38759239500011 gpu 0
Q round478-s17 13 (24, 58, 44, 39) 22.08879512666562 gpu 1
Q round478-s17 14 (50, 1, 13, 25) 118.67279861409642 gpu 0
Q round478-s17 15 (6, 35, 24, 0) 60.36870966735222 gpu 1
ROUND 478 n 7744 bestJ 15.477280283970245 best (64, 34, 68, 38) eligible 0 update 0 updates_total 33
Q round479-s17 0 (65, 13, 60, 32) 22.904890927468582 gpu 0
Q round479-s17 1 (38, 53, 28, 32) 23.605516257032246 gpu 1
Q round479-s17 2 (39, 58, 12, 49) 22.23900886103652 gpu 0
Q round479-s17 3 (64, 13, 12, 33) 25.55806511835744 gpu 1
Q round479-s17 4 (64, 50, 60, 25) 29.674267376602824 gpu 0
Q round479-s17 5 (39, 34, 4, 38) 21.499570816016632 gpu 1
Q round479-s17 6 (63, 34, 20, 49) 22.069068714766228 gpu 0
Q round479-s17 7 (63, 58, 52, 32) 28.514245913982126 gpu 1
Q round479-s17 8 (64, 58, 28, 16) 27.12417241201833 gpu 0
Q round479-s17 9 (24, 34, 12, 65) 22.731788999583234 gpu 1
Q round479-s17 10 (64, 34, 28, 8) 22.141214295800243 gpu 0
Q round479-s17 11 (38, 58, 68, 64) 32.913284429417864 gpu 1
Q round479-s17 12 (48, 58, 28, 1) 25.051495089102247 gpu 0
Q round479-s17 13 (24, 53, 44, 32) 22.4685354058619 gpu 1
Q round479-s17 14 (71, 22, 60, 14) 97.93807080485921 gpu 0
Q round479-s17 15 (50, 16, 71, 0) 55.75424482869662 gpu 1
TRIGGER_UPDATE 479 7760 ['stagnation', 'eligible_collapse'] {"new_labels_since_update": 256, "evals_since_best": 1026, "recent_n": 128, "recent_spearman": 0.47148530488921436, "recent_high_uncertainty_fraction": 0.140625, "sigma_ref_p90": 0.050445283204317085, "eligible_pool": 0, "eligible_floor": 120}
ROUND 479 n 7760 bestJ 15.477280283970245 best (64, 34, 68, 38) eligible 0 update 1 updates_total 34
Q round480-s17 0 (24, 21, 60, 33) 23.608485920925922 gpu 0
Q round480-s17 1 (24, 21, 36, 33) 23.545482327113817 gpu 1
Q round480-s17 2 (8, 21, 60, 57) 21.65586684324646 gpu 0
Q round480-s17 3 (24, 21, 60, 57) 21.423947621132513 gpu 1
Q round480-s17 4 (8, 21, 36, 57) 19.553156040914324 gpu 0
Q round480-s17 5 (24, 5, 60, 33) 23.123651658751182 gpu 1
Q round480-s17 6 (63, 58, 28, 8) 21.266468913317098 gpu 0
Q round480-s17 7 (39, 34, 4, 63) 20.045698428625276 gpu 1
Q round480-s17 8 (24, 69, 28, 33) 22.630071828908854 gpu 0
Q round480-s17 9 (24, 69, 68, 33) 22.54437375400037 gpu 1
Q round480-s17 10 (24, 53, 12, 57) 21.948393543725114 gpu 0
Q round480-s17 11 (24, 5, 36, 33) 21.98599939331444 gpu 1
Q round480-s17 12 (24, 45, 60, 33) 16.793221758247075 gpu 0
Q round480-s17 13 (39, 69, 28, 57) 21.134973130642997 gpu 1
Q round480-s17 14 (45, 66, 7, 45) 1176.0167565511388 gpu 0
Q round480-s17 15 (23, 43, 33, 67) 987.9376290076822 gpu 1
ROUND 480 n 7776 bestJ 15.477280283970245 best (64, 34, 68, 38) eligible 0 update 0 updates_total 34
Q round481-s17 0 (24, 21, 36, 57) 20.545992158474245 gpu 0
Q round481-s17 1 (8, 45, 60, 33) 18.059123390369336 gpu 1
Q round481-s17 2 (39, 34, 4, 39) 19.285015692532994 gpu 0
Q round481-s17 3 (24, 53, 28, 33) 23.60278028542348 gpu 1
Q round481-s17 4 (39, 69, 68, 33) 22.134794230137334 gpu 0
Q round481-s17 5 (24, 29, 28, 33) 23.25613592625869 gpu 1
Q round481-s17 6 (24, 5, 60, 57) 20.978974825210386 gpu 0
Q round481-s17 7 (24, 29, 68, 57) 20.349017236134802 gpu 1
Q round481-s17 8 (24, 53, 68, 33) 22.729980646119945 gpu 0
Q round481-s17 9 (48, 58, 20, 25) 25.44653163745279 gpu 1
Q round481-s17 10 (24, 53, 12, 33) 23.742094373732098 gpu 0
Q round481-s17 11 (8, 45, 36, 33) 16.747946080661286 gpu 1
Q round481-s17 12 (24, 29, 68, 33) 23.220523139890187 gpu 0
Q round481-s17 13 (24, 5, 36, 57) 19.13804609419225 gpu 1
Q round481-s17 14 (28, 2, 43, 42) 232.15959156873376 gpu 0
Q round481-s17 15 (33, 33, 34, 27) 66.48892592435358 gpu 1
ROUND 481 n 7792 bestJ 15.477280283970245 best (64, 34, 68, 38) eligible 0 update 0 updates_total 34
Q round482-s17 0 (24, 69, 28, 57) 21.09169627213971 gpu 0
Q round482-s17 1 (63, 58, 4, 63) 21.931710491944596 gpu 1
Q round482-s17 2 (24, 45, 36, 33) 16.889260820194238 gpu 0
Q round482-s17 3 (63, 34, 4, 49) 21.39384399358642 gpu 1
Q round482-s17 4 (63, 34, 68, 65) 22.671934038858364 gpu 0
Q round482-s17 5 (39, 13, 28, 33) 22.94112650611693 gpu 1
Q round482-s17 6 (8, 5, 60, 33) 23.455629621317048 gpu 0
Q round482-s17 7 (63, 34, 52, 25) 20.568184542143552 gpu 1
Q round482-s17 8 (24, 53, 28, 57) 20.382663166040658 gpu 0
Q round482-s17 9 (64, 21, 60, 57) 23.746186721223324 gpu 1
Q round482-s17 10 (39, 13, 68, 33) 21.897173723258952 gpu 0
Q round482-s17 11 (63, 69, 28, 33) 22.738846551103055 gpu 1
Q round482-s17 12 (63, 34, 68, 64) 23.02894045663761 gpu 0
Q round482-s17 13 (63, 34, 28, 65) 23.319058281599617 gpu 1
Q round482-s17 14 (52, 57, 20, 23) 38.003290839535474 gpu 0
Q round482-s17 15 (5, 4, 64, 64) 53.60496360564537 gpu 1
ROUND 482 n 7808 bestJ 15.477280283970245 best (64, 34, 68, 38) eligible 0 update 0 updates_total 34
Q round483-s17 0 (24, 13, 12, 33) 22.690942653845433 gpu 0
Q round483-s17 1 (62, 45, 12, 24) 20.83359045632039 gpu 1
Q round483-s17 2 (39, 34, 12, 25) 22.20479180752722 gpu 0
Q round483-s17 3 (24, 34, 4, 63) 22.71392403626664 gpu 1
Q round483-s17 4 (39, 21, 60, 57) 23.429879150380692 gpu 0
Q round483-s17 5 (64, 45, 60, 57) 24.485474961187705 gpu 1
Q round483-s17 6 (63, 58, 4, 39) 22.793862654818348 gpu 0
Q round483-s17 7 (8, 5, 60, 57) 21.021486048104403 gpu 1
Q round483-s17 8 (48, 58, 44, 65) 25.166510549305627 gpu 0
Q round483-s17 9 (63, 58, 4, 38) 25.11972182491081 gpu 1
Q round483-s17 10 (24, 53, 68, 57) 20.60164630690209 gpu 0
Q round483-s17 11 (39, 21, 36, 33) 23.674286712866415 gpu 1
Q round483-s17 12 (48, 58, 4, 25) 25.60763350091168 gpu 0
Q round483-s17 13 (63, 69, 12, 33) 22.08235756040107 gpu 1
Q round483-s17 14 (68, 36, 23, 41) 52.43219785604561 gpu 0
Q round483-s17 15 (64, 14, 30, 15) 88.85098103807344 gpu 1
ROUND 483 n 7824 bestJ 15.477280283970245 best (64, 34, 68, 38) eligible 0 update 0 updates_total 34
Q round484-s17 0 (39, 34, 68, 8) 21.35098506875878 gpu 0
Q round484-s17 1 (24, 69, 68, 57) 20.540733625302604 gpu 1
Q round484-s17 2 (39, 21, 36, 57) 23.77238385564163 gpu 0
Q round484-s17 3 (39, 5, 60, 33) 23.1313315369263 gpu 1
Q round484-s17 4 (63, 69, 68, 33) 21.07716147775377 gpu 0
Q round484-s17 5 (24, 34, 4, 39) 23.048528717900997 gpu 1
Q round484-s17 6 (63, 69, 12, 57) 21.687877642272543 gpu 0
Q round484-s17 7 (39, 53, 68, 33) 23.037562746934444 gpu 1
Q round484-s17 8 (24, 13, 12, 57) 20.550962752079094 gpu 0
Q round484-s17 9 (64, 45, 36, 57) 24.47164382164002 gpu 1
Q round484-s17 10 (48, 58, 20, 65) 26.73181259535739 gpu 0
Q round484-s17 11 (39, 45, 60, 33) 23.16680655809263 gpu 1
Q round484-s17 12 (24, 34, 12, 25) 21.270305317023986 gpu 0
Q round484-s17 13 (8, 5, 36, 33) 22.489940854280487 gpu 1
Q round484-s17 14 (59, 16, 45, 50) 179.994705582762 gpu 0
Q round484-s17 15 (37, 59, 66, 46) 1299.8727379653715 gpu 1
ROUND 484 n 7840 bestJ 15.477280283970245 best (64, 34, 68, 38) eligible 0 update 0 updates_total 34
Q round485-s17 0 (63, 34, 28, 8) 23.247735026210766 gpu 0
Q round485-s17 1 (24, 29, 28, 57) 20.30124684420426 gpu 1
Q round485-s17 2 (63, 58, 12, 48) 23.0269720692609 gpu 0
Q round485-s17 3 (39, 53, 28, 33) 23.640257698612267 gpu 1
Q round485-s17 4 (39, 29, 28, 57) 21.685555080965525 gpu 0
Q round485-s17 5 (63, 58, 68, 65) 24.935330241117175 gpu 1
Q round485-s17 6 (8, 69, 12, 57) 23.266668003484053 gpu 0
Q round485-s17 7 (8, 58, 60, 17) 22.22637558268903 gpu 1
Q round485-s17 8 (8, 53, 12, 57) 22.860342875935395 gpu 0
Q round485-s17 9 (63, 13, 12, 33) 21.91738062975251 gpu 1
Q round485-s17 10 (63, 58, 28, 24) 23.907441220376427 gpu 0
Q round485-s17 11 (8, 5, 36, 57) 19.196266507581704 gpu 1
Q round485-s17 12 (63, 58, 12, 25) 23.65052507823077 gpu 0
Q round485-s17 13 (39, 34, 12, 65) 21.24080979928398 gpu 1
Q round485-s17 14 (12, 29, 0, 43) 171.33331102527202 gpu 0
Q round485-s17 15 (64, 28, 63, 68) 46.640694849877285 gpu 1
ROUND 485 n 7856 bestJ 15.477280283970245 best (64, 34, 68, 38) eligible 0 update 0 updates_total 34
Q round486-s17 0 (48, 34, 36, 9) 19.920065601925007 gpu 0
Q round486-s17 1 (39, 58, 44, 63) 22.829144886826484 gpu 1
Q round486-s17 2 (64, 21, 36, 57) 24.3428942898003 gpu 0
Q round486-s17 3 (63, 21, 60, 33) 23.393617720700103 gpu 1
Q round486-s17 4 (39, 5, 36, 33) 22.225675766607903 gpu 0
Q round486-s17 5 (64, 5, 60, 57) 23.833934103607113 gpu 1
Q round486-s17 6 (39, 58, 44, 62) 23.204631545808542 gpu 0
Q round486-s17 7 (39, 69, 52, 33) 21.959068016340492 gpu 1
Q round486-s17 8 (24, 58, 60, 32) 20.292099802760834 gpu 0
Q round486-s17 9 (39, 5, 60, 57) 23.154870348617216 gpu 1
Q round486-s17 10 (63, 58, 28, 65) 25.042260146409536 gpu 0
Q round486-s17 11 (48, 34, 52, 9) 20.842899344169155 gpu 1
Q round486-s17 12 (39, 45, 36, 33) 22.428287176695875 gpu 0
Q round486-s17 13 (39, 34, 52, 32) 23.747836384129247 gpu 1
Q round486-s17 14 (47, 63, 50, 66) 279.2885763540748 gpu 0
Q round486-s17 15 (6, 38, 70, 11) 94.39678638506041 gpu 1
ROUND 486 n 7872 bestJ 15.477280283970245 best (64, 34, 68, 38) eligible 0 update 0 updates_total 34
Q round487-s17 0 (39, 13, 12, 57) 21.30356548829292 gpu 0
Q round487-s17 1 (39, 53, 28, 57) 22.067939885228014 gpu 1
Q round487-s17 2 (63, 34, 44, 48) 24.62109062520023 gpu 0
Q round487-s17 3 (63, 34, 4, 25) 24.131411856488363 gpu 1
Q round487-s17 4 (63, 34, 68, 32) 22.940608620779948 gpu 0
Q round487-s17 5 (39, 29, 68, 57) 22.62626584509809 gpu 1
Q round487-s17 6 (63, 34, 44, 65) 23.86168960751647 gpu 0
Q round487-s17 7 (39, 29, 28, 33) 23.78157231905764 gpu 1
Q round487-s17 8 (39, 34, 28, 24) 24.0049382567258 gpu 0
Q round487-s17 9 (24, 58, 60, 56) 22.573908803285313 gpu 1
Q round487-s17 10 (48, 58, 4, 17) 24.547414387374513 gpu 0
Q round487-s17 11 (8, 29, 60, 32) 25.558028945956554 gpu 1
Q round487-s17 12 (39, 34, 68, 56) 23.661277870414114 gpu 0
Q round487-s17 13 (39, 34, 44, 49) 21.59922495993582 gpu 1
Q round487-s17 14 (23, 36, 66, 2) 68.35886158543529 gpu 0
Q round487-s17 15 (46, 7, 38, 37) 228.46178082590453 gpu 1
ROUND 487 n 7888 bestJ 15.477280283970245 best (64, 34, 68, 38) eligible 0 update 0 updates_total 34
Q round488-s17 0 (63, 34, 12, 8) 22.61118367336626 gpu 0
Q round488-s17 1 (39, 69, 68, 57) 21.941098779498038 gpu 1
Q round488-s17 2 (63, 34, 20, 64) 22.195667379712223 gpu 0
Q round488-s17 3 (63, 34, 44, 25) 21.911141707245555 gpu 1
Q round488-s17 4 (39, 58, 68, 0) 23.999817194302924 gpu 0
Q round488-s17 5 (39, 34, 12, 17) 22.405251519526356 gpu 1
Q round488-s17 6 (39, 13, 68, 57) 19.86607770664787 gpu 0
Q round488-s17 7 (63, 58, 68, 1) 25.00019915029688 gpu 1
Q round488-s17 8 (39, 34, 28, 48) 26.72417719731157 gpu 0
Q round488-s17 9 (63, 21, 36, 33) 22.614607992864087 gpu 1
Q round488-s17 10 (39, 58, 20, 63) 24.066334131523824 gpu 0
Q round488-s17 11 (8, 58, 36, 17) 23.274332820725217 gpu 1
Q round488-s17 12 (63, 34, 20, 65) 25.973640416508452 gpu 0
Q round488-s17 13 (24, 58, 36, 32) 21.461899762665112 gpu 1
Q round488-s17 14 (50, 23, 65, 3) 845.2640736068829 gpu 0
Q round488-s17 15 (3, 50, 70, 11) 98.12109277523359 gpu 1
ROUND 488 n 7904 bestJ 15.477280283970245 best (64, 34, 68, 38) eligible 0 update 0 updates_total 34
Q round489-s17 0 (63, 58, 68, 24) 22.812269135450617 gpu 0
Q round489-s17 1 (39, 58, 28, 0) 22.313952245199705 gpu 1
Q round489-s17 2 (8, 29, 12, 57) 24.40041589195683 gpu 0
Q round489-s17 3 (63, 58, 12, 24) 23.397166771763164 gpu 1
Q round489-s17 4 (24, 58, 20, 39) 25.976572015190605 gpu 0
Q round489-s17 5 (63, 53, 28, 33) 21.824832543158664 gpu 1
Q round489-s17 6 (39, 58, 20, 62) 25.054420293279417 gpu 0
Q round489-s17 7 (48, 58, 4, 65) 27.284735455199773 gpu 1
Q round489-s17 8 (24, 58, 12, 8) 25.46965388842839 gpu 0
Q round489-s17 9 (64, 13, 28, 57) 22.55366051540149 gpu 1
Q round489-s17 10 (24, 58, 36, 56) 22.767615321169238 gpu 0
Q round489-s17 11 (63, 5, 60, 33) 22.63918420682332 gpu 1
Q round489-s17 12 (39, 58, 44, 39) 23.703478418376644 gpu 0
Q round489-s17 13 (64, 13, 68, 57) 21.86678736671192 gpu 1
Q round489-s17 14 (10, 68, 11, 5) 119.89726857014814 gpu 0
Q round489-s17 15 (22, 50, 15, 28) 58.50058667133763 gpu 1
ROUND 489 n 7920 bestJ 15.477280283970245 best (64, 34, 68, 38) eligible 0 update 0 updates_total 34
Q round490-s17 0 (38, 29, 44, 0) 22.1825223809369 gpu 0
Q round490-s17 1 (63, 34, 44, 64) 23.51535938266623 gpu 1
Q round490-s17 2 (39, 13, 28, 57) 20.03156125704868 gpu 0
Q round490-s17 3 (63, 58, 28, 41) 22.52178744644999 gpu 1
Q round490-s17 4 (39, 53, 68, 57) 21.7148379078675 gpu 0
Q round490-s17 5 (62, 5, 28, 16) 21.02207998255522 gpu cache
Q round490-s17 6 (39, 53, 12, 57) 23.03437376970262 gpu 1
Q round490-s17 7 (63, 58, 52, 24) 25.164693327046848 gpu 0
Q round490-s17 8 (39, 34, 68, 48) 26.728739622684383 gpu 1
Q round490-s17 9 (48, 58, 52, 49) 23.384936037970537 gpu 0
Q round490-s17 10 (39, 58, 44, 41) 24.084500883917823 gpu 1
Q round490-s17 11 (64, 34, 68, 25) 23.53114872836819 gpu 0
Q round490-s17 12 (24, 34, 12, 64) 24.646524053457586 gpu 1
Q round490-s17 13 (24, 29, 36, 9) 23.425346025536747 gpu 0
Q round490-s17 14 (70, 56, 36, 42) 124.69884498198155 gpu 1
Q round490-s17 15 (32, 30, 10, 2) 218.69828280201466 gpu 0
ROUND 490 n 7936 bestJ 15.477280283970245 best (64, 34, 68, 38) eligible 0 update 0 updates_total 34
Q round491-s17 0 (39, 34, 12, 48) 24.429738453625042 gpu 1
Q round491-s17 1 (39, 34, 12, 24) 23.61148493199936 gpu 0
Q round491-s17 2 (63, 69, 28, 57) 21.0991286615584 gpu 1
Q round491-s17 3 (38, 29, 28, 56) 23.14108950267769 gpu 0
Q round491-s17 4 (39, 5, 36, 57) 22.725805170882634 gpu 1
Q round491-s17 5 (39, 34, 20, 49) 22.063044359105266 gpu 0
Q round491-s17 6 (24, 45, 60, 57) 20.75742302086779 gpu 1
Q round491-s17 7 (64, 13, 36, 32) 24.789498058698975 gpu 0
Q round491-s17 8 (24, 69, 4, 56) 22.807368149569044 gpu 1
Q round491-s17 9 (64, 53, 60, 32) 23.23637570266297 gpu 0
Q round491-s17 10 (48, 58, 68, 62) 23.941556246037617 gpu 1
Q round491-s17 11 (63, 5, 36, 33) 22.626218770699346 gpu 0
Q round491-s17 12 (8, 69, 12, 33) 26.193724541477735 gpu 1
Q round491-s17 13 (24, 69, 44, 32) 23.435596521897665 gpu 0
Q round491-s17 14 (53, 20, 40, 12) 292.77290257340763 gpu 1
Q round491-s17 15 (58, 36, 51, 38) 715.2457557857201 gpu 0
ROUND 491 n 7952 bestJ 15.477280283970245 best (64, 34, 68, 38) eligible 0 update 0 updates_total 34
Q round492-s17 0 (63, 58, 68, 8) 21.374213839410523 gpu 1
Q round492-s17 1 (63, 58, 12, 0) 23.729188731695885 gpu 0
Q round492-s17 2 (63, 34, 20, 25) 24.388564996461184 gpu 1
Q round492-s17 3 (63, 58, 68, 41) 23.408107242965496 gpu 0
Q round492-s17 4 (39, 34, 12, 41) 22.88896036021936 gpu 1
Q round492-s17 5 (63, 34, 28, 56) 21.84997900463967 gpu 0
Q round492-s17 6 (63, 34, 12, 56) 23.235116171846833 gpu 1
Q round492-s17 7 (63, 34, 60, 9) 22.40079288179625 gpu 0
Q round492-s17 8 (63, 34, 52, 64) 25.257124641807028 gpu 1
Q round492-s17 9 (63, 58, 4, 14) 24.069010394480664 gpu 0
Q round492-s17 10 (24, 13, 28, 33) 23.187886248871553 gpu 1
Q round492-s17 11 (64, 69, 68, 57) 23.164442199235044 gpu 0
Q round492-s17 12 (8, 58, 68, 39) 23.73800222072747 gpu 1
Q round492-s17 13 (63, 58, 12, 1) 23.745642863825747 gpu 0
Q round492-s17 14 (5, 0, 26, 29) 428.307037074309 gpu 1
Q round492-s17 15 (58, 44, 2, 47) 143.6858465032788 gpu 0
ROUND 492 n 7968 bestJ 15.477280283970245 best (64, 34, 68, 38) eligible 0 update 0 updates_total 34
Q round493-s17 0 (62, 45, 68, 24) 24.612647816854917 gpu 1
Q round493-s17 1 (38, 21, 12, 40) 24.219214501171038 gpu 0
Q round493-s17 2 (39, 58, 12, 0) 24.299625836325202 gpu 1
Q round493-s17 3 (48, 13, 60, 9) 23.787522524105302 gpu 0
Q round493-s17 4 (39, 34, 28, 16) 24.654319509878682 gpu 1
Q round493-s17 5 (39, 58, 12, 8) 25.773964912584827 gpu 0
Q round493-s17 6 (8, 34, 12, 49) 23.376566271569242 gpu 1
Q round493-s17 7 (63, 34, 12, 24) 25.493934317174524 gpu 0
Q round493-s17 8 (39, 58, 20, 41) 26.15131120920091 gpu 1
Q round493-s17 9 (39, 58, 44, 38) 25.46261398042295 gpu 0
Q round493-s17 10 (39, 58, 12, 17) 24.0770418181996 gpu 1
Q round493-s17 11 (63, 58, 52, 1) 23.726646058139977 gpu 0
Q round493-s17 12 (63, 58, 12, 65) 24.79669243321481 gpu 1
Q round493-s17 13 (8, 29, 68, 57) 22.569189068187956 gpu 0
Q round493-s17 14 (33, 22, 71, 65) 85.49281644894623 gpu 1
Q round493-s17 15 (19, 67, 27, 51) 110.9834815143757 gpu 0
ROUND 493 n 7984 bestJ 15.477280283970245 best (64, 34, 68, 38) eligible 0 update 0 updates_total 34
Q round494-s17 0 (48, 50, 36, 9) 28.455650440577756 gpu 1
Q round494-s17 1 (38, 5, 68, 40) 21.17978352082302 gpu 0
Q round494-s17 2 (39, 34, 28, 17) 22.310204216500207 gpu 1
Q round494-s17 3 (63, 34, 4, 16) 24.615106565932006 gpu 0
Q round494-s17 4 (39, 53, 12, 33) 24.792473410303966 gpu 1
Q round494-s17 5 (39, 29, 4, 1) 22.490520779130236 gpu 0
Q round494-s17 6 (63, 29, 28, 57) 21.249032975478702 gpu 1
Q round494-s17 7 (65, 53, 52, 64) 21.54984502687276 gpu 0
Q round494-s17 8 (39, 58, 68, 25) 25.555442275661886 gpu 1
Q round494-s17 9 (24, 34, 12, 8) 23.084225403615854 gpu 0
Q round494-s17 10 (64, 69, 28, 57) 23.323572500933338 gpu 1
Q round494-s17 11 (39, 34, 12, 1) 23.443053593814774 gpu 0
Q round494-s17 12 (48, 58, 12, 63) 23.314500597497503 gpu 1
Q round494-s17 13 (39, 34, 68, 32) 25.778509902426556 gpu 0
Q round494-s17 14 (62, 25, 10, 41) 99.94742791296935 gpu 1
Q round494-s17 15 (47, 36, 38, 48) 85.02185332562473 gpu 0
ROUND 494 n 8000 bestJ 15.477280283970245 best (64, 34, 68, 38) eligible 0 update 0 updates_total 34
Q round495-s17 0 (8, 58, 4, 46) 22.54137622951797 gpu 1
Q round495-s17 1 (63, 34, 4, 48) 25.471702925456377 gpu 0
Q round495-s17 2 (63, 34, 12, 17) 22.16744022804359 gpu 1
Q round495-s17 3 (8, 29, 28, 57) 22.557697341602424 gpu 0
Q round495-s17 4 (39, 58, 20, 39) 25.32018183756778 gpu 1
Q round495-s17 5 (64, 45, 36, 33) 23.86243756908229 gpu 0
Q round495-s17 6 (48, 58, 60, 25) 22.452158412284064 gpu 1
Q round495-s17 7 (8, 69, 28, 33) 25.229905532113733 gpu 0
Q round495-s17 8 (63, 53, 12, 33) 22.843732732640774 gpu 1
Q round495-s17 9 (63, 53, 68, 33) 21.30607859044735 gpu 0
Q round495-s17 10 (8, 53, 12, 33) 26.92329946406477 gpu 1
Q round495-s17 11 (64, 5, 36, 57) 23.04041611027415 gpu 0
Q round495-s17 12 (8, 69, 68, 33) 24.8654703833118 gpu 1
Q round495-s17 13 (24, 45, 36, 57) 24.405585693747437 gpu 0
Q round495-s17 14 (46, 57, 8, 24) 91.69197825908742 gpu 1
Q round495-s17 15 (26, 61, 27, 53) 121.9326808919371 gpu 0
TRIGGER_UPDATE 495 8016 ['stagnation', 'eligible_collapse'] {"new_labels_since_update": 256, "evals_since_best": 1282, "recent_n": 128, "recent_spearman": 0.37992698223768534, "recent_high_uncertainty_fraction": 0.0859375, "sigma_ref_p90": 0.040421051159501085, "eligible_pool": 0, "eligible_floor": 120}
ROUND 495 n 8016 bestJ 15.477280283970245 best (64, 34, 68, 38) eligible 0 update 1 updates_total 35
Q round496-s17 0 (8, 45, 60, 57) 19.428912614395603 gpu 1
Q round496-s17 1 (8, 45, 36, 57) 23.985052636979898 gpu 0
Q round496-s17 2 (24, 29, 52, 57) 18.58770863240476 gpu 1
Q round496-s17 3 (24, 69, 52, 33) 21.758094304821377 gpu 0
Q round496-s17 4 (63, 13, 28, 33) 21.189892510432983 gpu 1
Q round496-s17 5 (63, 13, 68, 33) 21.501105642855944 gpu 0
Q round496-s17 6 (24, 53, 52, 33) 20.94661727614129 gpu 1
Q round496-s17 7 (24, 29, 52, 33) 20.8600114232956 gpu 0
Q round496-s17 8 (24, 69, 52, 57) 19.47497101993606 gpu 1
Q round496-s17 9 (24, 53, 52, 57) 18.414731200914137 gpu 0
Q round496-s17 10 (63, 69, 52, 33) 20.430352849483985 gpu 1
Q round496-s17 11 (24, 13, 68, 57) 20.79436076620763 gpu 0
Q round496-s17 12 (24, 13, 68, 33) 22.010284474132266 gpu 1
Q round496-s17 13 (24, 13, 28, 57) 21.463681643207867 gpu 0
Q round496-s17 14 (2, 6, 58, 24) 106.93048121870498 gpu 1
Q round496-s17 15 (54, 0, 14, 37) 189.9974636860714 gpu 0
ROUND 496 n 8032 bestJ 15.477280283970245 best (64, 34, 68, 38) eligible 2 update 0 updates_total 35
Q round497-s17 0 (39, 13, 52, 33) 19.84335612126685 gpu 1
Q round497-s17 1 (39, 69, 52, 57) 20.003646212552013 gpu 0
Q round497-s17 2 (39, 29, 52, 57) 21.482125575985393 gpu 1
Q round497-s17 3 (39, 53, 52, 57) 20.370533184589092 gpu 0
Q round497-s17 4 (64, 13, 52, 57) 20.822155306854462 gpu 1
Q round497-s17 5 (48, 13, 4, 33) 22.685775671763928 gpu 0
Q round497-s17 6 (48, 45, 28, 57) 21.330315401004103 gpu 1
Q round497-s17 7 (48, 45, 68, 57) 21.06729868809396 gpu 0
Q round497-s17 8 (63, 53, 12, 57) 21.15543683967858 gpu 1
Q round497-s17 9 (8, 29, 60, 33) 23.8923754610029 gpu 0
Q round497-s17 10 (48, 69, 4, 57) 20.539735778984834 gpu 1
Q round497-s17 11 (48, 45, 52, 33) 21.428451878095302 gpu 0
Q round497-s17 12 (8, 29, 36, 33) 24.347345487681558 gpu 1
Q round497-s17 13 (48, 13, 44, 33) 22.880588071199938 gpu 0
Q round497-s17 14 (25, 51, 57, 37) 55.41368000971111 gpu 1
Q round497-s17 15 (38, 4, 64, 48) 64.47302687581151 gpu 0
ROUND 497 n 8048 bestJ 15.477280283970245 best (64, 34, 68, 38) eligible 0 update 0 updates_total 35
Q round498-s17 0 (63, 69, 68, 57) 20.512130098581093 gpu 1
Q round498-s17 1 (63, 53, 28, 57) 21.325274497410994 gpu 0
Q round498-s17 2 (63, 29, 68, 57) 21.035859650368835 gpu 1
Q round498-s17 3 (39, 53, 52, 33) 22.647909979083806 gpu 0
Q round498-s17 4 (48, 13, 20, 33) 22.45474972905127 gpu 1
Q round498-s17 5 (24, 29, 36, 33) 24.60460714388051 gpu 0
Q round498-s17 6 (24, 13, 52, 33) 21.39084029466872 gpu 1
Q round498-s17 7 (48, 45, 12, 57) 21.644449529742854 gpu 0
Q round498-s17 8 (63, 13, 52, 33) 20.412648336388624 gpu 1
Q round498-s17 9 (8, 53, 68, 57) 23.197731087179434 gpu 0
Q round498-s17 10 (48, 69, 4, 33) 24.12101216709187 gpu 1
Q round498-s17 11 (63, 13, 68, 57) 20.143809065862037 gpu 0
Q round498-s17 12 (48, 21, 52, 57) 22.15501484787403 gpu 1
Q round498-s17 13 (24, 29, 60, 33) 23.837922918124143 gpu 0
Q round498-s17 14 (47, 34, 64, 11) 58.23962618503689 gpu 1
Q round498-s17 15 (71, 26, 13, 33) 55.012728441443834 gpu 0
ROUND 498 n 8064 bestJ 15.477280283970245 best (64, 34, 68, 38) eligible 0 update 0 updates_total 35
Q round499-s17 0 (48, 69, 44, 33) 22.30927805620625 gpu 1
Q round499-s17 1 (48, 69, 20, 33) 24.306366184311702 gpu 0
Q round499-s17 2 (48, 13, 4, 57) 21.142178629963148 gpu 1
Q round499-s17 3 (48, 69, 20, 57) 21.677471324028524 gpu 0
Q round499-s17 4 (64, 69, 52, 57) 22.89663117057011 gpu 1
Q round499-s17 5 (48, 69, 44, 57) 20.5133466009165 gpu 0
Q round499-s17 6 (48, 45, 68, 33) 23.596161348987273 gpu 1
Q round499-s17 7 (48, 69, 12, 33) 19.954062453650025 gpu 0
Q round499-s17 8 (8, 69, 68, 57) 23.744728332704845 gpu 1
Q round499-s17 9 (48, 21, 68, 57) 23.804040855952945 gpu 0
Q round499-s17 10 (63, 45, 36, 33) 22.25374858294462 gpu 1
Q round499-s17 11 (63, 5, 36, 57) 22.45129839301466 gpu 0
Q round499-s17 12 (63, 29, 68, 33) 23.24188884141221 gpu 1
Q round499-s17 13 (63, 45, 60, 33) 21.725900425500978 gpu 0
Q round499-s17 14 (30, 42, 59, 70) 36.470820699108515 gpu 1
Q round499-s17 15 (17, 45, 25, 58) 61.56528209115998 gpu 0
ROUND 499 n 8080 bestJ 15.477280283970245 best (64, 34, 68, 38) eligible 0 update 0 updates_total 35
Q round500-s17 0 (63, 29, 52, 33) 21.255369415789822 gpu 1
Q round500-s17 1 (63, 53, 68, 57) 20.58684279288484 gpu 0
Q round500-s17 2 (63, 29, 52, 57) 21.48059292822337 gpu 1
Q round500-s17 3 (48, 29, 12, 33) 20.779627333959382 gpu 0
Q round500-s17 4 (63, 13, 20, 57) 22.730506820020764 gpu 1
Q round500-s17 5 (48, 21, 52, 33) 25.413441466327956 gpu 0
Q round500-s17 6 (8, 29, 52, 57) 20.93196390361089 gpu 1
Q round500-s17 7 (39, 45, 36, 57) 22.054504060805105 gpu 0
Q round500-s17 8 (64, 53, 52, 57) 22.71170587890865 gpu 1
Q round500-s17 9 (48, 45, 28, 33) 23.5810655584888 gpu 0
Q round500-s17 10 (8, 53, 28, 57) 22.201890276296474 gpu 1
Q round500-s17 11 (63, 5, 60, 57) 22.39345580856588 gpu 0
Q round500-s17 12 (48, 13, 20, 57) 22.322131570580652 gpu 1
Q round500-s17 13 (48, 53, 4, 33) 24.061081928199634 gpu 0
Q round500-s17 14 (51, 9, 67, 70) 55.66484841712814 gpu 1
Q round500-s17 15 (69, 44, 71, 36) 75.82320929243924 gpu 0
ROUND 500 n 8096 bestJ 15.477280283970245 best (64, 34, 68, 38) eligible 0 update 0 updates_total 35
Q round501-s17 0 (63, 53, 52, 33) 20.993555321502644 gpu 1
Q round501-s17 1 (63, 13, 44, 57) 21.67990218085407 gpu 0
Q round501-s17 2 (48, 53, 4, 57) 21.402491200877336 gpu 1
Q round501-s17 3 (48, 53, 12, 33) 20.90094134658658 gpu 0
Q round501-s17 4 (48, 21, 28, 57) 24.796138581462866 gpu 1
Q round501-s17 5 (48, 53, 44, 33) 23.31736539244619 gpu 0
Q round501-s17 6 (48, 13, 44, 57) 19.97840685744638 gpu 1
Q round501-s17 7 (48, 5, 36, 33) 19.20470526944781 gpu 0
Q round501-s17 8 (48, 5, 52, 57) 20.992571872192155 gpu 1
Q round501-s17 9 (64, 13, 52, 33) 22.79536593755478 gpu 0
Q round501-s17 10 (48, 53, 44, 57) 20.947622862487535 gpu 1
Q round501-s17 11 (48, 45, 52, 57) 19.315110668630734 gpu 0
Q round501-s17 12 (64, 29, 36, 33) 21.844612151135664 gpu 1
Q round501-s17 13 (8, 69, 28, 57) 23.215328536890894 gpu 0
Q round501-s17 14 (36, 21, 57, 17) 43.737473013880326 gpu 1
Q round501-s17 15 (17, 63, 8, 11) 92.4836004684134 gpu 0
ROUND 501 n 8112 bestJ 15.477280283970245 best (64, 34, 68, 38) eligible 0 update 0 updates_total 35
Q round502-s17 0 (63, 13, 12, 57) 20.2693025768114 gpu 1
Q round502-s17 1 (39, 29, 52, 33) 22.302190791272064 gpu 0
Q round502-s17 2 (39, 13, 52, 57) 19.736182276322083 gpu 1
Q round502-s17 3 (63, 21, 36, 57) 21.9722223089002 gpu 0
Q round502-s17 4 (48, 53, 20, 33) 24.509650126357442 gpu 1
Q round502-s17 5 (48, 53, 20, 57) 22.218657255791644 gpu 0
Q round502-s17 6 (63, 69, 52, 57) 20.131746039216594 gpu 1
Q round502-s17 7 (48, 5, 60, 33) 21.515764625696068 gpu 0
Q round502-s17 8 (64, 69, 36, 33) 19.846492038164563 gpu 1
Q round502-s17 9 (39, 45, 60, 57) 23.01672201624215 gpu 0
Q round502-s17 10 (48, 29, 20, 57) 22.037534414327798 gpu 1
Q round502-s17 11 (48, 5, 68, 57) 23.777483465168636 gpu 0
Q round502-s17 12 (63, 29, 28, 33) 23.04246308649076 gpu 1
Q round502-s17 13 (48, 29, 4, 57) 22.139386002276435 gpu 0
Q round502-s17 14 (70, 34, 53, 36) 47.98543512188276 gpu 1
Q round502-s17 15 (45, 66, 68, 49) 1267.389182358108 gpu 0
ROUND 502 n 8128 bestJ 15.477280283970245 best (64, 34, 68, 38) eligible 0 update 0 updates_total 35
Q round503-s17 0 (63, 13, 28, 57) 20.926130599573696 gpu 1
Q round503-s17 1 (48, 29, 28, 33) 20.506587423979305 gpu 0
Q round503-s17 2 (63, 21, 60, 57) 22.757683854027 gpu 1
Q round503-s17 3 (8, 13, 12, 57) 23.441812136162593 gpu 0
Q round503-s17 4 (48, 29, 44, 57) 22.037682743371963 gpu 1
Q round503-s17 5 (8, 53, 52, 57) 20.559970098488687 gpu 0
Q round503-s17 6 (48, 13, 12, 33) 20.274354368792867 gpu 1
Q round503-s17 7 (64, 29, 60, 33) 24.161645914928044 gpu 0
Q round503-s17 8 (64, 53, 36, 33) 21.01935527171108 gpu 1
Q round503-s17 9 (64, 29, 52, 57) 24.130240823653907 gpu 0
Q round503-s17 10 (48, 5, 52, 33) 24.791811006491518 gpu 1
Q round503-s17 11 (24, 45, 12, 56) 22.091174744976424 gpu 0
Q round503-s17 12 (63, 34, 28, 32) 23.0634851815948 gpu 1
Q round503-s17 13 (48, 29, 20, 33) 25.591396384695283 gpu 0
Q round503-s17 14 (21, 8, 24, 30) 61.91440727441498 gpu 1
Q round503-s17 15 (68, 67, 61, 10) 86.31894792371187 gpu 0
ROUND 503 n 8144 bestJ 15.477280283970245 best (64, 34, 68, 38) eligible 0 update 0 updates_total 35
Q round504-s17 0 (63, 45, 52, 57) 21.848171586176935 gpu 1
Q round504-s17 1 (48, 29, 44, 33) 23.316977900942092 gpu 0
Q round504-s17 2 (64, 69, 60, 33) 20.617348396803298 gpu 1
Q round504-s17 3 (48, 29, 12, 57) 20.26520872559724 gpu 0
Q round504-s17 4 (8, 69, 52, 57) 22.357227793590862 gpu 1
Q round504-s17 5 (64, 13, 36, 33) 22.870144527762506 gpu 0
Q round504-s17 6 (48, 21, 36, 33) 18.326019766359376 gpu 1
Q round504-s17 7 (24, 45, 52, 57) 23.34017617827825 gpu 0
Q round504-s17 8 (48, 29, 68, 33) 20.061721640675348 gpu 1
Q round504-s17 9 (48, 45, 12, 33) 24.106491656196734 gpu 0
Q round504-s17 10 (62, 45, 52, 56) 22.009090702100092 gpu 1
Q round504-s17 11 (24, 34, 60, 32) 24.911834653089056 gpu 0
Q round504-s17 12 (63, 13, 4, 57) 22.54871257857274 gpu 1
Q round504-s17 13 (39, 29, 12, 57) 23.867404200684994 gpu 0
Q round504-s17 14 (23, 64, 65, 29) 245.27093663926385 gpu 1
Q round504-s17 15 (47, 47, 6, 12) 126.19269045826802 gpu 0
ROUND 504 n 8160 bestJ 15.477280283970245 best (64, 34, 68, 38) eligible 0 update 0 updates_total 35
Q round505-s17 0 (48, 21, 60, 33) 21.35294773917367 gpu 1
Q round505-s17 1 (63, 34, 12, 32) 25.27474119994575 gpu 0
Q round505-s17 2 (48, 21, 68, 33) 26.091989947583144 gpu 1
Q round505-s17 3 (24, 34, 36, 32) 24.807721707216054 gpu 0
Q round505-s17 4 (8, 53, 68, 33) 25.939067925007944 gpu 1
Q round505-s17 5 (24, 13, 44, 57) 23.231770357179222 gpu 0
Q round505-s17 6 (48, 21, 12, 57) 24.81430335465823 gpu 1
Q round505-s17 7 (64, 53, 60, 33) 20.977086160261564 gpu 0
Q round505-s17 8 (64, 34, 68, 65) 25.104116405766796 gpu 1
Q round505-s17 9 (24, 13, 52, 57) 23.085942835184245 gpu 0
Q round505-s17 10 (64, 13, 60, 33) 19.093280530688045 gpu 1
Q round505-s17 11 (48, 69, 28, 33) 19.779008559656873 gpu 0
Q round505-s17 12 (8, 53, 60, 33) 25.569592670401306 gpu 1
Q round505-s17 13 (8, 29, 52, 33) 23.134770283772575 gpu 0
Q round505-s17 14 (63, 59, 9, 52) 79.79302907229108 gpu 1
Q round505-s17 15 (70, 56, 62, 50) 254.2930763915345 gpu 0
ROUND 505 n 8176 bestJ 15.477280283970245 best (64, 34, 68, 38) eligible 0 update 0 updates_total 35
Q round506-s17 0 (48, 5, 28, 57) 23.313274295507764 gpu 1
Q round506-s17 1 (8, 53, 52, 33) 23.3047150493625 gpu 0
Q round506-s17 2 (24, 53, 36, 33) 25.37853923024816 gpu 1
Q round506-s17 3 (64, 34, 28, 25) 22.895904627048022 gpu 0
Q round506-s17 4 (48, 29, 4, 33) 24.701775221837373 gpu 1
Q round506-s17 5 (8, 69, 36, 33) 25.05597012411395 gpu 0
Q round506-s17 6 (8, 69, 60, 33) 24.48182322329894 gpu 1
Q round506-s17 7 (24, 58, 60, 57) 19.765069238634368 gpu 0
Q round506-s17 8 (24, 53, 60, 33) 23.976339597554805 gpu 1
Q round506-s17 9 (8, 69, 52, 33) 23.324516394509146 gpu 0
Q round506-s17 10 (8, 53, 36, 33) 24.912824927324444 gpu 1
Q round506-s17 11 (24, 45, 28, 32) 23.278286944261165 gpu 0
Q round506-s17 12 (24, 13, 20, 57) 25.708057054651036 gpu 1
Q round506-s17 13 (24, 34, 60, 9) 20.925793903974366 gpu 0
Q round506-s17 14 (25, 53, 28, 40) 26.17444868882891 gpu 1
Q round506-s17 15 (16, 38, 5, 36) 85.78662348157347 gpu 0
ROUND 506 n 8192 bestJ 15.477280283970245 best (64, 34, 68, 38) eligible 0 update 0 updates_total 35
Q round507-s17 0 (63, 53, 52, 57) 20.963853996190213 gpu 1
Q round507-s17 1 (62, 29, 28, 32) 22.90981635634018 gpu 0
Q round507-s17 2 (63, 45, 36, 57) 22.04938322884206 gpu 1
Q round507-s17 3 (63, 58, 28, 16) 23.064428645149036 gpu 0
Q round507-s17 4 (24, 34, 4, 41) 22.64115391655937 gpu 1
Q round507-s17 5 (48, 21, 44, 56) 25.682524909012756 gpu 0
Q round507-s17 6 (48, 53, 28, 33) 19.84558918517132 gpu 1
Q round507-s17 7 (8, 69, 20, 56) 25.5335465099392 gpu 0
Q round507-s17 8 (24, 69, 36, 33) 24.52950692823411 gpu 1
Q round507-s17 9 (64, 58, 52, 14) 24.475639458178925 gpu 0
Q round507-s17 10 (39, 45, 68, 56) 22.961110978464657 gpu 1
Q round507-s17 11 (48, 21, 20, 56) 28.6630839444649 gpu 0
Q round507-s17 12 (8, 53, 28, 33) 25.00400790460629 gpu 1
Q round507-s17 13 (24, 58, 36, 57) 18.744639603659024 gpu 0
Q round507-s17 14 (4, 39, 7, 12) 43.706219103014874 gpu 1
Q round507-s17 15 (5, 69, 35, 45) 114.23313777107892 gpu 0
ROUND 507 n 8208 bestJ 15.477280283970245 best (64, 34, 68, 38) eligible 0 update 0 updates_total 35
Q round508-s17 0 (38, 5, 12, 40) 24.03807736598685 gpu 1
Q round508-s17 1 (39, 29, 68, 33) 24.127768234997394 gpu 0
Q round508-s17 2 (24, 29, 44, 56) 23.617816270774522 gpu 1
Q round508-s17 3 (24, 34, 60, 56) 26.212860951104936 gpu 0
Q round508-s17 4 (24, 13, 4, 57) 24.923383607488017 gpu 1
Q round508-s17 5 (24, 69, 60, 33) 25.013005854054434 gpu 0
Q round508-s17 6 (8, 13, 68, 57) 23.9013917556239 gpu 1
Q round508-s17 7 (48, 69, 68, 33) 19.429758118607392 gpu 0
Q round508-s17 8 (48, 45, 4, 32) 25.323797347567425 gpu 1
Q round508-s17 9 (48, 5, 68, 33) 26.890318299151428 gpu 0
Q round508-s17 10 (63, 58, 60, 33) 22.31764362331118 gpu 1
Q round508-s17 11 (63, 45, 60, 57) 22.035769646403054 gpu 0
Q round508-s17 12 (64, 53, 68, 57) 24.496485471965745 gpu 1
Q round508-s17 13 (24, 34, 36, 56) 25.916517297266758 gpu 0
Q round508-s17 14 (57, 40, 27, 8) 46.734913463604464 gpu 1
Q round508-s17 15 (60, 37, 1, 14) 50.455767171238435 gpu 0
ROUND 508 n 8224 bestJ 15.477280283970245 best (64, 34, 68, 38) eligible 0 update 0 updates_total 35
Q round509-s17 0 (63, 29, 12, 57) 21.20723676413641 gpu 1
Q round509-s17 1 (48, 69, 12, 57) 18.720516000490846 gpu 0
Q round509-s17 2 (63, 58, 52, 16) 23.89511959999998 gpu 1
Q round509-s17 3 (63, 34, 20, 16) 23.69483579883811 gpu 0
Q round509-s17 4 (48, 21, 28, 33) 27.415725045941464 gpu 1
Q round509-s17 5 (64, 69, 52, 33) 24.33473372562193 gpu 0
Q round509-s17 6 (48, 53, 12, 57) 19.171693540160394 gpu 1
Q round509-s17 7 (24, 34, 60, 33) 21.069923798330525 gpu 0
Q round509-s17 8 (24, 58, 60, 33) 22.71025750662419 gpu 1
Q round509-s17 9 (8, 29, 68, 33) 25.896138642029154 gpu 0
Q round509-s17 10 (39, 58, 60, 33) 24.39948715305281 gpu 1
Q round509-s17 11 (39, 34, 28, 56) 24.695911296361174 gpu 0
Q round509-s17 12 (63, 58, 60, 57) 22.29642852560573 gpu 1
Q round509-s17 13 (39, 58, 60, 57) 23.818227666290397 gpu 0
Q round509-s17 14 (38, 34, 58, 69) 115.13287292990618 gpu 1
Q round509-s17 15 (13, 71, 6, 66) 89.87536758061543 gpu 0
ROUND 509 n 8240 bestJ 15.477280283970245 best (64, 34, 68, 38) eligible 0 update 0 updates_total 35
Q round510-s17 0 (39, 34, 4, 41) 22.263474358639602 gpu 1
Q round510-s17 1 (63, 34, 4, 64) 22.660414001101326 gpu 0
Q round510-s17 2 (39, 21, 44, 40) 24.158239604756194 gpu 1
Q round510-s17 3 (48, 34, 68, 9) 23.27818625489036 gpu 0
Q round510-s17 4 (64, 58, 28, 46) 24.116323513843025 gpu 1
Q round510-s17 5 (48, 53, 68, 33) 18.460152554813234 gpu 0
Q round510-s17 6 (8, 13, 12, 33) 24.551322346967925 gpu 1
Q round510-s17 7 (63, 58, 36, 57) 23.317280280713724 gpu 0
Q round510-s17 8 (63, 29, 12, 33) 23.27924146375045 gpu 1
Q round510-s17 9 (8, 13, 68, 33) 25.590697254208177 gpu 0
Q round510-s17 10 (63, 58, 36, 33) 22.72694915955612 gpu 1
Q round510-s17 11 (64, 29, 36, 57) 20.41269167390946 gpu 0
Q round510-s17 12 (24, 69, 20, 32) 24.254448713872858 gpu 1
Q round510-s17 13 (48, 69, 12, 9) 23.42352007704035 gpu 0
Q round510-s17 14 (66, 10, 2, 31) 106.68362806171062 gpu 1
Q round510-s17 15 (69, 59, 18, 40) 122.41666321018188 gpu 0
ROUND 510 n 8256 bestJ 15.477280283970245 best (64, 34, 68, 38) eligible 0 update 0 updates_total 35
Q round511-s17 0 (62, 53, 12, 32) 23.398336712931968 gpu 1
Q round511-s17 1 (24, 34, 36, 9) 19.976435621507587 gpu 0
Q round511-s17 2 (39, 34, 44, 64) 22.74143680445245 gpu 1
Q round511-s17 3 (39, 45, 68, 17) 22.825853860388666 gpu 0
Q round511-s17 4 (38, 13, 44, 56) 22.695376717512254 gpu 1
Q round511-s17 5 (48, 5, 12, 57) 24.71153722186337 gpu 0
Q round511-s17 6 (39, 58, 36, 57) 23.504945099738812 gpu 1
Q round511-s17 7 (64, 34, 28, 65) 24.653957613167172 gpu 0
Q round511-s17 8 (64, 21, 36, 32) 24.3798403414246 gpu 1
Q round511-s17 9 (24, 29, 20, 56) 24.329935920325006 gpu 0
Q round511-s17 10 (24, 34, 36, 33) 21.02958892184628 gpu 1
Q round511-s17 11 (63, 58, 28, 1) 24.010643834978357 gpu 0
Q round511-s17 12 (64, 21, 60, 32) 23.619145739256805 gpu 1
Q round511-s17 13 (39, 58, 36, 33) 24.427480016196537 gpu 0
Q round511-s17 14 (44, 33, 48, 19) 149.72276462379367 gpu 1
Q round511-s17 15 (8, 62, 15, 49) 96.32974581679522 gpu 0
TRIGGER_UPDATE 511 8272 ['stagnation', 'eligible_collapse'] {"new_labels_since_update": 256, "evals_since_best": 1538, "recent_n": 128, "recent_spearman": 0.42667322834645666, "recent_high_uncertainty_fraction": 0.09375, "sigma_ref_p90": 0.04465319216251373, "eligible_pool": 0, "eligible_floor": 120}
ROUND 511 n 8272 bestJ 15.477280283970245 best (64, 34, 68, 38) eligible 0 update 1 updates_total 36
Q round512-s17 0 (48, 29, 52, 33) 19.566216036388003 gpu 1
Q round512-s17 1 (48, 29, 28, 57) 19.300228292941256 gpu 0
Q round512-s17 2 (48, 29, 68, 57) 19.76436356303194 gpu 1
Q round512-s17 3 (48, 69, 52, 33) 22.364422426791208 gpu 0
Q round512-s17 4 (48, 21, 36, 57) 23.464608982349166 gpu 1
Q round512-s17 5 (48, 69, 28, 57) 20.996475347964545 gpu 0
Q round512-s17 6 (48, 45, 36, 33) 26.14347412491802 gpu 1
Q round512-s17 7 (48, 13, 28, 33) 23.32981011198556 gpu 0
Q round512-s17 8 (48, 53, 52, 33) 22.04405089159668 gpu 1
Q round512-s17 9 (48, 13, 68, 33) 23.67095932769503 gpu 0
Q round512-s17 10 (48, 53, 28, 57) 21.711427392445444 gpu 1
Q round512-s17 11 (48, 21, 60, 57) 20.2340317788899 gpu 0
Q round512-s17 12 (48, 45, 60, 33) 25.58815561357659 gpu 1
Q round512-s17 13 (48, 5, 36, 57) 23.372126217785947 gpu 0
Q round512-s17 14 (13, 69, 21, 61) 116.23511906344936 gpu 1
Q round512-s17 15 (63, 45, 60, 13) 82.38274693314165 gpu 0
ROUND 512 n 8288 bestJ 15.477280283970245 best (64, 34, 68, 38) eligible 2 update 0 updates_total 36
Q round513-s17 0 (48, 13, 12, 57) 22.62444227765807 gpu 1
Q round513-s17 1 (48, 69, 68, 57) 21.934644327050524 gpu 0
Q round513-s17 2 (48, 5, 60, 57) 20.523863755054574 gpu 1
Q round513-s17 3 (48, 53, 68, 57) 22.03197515988452 gpu 0
Q round513-s17 4 (48, 29, 52, 57) 21.963088412636896 gpu 1
Q round513-s17 5 (48, 13, 52, 33) 24.642727624243538 gpu 0
Q round513-s17 6 (64, 29, 60, 57) 20.802930772288303 gpu 1
Q round513-s17 7 (64, 69, 36, 57) 24.4882913558346 gpu 0
Q round513-s17 8 (48, 13, 28, 57) 25.17009058815558 gpu 1
Q round513-s17 9 (48, 69, 52, 57) 24.11665035194391 gpu 0
Q round513-s17 10 (64, 69, 60, 57) 21.242692615889222 gpu 1
Q round513-s17 11 (64, 53, 36, 57) 24.03418101521865 gpu 0
Q round513-s17 12 (48, 13, 68, 57) 25.441561030749774 gpu 1
Q round513-s17 13 (48, 45, 36, 57) 27.04541734503494 gpu 0
Q round513-s17 14 (31, 53, 3, 53) 118.99392092366756 gpu 1
Q round513-s17 15 (44, 8, 35, 59) 165.95981285422872 gpu 0
ROUND 513 n 8304 bestJ 15.477280283970245 best (64, 34, 68, 38) eligible 0 update 0 updates_total 36
Q round514-s17 0 (48, 53, 52, 57) 23.224342083620705 gpu 1
Q round514-s17 1 (48, 45, 60, 57) 27.588207325753924 gpu 0
Q round514-s17 2 (64, 53, 60, 57) 21.4084332872946 gpu 1
Q round514-s17 3 (64, 13, 36, 57) 25.70772479624718 gpu 0
Q round514-s17 4 (24, 58, 36, 33) 20.951218614174422 gpu 1
Q round514-s17 5 (39, 29, 36, 33) 21.837796383996416 gpu 0
Q round514-s17 6 (24, 34, 60, 57) 22.280900406478008 gpu 1
Q round514-s17 7 (64, 13, 60, 57) 26.544873644618047 gpu 0
Q round514-s17 8 (24, 34, 36, 57) 21.861908337694544 gpu 1
Q round514-s17 9 (39, 29, 60, 33) 22.298803712158705 gpu 0
Q round514-s17 10 (39, 69, 36, 33) 25.59533977435147 gpu 1
Q round514-s17 11 (63, 29, 36, 33) 26.02404021861305 gpu 0
Q round514-s17 12 (39, 53, 36, 33) 22.337170804238596 gpu 1
Q round514-s17 13 (39, 69, 60, 33) 21.122606410765773 gpu 0
Q round514-s17 14 (46, 41, 46, 11) 93.13022569852221 gpu 1
Q round514-s17 15 (27, 17, 67, 50) 89.52474064478855 gpu 0
ROUND 514 n 8320 bestJ 15.477280283970245 best (64, 34, 68, 38) eligible 0 update 0 updates_total 36
Q round515-s17 0 (8, 34, 60, 9) 21.83813408238675 gpu 1
Q round515-s17 1 (39, 13, 36, 33) 25.411620006646285 gpu 0
Q round515-s17 2 (8, 34, 36, 9) 21.05986137419947 gpu 1
Q round515-s17 3 (48, 58, 60, 33) 21.018958648031667 gpu 0
Q round515-s17 4 (39, 34, 60, 33) 23.26861765353089 gpu 1
Q round515-s17 5 (24, 58, 60, 9) 23.170786360071602 gpu 0
Q round515-s17 6 (63, 29, 60, 33) 23.495594313230587 gpu 1
Q round515-s17 7 (39, 53, 60, 33) 20.145317623691458 gpu 0
Q round515-s17 8 (48, 58, 36, 33) 21.120101966521357 gpu 1
Q round515-s17 9 (8, 58, 60, 57) 21.498388492456616 gpu 0
Q round515-s17 10 (48, 58, 60, 57) 21.581740651202303 gpu 1
Q round515-s17 11 (39, 13, 60, 33) 25.649193345100034 gpu 0
Q round515-s17 12 (63, 34, 60, 33) 22.19268566341708 gpu 1
Q round515-s17 13 (48, 34, 12, 57) 20.747844790057083 gpu 0
Q round515-s17 14 (24, 19, 44, 23) 55.414524406461084 gpu 1
Q round515-s17 15 (21, 51, 11, 27) 116.63521418272401 gpu 0
ROUND 515 n 8336 bestJ 15.477280283970245 best (64, 34, 68, 38) eligible 0 update 0 updates_total 36
Q round516-s17 0 (63, 13, 52, 57) 22.244368019324796 gpu 1
Q round516-s17 1 (39, 34, 60, 57) 19.947922294803302 gpu 0
Q round516-s17 2 (39, 34, 36, 33) 22.28275964801977 gpu 1
Q round516-s17 3 (48, 34, 28, 9) 23.517253207035207 gpu 0
Q round516-s17 4 (63, 34, 36, 33) 24.396397721157395 gpu 1
Q round516-s17 5 (24, 34, 44, 49) 21.16813324382357 gpu 0
Q round516-s17 6 (24, 58, 36, 9) 21.58946037726508 gpu 1
Q round516-s17 7 (48, 58, 36, 57) 21.8598932509537 gpu 0
Q round516-s17 8 (48, 5, 36, 56) 25.45167967772289 gpu 1
Q round516-s17 9 (48, 58, 68, 39) 22.95256983345317 gpu 0
Q round516-s17 10 (48, 29, 36, 33) 28.152924981598034 gpu 1
Q round516-s17 11 (48, 21, 36, 56) 24.674998044925815 gpu 0
Q round516-s17 12 (63, 34, 52, 57) 24.139017336390978 gpu 1
Q round516-s17 13 (48, 34, 12, 33) 24.26546381414798 gpu 0
Q round516-s17 14 (13, 69, 36, 70) 53.886930129255376 gpu 1
Q round516-s17 15 (40, 19, 58, 64) 332.77134168794515 gpu 0
ROUND 516 n 8352 bestJ 15.477280283970245 best (64, 34, 68, 38) eligible 0 update 0 updates_total 36
Q round517-s17 0 (24, 29, 36, 57) 25.87383202740461 gpu 1
Q round517-s17 1 (39, 34, 60, 9) 23.16272960931568 gpu 0
Q round517-s17 2 (48, 58, 28, 39) 23.724176545395235 gpu 1
Q round517-s17 3 (64, 58, 59, 17) 45.83893615096991 gpu 0
Q round517-s17 4 (48, 13, 52, 57) 26.05081293143124 gpu 1
Q round517-s17 5 (63, 69, 36, 33) 26.149935679355963 gpu 0
Q round517-s17 6 (48, 13, 12, 56) 23.045365291283165 gpu 1
Q round517-s17 7 (48, 58, 52, 17) 24.781099798221085 gpu 0
Q round517-s17 8 (24, 34, 20, 49) 22.832805053889206 gpu 1
Q round517-s17 9 (48, 34, 68, 57) 24.361287576262004 gpu 0
Q round517-s17 10 (64, 58, 35, 17) 39.88344051898511 gpu 1
Q round517-s17 11 (48, 21, 60, 56) 24.353008670402275 gpu 0
Q round517-s17 12 (24, 13, 36, 33) 26.167302400468614 gpu 1
Q round517-s17 13 (48, 34, 12, 9) 23.27783509815725 gpu 0
Q round517-s17 14 (10, 43, 44, 45) 109.2017767439893 gpu 1
Q round517-s17 15 (65, 37, 7, 46) 78.66901152579108 gpu 0
ROUND 517 n 8368 bestJ 15.477280283970245 best (64, 34, 68, 38) eligible 0 update 0 updates_total 36
Q round518-s17 0 (39, 34, 36, 57) 23.30511667684453 gpu 1
Q round518-s17 1 (8, 13, 28, 57) 23.986928135236212 gpu 0
Q round518-s17 2 (63, 34, 68, 57) 22.621416250986154 gpu 1
Q round518-s17 3 (64, 58, 59, 1) 45.13769534030895 gpu 0
Q round518-s17 4 (63, 53, 36, 33) 25.93899968141547 gpu 1
Q round518-s17 5 (48, 5, 60, 56) 23.723502010096585 gpu 0
Q round518-s17 6 (48, 69, 68, 56) 24.742026494408464 gpu 1
Q round518-s17 7 (64, 58, 35, 1) 38.99149704164723 gpu 0
Q round518-s17 8 (48, 34, 68, 33) 21.828952918505536 gpu 1
Q round518-s17 9 (8, 58, 36, 57) 20.996162336671212 gpu 0
Q round518-s17 10 (8, 53, 44, 1) 24.51863839746951 gpu 1
Q round518-s17 11 (48, 53, 68, 56) 22.924121090794696 gpu 0
Q round518-s17 12 (24, 29, 60, 57) 25.61196017632311 gpu 1
Q round518-s17 13 (48, 29, 60, 33) 27.05809042765062 gpu 0
Q round518-s17 14 (26, 29, 60, 37) 100.6689242223987 gpu 1
Q round518-s17 15 (31, 6, 6, 45) 216.76942863736573 gpu 0
ROUND 518 n 8384 bestJ 15.477280283970245 best (64, 34, 68, 38) eligible 0 update 0 updates_total 36
Q round519-s17 0 (39, 29, 36, 57) 26.640287108285246 gpu 1
Q round519-s17 1 (8, 13, 52, 57) 26.71252158170463 gpu 0
Q round519-s17 2 (24, 13, 60, 33) 25.79794224367973 gpu 1
Q round519-s17 3 (48, 58, 68, 57) 25.514751988267175 gpu 0
Q round519-s17 4 (64, 34, 60, 9) 22.804347911557276 gpu 1
Q round519-s17 5 (63, 34, 12, 57) 23.698299090146925 gpu 0
Q round519-s17 6 (48, 58, 36, 25) 23.711191096014403 gpu 1
Q round519-s17 7 (48, 58, 68, 63) 24.347066545735455 gpu 0
Q round519-s17 8 (63, 34, 60, 57) 26.098160185585726 gpu 1
Q round519-s17 9 (8, 13, 52, 33) 23.554138009742744 gpu 0
Q round519-s17 10 (48, 58, 28, 63) 23.828918937251874 gpu 1
Q round519-s17 11 (48, 58, 52, 57) 23.79561146946808 gpu 0
Q round519-s17 12 (8, 58, 60, 33) 24.28910409396465 gpu 1
Q round519-s17 13 (48, 58, 52, 38) 23.611148161105117 gpu 0
Q round519-s17 14 (63, 56, 51, 14) 47.27413966123547 gpu 1
Q round519-s17 15 (40, 25, 41, 23) 96.08408096235418 gpu 0
ROUND 519 n 8400 bestJ 15.477280283970245 best (64, 34, 68, 38) eligible 0 update 0 updates_total 36
Q round520-s17 0 (8, 58, 20, 46) 23.10635500184578 gpu 1
Q round520-s17 1 (38, 13, 52, 57) 23.039647930402605 gpu 0
Q round520-s17 2 (39, 34, 12, 16) 23.761970257690248 gpu 1
Q round520-s17 3 (48, 34, 4, 1) 25.2812696363147 gpu 0
Q round520-s17 4 (62, 13, 52, 57) 24.738833427449272 gpu 1
Q round520-s17 5 (63, 34, 28, 57) 23.069520794437796 gpu 0
Q round520-s17 6 (48, 34, 28, 57) 24.599540146666026 gpu 1
Q round520-s17 7 (8, 34, 44, 62) 24.06550328841933 gpu 0
Q round520-s17 8 (24, 58, 28, 25) 25.275348717652264 gpu 1
Q round520-s17 9 (62, 21, 36, 32) 22.865668601130768 gpu 0
Q round520-s17 10 (8, 58, 68, 63) 24.33025462009189 gpu 1
Q round520-s17 11 (63, 69, 60, 33) 25.82476333868569 gpu 0
Q round520-s17 12 (8, 29, 60, 57) 24.425460277069938 gpu 1
Q round520-s17 13 (64, 34, 12, 25) 24.825890711419504 gpu 0
Q round520-s17 14 (63, 43, 26, 34) 111.44044272239752 gpu 1
Q round520-s17 15 (52, 54, 14, 5) 63.707766093669385 gpu 0
ROUND 520 n 8416 bestJ 15.477280283970245 best (64, 34, 68, 38) eligible 0 update 0 updates_total 36
Q round521-s17 0 (39, 34, 44, 48) 23.382256897395067 gpu 1
Q round521-s17 1 (39, 45, 28, 1) 23.577450078769314 gpu 0
Q round521-s17 2 (39, 45, 28, 17) 24.03890169312035 gpu 1
Q round521-s17 3 (63, 34, 36, 57) 26.19906409568947 gpu 0
Q round521-s17 4 (8, 58, 68, 41) 25.188769129911165 gpu 1
Q round521-s17 5 (8, 29, 36, 57) 25.082565325731657 gpu 0
Q round521-s17 6 (64, 34, 36, 9) 22.075187306654566 gpu 1
Q round521-s17 7 (48, 34, 28, 33) 23.028537336246174 gpu 0
Q round521-s17 8 (63, 53, 60, 33) 27.02146257149427 gpu 1
Q round521-s17 9 (48, 58, 4, 1) 23.78888781765834 gpu 0
Q round521-s17 10 (62, 29, 52, 57) 22.701966933829073 gpu 1
Q round521-s17 11 (39, 34, 4, 49) 21.92631244249038 gpu 0
Q round521-s17 12 (62, 21, 60, 32) 23.494647020408 gpu 1
Q round521-s17 13 (8, 34, 60, 57) 22.653896239492212 gpu 0
Q round521-s17 14 (49, 57, 28, 55) 61.410608219232216 gpu 1
Q round521-s17 15 (45, 46, 19, 52) 419.32730618428116 gpu 0
ROUND 521 n 8432 bestJ 15.477280283970245 best (64, 34, 68, 38) eligible 0 update 0 updates_total 36
Q round522-s17 0 (38, 45, 12, 0) 21.53659594411087 gpu 1
Q round522-s17 1 (8, 58, 4, 22) 23.28233949442345 gpu 0
Q round522-s17 2 (38, 5, 36, 56) 24.17777922564206 gpu 1
Q round522-s17 3 (39, 34, 52, 57) 24.19739452287814 gpu 0
Q round522-s17 4 (8, 34, 68, 25) 23.242509134000596 gpu 1
Q round522-s17 5 (48, 58, 12, 57) 26.284047390643135 gpu 0
Q round522-s17 6 (48, 34, 44, 57) 23.807601315100346 gpu 1
Q round522-s17 7 (39, 29, 60, 57) 24.116478685230064 gpu 0
Q round522-s17 8 (39, 34, 28, 1) 24.342341205128676 gpu 1
Q round522-s17 9 (64, 58, 52, 54) 25.55117760296257 gpu 0
Q round522-s17 10 (38, 5, 60, 56) 23.93299743610762 gpu 1
Q round522-s17 11 (62, 5, 36, 32) 22.829076943101388 gpu 0
Q round522-s17 12 (8, 34, 60, 33) 22.119020005380705 gpu 1
Q round522-s17 13 (64, 13, 60, 32) 24.370700569240448 gpu 0
Q round522-s17 14 (62, 32, 10, 14) 98.49799818524558 gpu 1
Q round522-s17 15 (23, 16, 13, 4) 155.83682917752176 gpu 0
ROUND 522 n 8448 bestJ 15.477280283970245 best (64, 34, 68, 38) eligible 0 update 0 updates_total 36
Q round523-s17 0 (39, 34, 20, 48) 21.887200349451923 gpu 1
Q round523-s17 1 (63, 13, 36, 9) 24.20883897074991 gpu 0
Q round523-s17 2 (63, 34, 52, 33) 23.445365266738595 gpu 1
Q round523-s17 3 (63, 34, 20, 24) 24.68590064785197 gpu 0
Q round523-s17 4 (62, 5, 60, 32) 23.824346913481982 gpu 1
Q round523-s17 5 (8, 58, 28, 39) 23.885907771751246 gpu 0
Q round523-s17 6 (48, 58, 28, 57) 25.919431305270816 gpu 1
Q round523-s17 7 (8, 58, 52, 38) 25.18000614820179 gpu 0
Q round523-s17 8 (39, 34, 68, 1) 24.648667838876865 gpu 1
Q round523-s17 9 (25, 69, 36, 32) 23.44690138837596 gpu 0
Q round523-s17 10 (63, 34, 4, 17) 23.506402093949088 gpu 1
Q round523-s17 11 (8, 58, 60, 1) 23.598048354035257 gpu 0
Q round523-s17 12 (64, 5, 60, 32) 22.888408345517227 gpu 1
Q round523-s17 13 (8, 58, 28, 63) 24.09323639925791 gpu 0
Q round523-s17 14 (64, 31, 4, 7) 97.87137329124252 gpu 1
Q round523-s17 15 (70, 16, 49, 39) 112.31026845901127 gpu 0
ROUND 523 n 8464 bestJ 15.477280283970245 best (64, 34, 68, 38) eligible 0 update 0 updates_total 36
Q round524-s17 0 (62, 5, 36, 56) 23.149997622794164 gpu 1
Q round524-s17 1 (63, 34, 20, 17) 23.727709869458902 gpu 0
Q round524-s17 2 (38, 13, 68, 57) 23.786615950238193 gpu 1
Q round524-s17 3 (38, 13, 28, 57) 24.001488777858047 gpu 0
Q round524-s17 4 (48, 50, 60, 9) 29.00005019853067 gpu 1
Q round524-s17 5 (8, 34, 20, 62) 24.573621625447867 gpu 0
Q round524-s17 6 (48, 34, 20, 57) 27.11077905187695 gpu 1
Q round524-s17 7 (64, 34, 44, 63) 21.774315916941433 gpu 0
Q round524-s17 8 (63, 53, 44, 57) 22.61375915794827 gpu 1
Q round524-s17 9 (38, 29, 68, 32) 24.570910035771533 gpu 0
Q round524-s17 10 (48, 29, 52, 56) 24.54996516961077 gpu 1
Q round524-s17 11 (48, 58, 52, 33) 26.671875408857506 gpu 0
Q round524-s17 12 (8, 34, 44, 38) 24.078238568202668 gpu 1
Q round524-s17 13 (8, 34, 36, 57) 22.766359273390535 gpu 0
Q round524-s17 14 (41, 66, 65, 56) 63.071899861942015 gpu 1
Q round524-s17 15 (31, 41, 49, 66) 229.79783127626084 gpu 0
ROUND 524 n 8480 bestJ 15.477280283970245 best (64, 34, 68, 38) eligible 0 update 0 updates_total 36
Q round525-s17 0 (63, 34, 44, 41) 23.167133343647617 gpu 1
Q round525-s17 1 (48, 58, 28, 41) 25.629863388135618 gpu 0
Q round525-s17 2 (38, 21, 60, 32) 24.881130353763176 gpu 1
Q round525-s17 3 (38, 21, 36, 32) 24.341812449822353 gpu 0
Q round525-s17 4 (8, 58, 36, 33) 23.087778254720742 gpu 1
Q round525-s17 5 (48, 34, 60, 33) 24.104906852211304 gpu 0
Q round525-s17 6 (63, 34, 68, 33) 26.225192846555036 gpu 1
Q round525-s17 7 (64, 5, 36, 32) 22.504241927824136 gpu 0
Q round525-s17 8 (8, 13, 28, 33) 25.726854401804342 gpu 1
Q round525-s17 9 (25, 69, 36, 56) 26.685481332480705 gpu 0
Q round525-s17 10 (8, 58, 60, 32) 22.64064786211729 gpu 1
Q round525-s17 11 (8, 58, 52, 62) 24.523584311680867 gpu 0
Q round525-s17 12 (24, 34, 4, 49) 21.600647389943077 gpu 1
Q round525-s17 13 (8, 58, 12, 54) 23.45597820962715 gpu 0
Q round525-s17 14 (12, 62, 39, 51) 89.73391443725183 gpu 1
Q round525-s17 15 (50, 38, 37, 50) 120.04364738764043 gpu 0
ROUND 525 n 8496 bestJ 15.477280283970245 best (64, 34, 68, 38) eligible 0 update 0 updates_total 36
Q round526-s17 0 (62, 69, 52, 57) 21.877519951912664 gpu 1
Q round526-s17 1 (63, 58, 52, 48) 24.79786813416996 gpu 0
Q round526-s17 2 (39, 34, 4, 48) 22.38280451236406 gpu 1
Q round526-s17 3 (24, 58, 20, 46) 22.993404882601272 gpu 0
Q round526-s17 4 (64, 21, 44, 46) 26.922015637503637 gpu 1
Q round526-s17 5 (39, 58, 28, 40) 24.318952295273665 gpu 0
Q round526-s17 6 (48, 58, 52, 62) 24.605751254887156 gpu 1
Q round526-s17 7 (48, 34, 36, 33) 24.19831146216416 gpu 0
Q round526-s17 8 (48, 34, 52, 33) 23.888282456217922 gpu 1
Q round526-s17 9 (8, 58, 60, 9) 24.234234830493296 gpu 0
Q round526-s17 10 (63, 58, 60, 9) 22.932384286085266 gpu 1
Q round526-s17 11 (39, 58, 68, 40) 25.00578856719322 gpu 0
Q round526-s17 12 (62, 58, 60, 25) 32.92971634680888 gpu 1
Q round526-s17 13 (48, 58, 68, 33) 26.82149804249822 gpu 0
Q round526-s17 14 (28, 2, 3, 15) 1383.2674875697019 gpu 1
Q round526-s17 15 (36, 38, 46, 8) 74.03210227693648 gpu 0
ROUND 526 n 8512 bestJ 15.477280283970245 best (64, 34, 68, 38) eligible 0 update 0 updates_total 36
Q round527-s17 0 (39, 34, 20, 64) 23.907485619283058 gpu 1
Q round527-s17 1 (63, 34, 20, 48) 24.23885155474119 gpu 0
Q round527-s17 2 (63, 5, 68, 1) 24.547204875709216 gpu 1
Q round527-s17 3 (62, 45, 60, 56) 25.254682119692628 gpu 0
Q round527-s17 4 (64, 58, 60, 63) 26.102795397189276 gpu 1
Q round527-s17 5 (8, 34, 36, 33) 24.129418913274336 gpu 0
Q round527-s17 6 (38, 69, 12, 32) 23.956996397020216 gpu 1
Q round527-s17 7 (38, 13, 20, 56) 24.233453414121954 gpu 0
Q round527-s17 8 (63, 45, 68, 57) 23.69529643377532 gpu 1
Q round527-s17 9 (8, 58, 60, 56) 25.202412489034348 gpu 0
Q round527-s17 10 (48, 69, 36, 33) 27.706927658237895 gpu 1
Q round527-s17 11 (64, 58, 68, 46) 24.766040626904548 gpu 0
Q round527-s17 12 (63, 13, 36, 33) 26.669432690870785 gpu 1
Q round527-s17 13 (8, 5, 52, 56) 24.909096338307453 gpu 0
Q round527-s17 14 (33, 47, 63, 14) 91.29860374993284 gpu 1
Q round527-s17 15 (67, 29, 65, 54) 49.78190601405219 gpu 0
TRIGGER_UPDATE 527 8528 ['stagnation', 'eligible_collapse'] {"new_labels_since_update": 256, "evals_since_best": 1794, "recent_n": 128, "recent_spearman": 0.5878559329793078, "recent_high_uncertainty_fraction": 0.140625, "sigma_ref_p90": 0.043047823011875215, "eligible_pool": 0, "eligible_floor": 120}
ROUND 527 n 8528 bestJ 15.477280283970245 best (64, 34, 68, 38) eligible 0 update 1 updates_total 37
Q round528-s17 0 (64, 34, 20, 63) 23.14742179885475 gpu 1
Q round528-s17 1 (8, 34, 12, 25) 23.912746312362856 gpu 0
Q round528-s17 2 (63, 58, 44, 54) 26.373292436783156 gpu 1
Q round528-s17 3 (39, 34, 44, 17) 22.797630235773287 gpu 0
Q round528-s17 4 (64, 34, 12, 64) 22.431276715890295 gpu 1
Q round528-s17 5 (24, 34, 44, 17) 22.95906409103188 gpu 0
Q round528-s17 6 (38, 53, 52, 57) 22.87451429745955 gpu 1
Q round528-s17 7 (63, 34, 44, 24) 23.79017813586655 gpu 0
Q round528-s17 8 (38, 29, 12, 56) 23.975674744483204 gpu 1
Q round528-s17 9 (8, 58, 36, 32) 24.596381309257968 gpu 0
Q round528-s17 10 (8, 34, 28, 25) 23.55294961570488 gpu 1
Q round528-s17 11 (39, 34, 20, 17) 24.128075321962637 gpu 0
Q round528-s17 12 (64, 34, 44, 39) 22.660662303680336 gpu 1
Q round528-s17 13 (64, 34, 12, 8) 24.842626345467025 gpu 0
Q round528-s17 14 (56, 47, 15, 19) 86.12910698562129 gpu 1
Q round528-s17 15 (38, 63, 41, 10) 167.79052631084846 gpu 0
ROUND 528 n 8544 bestJ 15.477280283970245 best (64, 34, 68, 38) eligible 0 update 0 updates_total 37
Q round529-s17 0 (39, 34, 4, 64) 24.682013565842556 gpu 1
Q round529-s17 1 (65, 53, 28, 64) 22.483298337624525 gpu 0
Q round529-s17 2 (8, 58, 36, 56) 25.189193568930182 gpu 1
Q round529-s17 3 (24, 58, 4, 22) 24.592150567178244 gpu 0
Q round529-s17 4 (38, 29, 36, 33) 24.229539389313484 gpu 1
Q round529-s17 5 (64, 34, 12, 65) 24.661780632355327 gpu 0
Q round529-s17 6 (48, 34, 52, 57) 23.77772534862508 gpu 1
Q round529-s17 7 (63, 34, 4, 24) 24.421494965830398 gpu 0
Q round529-s17 8 (64, 34, 20, 39) 23.76727982945287 gpu 1
Q round529-s17 9 (39, 45, 20, 49) 24.231885859994833 gpu 0
Q round529-s17 10 (8, 58, 28, 49) 23.839651732989054 gpu 1
Q round529-s17 11 (39, 58, 28, 1) 24.38404042813895 gpu 0
Q round529-s17 12 (64, 34, 12, 16) 24.431347310807357 gpu 1
Q round529-s17 13 (24, 34, 44, 25) 24.26921939464093 gpu 0
Q round529-s17 14 (66, 71, 20, 30) 44.24254805908335 gpu 1
Q round529-s17 15 (0, 35, 47, 8) 73.79808112004737 gpu 0
ROUND 529 n 8560 bestJ 15.477280283970245 best (64, 34, 68, 38) eligible 0 update 0 updates_total 37
Q round530-s17 0 (39, 34, 36, 9) 22.958033194927623 gpu 1
Q round530-s17 1 (63, 34, 4, 65) 24.778636356363968 gpu 0
Q round530-s17 2 (39, 34, 20, 25) 25.492728409894244 gpu 1
Q round530-s17 3 (38, 5, 52, 38) 24.14855707449869 gpu 0
Q round530-s17 4 (24, 34, 44, 1) 21.35599754500728 gpu 1
Q round530-s17 5 (38, 45, 52, 56) 22.871329953405947 gpu 0
Q round530-s17 6 (38, 5, 60, 32) 24.462878412007296 gpu 1
Q round530-s17 7 (39, 58, 12, 1) 24.545143669009686 gpu 0
Q round530-s17 8 (63, 58, 36, 9) 23.557233987196685 gpu 1
Q round530-s17 9 (39, 58, 60, 9) 23.39333498995444 gpu 0
Q round530-s17 10 (39, 34, 20, 1) 24.653843740512375 gpu 1
Q round530-s17 11 (38, 53, 12, 32) 23.73034448269466 gpu 0
Q round530-s17 12 (64, 34, 28, 48) 24.031246021001454 gpu 1
Q round530-s17 13 (8, 45, 68, 32) 25.875840720067472 gpu 0
Q round530-s17 14 (30, 31, 47, 32) 142.78234294718865 gpu 1
Q round530-s17 15 (30, 22, 32, 58) 311.6683314057614 gpu 0
ROUND 530 n 8576 bestJ 15.477280283970245 best (64, 34, 68, 38) eligible 0 update 0 updates_total 37
Q round531-s17 0 (63, 34, 4, 41) 21.17616902875897 gpu 1
Q round531-s17 1 (24, 58, 44, 46) 23.950401875915688 gpu 0
Q round531-s17 2 (39, 34, 44, 25) 24.1659705867149 gpu 1
Q round531-s17 3 (65, 29, 28, 48) 23.413409887816364 gpu 0
Q round531-s17 4 (65, 53, 28, 24) 22.0066258271303 gpu 1
Q round531-s17 5 (65, 69, 36, 56) 24.925987926517326 gpu 0
Q round531-s17 6 (39, 34, 44, 1) 22.627767207209807 gpu 1
Q round531-s17 7 (38, 29, 28, 32) 24.3208370790828 gpu 0
Q round531-s17 8 (38, 5, 36, 32) 23.97545281803859 gpu 1
Q round531-s17 9 (63, 34, 44, 1) 24.054667343365736 gpu 0
Q round531-s17 10 (38, 45, 60, 57) 24.025109328984584 gpu 1
Q round531-s17 11 (8, 58, 28, 70) 23.29355848317853 gpu 0
Q round531-s17 12 (39, 58, 12, 24) 25.599893717930392 gpu 1
Q round531-s17 13 (63, 58, 44, 49) 22.987967112816207 gpu 0
Q round531-s17 14 (70, 63, 68, 15) 95.46359729670269 gpu 1
Q round531-s17 15 (59, 30, 58, 38) 47.6890073605993 gpu 0
ROUND 531 n 8592 bestJ 15.477280283970245 best (64, 34, 68, 38) eligible 0 update 0 updates_total 37
Q round532-s17 0 (63, 34, 68, 8) 22.990526858668897 gpu 1
Q round532-s17 1 (24, 34, 20, 17) 24.62118837114958 gpu 0
Q round532-s17 2 (38, 5, 52, 62) 23.68049670403834 gpu 1
Q round532-s17 3 (63, 5, 28, 1) 22.93806010728707 gpu 0
Q round532-s17 4 (38, 69, 36, 33) 23.93562785867683 gpu 1
Q round532-s17 5 (39, 34, 44, 65) 25.74586188519026 gpu 0
Q round532-s17 6 (48, 5, 60, 9) 25.88108021279163 gpu 1
Q round532-s17 7 (24, 53, 20, 32) 25.117428309566506 gpu 0
Q round532-s17 8 (8, 45, 12, 56) 24.66003599150063 gpu 1
Q round532-s17 9 (39, 58, 60, 1) 24.664829216055097 gpu 0
Q round532-s17 10 (24, 34, 20, 1) 25.31822041424933 gpu 1
Q round532-s17 11 (39, 58, 4, 63) 25.02792725717663 gpu 0
Q round532-s17 12 (38, 13, 52, 33) 23.3689722530871 gpu 1
Q round532-s17 13 (39, 45, 4, 49) 23.267263060548927 gpu 0
Q round532-s17 14 (0, 20, 6, 45) 53.78741461173749 gpu 1
Q round532-s17 15 (45, 65, 17, 21) 39.07782785937101 gpu 0
ROUND 532 n 8608 bestJ 15.477280283970245 best (64, 34, 68, 38) eligible 0 update 0 updates_total 37
Q round533-s17 0 (62, 5, 68, 40) 23.856548132120103 gpu 1
Q round533-s17 1 (48, 34, 20, 8) 22.58135233597011 gpu 0
Q round533-s17 2 (39, 34, 4, 17) 23.746872013691622 gpu 1
Q round533-s17 3 (8, 58, 4, 6) 24.25787219834418 gpu 0
Q round533-s17 4 (63, 34, 20, 1) 24.487434573488553 gpu 1
Q round533-s17 5 (8, 58, 28, 41) 25.83039981611035 gpu 0
Q round533-s17 6 (39, 58, 36, 1) 25.91906587026876 gpu 1
Q round533-s17 7 (39, 34, 12, 56) 25.993071265451483 gpu 0
Q round533-s17 8 (64, 34, 12, 48) 24.340465685954676 gpu 1
Q round533-s17 9 (24, 58, 4, 63) 24.585656233016717 gpu 0
Q round533-s17 10 (64, 34, 68, 0) 24.221395173227705 gpu 1
Q round533-s17 11 (24, 58, 28, 65) 26.812585261582466 gpu 0
Q round533-s17 12 (24, 34, 20, 25) 25.3434087812656 gpu 1
Q round533-s17 13 (65, 45, 28, 39) 24.420022005932715 gpu 0
Q round533-s17 14 (17, 22, 66, 53) 216.5241308060664 gpu 1
Q round533-s17 15 (11, 43, 55, 25) 53.70991842581971 gpu 0
ROUND 533 n 8624 bestJ 15.477280283970245 best (64, 34, 68, 38) eligible 0 update 0 updates_total 37
Q round534-s17 0 (8, 58, 36, 9) 23.97010513751995 gpu 1
Q round534-s17 1 (25, 13, 20, 8) 24.13609167939813 gpu 0
Q round534-s17 2 (62, 21, 60, 56) 23.679432750074845 gpu 1
Q round534-s17 3 (62, 45, 68, 56) 23.800156557346376 gpu 0
Q round534-s17 4 (38, 29, 52, 57) 23.570015153489116 gpu 1
Q round534-s17 5 (39, 34, 4, 24) 24.758216064026264 gpu 0
Q round534-s17 6 (24, 34, 4, 17) 23.684653743136714 gpu 1
Q round534-s17 7 (39, 34, 4, 25) 24.48083093199795 gpu 0
Q round534-s17 8 (49, 69, 52, 56) 24.322548827239537 gpu 1
Q round534-s17 9 (64, 34, 68, 24) 24.137224525057597 gpu 0
Q round534-s17 10 (38, 53, 36, 33) 24.011319394439536 gpu 1
Q round534-s17 11 (8, 58, 12, 49) 23.72320542898215 gpu 0
Q round534-s17 12 (39, 58, 28, 25) 25.62143285000886 gpu 1
Q round534-s17 13 (39, 58, 4, 41) 26.21398645232815 gpu 0
Q round534-s17 14 (11, 60, 21, 62) 350.9373511069191 gpu 1
Q round534-s17 15 (26, 58, 13, 69) 161.69956181356343 gpu 0
ROUND 534 n 8640 bestJ 15.477280283970245 best (64, 34, 68, 38) eligible 0 update 0 updates_total 37
Q round535-s17 0 (62, 29, 12, 56) 23.583469048754544 gpu 1
Q round535-s17 1 (39, 34, 44, 24) 24.334587570501313 gpu 0
Q round535-s17 2 (39, 34, 20, 40) 25.741990971931887 gpu 1
Q round535-s17 3 (39, 34, 20, 65) 27.376975097663742 gpu 0
Q round535-s17 4 (39, 45, 12, 25) 23.288306405646164 gpu 1
Q round535-s17 5 (24, 58, 52, 64) 23.82800543704822 gpu 0
Q round535-s17 6 (39, 58, 28, 70) 26.588119772668467 gpu 1
Q round535-s17 7 (64, 58, 12, 6) 26.201787108514516 gpu 0
Q round535-s17 8 (64, 58, 12, 22) 26.73200967255375 gpu 1
Q round535-s17 9 (63, 53, 44, 32) 22.984934045732412 gpu 0
Q round535-s17 10 (39, 58, 36, 9) 23.870054378426936 gpu 1
Q round535-s17 11 (8, 58, 36, 1) 23.783287806504823 gpu 0
Q round535-s17 12 (8, 58, 20, 22) 24.592916669333714 gpu 1
Q round535-s17 13 (64, 58, 36, 64) 24.293967710191765 gpu 0
Q round535-s17 14 (7, 52, 36, 24) 49.56364647749303 gpu 1
Q round535-s17 15 (64, 54, 46, 31) 93.47100784979277 gpu 0
ROUND 535 n 8656 bestJ 15.477280283970245 best (64, 34, 68, 38) eligible 0 update 0 updates_total 37
Q round536-s17 0 (62, 45, 44, 16) 21.915603878306996 gpu cache
Q round536-s17 1 (63, 58, 12, 16) 23.448079723289236 gpu 1
Q round536-s17 2 (39, 58, 52, 16) 22.809468245753045 gpu 0
Q round536-s17 3 (48, 58, 68, 8) 22.978616829105626 gpu 1
Q round536-s17 4 (65, 53, 60, 56) 24.852464108078927 gpu cache
Q round536-s17 5 (63, 21, 28, 40) 23.333813144001738 gpu 0
Q round536-s17 6 (63, 34, 4, 1) 24.255468356450766 gpu 1
Q round536-s17 7 (39, 21, 68, 17) 24.279994839180134 gpu 0
Q round536-s17 8 (38, 69, 60, 33) 24.241334835082316 gpu 1
Q round536-s17 9 (24, 58, 28, 70) 23.647007248087494 gpu 0
Q round536-s17 10 (24, 34, 44, 65) 25.409286303665255 gpu 1
Q round536-s17 11 (24, 21, 28, 40) 22.738621012296846 gpu 0
Q round536-s17 12 (39, 34, 4, 1) 24.29326104197672 gpu 1
Q round536-s17 13 (64, 58, 36, 16) 26.024884971398873 gpu 0
Q round536-s17 14 (61, 35, 42, 49) 208.44092936495304 gpu 1
Q round536-s17 15 (40, 51, 37, 49) 58.72371045752659 gpu 0
ROUND 536 n 8672 bestJ 15.477280283970245 best (64, 34, 68, 38) eligible 0 update 0 updates_total 37
Q round537-s17 0 (63, 58, 44, 41) 23.193358854433782 gpu 1
Q round537-s17 1 (63, 34, 44, 17) 23.661593492021222 gpu 0
Q round537-s17 2 (8, 58, 44, 46) 23.35448960181763 gpu 1
Q round537-s17 3 (39, 58, 12, 40) 25.47553889630031 gpu 0
Q round537-s17 4 (38, 69, 68, 57) 24.148524147192823 gpu 1
Q round537-s17 5 (63, 69, 44, 57) 22.911906949606625 gpu 0
Q round537-s17 6 (39, 34, 12, 0) 24.370052835793214 gpu 1
Q round537-s17 7 (39, 58, 68, 65) 26.2128396182086 gpu 0
Q round537-s17 8 (39, 45, 28, 56) 23.187168037335685 gpu 1
Q round537-s17 9 (8, 34, 60, 32) 25.608426096297215 gpu 0
Q round537-s17 10 (8, 34, 4, 62) 23.861169407534824 gpu 1
Q round537-s17 11 (39, 58, 12, 25) 24.746193267195114 gpu 0
Q round537-s17 12 (8, 34, 12, 65) 25.43024665194814 gpu 1
Q round537-s17 13 (9, 13, 12, 48) 23.17238079763798 gpu 0
Q round537-s17 14 (64, 47, 10, 19) 120.13052652364577 gpu 1
Q round537-s17 15 (4, 47, 64, 56) 67.56317026430376 gpu 0
ROUND 537 n 8688 bestJ 15.477280283970245 best (64, 34, 68, 38) eligible 0 update 0 updates_total 37
Q round538-s17 0 (63, 34, 20, 8) 23.87591070173115 gpu 1
Q round538-s17 1 (65, 45, 52, 63) 22.3100642171745 gpu 0
Q round538-s17 2 (48, 58, 28, 8) 22.694543176177962 gpu 1
Q round538-s17 3 (49, 69, 4, 0) 23.59545393125496 gpu 0
Q round538-s17 4 (38, 13, 12, 57) 23.810507610897957 gpu 1
Q round538-s17 5 (25, 45, 52, 24) 21.534529916631957 gpu 0
Q round538-s17 6 (49, 29, 4, 8) 22.72013893798502 gpu 1
Q round538-s17 7 (25, 29, 4, 63) 24.056930132774962 gpu 0
Q round538-s17 8 (63, 58, 20, 49) 25.376388312284128 gpu 1
Q round538-s17 9 (25, 69, 60, 56) 25.28253577112732 gpu 0
Q round538-s17 10 (63, 58, 44, 64) 26.676523627114484 gpu 1
Q round538-s17 11 (62, 5, 52, 38) 23.762945808945748 gpu 0
Q round538-s17 12 (65, 21, 36, 64) 24.465541044932678 gpu 1
Q round538-s17 13 (39, 5, 68, 17) 23.357529567669413 gpu 0
Q round538-s17 14 (27, 70, 48, 5) 47.06638650490635 gpu 1
Q round538-s17 15 (20, 60, 2, 58) 139.0791889702903 gpu 0
ROUND 538 n 8704 bestJ 15.477280283970245 best (64, 34, 68, 38) eligible 0 update 0 updates_total 37
Q round539-s17 0 (63, 58, 12, 8) 22.679327734977022 gpu 1
Q round539-s17 1 (63, 34, 20, 41) 22.269048160271858 gpu 0
Q round539-s17 2 (62, 13, 4, 56) 23.043266114179552 gpu 1
Q round539-s17 3 (62, 45, 36, 57) 24.805441330194665 gpu 0
Q round539-s17 4 (25, 45, 52, 64) 22.9562258273834 gpu 1
Q round539-s17 5 (63, 58, 44, 40) 26.120493118794386 gpu 0
Q round539-s17 6 (63, 58, 20, 40) 26.544091443877583 gpu 1
Q round539-s17 7 (63, 58, 20, 48) 24.860382681124836 gpu 0
Q round539-s17 8 (25, 29, 36, 56) 24.820001574927474 gpu 1
Q round539-s17 9 (38, 53, 60, 33) 23.917217908985755 gpu 0
Q round539-s17 10 (39, 58, 20, 38) 26.49874285364095 gpu 1
Q round539-s17 11 (39, 58, 20, 15) 25.562927696148222 gpu 0
Q round539-s17 12 (24, 34, 4, 1) 25.32736102948645 gpu 1
Q round539-s17 13 (39, 34, 68, 57) 24.93080025954553 gpu 0
Q round539-s17 14 (59, 22, 64, 70) 67.40660153750889 gpu 1
Q round539-s17 15 (51, 18, 14, 27) 95.29407100778101 gpu 0
ROUND 539 n 8720 bestJ 15.477280283970245 best (64, 34, 68, 38) eligible 0 update 0 updates_total 37
Q round540-s17 0 (63, 58, 12, 40) 24.669827564328845 gpu 1
Q round540-s17 1 (64, 21, 20, 46) 22.77148300772397 gpu 0
Q round540-s17 2 (64, 58, 60, 16) 25.867477119380396 gpu 1
Q round540-s17 3 (63, 34, 68, 17) 28.181237318908536 gpu 0
Q round540-s17 4 (64, 58, 60, 64) 23.653457480420474 gpu 1
Q round540-s17 5 (8, 29, 28, 33) 26.43432914498668 gpu 0
Q round540-s17 6 (62, 45, 28, 56) 23.279630644012208 gpu 1
Q round540-s17 7 (63, 34, 12, 1) 24.787413437204165 gpu 0
Q round540-s17 8 (24, 58, 12, 25) 24.362479758491595 gpu 1
Q round540-s17 9 (39, 58, 12, 14) 27.749135499759156 gpu 0
Q round540-s17 10 (24, 58, 4, 41) 25.613422822359794 gpu 1
Q round540-s17 11 (8, 58, 52, 39) 24.50520068258705 gpu 0
Q round540-s17 12 (65, 5, 52, 40) 23.450907253998665 gpu 1
Q round540-s17 13 (24, 58, 12, 54) 23.946509524405396 gpu 0
Q round540-s17 14 (24, 51, 66, 70) 201.03898244668272 gpu 1
Q round540-s17 15 (19, 64, 50, 47) 109.6599045046219 gpu 0
ROUND 540 n 8736 bestJ 15.477280283970245 best (64, 34, 68, 38) eligible 0 update 0 updates_total 37
Q round541-s17 0 (62, 45, 12, 48) 23.859891031678483 gpu 1
Q round541-s17 1 (62, 69, 28, 57) 22.608191605473078 gpu 0
Q round541-s17 2 (38, 45, 36, 57) 23.833032030099687 gpu 1
Q round541-s17 3 (25, 45, 52, 48) 24.226410875040123 gpu 0
Q round541-s17 4 (9, 13, 60, 0) 30.436285812904156 gpu 1
Q round541-s17 5 (25, 53, 28, 64) 23.023772475299225 gpu 0
Q round541-s17 6 (39, 34, 44, 40) 24.878567084861167 gpu 1
Q round541-s17 7 (39, 29, 28, 17) 22.60776802027601 gpu 0
Q round541-s17 8 (63, 34, 28, 17) 27.199262226706313 gpu 1
Q round541-s17 9 (25, 69, 60, 32) 23.749644355128602 gpu 0
Q round541-s17 10 (8, 45, 44, 8) 23.2751100766527 gpu 1
Q round541-s17 11 (38, 21, 68, 62) 24.294177733912306 gpu 0
Q round541-s17 12 (64, 34, 52, 48) 26.034474320983517 gpu 1
Q round541-s17 13 (39, 58, 12, 54) 27.703185544311207 gpu 0
Q round541-s17 14 (38, 61, 23, 9) 72.67467791152076 gpu 1
Q round541-s17 15 (63, 48, 6, 10) 211.71101057508622 gpu 0
ROUND 541 n 8752 bestJ 15.477280283970245 best (64, 34, 68, 38) eligible 0 update 0 updates_total 37
Q round542-s17 0 (63, 58, 52, 41) 26.856015980604973 gpu 1
Q round542-s17 1 (24, 58, 4, 6) 24.08446690419059 gpu 0
Q round542-s17 2 (65, 53, 36, 32) 25.043597493078387 gpu cache
Q round542-s17 3 (49, 13, 12, 56) 24.522540424726948 gpu 1
Q round542-s17 4 (25, 53, 36, 56) 26.39782884847168 gpu 0
Q round542-s17 5 (8, 58, 28, 30) 23.174771916922037 gpu 1
Q round542-s17 6 (64, 34, 28, 24) 23.457350541635854 gpu 0
Q round542-s17 7 (8, 58, 68, 70) 23.485845145841765 gpu 1
Q round542-s17 8 (39, 58, 4, 15) 25.57603895248299 gpu 0
Q round542-s17 9 (38, 45, 28, 38) 24.267701151200814 gpu 1
Q round542-s17 10 (65, 29, 4, 40) 25.267023584631595 gpu 0
Q round542-s17 11 (9, 69, 60, 39) 29.309508898917343 gpu 1
Q round542-s17 12 (24, 45, 60, 9) 24.360718602236826 gpu 0
Q round542-s17 13 (38, 69, 28, 57) 24.39215929073012 gpu 1
Q round542-s17 14 (71, 57, 6, 41) 83.20350993173116 gpu 0
Q round542-s17 15 (56, 25, 9, 32) 59.56635584922274 gpu 1
ROUND 542 n 8768 bestJ 15.477280283970245 best (64, 34, 68, 38) eligible 0 update 0 updates_total 37
Q round543-s17 0 (38, 29, 44, 40) 23.8289767116319 gpu 0
Q round543-s17 1 (25, 53, 12, 64) 22.752923494332634 gpu 1
Q round543-s17 2 (9, 13, 12, 63) 23.185592400566247 gpu 0
Q round543-s17 3 (62, 21, 20, 16) 23.927236648933523 gpu cache
Q round543-s17 4 (38, 53, 68, 57) 24.269485765282425 gpu 1
Q round543-s17 5 (8, 58, 44, 22) 23.81994941586037 gpu 0
Q round543-s17 6 (25, 29, 60, 56) 25.126066617477587 gpu 1
Q round543-s17 7 (39, 58, 36, 8) 26.550853729884825 gpu 0
Q round543-s17 8 (24, 34, 20, 65) 27.14424722211734 gpu 1
Q round543-s17 9 (63, 53, 20, 57) 24.267566039637 gpu 0
Q round543-s17 10 (63, 58, 20, 64) 28.33743624789961 gpu 1
Q round543-s17 11 (48, 58, 68, 9) 26.67534663533158 gpu 0
Q round543-s17 12 (24, 21, 68, 56) 24.22930925169131 gpu 1
Q round543-s17 13 (39, 45, 20, 17) 24.21810629175325 gpu 0
Q round543-s17 14 (12, 67, 15, 71) 49.542357786845734 gpu 1
Q round543-s17 15 (3, 6, 38, 19) 84.90367160671597 gpu 0
TRIGGER_UPDATE 543 8784 ['stagnation', 'eligible_collapse'] {"new_labels_since_update": 256, "evals_since_best": 2050, "recent_n": 128, "recent_spearman": 0.6506649423182568, "recent_high_uncertainty_fraction": 0.1171875, "sigma_ref_p90": 0.04706264771521092, "eligible_pool": 0, "eligible_floor": 120}
ROUND 543 n 8784 bestJ 15.477280283970245 best (64, 34, 68, 38) eligible 0 update 1 updates_total 38
Q round544-s17 0 (39, 45, 68, 41) 22.028573771138447 gpu 1
Q round544-s17 1 (63, 53, 20, 41) 22.557439132258637 gpu 0
Q round544-s17 2 (39, 29, 68, 17) 23.659874121115234 gpu 1
Q round544-s17 3 (48, 34, 4, 8) 23.74347488626032 gpu 0
Q round544-s17 4 (9, 13, 52, 39) 22.913866516600585 gpu 1
Q round544-s17 5 (38, 45, 52, 38) 23.62508332583167 gpu 0
Q round544-s17 6 (48, 58, 52, 9) 24.813889181262063 gpu 1
Q round544-s17 7 (39, 45, 52, 57) 23.95070500527772 gpu 0
Q round544-s17 8 (48, 29, 44, 17) 25.393476124719722 gpu 1
Q round544-s17 9 (64, 53, 28, 57) 24.468528071824206 gpu 0
Q round544-s17 10 (38, 13, 4, 56) 25.026445663998505 gpu 1
Q round544-s17 11 (62, 45, 52, 16) 26.91543418596172 gpu cache
Q round544-s17 12 (8, 58, 12, 14) 23.123490569669176 gpu 0
Q round544-s17 13 (24, 21, 52, 32) 25.27390355514959 gpu 1
Q round544-s17 14 (21, 56, 36, 41) 42.9301466403621 gpu 0
Q round544-s17 15 (3, 65, 13, 38) 59.09092353431524 gpu 1
ROUND 544 n 8800 bestJ 15.477280283970245 best (64, 34, 68, 38) eligible 0 update 0 updates_total 38
Q round545-s17 0 (9, 13, 68, 63) 22.295047246781937 gpu 0
Q round545-s17 1 (25, 13, 20, 39) 23.8537940558908 gpu 1
Q round545-s17 2 (63, 13, 20, 33) 26.94555518214734 gpu 0
Q round545-s17 3 (64, 21, 4, 22) 25.476474773745313 gpu 1
Q round545-s17 4 (49, 13, 12, 32) 25.179885743562306 gpu 0
Q round545-s17 5 (25, 53, 68, 48) 25.487065462051767 gpu 1
Q round545-s17 6 (25, 29, 68, 8) 23.495943448572977 gpu 0
Q round545-s17 7 (64, 21, 36, 38) 25.38487137964489 gpu 1
Q round545-s17 8 (9, 13, 20, 63) 24.606600113638343 gpu 0
Q round545-s17 9 (25, 53, 60, 32) 24.06398355818975 gpu 1
Q round545-s17 10 (63, 45, 28, 57) 23.539319343423323 gpu 0
Q round545-s17 11 (64, 29, 68, 57) 24.549326859097643 gpu 1
Q round545-s17 12 (63, 45, 44, 25) 23.40452873180837 gpu 0
Q round545-s17 13 (24, 21, 44, 54) 26.81629445757328 gpu 1
Q round545-s17 14 (70, 34, 66, 16) 75.04471998030627 gpu 0
Q round545-s17 15 (18, 9, 23, 11) 119.61789103299625 gpu 1
ROUND 545 n 8816 bestJ 15.477280283970245 best (64, 34, 68, 38) eligible 0 update 0 updates_total 38
Q round546-s17 0 (62, 21, 52, 62) 23.992537020211174 gpu 0
Q round546-s17 1 (65, 69, 52, 0) 25.303816793243357 gpu 1
Q round546-s17 2 (25, 53, 20, 63) 23.109422426262437 gpu 0
Q round546-s17 3 (38, 29, 60, 32) 25.715780770536124 gpu 1
Q round546-s17 4 (25, 21, 52, 63) 23.696748122955725 gpu 0
Q round546-s17 5 (65, 13, 36, 32) 23.112232769410443 gpu 1
Q round546-s17 6 (25, 53, 36, 32) 24.24879029686005 gpu 0
Q round546-s17 7 (39, 29, 28, 1) 25.130195905772574 gpu 1
Q round546-s17 8 (24, 21, 68, 40) 23.747304937572334 gpu 0
Q round546-s17 9 (38, 45, 52, 49) 23.499775075407733 gpu 1
Q round546-s17 10 (39, 58, 60, 8) 25.063460430892434 gpu 0
Q round546-s17 11 (8, 58, 68, 30) 23.254330275182326 gpu 1
Q round546-s17 12 (25, 53, 60, 56) 24.20550223917366 gpu 0
Q round546-s17 13 (25, 29, 4, 39) 23.539151315641387 gpu 1
Q round546-s17 14 (30, 16, 22, 30) 106.1724702562589 gpu 0
Q round546-s17 15 (56, 57, 58, 43) 56.228225721027826 gpu 1
ROUND 546 n 8832 bestJ 15.477280283970245 best (64, 34, 68, 38) eligible 0 update 0 updates_total 38
Q round547-s17 0 (62, 53, 52, 57) 22.98294268923402 gpu 0
Q round547-s17 1 (25, 45, 52, 63) 24.80999179477775 gpu 1
Q round547-s17 2 (25, 53, 12, 24) 23.413487390669403 gpu 0
Q round547-s17 3 (9, 13, 44, 63) 24.438738832494597 gpu 1
Q round547-s17 4 (64, 34, 28, 0) 23.696118059008064 gpu 0
Q round547-s17 5 (38, 45, 12, 62) 24.493180244069993 gpu 1
Q round547-s17 6 (62, 21, 68, 38) 24.538387792694817 gpu 0
Q round547-s17 7 (38, 45, 52, 62) 24.556661423485494 gpu 1
Q round547-s17 8 (63, 45, 20, 25) 24.54386329831724 gpu 0
Q round547-s17 9 (24, 29, 4, 56) 24.89151323309068 gpu 1
Q round547-s17 10 (39, 34, 20, 24) 24.700265231727585 gpu 0
Q round547-s17 11 (39, 5, 28, 17) 23.523771375934594 gpu 1
Q round547-s17 12 (8, 34, 44, 63) 24.833310656937364 gpu 0
Q round547-s17 13 (63, 45, 52, 33) 23.927132555958043 gpu 1
Q round547-s17 14 (40, 69, 63, 23) 74.33626362663966 gpu 0
Q round547-s17 15 (0, 50, 45, 36) 183.86382760103058 gpu 1
ROUND 547 n 8848 bestJ 15.477280283970245 best (64, 34, 68, 38) eligible 0 update 0 updates_total 38
Q round548-s17 0 (65, 53, 28, 48) 24.457503187582084 gpu 0
Q round548-s17 1 (65, 29, 52, 16) 23.543549831291827 gpu 1
Q round548-s17 2 (9, 13, 68, 39) 21.451011681531444 gpu 0
Q round548-s17 3 (63, 69, 20, 57) 24.129131863577236 gpu 1
Q round548-s17 4 (62, 29, 36, 33) 24.150928140425975 gpu 0
Q round548-s17 5 (62, 13, 20, 32) 24.815157121845857 gpu 1
Q round548-s17 6 (25, 21, 52, 39) 23.96980069018102 gpu 0
Q round548-s17 7 (9, 13, 12, 0) 23.71951205037146 gpu 1
Q round548-s17 8 (65, 45, 60, 38) 25.484758352199304 gpu 0
Q round548-s17 9 (8, 34, 44, 39) 23.546411563970885 gpu 1
Q round548-s17 10 (9, 29, 36, 63) 30.18198167858464 gpu 0
Q round548-s17 11 (24, 34, 52, 57) 21.904081258897907 gpu 1
Q round548-s17 12 (64, 53, 52, 33) 23.952430796688905 gpu 0
Q round548-s17 13 (9, 69, 52, 48) 25.079009060341626 gpu 1
Q round548-s17 14 (35, 36, 17, 8) 43.8708449963587 gpu 0
Q round548-s17 15 (30, 49, 56, 52) 100.94005197696718 gpu 1
ROUND 548 n 8864 bestJ 15.477280283970245 best (64, 34, 68, 38) eligible 0 update 0 updates_total 38
Q round549-s17 0 (62, 13, 68, 57) 25.01245212754807 gpu 0
Q round549-s17 1 (38, 45, 28, 62) 24.045348327400703 gpu 1
Q round549-s17 2 (62, 29, 12, 32) 23.63855467760746 gpu 0
Q round549-s17 3 (9, 69, 60, 63) 29.23623777046033 gpu 1
Q round549-s17 4 (62, 53, 60, 33) 24.75376150342033 gpu 0
Q round549-s17 5 (39, 5, 28, 1) 24.031100735311785 gpu 1
Q round549-s17 6 (38, 69, 28, 65) 24.204775929386123 gpu 0
Q round549-s17 7 (38, 69, 68, 65) 23.812145784649307 gpu 1
Q round549-s17 8 (9, 45, 36, 63) 27.111207027428822 gpu 0
Q round549-s17 9 (63, 5, 28, 25) 23.782623219406815 gpu 1
Q round549-s17 10 (38, 69, 36, 57) 23.990191818853244 gpu 0
Q round549-s17 11 (9, 29, 36, 39) 29.343611578612688 gpu 1
Q round549-s17 12 (24, 58, 28, 30) 24.72763584789574 gpu 0
Q round549-s17 13 (38, 21, 28, 62) 24.909247759000912 gpu 1
Q round549-s17 14 (32, 14, 32, 8) 90.19544096052589 gpu 0
Q round549-s17 15 (32, 32, 55, 0) 83.58375577885185 gpu 1
ROUND 549 n 8880 bestJ 15.477280283970245 best (64, 34, 68, 38) eligible 0 update 0 updates_total 38
Q round550-s17 0 (48, 58, 12, 8) 23.815755041875864 gpu 0
Q round550-s17 1 (39, 58, 4, 46) 24.583003160844424 gpu 1
Q round550-s17 2 (25, 69, 68, 39) 25.638010714102244 gpu 0
Q round550-s17 3 (49, 13, 44, 8) 26.19998459549612 gpu 1
Q round550-s17 4 (25, 29, 52, 39) 24.78798254144477 gpu 0
Q round550-s17 5 (9, 69, 52, 63) 23.028230093588867 gpu 1
Q round550-s17 6 (38, 29, 36, 57) 24.403099324111768 gpu 0
Q round550-s17 7 (62, 45, 60, 57) 23.391774647281373 gpu 1
Q round550-s17 8 (25, 13, 52, 32) 24.168510804193062 gpu 0
Q round550-s17 9 (65, 45, 60, 39) 26.73390107493927 gpu 1
Q round550-s17 10 (62, 69, 60, 33) 24.53521910229761 gpu 0
Q round550-s17 11 (62, 21, 28, 62) 23.92435828608003 gpu 1
Q round550-s17 12 (38, 29, 28, 49) 23.2213381094632 gpu 0
Q round550-s17 13 (63, 21, 52, 57) 25.042542675716753 gpu 1
Q round550-s17 14 (70, 56, 48, 56) 106.69119190870732 gpu 0
Q round550-s17 15 (13, 3, 68, 21) 98.5029028425866 gpu 1
ROUND 550 n 8896 bestJ 15.477280283970245 best (64, 34, 68, 38) eligible 0 update 0 updates_total 38
Q round551-s17 0 (63, 13, 44, 33) 25.108325991146707 gpu 0
Q round551-s17 1 (49, 5, 52, 64) 23.35740487727093 gpu 1
Q round551-s17 2 (9, 53, 52, 39) 23.331109072972218 gpu 0
Q round551-s17 3 (62, 5, 44, 0) 23.80202637258132 gpu 1
Q round551-s17 4 (9, 13, 4, 63) 24.998922538296995 gpu 0
Q round551-s17 5 (65, 29, 52, 38) 23.67390677698323 gpu 1
Q round551-s17 6 (38, 29, 60, 57) 24.13886325476962 gpu 0
Q round551-s17 7 (63, 21, 68, 40) 24.65035663317973 gpu 1
Q round551-s17 8 (24, 45, 12, 32) 24.89027659627504 gpu 0
Q round551-s17 9 (38, 45, 12, 38) 25.83527378205805 gpu 1
Q round551-s17 10 (24, 5, 52, 32) 24.69927163257024 gpu 0
Q round551-s17 11 (63, 45, 44, 65) 23.612384005643595 gpu 1
Q round551-s17 12 (64, 34, 4, 63) 23.876495135119605 gpu 0
Q round551-s17 13 (64, 5, 20, 15) 24.318276172558704 gpu 1
Q round551-s17 14 (57, 64, 41, 48) 82.07194355870608 gpu 0
Q round551-s17 15 (15, 66, 50, 47) 69.47733320673927 gpu 1
ROUND 551 n 8912 bestJ 15.477280283970245 best (64, 34, 68, 38) eligible 0 update 0 updates_total 38
Q round552-s17 0 (62, 53, 44, 48) 25.50900687394754 gpu 0
Q round552-s17 1 (38, 69, 52, 57) 24.241545775568266 gpu 1
Q round552-s17 2 (48, 29, 28, 9) 23.951567150995263 gpu 0
Q round552-s17 3 (49, 45, 28, 64) 25.496520664254717 gpu 1
Q round552-s17 4 (25, 53, 68, 24) 24.508599750450525 gpu 0
Q round552-s17 5 (25, 53, 28, 63) 25.92359169067998 gpu 1
Q round552-s17 6 (25, 53, 68, 39) 24.769526307353004 gpu 0
Q round552-s17 7 (62, 13, 44, 32) 23.75371917839569 gpu 1
Q round552-s17 8 (49, 29, 36, 32) 27.556953584587145 gpu 0
Q round552-s17 9 (39, 45, 44, 17) 23.810435092148918 gpu 1
Q round552-s17 10 (39, 45, 44, 1) 23.87174643843768 gpu 0
Q round552-s17 11 (64, 13, 68, 64) 24.45577315335415 gpu 1
Q round552-s17 12 (64, 5, 4, 15) 24.786444522126835 gpu 0
Q round552-s17 13 (38, 53, 36, 57) 24.50747063696904 gpu 1
Q round552-s17 14 (67, 48, 58, 66) 180.7850636189141 gpu 0
Q round552-s17 15 (61, 10, 3, 18) 180.78649233288286 gpu 1
ROUND 552 n 8928 bestJ 15.477280283970245 best (64, 34, 68, 38) eligible 0 update 0 updates_total 38
Q round553-s17 0 (62, 5, 52, 62) 24.47026773466279 gpu 0
Q round553-s17 1 (25, 13, 52, 56) 21.585787651326537 gpu 1
Q round553-s17 2 (39, 69, 12, 1) 24.203539200454774 gpu 0
Q round553-s17 3 (65, 69, 52, 62) 23.77425808627569 gpu 1
Q round553-s17 4 (62, 45, 28, 38) 26.132426265867252 gpu 0
Q round553-s17 5 (38, 29, 60, 33) 23.798066308441882 gpu 1
Q round553-s17 6 (62, 45, 12, 62) 26.075434771285867 gpu 0
Q round553-s17 7 (9, 13, 20, 39) 24.312838603017063 gpu 1
Q round553-s17 8 (38, 13, 28, 25) 24.904133774983062 gpu 0
Q round553-s17 9 (39, 58, 44, 46) 26.959836586255076 gpu 1
Q round553-s17 10 (9, 29, 60, 63) 29.92694071102548 gpu 0
Q round553-s17 11 (39, 34, 4, 8) 24.81505599842983 gpu 1
Q round553-s17 12 (38, 69, 36, 32) 26.692465764461424 gpu 0
Q round553-s17 13 (24, 53, 4, 32) 24.501704482930524 gpu 1
Q round553-s17 14 (42, 63, 69, 29) 156.12014175256715 gpu 0
Q round553-s17 15 (16, 44, 33, 47) 68.22616246093872 gpu 1
ROUND 553 n 8944 bestJ 15.477280283970245 best (64, 34, 68, 38) eligible 0 update 0 updates_total 38
Q round554-s17 0 (9, 13, 52, 63) 24.39120528468778 gpu 0
Q round554-s17 1 (38, 45, 68, 62) 24.19777041123431 gpu 1
Q round554-s17 2 (63, 58, 68, 0) 24.03654342321384 gpu 0
Q round554-s17 3 (65, 13, 52, 56) 23.397777560057712 gpu 1
Q round554-s17 4 (62, 45, 44, 8) 23.01312772212381 gpu 0
Q round554-s17 5 (49, 21, 52, 39) 25.39558352279 gpu 1
Q round554-s17 6 (65, 45, 36, 38) 26.092909363167582 gpu 0
Q round554-s17 7 (9, 53, 36, 63) 30.84929653816498 gpu 1
Q round554-s17 8 (38, 45, 52, 17) 24.926602143253938 gpu 0
Q round554-s17 9 (38, 21, 68, 38) 24.500791016287277 gpu 1
Q round554-s17 10 (9, 45, 36, 39) 25.47620918963939 gpu 0
Q round554-s17 11 (8, 34, 4, 38) 23.97648470385646 gpu 1
Q round554-s17 12 (64, 21, 60, 38) 24.8457494989297 gpu 0
Q round554-s17 13 (8, 34, 20, 38) 24.285764182018838 gpu 1
Q round554-s17 14 (51, 18, 60, 62) 289.05041110192445 gpu 0
Q round554-s17 15 (3, 40, 60, 31) 46.66490344110133 gpu 1
ROUND 554 n 8960 bestJ 15.477280283970245 best (64, 34, 68, 38) eligible 0 update 0 updates_total 38
Q round555-s17 0 (49, 13, 28, 56) 27.610510693342214 gpu 0
Q round555-s17 1 (62, 29, 60, 33) 23.73955748987474 gpu 1
Q round555-s17 2 (62, 53, 28, 57) 23.073135295380563 gpu 0
Q round555-s17 3 (49, 53, 68, 56) 21.860451633328548 gpu 1
Q round555-s17 4 (65, 45, 28, 63) 23.44444314604213 gpu 0
Q round555-s17 5 (24, 45, 36, 9) 24.085725962576927 gpu 1
Q round555-s17 6 (64, 34, 12, 0) 25.396712296119954 gpu 0
Q round555-s17 7 (64, 53, 12, 57) 24.836573111746237 gpu 1
Q round555-s17 8 (38, 29, 68, 49) 22.91812057938914 gpu 0
Q round555-s17 9 (38, 13, 36, 33) 24.57631217764775 gpu 1
Q round555-s17 10 (38, 53, 36, 32) 26.89496445147366 gpu 0
Q round555-s17 11 (64, 45, 12, 17) 23.551044269912406 gpu 1
Q round555-s17 12 (62, 53, 44, 56) 23.494944464541025 gpu 0
Q round555-s17 13 (49, 29, 60, 32) 26.891448372914816 gpu 1
Q round555-s17 14 (70, 16, 21, 54) 132.87402708349532 gpu 0
Q round555-s17 15 (29, 9, 61, 56) 39.206991702354465 gpu 1
ROUND 555 n 8976 bestJ 15.477280283970245 best (64, 34, 68, 38) eligible 0 update 0 updates_total 38
Q round556-s17 0 (65, 13, 44, 48) 21.90867374492862 gpu 0
Q round556-s17 1 (9, 13, 36, 64) 28.6990618374196 gpu 1
Q round556-s17 2 (9, 69, 36, 63) 29.80864308183939 gpu 0
Q round556-s17 3 (62, 53, 28, 8) 25.278860577183107 gpu 1
Q round556-s17 4 (39, 58, 20, 46) 24.997348683070253 gpu 0
Q round556-s17 5 (25, 5, 52, 40) 21.738130908028626 gpu 1
Q round556-s17 6 (38, 21, 52, 41) 23.67504784008785 gpu 0
Q round556-s17 7 (65, 53, 68, 62) 23.210326802839294 gpu 1
Q round556-s17 8 (38, 53, 52, 65) 23.22400054598014 gpu 0
Q round556-s17 9 (38, 13, 68, 25) 25.03183977090979 gpu 1
Q round556-s17 10 (38, 69, 52, 65) 23.508950341784033 gpu 0
Q round556-s17 11 (39, 34, 68, 16) 25.68246915538059 gpu 1
Q round556-s17 12 (62, 69, 12, 65) 23.902288172567523 gpu 0
Q round556-s17 13 (9, 45, 60, 63) 25.95925922091073 gpu 1
Q round556-s17 14 (31, 57, 61, 4) 102.48078866761352 gpu 0
Q round556-s17 15 (13, 4, 17, 21) 455.4428343021382 gpu 1
ROUND 556 n 8992 bestJ 15.477280283970245 best (64, 34, 68, 38) eligible 0 update 0 updates_total 38
Q round557-s17 0 (65, 13, 68, 39) 24.604344229007967 gpu 0
Q round557-s17 1 (63, 5, 68, 40) 23.975432593755187 gpu cache
Q round557-s17 2 (49, 5, 52, 39) 26.275235775731392 gpu 1
Q round557-s17 3 (49, 53, 52, 32) 21.23907724959917 gpu 0
Q round557-s17 4 (62, 5, 68, 38) 23.930984814837394 gpu 1
Q round557-s17 5 (9, 53, 52, 48) 25.816470608744517 gpu 0
Q round557-s17 6 (49, 53, 28, 56) 21.70538303738384 gpu 1
Q round557-s17 7 (63, 21, 20, 54) 24.511314481773898 gpu 0
Q round557-s17 8 (25, 29, 60, 32) 25.088906087675444 gpu 1
Q round557-s17 9 (24, 58, 4, 39) 25.617002505139467 gpu 0
Q round557-s17 10 (38, 5, 68, 38) 25.400118233618812 gpu 1
Q round557-s17 11 (24, 58, 68, 70) 23.6973860229771 gpu 0
Q round557-s17 12 (24, 69, 4, 32) 24.341300899997087 gpu 1
Q round557-s17 13 (64, 5, 44, 15) 25.9976570968901 gpu 0
Q round557-s17 14 (26, 50, 67, 48) 154.913916923904 gpu 1
Q round557-s17 15 (8, 0, 69, 29) 198.68487644345524 gpu 0
ROUND 557 n 9008 bestJ 15.477280283970245 best (64, 34, 68, 38) eligible 0 update 0 updates_total 38
Q round558-s17 0 (62, 21, 52, 38) 23.371165631421267 gpu 1
Q round558-s17 1 (25, 29, 68, 39) 24.06395291228074 gpu 0
Q round558-s17 2 (49, 5, 52, 24) 24.50140557988425 gpu 1
Q round558-s17 3 (65, 21, 36, 63) 25.2512893770356 gpu cache
Q round558-s17 4 (39, 21, 52, 40) 24.16208688913244 gpu 0
Q round558-s17 5 (9, 13, 60, 39) 30.698004021731673 gpu 1
Q round558-s17 6 (9, 13, 36, 39) 29.566515524998078 gpu 0
Q round558-s17 7 (25, 13, 60, 32) 25.927920746913365 gpu 1
Q round558-s17 8 (38, 29, 12, 32) 24.33957564037779 gpu 0
Q round558-s17 9 (25, 21, 36, 39) 27.434817565707583 gpu 1
Q round558-s17 10 (38, 5, 28, 62) 26.148910639248488 gpu 0
Q round558-s17 11 (39, 58, 44, 71) 26.464146341290846 gpu 1
Q round558-s17 12 (8, 53, 4, 56) 24.81692508968622 gpu 0
Q round558-s17 13 (24, 58, 20, 22) 24.201622751420786 gpu 1
Q round558-s17 14 (10, 55, 63, 14) 67.10309637769937 gpu 0
Q round558-s17 15 (66, 60, 7, 51) 337.95950867245114 gpu 1
ROUND 558 n 9024 bestJ 15.477280283970245 best (64, 34, 68, 38) eligible 0 update 0 updates_total 38
Q round559-s17 0 (49, 5, 52, 48) 24.80358374836255 gpu 0
Q round559-s17 1 (25, 69, 44, 63) 22.562541689455212 gpu 1
Q round559-s17 2 (49, 69, 68, 56) 22.443803283465424 gpu 0
Q round559-s17 3 (9, 13, 44, 39) 24.676815901148494 gpu 1
Q round559-s17 4 (25, 29, 20, 63) 24.370461940708747 gpu 0
Q round559-s17 5 (9, 53, 60, 63) 30.50813097434922 gpu 1
Q round559-s17 6 (38, 5, 68, 62) 24.915547932454583 gpu 0
Q round559-s17 7 (9, 53, 60, 39) 30.155113074012156 gpu 1
Q round559-s17 8 (63, 21, 12, 25) 24.102692050269976 gpu 0
Q round559-s17 9 (64, 21, 4, 15) 24.798807845764237 gpu 1
Q round559-s17 10 (38, 21, 28, 38) 25.709344982890617 gpu 0
Q round559-s17 11 (63, 69, 4, 57) 24.190201225030105 gpu 1
Q round559-s17 12 (39, 58, 20, 71) 25.082090761723162 gpu 0
Q round559-s17 13 (8, 34, 20, 63) 24.466918520012946 gpu 1
Q round559-s17 14 (40, 62, 8, 15) 87.93515037918624 gpu 0
Q round559-s17 15 (37, 12, 56, 11) 331.66759593739505 gpu 1
TRIGGER_UPDATE 559 9040 ['stagnation', 'eligible_collapse'] {"new_labels_since_update": 256, "evals_since_best": 2306, "recent_n": 128, "recent_spearman": 0.5471067570042116, "recent_high_uncertainty_fraction": 0.1171875, "sigma_ref_p90": 0.043455358594655984, "eligible_pool": 0, "eligible_floor": 120}
ROUND 559 n 9040 bestJ 15.477280283970245 best (64, 34, 68, 38) eligible 0 update 1 updates_total 39
Q round560-s17 0 (49, 69, 52, 32) 23.285592950344324 gpu 0
Q round560-s17 1 (65, 53, 68, 24) 22.40717925058256 gpu 1
Q round560-s17 2 (48, 34, 20, 9) 26.881433329249074 gpu 0
Q round560-s17 3 (63, 13, 60, 9) 23.687450781515498 gpu 1
Q round560-s17 4 (24, 45, 68, 57) 24.592796055010318 gpu 0
Q round560-s17 5 (49, 53, 68, 32) 22.075127373496528 gpu 1
Q round560-s17 6 (8, 45, 12, 25) 24.230780752443284 gpu 0
Q round560-s17 7 (8, 29, 44, 56) 23.635265871319636 gpu 1
Q round560-s17 8 (8, 45, 60, 9) 24.10853275176497 gpu 0
Q round560-s17 9 (48, 58, 28, 9) 26.478400491139265 gpu 1
Q round560-s17 10 (48, 34, 4, 9) 26.780936661307415 gpu 0
Q round560-s17 11 (24, 34, 4, 25) 25.193068863693515 gpu 1
Q round560-s17 12 (49, 53, 12, 56) 22.881846628250063 gpu 0
Q round560-s17 13 (8, 45, 52, 57) 25.302995173927773 gpu 1
Q round560-s17 14 (6, 23, 10, 14) 176.86270474969834 gpu 0
Q round560-s17 15 (55, 8, 12, 12) 122.29785021651671 gpu 1
ROUND 560 n 9056 bestJ 15.477280283970245 best (64, 34, 68, 38) eligible 0 update 0 updates_total 39
Q round561-s17 0 (49, 29, 52, 56) 23.001102449554914 gpu 0
Q round561-s17 1 (25, 5, 52, 48) 22.94884229369316 gpu 1
Q round561-s17 2 (49, 69, 68, 32) 22.643895599728026 gpu 0
Q round561-s17 3 (65, 45, 68, 39) 24.58757977081277 gpu 1
Q round561-s17 4 (48, 53, 20, 9) 24.69191392300797 gpu 0
Q round561-s17 5 (63, 34, 52, 9) 23.04759279303711 gpu 1
Q round561-s17 6 (49, 53, 28, 32) 22.563403264347958 gpu 0
Q round561-s17 7 (64, 58, 60, 9) 24.869845777386555 gpu 1
Q round561-s17 8 (25, 53, 52, 32) 24.08874813701931 gpu 0
Q round561-s17 9 (63, 45, 4, 25) 25.33125254465369 gpu 1
Q round561-s17 10 (63, 5, 52, 57) 24.973612446679557 gpu 0
Q round561-s17 11 (39, 58, 4, 39) 25.022242419419012 gpu 1
Q round561-s17 12 (64, 34, 44, 1) 24.768867954574414 gpu 0
Q round561-s17 13 (48, 45, 52, 9) 23.798784804061366 gpu 1
Q round561-s17 14 (20, 68, 40, 24) 42.935723695418396 gpu 0
Q round561-s17 15 (19, 67, 32, 23) 53.37613659687323 gpu 1
ROUND 561 n 9072 bestJ 15.477280283970245 best (64, 34, 68, 38) eligible 0 update 0 updates_total 39
Q round562-s17 0 (65, 29, 12, 40) 23.644879430785334 gpu 0
Q round562-s17 1 (24, 34, 52, 9) 25.622627005875817 gpu 1
Q round562-s17 2 (65, 69, 36, 32) 23.77004122434558 gpu 0
Q round562-s17 3 (25, 29, 36, 32) 24.144874460859576 gpu 1
Q round562-s17 4 (63, 45, 20, 65) 25.709690605509802 gpu 0
Q round562-s17 5 (24, 45, 4, 1) 23.996258542495326 gpu 1
Q round562-s17 6 (8, 45, 36, 9) 23.376293344532694 gpu 0
Q round562-s17 7 (48, 58, 12, 9) 26.035247095233135 gpu 1
Q round562-s17 8 (63, 5, 12, 65) 23.845650620567408 gpu 0
Q round562-s17 9 (63, 5, 12, 25) 24.568781433757763 gpu 1
Q round562-s17 10 (62, 53, 12, 57) 24.355707309581547 gpu 0
Q round562-s17 11 (9, 13, 4, 39) 24.995448847248653 gpu 1
Q round562-s17 12 (62, 53, 28, 65) 23.817302308085498 gpu 0
Q round562-s17 13 (64, 34, 4, 39) 25.006420371850403 gpu 1
Q round562-s17 14 (51, 58, 27, 20) 108.1077528033301 gpu 0
Q round562-s17 15 (69, 32, 53, 57) 73.18443565011096 gpu 1
ROUND 562 n 9088 bestJ 15.477280283970245 best (64, 34, 68, 38) eligible 0 update 0 updates_total 39
Q round563-s17 0 (38, 21, 52, 0) 21.326916846644163 gpu 0
Q round563-s17 1 (49, 13, 68, 32) 26.79516887270626 gpu 1
Q round563-s17 2 (25, 13, 68, 32) 24.71740322958042 gpu 0
Q round563-s17 3 (25, 13, 28, 32) 25.26096128990495 gpu 1
Q round563-s17 4 (8, 45, 44, 49) 23.191102691856408 gpu 0
Q round563-s17 5 (64, 58, 28, 1) 25.669902350937626 gpu 1
Q round563-s17 6 (63, 53, 4, 57) 24.552742127932508 gpu 0
Q round563-s17 7 (8, 69, 4, 56) 24.831613164987004 gpu 1
Q round563-s17 8 (64, 45, 68, 25) 23.59284668681015 gpu 0
Q round563-s17 9 (8, 45, 28, 32) 26.365249349992787 gpu 1
Q round563-s17 10 (39, 45, 4, 17) 23.842042133997502 gpu 0
Q round563-s17 11 (39, 13, 68, 9) 24.486735321144767 gpu 1
Q round563-s17 12 (8, 58, 52, 41) 25.466976407376546 gpu 0
Q round563-s17 13 (24, 5, 68, 56) 23.9325595808252 gpu 1
Q round563-s17 14 (3, 15, 46, 3) 58.532757754183606 gpu 0
Q round563-s17 15 (39, 61, 38, 58) 142.4824797907494 gpu 1
ROUND 563 n 9104 bestJ 15.477280283970245 best (64, 34, 68, 38) eligible 0 update 0 updates_total 39
Q round564-s17 0 (62, 5, 52, 40) 25.146799374149253 gpu 0
Q round564-s17 1 (48, 34, 44, 9) 25.985355461059772 gpu 1
Q round564-s17 2 (65, 53, 4, 40) 25.81368735176845 gpu 0
Q round564-s17 3 (49, 21, 28, 48) 23.482116545623935 gpu 1
Q round564-s17 4 (62, 5, 44, 16) 23.216800325187336 gpu 0
Q round564-s17 5 (9, 53, 28, 39) 24.40025381522454 gpu 1
Q round564-s17 6 (9, 29, 52, 39) 24.078225685418644 gpu 0
Q round564-s17 7 (39, 13, 36, 9) 24.518214513734655 gpu 1
Q round564-s17 8 (63, 5, 44, 49) 23.670816154627055 gpu 0
Q round564-s17 9 (65, 53, 28, 38) 24.05581499829938 gpu 1
Q round564-s17 10 (63, 29, 44, 57) 25.384318568645703 gpu 0
Q round564-s17 11 (64, 34, 44, 49) 22.89889710840318 gpu 1
Q round564-s17 12 (8, 58, 68, 17) 26.18326779909671 gpu 0
Q round564-s17 13 (24, 5, 68, 25) 24.847649728529742 gpu 1
Q round564-s17 14 (14, 46, 8, 64) 124.3384197458881 gpu 0
Q round564-s17 15 (7, 56, 61, 9) 108.14279197802854 gpu 1
ROUND 564 n 9120 bestJ 15.477280283970245 best (64, 34, 68, 38) eligible 0 update 0 updates_total 39
Q round565-s17 0 (38, 21, 28, 16) 22.752062951988037 gpu cache
Q round565-s17 1 (65, 45, 52, 48) 22.57070719456719 gpu 0
Q round565-s17 2 (62, 45, 52, 32) 23.8800513231771 gpu 1
Q round565-s17 3 (49, 5, 52, 40) 25.277390197409453 gpu 0
Q round565-s17 4 (9, 69, 68, 63) 24.13815553130453 gpu 1
Q round565-s17 5 (65, 13, 68, 56) 24.973767401532477 gpu 0
Q round565-s17 6 (48, 58, 44, 8) 24.085191218105233 gpu 1
Q round565-s17 7 (25, 21, 68, 40) 24.19681672593019 gpu 0
Q round565-s17 8 (9, 29, 68, 39) 24.89802708190177 gpu 1
Q round565-s17 9 (39, 45, 20, 1) 24.359197939393738 gpu 0
Q round565-s17 10 (65, 21, 52, 64) 24.866621233516447 gpu 1
Q round565-s17 11 (8, 29, 20, 56) 25.470362990819673 gpu 0
Q round565-s17 12 (24, 29, 44, 32) 24.329529212092584 gpu 1
Q round565-s17 13 (17, 53, 28, 32) 23.851582896181302 gpu 0
Q round565-s17 14 (47, 17, 19, 61) 126.57974307660271 gpu 1
Q round565-s17 15 (25, 33, 65, 13) 107.97802950020713 gpu 0
ROUND 565 n 9136 bestJ 15.477280283970245 best (64, 34, 68, 38) eligible 0 update 0 updates_total 39
Q round566-s17 0 (62, 21, 12, 40) 21.958697681622123 gpu 1
Q round566-s17 1 (9, 13, 28, 39) 22.69366888490362 gpu 0
Q round566-s17 2 (25, 45, 52, 39) 23.512884159720574 gpu 1
Q round566-s17 3 (49, 5, 28, 24) 22.017698087613137 gpu 0
Q round566-s17 4 (62, 29, 12, 49) 24.54002682335069 gpu 1
Q round566-s17 5 (62, 53, 68, 65) 24.395509185700824 gpu 0
Q round566-s17 6 (39, 13, 60, 9) 24.018758726715966 gpu 1
Q round566-s17 7 (63, 5, 68, 56) 23.575374775148845 gpu 0
Q round566-s17 8 (38, 69, 52, 33) 23.955690554139395 gpu 1
Q round566-s17 9 (8, 53, 44, 32) 24.877856605288397 gpu 0
Q round566-s17 10 (38, 13, 68, 33) 25.2701415605557 gpu 1
Q round566-s17 11 (63, 5, 20, 49) 24.019025487409333 gpu 0
Q round566-s17 12 (8, 58, 52, 17) 22.86052017399685 gpu 1
Q round566-s17 13 (64, 69, 12, 57) 24.057567484783483 gpu 0
Q round566-s17 14 (55, 0, 32, 70) 118.5776026991315 gpu 1
Q round566-s17 15 (24, 51, 3, 62) 132.03105045116382 gpu 0
ROUND 566 n 9152 bestJ 15.477280283970245 best (64, 34, 68, 38) eligible 0 update 0 updates_total 39
Q round567-s17 0 (63, 34, 36, 9) 22.76212716795194 gpu 1
Q round567-s17 1 (48, 34, 44, 8) 24.305297548029476 gpu 0
Q round567-s17 2 (49, 45, 12, 64) 23.212825980262192 gpu 1
Q round567-s17 3 (24, 53, 44, 57) 24.081532222174218 gpu 0
Q round567-s17 4 (64, 34, 20, 1) 26.640690117843178 gpu 1
Q round567-s17 5 (8, 45, 12, 65) 25.051424880373016 gpu 0
Q round567-s17 6 (64, 34, 44, 17) 25.697247154048615 gpu 1
Q round567-s17 7 (24, 53, 68, 9) 24.09224324030703 gpu 0
Q round567-s17 8 (48, 58, 12, 64) 23.361709000413004 gpu 1
Q round567-s17 9 (63, 45, 12, 57) 23.78439791115465 gpu 0
Q round567-s17 10 (64, 58, 36, 9) 24.740594377862344 gpu 1
Q round567-s17 11 (63, 58, 4, 49) 24.95406731080688 gpu 0
Q round567-s17 12 (63, 13, 4, 33) 25.268831816740907 gpu 1
Q round567-s17 13 (63, 21, 4, 49) 23.270095429631404 gpu 0
Q round567-s17 14 (48, 27, 10, 57) 549.0367645260379 gpu 1
Q round567-s17 15 (12, 42, 55, 47) 45.21831112140486 gpu 0
ROUND 567 n 9168 bestJ 15.477280283970245 best (64, 34, 68, 38) eligible 0 update 0 updates_total 39
Q round568-s17 0 (9, 13, 20, 40) 24.922697827580603 gpu 1
Q round568-s17 1 (65, 5, 52, 63) 23.634330036564716 gpu 0
Q round568-s17 2 (62, 69, 20, 56) 24.20537395841293 gpu 1
Q round568-s17 3 (25, 5, 52, 39) 24.4143211494091 gpu 0
Q round568-s17 4 (9, 29, 28, 63) 24.826002337874726 gpu 1
Q round568-s17 5 (65, 69, 68, 38) 24.391028209546658 gpu 0
Q round568-s17 6 (62, 29, 52, 33) 23.39952177030625 gpu 1
Q round568-s17 7 (48, 29, 44, 9) 23.735118480255007 gpu 0
Q round568-s17 8 (38, 53, 28, 57) 23.439143544714767 gpu 1
Q round568-s17 9 (62, 69, 68, 65) 24.922035614782576 gpu 0
Q round568-s17 10 (24, 34, 68, 57) 24.436093427679438 gpu 1
Q round568-s17 11 (39, 34, 4, 65) 26.998470476472765 gpu 0
Q round568-s17 12 (64, 29, 28, 57) 24.747736657110334 gpu 1
Q round568-s17 13 (24, 69, 44, 57) 23.84826146755523 gpu 0
Q round568-s17 14 (65, 19, 41, 42) 178.43060900181968 gpu 1
Q round568-s17 15 (31, 68, 13, 40) 52.70520921194166 gpu 0
ROUND 568 n 9184 bestJ 15.477280283970245 best (64, 34, 68, 38) eligible 0 update 0 updates_total 39
Q round569-s17 0 (65, 69, 60, 32) 24.602284012520133 gpu 1
Q round569-s17 1 (25, 21, 68, 0) 24.38713325852728 gpu 0
Q round569-s17 2 (39, 13, 28, 9) 24.90119062757024 gpu 1
Q round569-s17 3 (39, 45, 4, 1) 25.399291683641415 gpu 0
Q round569-s17 4 (63, 45, 4, 65) 24.61272792967961 gpu 1
Q round569-s17 5 (48, 29, 20, 9) 24.56834018877863 gpu 0
Q round569-s17 6 (63, 29, 52, 9) 23.853726833285616 gpu 1
Q round569-s17 7 (48, 58, 52, 39) 24.880889437938393 gpu 0
Q round569-s17 8 (64, 45, 28, 25) 23.264549152814006 gpu 1
Q round569-s17 9 (8, 69, 44, 32) 24.390691611396484 gpu 0
Q round569-s17 10 (24, 53, 28, 9) 25.195690102738528 gpu 1
Q round569-s17 11 (63, 34, 28, 9) 25.467588283959472 gpu 0
Q round569-s17 12 (48, 5, 44, 56) 25.474784293111934 gpu 1
Q round569-s17 13 (39, 34, 52, 9) 24.565856121909533 gpu 0
Q round569-s17 14 (16, 32, 3, 14) 43.981815934357996 gpu 1
Q round569-s17 15 (60, 21, 13, 66) 142.52709665254244 gpu 0
ROUND 569 n 9200 bestJ 15.477280283970245 best (64, 34, 68, 38) eligible 0 update 0 updates_total 39
Q round570-s17 0 (38, 29, 20, 0) 21.563925113556714 gpu cache
Q round570-s17 1 (9, 53, 52, 63) 22.760399442282814 gpu 1
Q round570-s17 2 (63, 69, 52, 9) 24.176059793387587 gpu 0
Q round570-s17 3 (25, 29, 52, 56) 24.375352069082222 gpu 1
Q round570-s17 4 (49, 45, 52, 16) 26.807086264849033 gpu 0
Q round570-s17 5 (38, 29, 44, 41) 22.839134960655752 gpu 1
Q round570-s17 6 (63, 34, 68, 9) 25.396457764493565 gpu 0
Q round570-s17 7 (65, 53, 52, 56) 25.52471202063487 gpu 1
Q round570-s17 8 (39, 58, 28, 65) 27.472327638925584 gpu 0
Q round570-s17 9 (38, 45, 68, 56) 25.13764375009812 gpu 1
Q round570-s17 10 (49, 45, 36, 32) 25.05254848805816 gpu 0
Q round570-s17 11 (8, 45, 20, 49) 23.97203719829226 gpu 1
Q round570-s17 12 (24, 58, 4, 38) 26.44052885879105 gpu 0
Q round570-s17 13 (39, 29, 12, 33) 25.460771781661002 gpu 1
Q round570-s17 14 (25, 7, 64, 17) 110.91959534056744 gpu 0
Q round570-s17 15 (25, 50, 47, 3) 121.62080679797515 gpu 1
ROUND 570 n 9216 bestJ 15.477280283970245 best (64, 34, 68, 38) eligible 0 update 0 updates_total 39
Q round571-s17 0 (38, 21, 28, 0) 22.9192216971646 gpu cache
Q round571-s17 1 (65, 13, 12, 24) 21.702224492391302 gpu 0
Q round571-s17 2 (49, 69, 28, 56) 22.990581417404105 gpu 1
Q round571-s17 3 (9, 13, 12, 39) 23.19002679395273 gpu 0
Q round571-s17 4 (65, 53, 12, 48) 23.5085629160389 gpu 1
Q round571-s17 5 (8, 45, 20, 8) 24.566470542763508 gpu 0
Q round571-s17 6 (63, 58, 44, 48) 24.235122434597493 gpu 1
Q round571-s17 7 (63, 13, 12, 9) 24.66428814839002 gpu 0
Q round571-s17 8 (62, 69, 4, 40) 24.99736540780251 gpu 1
Q round571-s17 9 (65, 53, 60, 32) 25.184451854674418 gpu 0
Q round571-s17 10 (63, 53, 52, 9) 24.013558642967062 gpu 1
Q round571-s17 11 (65, 29, 36, 32) 24.82332524100278 gpu 0
Q round571-s17 12 (38, 29, 20, 41) 23.501802723205554 gpu 1
Q round571-s17 13 (65, 13, 28, 39) 24.882151105783045 gpu 0
Q round571-s17 14 (45, 2, 44, 44) 108.57054322509092 gpu 1
Q round571-s17 15 (44, 17, 54, 55) 69.1399262232574 gpu 0
ROUND 571 n 9232 bestJ 15.477280283970245 best (64, 34, 68, 38) eligible 0 update 0 updates_total 39
Q round572-s17 0 (62, 53, 52, 33) 23.371603222086122 gpu 1
Q round572-s17 1 (62, 13, 28, 33) 24.280958488957584 gpu 0
Q round572-s17 2 (62, 69, 68, 25) 24.011096604378565 gpu 1
Q round572-s17 3 (8, 5, 4, 40) 24.865266138008632 gpu 0
Q round572-s17 4 (62, 69, 68, 33) 25.039608218586498 gpu 1
Q round572-s17 5 (48, 29, 4, 9) 24.576432685369006 gpu 0
Q round572-s17 6 (38, 69, 12, 57) 24.58267810475609 gpu 1
Q round572-s17 7 (39, 5, 28, 25) 23.989597487013334 gpu 0
Q round572-s17 8 (38, 5, 20, 0) 24.468652727564013 gpu 1
Q round572-s17 9 (64, 45, 4, 0) 23.977370548414676 gpu 0
Q round572-s17 10 (24, 34, 68, 9) 26.490857708545228 gpu 1
Q round572-s17 11 (24, 34, 44, 64) 23.766003895597507 gpu 0
Q round572-s17 12 (38, 69, 12, 49) 24.099587661494205 gpu 1
Q round572-s17 13 (8, 58, 68, 1) 24.8336964905577 gpu 0
Q round572-s17 14 (62, 1, 69, 30) 101.15104079720614 gpu 1
Q round572-s17 15 (70, 58, 44, 52) 103.04306974525403 gpu 0
ROUND 572 n 9248 bestJ 15.477280283970245 best (64, 34, 68, 38) eligible 0 update 0 updates_total 39
Q round573-s17 0 (8, 45, 4, 0) 24.230031996760115 gpu 1
Q round573-s17 1 (65, 69, 44, 16) 24.156945925343635 gpu 0
Q round573-s17 2 (63, 58, 28, 0) 22.91309722957045 gpu 1
Q round573-s17 3 (39, 34, 20, 8) 25.577094152883824 gpu 0
Q round573-s17 4 (65, 5, 52, 39) 25.064029713924047 gpu 1
Q round573-s17 5 (38, 13, 12, 25) 24.6879118221067 gpu 0
Q round573-s17 6 (62, 53, 20, 56) 24.921648947319028 gpu 1
Q round573-s17 7 (39, 5, 12, 1) 24.40034746208542 gpu 0
Q round573-s17 8 (63, 58, 44, 17) 26.417985439834347 gpu 1
Q round573-s17 9 (25, 69, 28, 63) 27.041561550582887 gpu 0
Q round573-s17 10 (39, 21, 28, 25) 25.001838176236514 gpu 1
Q round573-s17 11 (64, 34, 52, 24) 24.353026820810715 gpu 0
Q round573-s17 12 (39, 58, 4, 38) 26.284430443225233 gpu 1
Q round573-s17 13 (9, 13, 36, 32) 24.86160419251837 gpu 0
Q round573-s17 14 (13, 34, 62, 57) 61.876246216578764 gpu 1
Q round573-s17 15 (21, 27, 52, 68) 90.99256364521433 gpu 0
ROUND 573 n 9264 bestJ 15.477280283970245 best (64, 34, 68, 38) eligible 0 update 0 updates_total 39
Q round574-s17 0 (49, 69, 12, 56) 23.376222461143524 gpu 1
Q round574-s17 1 (62, 69, 44, 56) 22.8593309719043 gpu 0
Q round574-s17 2 (25, 45, 28, 63) 23.488128122974405 gpu 1
Q round574-s17 3 (62, 45, 36, 56) 26.266864494551058 gpu 0
Q round574-s17 4 (65, 29, 60, 32) 25.9075700017057 gpu cache
Q round574-s17 5 (49, 13, 52, 56) 28.988390541670224 gpu 1
Q round574-s17 6 (65, 53, 36, 56) 25.17746932614793 gpu 0
Q round574-s17 7 (64, 34, 12, 24) 25.340890097485136 gpu 1
Q round574-s17 8 (64, 5, 52, 25) 23.308352253935187 gpu 0
Q round574-s17 9 (8, 58, 12, 1) 26.5700036222868 gpu 1
Q round574-s17 10 (64, 34, 20, 49) 24.909531734208997 gpu 0
Q round574-s17 11 (39, 34, 28, 32) 26.803637913976996 gpu 1
Q round574-s17 12 (9, 45, 52, 63) 24.567254789619323 gpu 0
Q round574-s17 13 (38, 13, 44, 32) 25.07886831269847 gpu 1
Q round574-s17 14 (8, 16, 71, 15) 113.17806108130637 gpu 0
Q round574-s17 15 (20, 60, 22, 30) 54.280355131196885 gpu 1
ROUND 574 n 9280 bestJ 15.477280283970245 best (64, 34, 68, 38) eligible 0 update 0 updates_total 39
Q round575-s17 0 (49, 69, 4, 24) 23.907618511980232 gpu 0
Q round575-s17 1 (25, 69, 52, 32) 23.458490803654826 gpu 1
Q round575-s17 2 (62, 53, 4, 49) 24.28790773362511 gpu 0
Q round575-s17 3 (62, 21, 52, 56) 25.350714596089272 gpu 1
Q round575-s17 4 (49, 21, 44, 48) 22.49148337198784 gpu 0
Q round575-s17 5 (38, 53, 4, 41) 23.622687475550524 gpu 1
Q round575-s17 6 (39, 53, 52, 9) 25.091249711154195 gpu 0
Q round575-s17 7 (9, 13, 36, 56) 23.518714691577095 gpu 1
Q round575-s17 8 (62, 45, 52, 49) 24.99777307441542 gpu 0
Q round575-s17 9 (38, 29, 12, 17) 23.700116352530507 gpu 1
Q round575-s17 10 (39, 5, 28, 65) 24.601166182317886 gpu 0
Q round575-s17 11 (39, 45, 44, 25) 24.69259326746999 gpu 1
Q round575-s17 12 (64, 5, 68, 17) 24.699649794605392 gpu 0
Q round575-s17 13 (64, 29, 60, 56) 25.489759283215133 gpu 1
Q round575-s17 14 (71, 9, 71, 21) 162.76178217962195 gpu 0
Q round575-s17 15 (61, 18, 5, 62) 265.8760391741412 gpu 1
TRIGGER_UPDATE 575 9296 ['stagnation', 'eligible_collapse'] {"new_labels_since_update": 256, "evals_since_best": 2562, "recent_n": 128, "recent_spearman": 0.6358782732100348, "recent_high_uncertainty_fraction": 0.0703125, "sigma_ref_p90": 0.03931932523846626, "eligible_pool": 0, "eligible_floor": 120}
ROUND 575 n 9296 bestJ 15.477280283970245 best (64, 34, 68, 38) eligible 0 update 1 updates_total 40
Q round576-s17 0 (49, 69, 4, 40) 25.02800507861805 gpu 0
Q round576-s17 1 (8, 34, 20, 39) 25.194048153942767 gpu 1
Q round576-s17 2 (24, 34, 68, 56) 23.63382519230962 gpu 0
Q round576-s17 3 (8, 58, 52, 63) 24.682284747268273 gpu 1
Q round576-s17 4 (24, 58, 68, 48) 24.96831547080425 gpu 0
Q round576-s17 5 (17, 53, 68, 32) 23.94216520029588 gpu 1
Q round576-s17 6 (8, 34, 4, 39) 25.4341210718505 gpu 0
Q round576-s17 7 (8, 34, 4, 41) 25.54793649805236 gpu 1
Q round576-s17 8 (24, 34, 52, 33) 25.754270957856335 gpu 0
Q round576-s17 9 (24, 58, 12, 48) 24.883162340296263 gpu 1
Q round576-s17 10 (49, 45, 52, 56) 23.22338948612513 gpu 0
Q round576-s17 11 (8, 34, 4, 63) 25.39043659818475 gpu 1
Q round576-s17 12 (24, 34, 12, 56) 23.515140151871726 gpu 0
Q round576-s17 13 (17, 53, 12, 56) 23.33868390301908 gpu 1
Q round576-s17 14 (55, 13, 21, 41) 78.47521267286889 gpu 0
Q round576-s17 15 (36, 59, 30, 54) 51.624435234724764 gpu 1
ROUND 576 n 9312 bestJ 15.477280283970245 best (64, 34, 68, 38) eligible 0 update 0 updates_total 40
Q round577-s17 0 (25, 53, 12, 39) 22.489112354909725 gpu 0
Q round577-s17 1 (9, 13, 12, 64) 23.766009782730425 gpu 1
Q round577-s17 2 (65, 69, 52, 56) 24.631883284323877 gpu 0
Q round577-s17 3 (64, 21, 28, 70) 24.81640296380973 gpu 1
Q round577-s17 4 (25, 69, 52, 39) 26.947212898954582 gpu 0
Q round577-s17 5 (8, 34, 44, 41) 26.15217885371207 gpu 1
Q round577-s17 6 (24, 58, 20, 6) 23.69187056607226 gpu 0
Q round577-s17 7 (64, 21, 12, 54) 27.18149909326141 gpu 1
Q round577-s17 8 (39, 5, 60, 17) 24.383216421319624 gpu 0
Q round577-s17 9 (24, 58, 28, 48) 24.36766581641791 gpu 1
Q round577-s17 10 (64, 34, 52, 0) 24.0046266414968 gpu 0
Q round577-s17 11 (64, 13, 68, 38) 25.1513270039309 gpu 1
Q round577-s17 12 (24, 58, 68, 30) 23.77231030354731 gpu 0
Q round577-s17 13 (8, 58, 28, 54) 24.782910904608748 gpu 1
Q round577-s17 14 (36, 67, 8, 29) 221.8983823510951 gpu 0
Q round577-s17 15 (17, 53, 27, 58) 298.55018104301536 gpu 1
ROUND 577 n 9328 bestJ 15.477280283970245 best (64, 34, 68, 38) eligible 0 update 0 updates_total 40
Q round578-s17 0 (65, 13, 28, 48) 23.969435357619826 gpu 0
Q round578-s17 1 (62, 69, 68, 57) 22.578233663834318 gpu 1
Q round578-s17 2 (9, 13, 28, 63) 22.008148143668556 gpu 0
Q round578-s17 3 (25, 53, 28, 48) 25.855934614528753 gpu 1
Q round578-s17 4 (64, 13, 12, 41) 26.183478448341653 gpu 0
Q round578-s17 5 (8, 58, 44, 6) 24.854551518793063 gpu 1
Q round578-s17 6 (9, 69, 28, 39) 23.608451014640448 gpu 0
Q round578-s17 7 (38, 53, 28, 49) 23.77553223768706 gpu 1
Q round578-s17 8 (9, 13, 68, 62) 24.58054816226364 gpu 0
Q round578-s17 9 (24, 34, 68, 32) 22.96837238750891 gpu 1
Q round578-s17 10 (24, 34, 28, 56) 23.449313998562925 gpu 0
Q round578-s17 11 (38, 53, 52, 33) 24.961511899502177 gpu 1
Q round578-s17 12 (9, 13, 52, 38) 23.03527994201636 gpu 0
Q round578-s17 13 (8, 34, 36, 32) 26.39436460349383 gpu 1
Q round578-s17 14 (16, 56, 0, 0) 93.42177425491755 gpu 0
Q round578-s17 15 (11, 66, 45, 18) 207.32690586082396 gpu 1
ROUND 578 n 9344 bestJ 15.477280283970245 best (64, 34, 68, 38) eligible 0 update 0 updates_total 40
Q round579-s17 0 (63, 34, 44, 8) 21.226785775073452 gpu 0
Q round579-s17 1 (65, 69, 52, 38) 23.927018393030924 gpu 1
Q round579-s17 2 (62, 69, 52, 33) 23.22990893174051 gpu 0
Q round579-s17 3 (49, 45, 52, 24) 26.61149736772534 gpu 1
Q round579-s17 4 (9, 69, 52, 64) 24.31884593310088 gpu 0
Q round579-s17 5 (25, 53, 68, 56) 25.547934945426466 gpu 1
Q round579-s17 6 (25, 13, 12, 32) 25.491837972298605 gpu 0
Q round579-s17 7 (24, 34, 52, 8) 25.272859522082015 gpu 1
Q round579-s17 8 (38, 13, 12, 65) 24.68265502717438 gpu 0
Q round579-s17 9 (62, 69, 4, 25) 26.01888734831777 gpu 1
Q round579-s17 10 (38, 29, 28, 17) 23.48771730805867 gpu 0
Q round579-s17 11 (25, 69, 68, 32) 24.199139694036038 gpu 1
Q round579-s17 12 (24, 34, 28, 64) 24.217519793133793 gpu 0
Q round579-s17 13 (25, 53, 28, 56) 24.395547130070796 gpu 1
Q round579-s17 14 (35, 32, 56, 49) 44.87068219151551 gpu 0
Q round579-s17 15 (1, 61, 29, 52) 47.48541188543423 gpu 1
ROUND 579 n 9360 bestJ 15.477280283970245 best (64, 34, 68, 38) eligible 0 update 0 updates_total 40
Q round580-s17 0 (62, 13, 12, 57) 24.001549731381523 gpu 0
Q round580-s17 1 (49, 13, 68, 56) 27.012583185103658 gpu 1
Q round580-s17 2 (25, 69, 4, 39) 22.75050742432072 gpu 0
Q round580-s17 3 (62, 29, 68, 57) 23.534768120354073 gpu 1
Q round580-s17 4 (9, 69, 68, 39) 23.689937491480308 gpu 0
Q round580-s17 5 (62, 69, 44, 62) 25.3027219419795 gpu 1
Q round580-s17 6 (62, 69, 36, 33) 23.773716343524598 gpu 0
Q round580-s17 7 (9, 13, 12, 24) 24.15893321652561 gpu 1
Q round580-s17 8 (24, 34, 28, 57) 25.28785258515134 gpu 0
Q round580-s17 9 (39, 21, 60, 17) 23.76540696437688 gpu 1
Q round580-s17 10 (48, 58, 20, 48) 24.709033205290968 gpu 0
Q round580-s17 11 (24, 34, 20, 64) 25.69382569053849 gpu 1
Q round580-s17 12 (38, 29, 28, 38) 24.95028164797372 gpu 0
Q round580-s17 13 (8, 58, 60, 38) 22.6065242424139 gpu 1
Q round580-s17 14 (14, 41, 60, 4) 68.06971770213018 gpu 0
Q round580-s17 15 (52, 21, 24, 40) 44.04070995661949 gpu 1
ROUND 580 n 9376 bestJ 15.477280283970245 best (64, 34, 68, 38) eligible 0 update 0 updates_total 40
Q round581-s17 0 (25, 53, 28, 24) 24.23806412284888 gpu 0
Q round581-s17 1 (25, 53, 4, 63) 22.731753679570385 gpu 1
Q round581-s17 2 (25, 53, 68, 8) 23.423760466018052 gpu 0
Q round581-s17 3 (38, 21, 44, 40) 24.12969745214704 gpu cache
Q round581-s17 4 (38, 13, 52, 25) 24.577424521246762 gpu 1
Q round581-s17 5 (62, 69, 44, 40) 26.132849408110143 gpu 0
Q round581-s17 6 (49, 29, 12, 56) 23.312464826433207 gpu 1
Q round581-s17 7 (25, 53, 28, 0) 25.697537843601477 gpu 0
Q round581-s17 8 (62, 5, 52, 41) 25.572798039694796 gpu 1
Q round581-s17 9 (38, 29, 68, 57) 24.00725004583979 gpu 0
Q round581-s17 10 (65, 45, 12, 39) 24.08811884900962 gpu 1
Q round581-s17 11 (17, 53, 52, 57) 24.32672808510374 gpu 0
Q round581-s17 12 (63, 58, 36, 49) 26.878564353473482 gpu 1
Q round581-s17 13 (48, 58, 44, 48) 25.4340354031101 gpu 0
Q round581-s17 14 (39, 60, 35, 0) 45.99117735745068 gpu 1
Q round581-s17 15 (38, 28, 47, 45) 57.59253301325 gpu 0
ROUND 581 n 9392 bestJ 15.477280283970245 best (64, 34, 68, 38) eligible 0 update 0 updates_total 40
Q round582-s17 0 (63, 34, 4, 8) 22.611590880518282 gpu 1
Q round582-s17 1 (62, 29, 28, 57) 23.538478079639706 gpu 0
Q round582-s17 2 (65, 53, 68, 38) 24.41880689019742 gpu 1
Q round582-s17 3 (49, 69, 60, 33) 27.31693106531049 gpu 0
Q round582-s17 4 (39, 29, 44, 40) 24.532058923985705 gpu 1
Q round582-s17 5 (9, 13, 28, 62) 23.351229863710543 gpu 0
Q round582-s17 6 (38, 69, 12, 0) 26.178196035140722 gpu 1
Q round582-s17 7 (39, 29, 68, 1) 26.348628861225446 gpu 0
Q round582-s17 8 (9, 13, 68, 38) 24.90527050050303 gpu 1
Q round582-s17 9 (8, 34, 20, 41) 26.225832486753493 gpu 0
Q round582-s17 10 (9, 53, 12, 39) 25.772501609932355 gpu 1
Q round582-s17 11 (24, 58, 12, 14) 24.491886946230135 gpu 0
Q round582-s17 12 (25, 53, 68, 32) 24.644325776298007 gpu 1
Q round582-s17 13 (24, 58, 52, 48) 25.3071273700809 gpu 0
Q round582-s17 14 (71, 1, 37, 51) 99.54547398752163 gpu 1
Q round582-s17 15 (21, 57, 36, 64) 46.445577375329044 gpu 0
ROUND 582 n 9408 bestJ 15.477280283970245 best (64, 34, 68, 38) eligible 0 update 0 updates_total 40
Q round583-s17 0 (65, 45, 52, 40) 21.586682383654583 gpu 1
Q round583-s17 1 (25, 29, 4, 48) 23.65497095793475 gpu 0
Q round583-s17 2 (25, 69, 44, 39) 22.563758206383568 gpu 1
Q round583-s17 3 (63, 58, 52, 0) 23.94140486727735 gpu 0
Q round583-s17 4 (8, 58, 20, 6) 24.022121694116695 gpu 1
Q round583-s17 5 (9, 13, 68, 48) 24.775984724177018 gpu 0
Q round583-s17 6 (49, 53, 12, 32) 23.4918408027268 gpu 1
Q round583-s17 7 (17, 53, 12, 32) 25.20625895175958 gpu 0
Q round583-s17 8 (39, 13, 20, 41) 23.31609516730608 gpu 1
Q round583-s17 9 (24, 34, 52, 32) 25.501862289412646 gpu 0
Q round583-s17 10 (48, 58, 68, 41) 24.30719675454652 gpu 1
Q round583-s17 11 (38, 53, 12, 17) 24.289224741611186 gpu 0
Q round583-s17 12 (38, 53, 12, 38) 23.341605190512766 gpu 1
Q round583-s17 13 (24, 13, 20, 24) 24.14318435542674 gpu 0
Q round583-s17 14 (42, 40, 6, 1) 55.1381189657347 gpu 1
Q round583-s17 15 (27, 26, 54, 29) 313.4755661402703 gpu 0
ROUND 583 n 9424 bestJ 15.477280283970245 best (64, 34, 68, 38) eligible 0 update 0 updates_total 40
Q round584-s17 0 (49, 29, 68, 56) 21.98676824964538 gpu 1
Q round584-s17 1 (25, 53, 20, 39) 23.915613481868125 gpu 0
Q round584-s17 2 (39, 34, 20, 0) 25.03076498538274 gpu 1
Q round584-s17 3 (65, 13, 52, 32) 23.76512374105306 gpu 0
Q round584-s17 4 (39, 53, 28, 17) 25.554479446270168 gpu 1
Q round584-s17 5 (9, 13, 52, 48) 25.17516055627296 gpu 0
Q round584-s17 6 (38, 53, 68, 65) 23.341875800979913 gpu 1
Q round584-s17 7 (38, 53, 20, 41) 24.610650445030153 gpu 0
Q round584-s17 8 (38, 53, 44, 49) 23.610671028842173 gpu 1
Q round584-s17 9 (24, 58, 44, 6) 25.825935970540073 gpu 0
Q round584-s17 10 (38, 29, 68, 17) 24.50950476500709 gpu 1
Q round584-s17 11 (24, 58, 36, 8) 26.85093389680083 gpu 0
Q round584-s17 12 (62, 29, 28, 17) 25.094713389403456 gpu 1
Q round584-s17 13 (63, 29, 28, 17) 26.63448204530226 gpu 0
Q round584-s17 14 (60, 54, 7, 2) 108.00043146983926 gpu 1
Q round584-s17 15 (64, 42, 62, 47) 57.27572431850397 gpu 0
ROUND 584 n 9440 bestJ 15.477280283970245 best (64, 34, 68, 38) eligible 0 update 0 updates_total 40
Q round585-s17 0 (62, 5, 20, 64) 23.985241433605022 gpu 1
Q round585-s17 1 (62, 13, 28, 25) 26.968418530059036 gpu 0
Q round585-s17 2 (49, 45, 36, 56) 26.524433796093653 gpu 1
Q round585-s17 3 (62, 13, 12, 25) 26.409641038630355 gpu 0
Q round585-s17 4 (62, 29, 12, 38) 25.156862391981306 gpu 1
Q round585-s17 5 (38, 5, 52, 41) 24.106477635705417 gpu 0
Q round585-s17 6 (9, 13, 28, 41) 24.377314385694916 gpu 1
Q round585-s17 7 (39, 53, 68, 17) 27.206690420344803 gpu 0
Q round585-s17 8 (49, 29, 36, 33) 25.242574121189705 gpu 1
Q round585-s17 9 (49, 13, 60, 33) 31.078683302698526 gpu 0
Q round585-s17 10 (25, 13, 60, 33) 25.318883671847168 gpu 1
Q round585-s17 11 (48, 50, 44, 54) 22.418799320564077 gpu 0
Q round585-s17 12 (62, 69, 44, 65) 24.392963267052703 gpu 1
Q round585-s17 13 (8, 5, 52, 40) 25.03157900788685 gpu 0
Q round585-s17 14 (49, 59, 1, 36) 49.41379449495863 gpu 1
Q round585-s17 15 (66, 8, 45, 37) 234.55097790243786 gpu 0
ROUND 585 n 9456 bestJ 15.477280283970245 best (64, 34, 68, 38) eligible 0 update 0 updates_total 40
Q round586-s17 0 (25, 45, 52, 0) 23.496293766422763 gpu 1
Q round586-s17 1 (62, 13, 68, 33) 24.47234178558627 gpu 0
Q round586-s17 2 (9, 13, 28, 24) 22.00061560204897 gpu 1
Q round586-s17 3 (38, 53, 44, 41) 23.730345431926025 gpu 0
Q round586-s17 4 (65, 69, 52, 49) 24.53146541231661 gpu 1
Q round586-s17 5 (8, 34, 12, 17) 25.51680791670534 gpu 0
Q round586-s17 6 (9, 13, 60, 32) 24.998253325754604 gpu 1
Q round586-s17 7 (8, 34, 44, 49) 23.593361995648756 gpu 0
Q round586-s17 8 (8, 58, 60, 41) 24.021942094691667 gpu 1
Q round586-s17 9 (62, 45, 36, 33) 23.750393912574495 gpu 0
Q round586-s17 10 (62, 45, 12, 38) 24.459692563340703 gpu 1
Q round586-s17 11 (24, 34, 44, 48) 25.524928030468864 gpu 0
Q round586-s17 12 (9, 13, 12, 62) 24.87447752737972 gpu 1
Q round586-s17 13 (8, 34, 68, 65) 24.202043556190333 gpu 0
Q round586-s17 14 (3, 27, 64, 57) 63.9558609159591 gpu 1
Q round586-s17 15 (65, 28, 8, 8) 48.797126472695446 gpu 0
ROUND 586 n 9472 bestJ 15.477280283970245 best (64, 34, 68, 38) eligible 0 update 0 updates_total 40
Q round587-s17 0 (25, 29, 12, 64) 23.278948038960486 gpu 1
Q round587-s17 1 (39, 58, 52, 0) 22.557603698066444 gpu 0
Q round587-s17 2 (62, 45, 68, 48) 25.49984275707915 gpu 1
Q round587-s17 3 (62, 53, 36, 33) 24.722934779036397 gpu 0
Q round587-s17 4 (62, 69, 52, 65) 25.09741542461334 gpu 1
Q round587-s17 5 (25, 53, 68, 63) 25.617926708878937 gpu 0
Q round587-s17 6 (65, 5, 36, 64) 24.22708662958288 gpu 1
Q round587-s17 7 (38, 13, 4, 49) 25.306356067611688 gpu 0
Q round587-s17 8 (24, 58, 60, 8) 26.12431949600831 gpu 1
Q round587-s17 9 (65, 21, 52, 14) 26.564145468204234 gpu 0
Q round587-s17 10 (49, 29, 60, 33) 26.254931363902564 gpu 1
Q round587-s17 11 (17, 29, 52, 56) 22.581062695350358 gpu 0
Q round587-s17 12 (64, 13, 28, 39) 25.27052131334762 gpu 1
Q round587-s17 13 (64, 21, 36, 62) 25.586432899867198 gpu 0
Q round587-s17 14 (40, 17, 58, 45) 179.3988800683288 gpu 1
Q round587-s17 15 (6, 48, 5, 61) 257.50555881740854 gpu 0
ROUND 587 n 9488 bestJ 15.477280283970245 best (64, 34, 68, 38) eligible 0 update 0 updates_total 40
Q round588-s17 0 (38, 5, 52, 0) 21.188005246523613 gpu cache
Q round588-s17 1 (65, 53, 12, 40) 25.3652361713441 gpu 1
Q round588-s17 2 (39, 29, 20, 40) 24.225496497930077 gpu 0
Q round588-s17 3 (62, 45, 28, 62) 25.530849996299427 gpu 1
Q round588-s17 4 (17, 53, 28, 56) 22.425183198767176 gpu 0
Q round588-s17 5 (65, 5, 28, 15) 26.81463141816733 gpu 1
Q round588-s17 6 (9, 13, 28, 38) 24.756015163844527 gpu 0
Q round588-s17 7 (9, 53, 52, 62) 24.27893404216488 gpu 1
Q round588-s17 8 (9, 69, 52, 24) 23.988084496930924 gpu 0
Q round588-s17 9 (38, 13, 4, 25) 25.26191982009565 gpu 1
Q round588-s17 10 (24, 58, 44, 22) 25.215527182742992 gpu 0
Q round588-s17 11 (38, 13, 60, 33) 24.727397771669718 gpu 1
Q round588-s17 12 (38, 69, 12, 38) 24.00453131231079 gpu 0
Q round588-s17 13 (48, 34, 44, 32) 24.77855111038076 gpu 1
Q round588-s17 14 (48, 33, 71, 22) 81.83203277249372 gpu 0
Q round588-s17 15 (1, 40, 38, 29) 149.47525887251064 gpu 1
ROUND 588 n 9504 bestJ 15.477280283970245 best (64, 34, 68, 38) eligible 0 update 0 updates_total 40
Q round589-s17 0 (62, 53, 68, 57) 22.57437980987012 gpu 0
Q round589-s17 1 (25, 53, 28, 39) 25.212340754731557 gpu 1
Q round589-s17 2 (62, 69, 12, 57) 23.401324186591037 gpu 0
Q round589-s17 3 (9, 69, 28, 63) 23.46542970862644 gpu 1
Q round589-s17 4 (65, 13, 68, 32) 25.6251419844587 gpu 0
Q round589-s17 5 (38, 69, 44, 49) 23.867966182810306 gpu 1
Q round589-s17 6 (38, 29, 44, 49) 25.18948113532733 gpu 0
Q round589-s17 7 (65, 69, 12, 62) 24.774135849678 gpu 1
Q round589-s17 8 (64, 69, 52, 64) 25.41814399425952 gpu 0
Q round589-s17 9 (64, 53, 52, 64) 24.604221721811665 gpu 1
Q round589-s17 10 (9, 45, 52, 14) 27.285440103817567 gpu 0
Q round589-s17 11 (9, 13, 60, 56) 25.704959742735902 gpu 1
Q round589-s17 12 (64, 45, 4, 46) 24.727692712541415 gpu 0
Q round589-s17 13 (49, 21, 20, 64) 25.685432853294838 gpu 1
Q round589-s17 14 (23, 8, 1, 5) 274.1819818229471 gpu 0
Q round589-s17 15 (57, 36, 0, 15) 64.24983660461463 gpu 1
ROUND 589 n 9520 bestJ 15.477280283970245 best (64, 34, 68, 38) eligible 0 update 0 updates_total 40
Q round590-s17 0 (49, 53, 52, 56) 22.825240230147315 gpu 0
Q round590-s17 1 (62, 13, 52, 33) 24.080650405675907 gpu 1
Q round590-s17 2 (62, 29, 52, 65) 23.88315932476774 gpu 0
Q round590-s17 3 (63, 58, 28, 40) 24.552855427640964 gpu 1
Q round590-s17 4 (48, 58, 52, 8) 25.250266081449173 gpu 0
Q round590-s17 5 (48, 50, 4, 46) 21.27430573043867 gpu 1
Q round590-s17 6 (9, 69, 12, 39) 26.11008669850314 gpu 0
Q round590-s17 7 (65, 13, 68, 62) 25.741596823037543 gpu 1
Q round590-s17 8 (48, 50, 20, 54) 22.554909637263503 gpu 0
Q round590-s17 9 (38, 69, 12, 17) 24.10290019468475 gpu 1
Q round590-s17 10 (65, 13, 52, 49) 24.78405351730743 gpu 0
Q round590-s17 11 (9, 13, 52, 56) 24.568014663458012 gpu 1
Q round590-s17 12 (38, 29, 52, 49) 24.11718628494321 gpu 0
Q round590-s17 13 (64, 69, 68, 24) 24.91274230552445 gpu 1
Q round590-s17 14 (35, 24, 15, 23) 74.93629148778385 gpu 0
Q round590-s17 15 (41, 58, 64, 32) 69.75487725733419 gpu 1
ROUND 590 n 9536 bestJ 15.477280283970245 best (64, 34, 68, 38) eligible 0 update 0 updates_total 40
Q round591-s17 0 (65, 53, 12, 64) 23.856672544878755 gpu 0
Q round591-s17 1 (25, 53, 20, 16) 23.06563104059488 gpu 1
Q round591-s17 2 (39, 58, 52, 40) 25.07065327870256 gpu 0
Q round591-s17 3 (62, 45, 68, 38) 25.190801348397898 gpu 1
Q round591-s17 4 (38, 69, 20, 49) 24.133398331378764 gpu 0
Q round591-s17 5 (8, 58, 36, 8) 26.76345730864356 gpu 1
Q round591-s17 6 (9, 69, 52, 70) 29.018367460696627 gpu 0
Q round591-s17 7 (64, 34, 36, 8) 28.16433479691432 gpu 1
Q round591-s17 8 (24, 34, 12, 57) 25.801345581541824 gpu 0
Q round591-s17 9 (17, 21, 36, 32) 24.767849768385506 gpu 1
Q round591-s17 10 (8, 58, 52, 70) 24.996991783342562 gpu 0
Q round591-s17 11 (63, 58, 60, 17) 25.517048635830317 gpu 1
Q round591-s17 12 (25, 53, 28, 32) 25.07368981487091 gpu 0
Q round591-s17 13 (39, 34, 52, 33) 26.363927526617466 gpu 1
Q round591-s17 14 (71, 27, 35, 27) 104.6773904998599 gpu 0
Q round591-s17 15 (51, 6, 71, 53) 58.34967868292988 gpu 1
TRIGGER_UPDATE 591 9552 ['stagnation', 'eligible_collapse'] {"new_labels_since_update": 256, "evals_since_best": 2818, "recent_n": 128, "recent_spearman": 0.5846628364768357, "recent_high_uncertainty_fraction": 0.0859375, "sigma_ref_p90": 0.0429687574505806, "eligible_pool": 0, "eligible_floor": 120}
ROUND 591 n 9552 bestJ 15.477280283970245 best (64, 34, 68, 38) eligible 0 update 1 updates_total 41
Q round592-s17 0 (48, 50, 20, 14) 23.90406207493626 gpu 0
Q round592-s17 1 (39, 34, 44, 16) 24.106657363959172 gpu 1
Q round592-s17 2 (1, 53, 28, 32) 23.325700527678958 gpu 0
Q round592-s17 3 (1, 53, 68, 32) 23.378834875547383 gpu 1
Q round592-s17 4 (65, 5, 52, 64) 25.421508806193305 gpu 0
Q round592-s17 5 (17, 69, 52, 32) 22.510398350813368 gpu 1
Q round592-s17 6 (25, 69, 28, 48) 26.58929878707465 gpu 0
Q round592-s17 7 (1, 53, 12, 56) 23.616359502140437 gpu 1
Q round592-s17 8 (9, 69, 52, 0) 24.113663494167366 gpu 0
Q round592-s17 9 (17, 45, 52, 56) 24.462841339854297 gpu 1
Q round592-s17 10 (48, 58, 68, 64) 25.582630445522884 gpu 0
Q round592-s17 11 (8, 58, 36, 38) 24.41690050816378 gpu 1
Q round592-s17 12 (64, 53, 68, 24) 25.054025668595113 gpu 0
Q round592-s17 13 (25, 69, 12, 56) 25.657672407008754 gpu 1
Q round592-s17 14 (59, 55, 19, 68) 243.727494575415 gpu 0
Q round592-s17 15 (53, 60, 14, 52) 73.53143106173499 gpu 1
ROUND 592 n 9568 bestJ 15.477280283970245 best (64, 34, 68, 38) eligible 0 update 0 updates_total 41
Q round593-s17 0 (65, 13, 44, 0) 21.099507817063746 gpu 0
Q round593-s17 1 (17, 69, 68, 32) 23.88190320388545 gpu 1
Q round593-s17 2 (25, 69, 12, 48) 25.400654572677023 gpu 0
Q round593-s17 3 (49, 29, 28, 32) 22.855917121345804 gpu 1
Q round593-s17 4 (65, 29, 4, 48) 25.780964058596957 gpu 0
Q round593-s17 5 (9, 13, 52, 62) 23.973136670203736 gpu 1
Q round593-s17 6 (38, 69, 44, 41) 24.078097422034233 gpu 0
Q round593-s17 7 (25, 45, 68, 39) 24.90850853992508 gpu 1
Q round593-s17 8 (64, 53, 36, 56) 26.121874641748132 gpu 0
Q round593-s17 9 (39, 53, 36, 57) 27.652781329145068 gpu 1
Q round593-s17 10 (24, 34, 28, 32) 23.132638458988566 gpu 0
Q round593-s17 11 (9, 69, 52, 62) 24.550474892901224 gpu 1
Q round593-s17 12 (64, 69, 36, 56) 26.148868359030544 gpu 0
Q round593-s17 13 (8, 58, 60, 62) 24.476708750080956 gpu 1
Q round593-s17 14 (25, 33, 39, 66) 123.36544429859617 gpu 0
Q round593-s17 15 (16, 44, 42, 7) 61.55013275222197 gpu 1
ROUND 593 n 9584 bestJ 15.477280283970245 best (64, 34, 68, 38) eligible 0 update 0 updates_total 41
Q round594-s17 0 (1, 53, 12, 32) 24.45675526396771 gpu 0
Q round594-s17 1 (65, 29, 52, 56) 25.51833251594359 gpu 1
Q round594-s17 2 (9, 69, 68, 40) 23.922081093080795 gpu 0
Q round594-s17 3 (62, 5, 52, 56) 24.665478905382862 gpu 1
Q round594-s17 4 (38, 69, 4, 49) 24.493849093615548 gpu 0
Q round594-s17 5 (25, 53, 12, 56) 25.438194561342286 gpu 1
Q round594-s17 6 (64, 53, 60, 56) 24.792128027204043 gpu 0
Q round594-s17 7 (62, 5, 28, 62) 24.847407818315556 gpu 1
Q round594-s17 8 (38, 53, 28, 25) 24.64059416641516 gpu 0
Q round594-s17 9 (64, 69, 60, 56) 25.777723912731002 gpu 1
Q round594-s17 10 (9, 53, 52, 38) 25.700689760550222 gpu 0
Q round594-s17 11 (62, 53, 44, 17) 23.580213373771866 gpu 1
Q round594-s17 12 (63, 5, 4, 49) 23.38120245447994 gpu 0
Q round594-s17 13 (24, 5, 28, 25) 24.278082303882048 gpu 1
Q round594-s17 14 (6, 39, 70, 32) 119.95755514757447 gpu 0
Q round594-s17 15 (68, 13, 31, 30) 43.81401890081451 gpu 1
ROUND 594 n 9600 bestJ 15.477280283970245 best (64, 34, 68, 38) eligible 0 update 0 updates_total 41
Q round595-s17 0 (65, 21, 52, 40) 24.42873963409349 gpu 0
Q round595-s17 1 (49, 21, 52, 8) 22.892243639151868 gpu 1
Q round595-s17 2 (49, 29, 4, 40) 25.429056292409538 gpu 0
Q round595-s17 3 (9, 69, 52, 8) 24.501365291402372 gpu 1
Q round595-s17 4 (38, 45, 52, 32) 25.6180506281355 gpu 0
Q round595-s17 5 (48, 58, 28, 64) 24.887328495253172 gpu 1
Q round595-s17 6 (39, 69, 12, 64) 24.169082860622 gpu 0
Q round595-s17 7 (65, 29, 28, 62) 24.19836904723667 gpu 1
Q round595-s17 8 (49, 69, 44, 56) 23.97873698932272 gpu 0
Q round595-s17 9 (24, 29, 12, 64) 22.987834341416306 gpu 1
Q round595-s17 10 (24, 34, 12, 32) 26.602020126789903 gpu 0
Q round595-s17 11 (38, 45, 28, 56) 23.759807968859352 gpu 1
Q round595-s17 12 (62, 69, 4, 17) 24.041147379621474 gpu 0
Q round595-s17 13 (8, 58, 36, 41) 25.408642808905242 gpu 1
Q round595-s17 14 (4, 60, 54, 19) 1445.0820718039622 gpu 0
Q round595-s17 15 (49, 21, 65, 65) 50.21794545015098 gpu 1
ROUND 595 n 9616 bestJ 15.477280283970245 best (64, 34, 68, 38) eligible 0 update 0 updates_total 41
Q round596-s17 0 (25, 13, 68, 56) 23.888271463927957 gpu 0
Q round596-s17 1 (48, 50, 44, 70) 24.418159062313183 gpu 1
Q round596-s17 2 (9, 13, 20, 48) 24.713863027842244 gpu 0
Q round596-s17 3 (25, 69, 12, 0) 23.933841626234244 gpu 1
Q round596-s17 4 (62, 53, 52, 65) 24.435150467430123 gpu 0
Q round596-s17 5 (1, 53, 28, 56) 22.87502257114475 gpu 1
Q round596-s17 6 (65, 69, 28, 38) 24.13563125011203 gpu 0
Q round596-s17 7 (62, 69, 44, 49) 24.309109520643855 gpu 1
Q round596-s17 8 (39, 53, 60, 57) 26.98322246889132 gpu 0
Q round596-s17 9 (62, 21, 36, 57) 23.569940725556258 gpu 1
Q round596-s17 10 (24, 21, 60, 9) 24.53706984191243 gpu 0
Q round596-s17 11 (48, 50, 68, 25) 36.09235748513901 gpu 1
Q round596-s17 12 (64, 13, 28, 24) 25.227759150493824 gpu 0
Q round596-s17 13 (62, 21, 52, 49) 23.649617562750368 gpu 1
Q round596-s17 14 (8, 12, 55, 0) 76.87349671810387 gpu 0
Q round596-s17 15 (58, 63, 10, 71) 101.09748239805963 gpu 1
ROUND 596 n 9632 bestJ 15.477280283970245 best (64, 34, 68, 38) eligible 0 update 0 updates_total 41
Q round597-s17 0 (17, 29, 12, 56) 24.487278194638417 gpu 0
Q round597-s17 1 (1, 29, 68, 32) 23.161044466465558 gpu 1
Q round597-s17 2 (65, 53, 68, 56) 25.216640454751488 gpu 0
Q round597-s17 3 (62, 29, 12, 57) 24.073407101889522 gpu 1
Q round597-s17 4 (65, 5, 68, 39) 24.471367030460087 gpu 0
Q round597-s17 5 (62, 53, 4, 25) 24.86635024630669 gpu 1
Q round597-s17 6 (39, 69, 36, 57) 26.71814638485766 gpu 0
Q round597-s17 7 (64, 58, 52, 0) 24.950831787143926 gpu 1
Q round597-s17 8 (24, 58, 68, 16) 25.739484601256223 gpu 0
Q round597-s17 9 (39, 29, 36, 32) 26.13257787724033 gpu 1
Q round597-s17 10 (48, 58, 44, 24) 26.06353695546965 gpu 0
Q round597-s17 11 (62, 5, 60, 57) 25.24080325915891 gpu 1
Q round597-s17 12 (24, 58, 60, 38) 23.384898622647533 gpu 0
Q round597-s17 13 (64, 13, 12, 48) 26.58481388274196 gpu 1
Q round597-s17 14 (22, 13, 71, 20) 72.26036468095302 gpu 0
Q round597-s17 15 (33, 36, 51, 40) 56.254189073241875 gpu 1
ROUND 597 n 9648 bestJ 15.477280283970245 best (64, 34, 68, 38) eligible 0 update 0 updates_total 41
Q round598-s17 0 (62, 29, 44, 40) 25.87201035352935 gpu 0
Q round598-s17 1 (49, 13, 44, 56) 23.67658183397474 gpu 1
Q round598-s17 2 (17, 53, 44, 56) 25.51486956248492 gpu 0
Q round598-s17 3 (38, 13, 20, 38) 26.140110396442186 gpu 1
Q round598-s17 4 (38, 69, 44, 56) 25.760133037050004 gpu 0
Q round598-s17 5 (8, 53, 12, 64) 24.00885100767159 gpu 1
Q round598-s17 6 (24, 21, 36, 9) 24.567952538184873 gpu 0
Q round598-s17 7 (64, 45, 4, 16) 24.574840801385918 gpu 1
Q round598-s17 8 (25, 45, 60, 32) 24.253935630467385 gpu 0
Q round598-s17 9 (8, 58, 52, 1) 25.115066365284477 gpu 1
Q round598-s17 10 (62, 45, 52, 57) 24.724915296719487 gpu 0
Q round598-s17 11 (8, 34, 68, 39) 24.601794994861603 gpu 1
Q round598-s17 12 (8, 69, 12, 64) 24.440838717038663 gpu 0
Q round598-s17 13 (8, 58, 36, 62) 23.963585867817656 gpu 1
Q round598-s17 14 (36, 16, 66, 35) 120.13627281579517 gpu 0
Q round598-s17 15 (4, 44, 59, 20) 75.58144073860078 gpu 1
ROUND 598 n 9664 bestJ 15.477280283970245 best (64, 34, 68, 38) eligible 0 update 0 updates_total 41
Q round599-s17 0 (65, 45, 28, 48) 22.81185957155099 gpu 0
Q round599-s17 1 (65, 45, 12, 63) 24.585495118920207 gpu 1
Q round599-s17 2 (65, 69, 68, 56) 26.07754504288377 gpu 0
Q round599-s17 3 (25, 45, 68, 63) 23.380391999741263 gpu 1
Q round599-s17 4 (65, 21, 68, 39) 24.737947856706796 gpu 0
Q round599-s17 5 (9, 53, 28, 24) 24.953430605344874 gpu 1
Q round599-s17 6 (9, 29, 12, 63) 25.62434801194774 gpu 0
Q round599-s17 7 (49, 45, 20, 39) 24.91997352933154 gpu 1
Q round599-s17 8 (48, 58, 4, 8) 26.49608222275063 gpu 0
Q round599-s17 9 (38, 29, 52, 33) 25.26411496064137 gpu 1
Q round599-s17 10 (62, 53, 20, 65) 26.12713143750565 gpu 0
Q round599-s17 11 (9, 29, 12, 39) 26.001790416397036 gpu 1
Q round599-s17 12 (8, 34, 20, 49) 25.53695481243825 gpu 0
Q round599-s17 13 (38, 21, 36, 57) 25.407090409306655 gpu 1
Q round599-s17 14 (1, 9, 5, 0) 104.10543285466493 gpu 0
Q round599-s17 15 (38, 28, 71, 31) 78.15191322434696 gpu 1
ROUND 599 n 9680 bestJ 15.477280283970245 best (64, 34, 68, 38) eligible 0 update 0 updates_total 41
Q round600-s17 0 (48, 50, 44, 14) 22.687779375749834 gpu 0
Q round600-s17 1 (65, 53, 44, 0) 24.85965460251917 gpu 1
Q round600-s17 2 (38, 53, 12, 57) 25.33607430747319 gpu 0
Q round600-s17 3 (65, 53, 28, 56) 26.195190512098968 gpu 1
Q round600-s17 4 (9, 69, 52, 38) 26.061304228557074 gpu 0
Q round600-s17 5 (65, 13, 12, 62) 23.860103207416447 gpu 1
Q round600-s17 6 (63, 21, 44, 17) 24.415246188263332 gpu 0
Q round600-s17 7 (25, 5, 68, 39) 25.27549824246527 gpu 1
Q round600-s17 8 (64, 13, 12, 0) 25.49940095097293 gpu 0
Q round600-s17 9 (63, 21, 20, 1) 24.67914192836856 gpu 1
Q round600-s17 10 (24, 5, 60, 9) 24.745447453062532 gpu 0
Q round600-s17 11 (38, 5, 28, 38) 26.238316251639613 gpu 1
Q round600-s17 12 (24, 5, 28, 65) 25.283473666572434 gpu 0
Q round600-s17 13 (38, 45, 52, 1) 26.163906598890932 gpu 1
Q round600-s17 14 (54, 25, 17, 12) 87.18158361826919 gpu 0
Q round600-s17 15 (8, 9, 51, 64) 49.430377527046836 gpu 1
ROUND 600 n 9696 bestJ 15.477280283970245 best (64, 34, 68, 38) eligible 0 update 0 updates_total 41
Q round601-s17 0 (17, 53, 52, 32) 22.940333668870256 gpu 0
Q round601-s17 1 (8, 53, 44, 16) 23.81568829298404 gpu 1
Q round601-s17 2 (49, 5, 12, 48) 22.843730650471457 gpu 0
Q round601-s17 3 (17, 21, 52, 56) 26.91797270134789 gpu 1
Q round601-s17 4 (49, 53, 44, 56) 23.422183804958372 gpu 0
Q round601-s17 5 (38, 21, 20, 30) 24.690036420834556 gpu 1
Q round601-s17 6 (25, 45, 36, 32) 24.908327821824663 gpu 0
Q round601-s17 7 (8, 29, 44, 40) 26.011887269535883 gpu 1
Q round601-s17 8 (9, 13, 52, 49) 24.851237871670953 gpu 0
Q round601-s17 9 (49, 45, 68, 56) 23.701711036991878 gpu 1
Q round601-s17 10 (48, 58, 20, 24) 26.43386786695717 gpu 0
Q round601-s17 11 (62, 13, 20, 49) 26.929577373615157 gpu 1
Q round601-s17 12 (38, 21, 52, 49) 24.439665530372118 gpu 0
Q round601-s17 13 (38, 53, 44, 65) 26.429436348280706 gpu 1
Q round601-s17 14 (45, 0, 59, 31) 42.86174028184979 gpu 0
Q round601-s17 15 (66, 51, 1, 3) 114.15819979304041 gpu 1
ROUND 601 n 9712 bestJ 15.477280283970245 best (64, 34, 68, 38) eligible 0 update 0 updates_total 41
Q round602-s17 0 (9, 13, 28, 40) 24.394532493299632 gpu 0
Q round602-s17 1 (1, 53, 52, 32) 23.471363765200323 gpu 1
Q round602-s17 2 (9, 13, 52, 40) 25.788463805480458 gpu 0
Q round602-s17 3 (49, 29, 12, 24) 25.39476563395924 gpu 1
Q round602-s17 4 (49, 13, 52, 32) 27.817740187272705 gpu 0
Q round602-s17 5 (63, 21, 44, 1) 24.18114620121315 gpu 1
Q round602-s17 6 (49, 45, 44, 39) 24.00002562064429 gpu 0
Q round602-s17 7 (65, 53, 28, 41) 24.4914173688461 gpu 1
Q round602-s17 8 (65, 29, 68, 38) 24.905177136871057 gpu 0
Q round602-s17 9 (62, 13, 4, 25) 24.80405172947864 gpu 1
Q round602-s17 10 (24, 5, 44, 8) 24.561033594964805 gpu 0
Q round602-s17 11 (63, 5, 28, 56) 24.73846383730151 gpu 1
Q round602-s17 12 (9, 69, 60, 32) 26.584606176807775 gpu 0
Q round602-s17 13 (8, 21, 52, 40) 25.01191761925865 gpu 1
Q round602-s17 14 (14, 2, 18, 8) 52.072886268177086 gpu 0
Q round602-s17 15 (18, 27, 15, 59) 197.0250668721041 gpu 1
ROUND 602 n 9728 bestJ 15.477280283970245 best (64, 34, 68, 38) eligible 0 update 0 updates_total 41
Q round603-s17 0 (17, 69, 28, 32) 23.675648527591832 gpu 0
Q round603-s17 1 (17, 53, 68, 56) 23.311908396131397 gpu 1
Q round603-s17 2 (65, 29, 52, 62) 23.111158060657093 gpu 0
Q round603-s17 3 (62, 53, 20, 41) 23.519789424435686 gpu 1
Q round603-s17 4 (65, 53, 52, 32) 25.66888655334219 gpu 0
Q round603-s17 5 (49, 21, 20, 24) 23.67678078731798 gpu 1
Q round603-s17 6 (49, 13, 4, 56) 24.759601137477585 gpu 0
Q round603-s17 7 (1, 29, 52, 57) 24.68436599584012 gpu 1
Q round603-s17 8 (65, 13, 60, 33) 25.425506114653775 gpu 0
Q round603-s17 9 (62, 45, 68, 32) 24.737972873717542 gpu 1
Q round603-s17 10 (8, 29, 28, 64) 24.656018720227415 gpu 0
Q round603-s17 11 (9, 69, 44, 63) 26.3594709200642 gpu 1
Q round603-s17 12 (62, 45, 52, 65) 24.930620218822114 gpu 0
Q round603-s17 13 (62, 45, 60, 33) 23.430300027641366 gpu 1
Q round603-s17 14 (19, 35, 23, 56) 51.34748587550531 gpu 0
Q round603-s17 15 (5, 38, 55, 5) 51.55623771669589 gpu 1
ROUND 603 n 9744 bestJ 15.477280283970245 best (64, 34, 68, 38) eligible 0 update 0 updates_total 41
Q round604-s17 0 (38, 5, 28, 16) 24.197207168793383 gpu cache
Q round604-s17 1 (49, 29, 68, 32) 22.13145522228208 gpu 0
Q round604-s17 2 (49, 13, 28, 32) 26.811240642944863 gpu 1
Q round604-s17 3 (49, 13, 20, 56) 24.658967402440496 gpu 0
Q round604-s17 4 (62, 29, 20, 49) 23.41890127020796 gpu 1
Q round604-s17 5 (38, 29, 4, 49) 24.489381790773106 gpu 0
Q round604-s17 6 (62, 13, 68, 25) 27.233564214905737 gpu 1
Q round604-s17 7 (25, 21, 28, 24) 23.619879693807732 gpu 0
Q round604-s17 8 (38, 21, 20, 70) 24.11806286458 gpu 1
Q round604-s17 9 (49, 29, 52, 57) 22.824914785500884 gpu 0
Q round604-s17 10 (39, 34, 4, 40) 25.32998487682723 gpu 1
Q round604-s17 11 (65, 29, 68, 62) 23.74370664834547 gpu 0
Q round604-s17 12 (38, 53, 4, 25) 24.94079423896409 gpu 1
Q round604-s17 13 (8, 5, 44, 0) 24.05168540827854 gpu 0
Q round604-s17 14 (64, 56, 59, 20) 65.12496825529541 gpu 1
Q round604-s17 15 (45, 15, 70, 20) 36.25550159927163 gpu 0
ROUND 604 n 9760 bestJ 15.477280283970245 best (64, 34, 68, 38) eligible 0 update 0 updates_total 41
Q round605-s17 0 (48, 50, 4, 6) 19.91720955276489 gpu 1
Q round605-s17 1 (25, 45, 28, 64) 23.5798465577172 gpu 0
Q round605-s17 2 (65, 45, 36, 56) 25.537905923948596 gpu 1
Q round605-s17 3 (9, 53, 28, 64) 25.07421274079691 gpu 0
Q round605-s17 4 (1, 53, 68, 56) 22.833045321428145 gpu 1
Q round605-s17 5 (62, 5, 4, 24) 23.030161756709177 gpu 0
Q round605-s17 6 (62, 29, 44, 65) 24.64904038036839 gpu 1
Q round605-s17 7 (38, 53, 44, 56) 24.847172321330834 gpu 0
Q round605-s17 8 (39, 69, 60, 57) 26.285171308803353 gpu 1
Q round605-s17 9 (38, 45, 36, 33) 24.50507417803076 gpu 0
Q round605-s17 10 (48, 34, 20, 32) 26.141831541125125 gpu 1
Q round605-s17 11 (9, 69, 36, 32) 26.76705748710264 gpu 0
Q round605-s17 12 (48, 58, 52, 1) 24.841849899036408 gpu 1
Q round605-s17 13 (38, 29, 68, 38) 25.102973568002003 gpu 0
Q round605-s17 14 (60, 34, 22, 18) 155.18208574331507 gpu 1
Q round605-s17 15 (43, 20, 28, 69) 76.22872038111596 gpu 0
ROUND 605 n 9776 bestJ 15.477280283970245 best (64, 34, 68, 38) eligible 0 update 0 updates_total 41
Q round606-s17 0 (48, 50, 4, 22) 19.43415569803394 gpu 1
Q round606-s17 1 (49, 21, 4, 48) 23.37753153436332 gpu 0
Q round606-s17 2 (39, 34, 44, 0) 24.420261756706168 gpu 1
Q round606-s17 3 (8, 53, 28, 8) 24.88421811956862 gpu 0
Q round606-s17 4 (62, 29, 68, 25) 23.216433127163196 gpu 1
Q round606-s17 5 (63, 53, 44, 16) 25.6930447118201 gpu 0
Q round606-s17 6 (38, 69, 28, 49) 23.854081057191408 gpu 1
Q round606-s17 7 (65, 21, 68, 24) 24.16910651232413 gpu 0
Q round606-s17 8 (8, 53, 4, 40) 24.46431768641995 gpu 1
Q round606-s17 9 (25, 45, 44, 39) 25.617239638215878 gpu 0
Q round606-s17 10 (62, 21, 12, 62) 24.562754469734834 gpu 1
Q round606-s17 11 (65, 5, 60, 24) 24.65708692933445 gpu 0
Q round606-s17 12 (64, 34, 28, 40) 25.304906570360053 gpu 1
Q round606-s17 13 (24, 5, 36, 9) 25.920907791422742 gpu 0
Q round606-s17 14 (60, 49, 44, 8) 33.20599245408403 gpu 1
Q round606-s17 15 (11, 50, 57, 10) 90.18778479067335 gpu 0
ROUND 606 n 9792 bestJ 15.477280283970245 best (64, 34, 68, 38) eligible 0 update 0 updates_total 41
Q round607-s17 0 (65, 53, 52, 62) 23.46440668494665 gpu 1
Q round607-s17 1 (25, 69, 28, 39) 25.90447620203799 gpu 0
Q round607-s17 2 (63, 34, 4, 0) 25.477614127110666 gpu 1
Q round607-s17 3 (39, 34, 4, 0) 25.07440123859106 gpu 0
Q round607-s17 4 (62, 21, 68, 62) 22.9708664541864 gpu 1
Q round607-s17 5 (38, 29, 28, 25) 24.324718021958184 gpu 0
Q round607-s17 6 (62, 29, 12, 25) 24.164937665343842 gpu 1
Q round607-s17 7 (1, 21, 52, 56) 26.01342403736955 gpu 0
Q round607-s17 8 (38, 21, 44, 30) 24.422829516197492 gpu 1
Q round607-s17 9 (39, 34, 28, 0) 24.81930655012407 gpu 0
Q round607-s17 10 (38, 69, 44, 17) 25.15369063394471 gpu 1
Q round607-s17 11 (24, 21, 12, 25) 24.002303915053034 gpu 0
Q round607-s17 12 (8, 58, 68, 54) 24.469002505783205 gpu 1
Q round607-s17 13 (48, 34, 60, 57) 24.769248484466047 gpu 0
Q round607-s17 14 (43, 33, 30, 57) 46.810732333879066 gpu 1
Q round607-s17 15 (48, 41, 51, 68) 44.48817802329834 gpu 0
TRIGGER_UPDATE 607 9808 ['stagnation', 'eligible_collapse'] {"new_labels_since_update": 256, "evals_since_best": 3074, "recent_n": 128, "recent_spearman": 0.5983450833180736, "recent_high_uncertainty_fraction": 0.0625, "sigma_ref_p90": 0.04299869835376738, "eligible_pool": 0, "eligible_floor": 120}
ROUND 607 n 9808 bestJ 15.477280283970245 best (64, 34, 68, 38) eligible 0 update 1 updates_total 42
Q round608-s17 0 (1, 29, 52, 56) 23.665572666588158 gpu 1
Q round608-s17 1 (48, 50, 12, 14) 21.063688902815105 gpu 0
Q round608-s17 2 (48, 66, 20, 70) 21.03500991908688 gpu 1
Q round608-s17 3 (25, 5, 68, 40) 23.986904899731716 gpu 0
Q round608-s17 4 (48, 66, 44, 70) 23.02432440542373 gpu 1
Q round608-s17 5 (1, 45, 52, 56) 23.162169767966674 gpu 0
Q round608-s17 6 (48, 50, 68, 70) 21.346859271161566 gpu 1
Q round608-s17 7 (1, 21, 60, 32) 24.469769027446148 gpu 0
Q round608-s17 8 (64, 66, 4, 22) 15.514310763166133 gpu 1
Q round608-s17 9 (8, 34, 60, 49) 26.26970542948171 gpu 0
Q round608-s17 10 (1, 5, 36, 32) 23.822884076454756 gpu 1
Q round608-s17 11 (24, 50, 4, 6) 23.4208380120115 gpu 0
Q round608-s17 12 (38, 5, 44, 15) 26.88684130894413 gpu 1
Q round608-s17 13 (64, 34, 68, 40) 25.216811490177026 gpu 0
Q round608-s17 14 (67, 15, 4, 70) 42.04085448506945 gpu 1
Q round608-s17 15 (29, 67, 67, 3) 119.57857812234447 gpu 0
ROUND 608 n 9824 bestJ 15.477280283970245 best (64, 34, 68, 38) eligible 0 update 0 updates_total 42
Q round609-s17 0 (25, 53, 20, 64) 24.279981778209148 gpu 1
Q round609-s17 1 (48, 66, 4, 30) 21.110265728991024 gpu 0
Q round609-s17 2 (1, 29, 28, 56) 22.954100640462133 gpu 1
Q round609-s17 3 (48, 66, 4, 70) 20.75817389200065 gpu 0
Q round609-s17 4 (64, 66, 4, 6) 16.953444269982818 gpu 1
Q round609-s17 5 (1, 29, 28, 32) 23.472753112698836 gpu 0
Q round609-s17 6 (48, 66, 20, 30) 21.811754712069526 gpu 1
Q round609-s17 7 (48, 66, 4, 6) 25.47350670781972 gpu 0
Q round609-s17 8 (48, 66, 4, 14) 22.788681954635912 gpu 1
Q round609-s17 9 (64, 66, 4, 46) 20.46366839713186 gpu 0
Q round609-s17 10 (48, 50, 4, 41) 37.97486885016695 gpu 1
Q round609-s17 11 (48, 66, 4, 22) 25.833688256470584 gpu 0
Q round609-s17 12 (64, 50, 4, 6) 25.50252326685425 gpu 1
Q round609-s17 13 (64, 66, 20, 46) 21.53087173152399 gpu 0
Q round609-s17 14 (36, 50, 71, 7) 44.09284138240638 gpu 1
Q round609-s17 15 (22, 62, 63, 16) 121.92033005529177 gpu 0
ROUND 609 n 9840 bestJ 15.477280283970245 best (64, 34, 68, 38) eligible 0 update 0 updates_total 42
Q round610-s17 0 (24, 5, 4, 0) 24.16922072360844 gpu 1
Q round610-s17 1 (49, 21, 68, 40) 24.12038625262263 gpu 0
Q round610-s17 2 (41, 53, 44, 32) 24.94239071686472 gpu 1
Q round610-s17 3 (64, 66, 20, 6) 16.827694955654675 gpu 0
Q round610-s17 4 (1, 29, 4, 64) 22.701850267348746 gpu 1
Q round610-s17 5 (1, 21, 36, 32) 24.628416267346843 gpu 0
Q round610-s17 6 (64, 50, 20, 6) 25.012766554524756 gpu 1
Q round610-s17 7 (64, 66, 44, 6) 19.080401438519203 gpu 0
Q round610-s17 8 (64, 50, 44, 6) 24.726375590099625 gpu 1
Q round610-s17 9 (64, 66, 44, 46) 19.24481976116901 gpu 0
Q round610-s17 10 (64, 50, 20, 22) 25.682334448542647 gpu 1
Q round610-s17 11 (38, 29, 28, 57) 24.75207920423913 gpu 0
Q round610-s17 12 (64, 50, 4, 22) 25.940243514343873 gpu 1
Q round610-s17 13 (64, 50, 44, 22) 24.001551954169365 gpu 0
Q round610-s17 14 (30, 30, 2, 16) 169.32085379069605 gpu 1
Q round610-s17 15 (59, 19, 24, 37) 152.67428649639913 gpu 0
ROUND 610 n 9856 bestJ 15.477280283970245 best (64, 34, 68, 38) eligible 0 update 0 updates_total 42
Q round611-s17 0 (48, 50, 20, 6) 21.184661883399624 gpu 1
Q round611-s17 1 (38, 5, 68, 16) 23.949722264435504 gpu 0
Q round611-s17 2 (48, 50, 12, 30) 22.38282421638716 gpu 1
Q round611-s17 3 (17, 29, 4, 64) 22.955848477580265 gpu 0
Q round611-s17 4 (48, 66, 4, 46) 25.34874358503963 gpu 1
Q round611-s17 5 (48, 50, 12, 54) 21.32501549028864 gpu 0
Q round611-s17 6 (48, 66, 4, 54) 22.968245655901065 gpu 1
Q round611-s17 7 (25, 45, 52, 8) 24.03297886821328 gpu 0
Q round611-s17 8 (25, 5, 28, 64) 25.41782364974542 gpu 1
Q round611-s17 9 (41, 53, 20, 32) 25.38019509474021 gpu 0
Q round611-s17 10 (41, 53, 20, 56) 23.772233977480273 gpu 1
Q round611-s17 11 (48, 66, 20, 46) 25.36977797259349 gpu 0
Q round611-s17 12 (48, 66, 20, 54) 24.293782708209356 gpu 1
Q round611-s17 13 (64, 21, 20, 15) 24.404832625986284 gpu 0
Q round611-s17 14 (70, 15, 64, 14) 121.82021262055274 gpu 1
Q round611-s17 15 (8, 34, 15, 39) 72.74371908856172 gpu 0
ROUND 611 n 9872 bestJ 15.477280283970245 best (64, 34, 68, 38) eligible 0 update 0 updates_total 42
Q round612-s17 0 (62, 45, 44, 48) 20.48483290103379 gpu 1
Q round612-s17 1 (9, 13, 52, 24) 23.05855548027274 gpu 0
Q round612-s17 2 (49, 45, 20, 64) 24.149167662959965 gpu 1
Q round612-s17 3 (49, 69, 28, 32) 22.192214770962817 gpu 0
Q round612-s17 4 (65, 29, 28, 40) 24.256115090027286 gpu 1
Q round612-s17 5 (1, 45, 36, 32) 26.478798452962266 gpu 0
Q round612-s17 6 (25, 5, 12, 24) 24.52839404886479 gpu 1
Q round612-s17 7 (17, 21, 20, 64) 26.695338670160616 gpu 0
Q round612-s17 8 (64, 21, 44, 15) 24.64704414296417 gpu 1
Q round612-s17 9 (38, 5, 4, 15) 25.548048742493105 gpu 0
Q round612-s17 10 (64, 34, 12, 40) 25.98551381304351 gpu 1
Q round612-s17 11 (9, 53, 28, 48) 23.91049406195177 gpu 0
Q round612-s17 12 (64, 45, 4, 15) 25.737337462787252 gpu 1
Q round612-s17 13 (8, 34, 60, 17) 26.67938824457282 gpu 0
Q round612-s17 14 (14, 34, 60, 15) 61.272796738206864 gpu 1
Q round612-s17 15 (13, 38, 57, 17) 58.07786510717802 gpu 0
ROUND 612 n 9888 bestJ 15.477280283970245 best (64, 34, 68, 38) eligible 0 update 0 updates_total 42
Q round613-s17 0 (24, 34, 44, 8) 24.150130329011773 gpu 1
Q round613-s17 1 (17, 69, 52, 56) 22.77691582133448 gpu 0
Q round613-s17 2 (1, 69, 68, 56) 22.79646809260269 gpu 1
Q round613-s17 3 (48, 50, 28, 70) 20.559672566274667 gpu 0
Q round613-s17 4 (48, 50, 68, 30) 22.125905767254256 gpu 1
Q round613-s17 5 (49, 45, 52, 32) 24.778012953763653 gpu 0
Q round613-s17 6 (25, 69, 68, 64) 23.17413919562237 gpu 1
Q round613-s17 7 (62, 29, 44, 49) 22.17994145318624 gpu 0
Q round613-s17 8 (25, 29, 68, 32) 25.372205340586678 gpu 1
Q round613-s17 9 (8, 34, 4, 6) 26.618878491976414 gpu 0
Q round613-s17 10 (25, 69, 12, 32) 26.37388563173643 gpu 1
Q round613-s17 11 (24, 50, 4, 22) 23.043992199261105 gpu 0
Q round613-s17 12 (9, 29, 52, 48) 23.963882997246607 gpu 1
Q round613-s17 13 (63, 58, 68, 40) 24.473671453112804 gpu 0
Q round613-s17 14 (11, 43, 66, 6) 144.03698665374193 gpu 1
Q round613-s17 15 (10, 39, 34, 0) 141.73896460084416 gpu 0
ROUND 613 n 9904 bestJ 15.477280283970245 best (64, 34, 68, 38) eligible 0 update 0 updates_total 42
Q round614-s17 0 (25, 53, 44, 39) 23.88930770476028 gpu 1
Q round614-s17 1 (1, 21, 36, 56) 25.569215595630748 gpu 0
Q round614-s17 2 (65, 29, 20, 40) 25.54078524125445 gpu 1
Q round614-s17 3 (65, 69, 20, 0) 24.354467534218248 gpu 0
Q round614-s17 4 (62, 69, 28, 65) 24.970522512046774 gpu 1
Q round614-s17 5 (25, 53, 12, 32) 26.46796189473519 gpu 0
Q round614-s17 6 (48, 50, 68, 49) 31.58065902703915 gpu 1
Q round614-s17 7 (48, 66, 20, 14) 24.338411914087402 gpu 0
Q round614-s17 8 (1, 5, 60, 32) 24.21073478897437 gpu 1
Q round614-s17 9 (48, 50, 68, 62) 31.20629488058992 gpu 0
Q round614-s17 10 (24, 66, 4, 6) 23.309337301157733 gpu 1
Q round614-s17 11 (8, 34, 36, 49) 26.59227090652533 gpu 0
Q round614-s17 12 (48, 58, 4, 48) 25.23125816937627 gpu 1
Q round614-s17 13 (38, 69, 20, 56) 26.676481473708098 gpu 0
Q round614-s17 14 (45, 17, 53, 26) 1226.5860283272623 gpu 1
Q round614-s17 15 (47, 39, 53, 39) 148.23016592498072 gpu 0
ROUND 614 n 9920 bestJ 15.477280283970245 best (64, 34, 68, 38) eligible 0 update 0 updates_total 42
Q round615-s17 0 (1, 29, 68, 56) 23.358723038792647 gpu 1
Q round615-s17 1 (17, 69, 12, 56) 23.875839463259286 gpu 0
Q round615-s17 2 (1, 45, 60, 32) 25.958462475051448 gpu 1
Q round615-s17 3 (62, 69, 20, 62) 25.086822576241936 gpu 0
Q round615-s17 4 (1, 53, 44, 56) 25.398899715225127 gpu 1
Q round615-s17 5 (24, 50, 20, 6) 25.032847532892607 gpu 0
Q round615-s17 6 (49, 21, 36, 56) 25.11344474677147 gpu 1
Q round615-s17 7 (9, 13, 44, 0) 24.24833709375274 gpu 0
Q round615-s17 8 (62, 53, 20, 25) 25.046864956197357 gpu 1
Q round615-s17 9 (48, 66, 44, 14) 24.580881206073553 gpu 0
Q round615-s17 10 (24, 5, 12, 25) 23.617186427997186 gpu 1
Q round615-s17 11 (8, 58, 44, 63) 24.218240755587097 gpu 0
Q round615-s17 12 (24, 58, 60, 41) 24.242845090170402 gpu 1
Q round615-s17 13 (38, 29, 12, 57) 25.97797588412739 gpu 0
Q round615-s17 14 (63, 22, 71, 50) 290.8089128676633 gpu 1
Q round615-s17 15 (46, 50, 68, 50) 198.76833508037166 gpu 0
ROUND 615 n 9936 bestJ 15.477280283970245 best (64, 34, 68, 38) eligible 0 update 0 updates_total 42
Q round616-s17 0 (48, 50, 12, 70) 21.97130574414011 gpu 1
Q round616-s17 1 (49, 21, 12, 40) 21.621816865258996 gpu 0
Q round616-s17 2 (48, 66, 44, 30) 23.75650356759026 gpu 1
Q round616-s17 3 (65, 69, 52, 48) 25.198666629867212 gpu 0
Q round616-s17 4 (1, 5, 60, 56) 24.585203760037444 gpu 1
Q round616-s17 5 (48, 58, 44, 16) 25.328493534030088 gpu 0
Q round616-s17 6 (62, 45, 12, 56) 24.042923628390593 gpu 1
Q round616-s17 7 (38, 13, 20, 40) 24.215929383322067 gpu 0
Q round616-s17 8 (17, 5, 36, 32) 24.75109938826754 gpu 1
Q round616-s17 9 (9, 29, 28, 39) 25.17122008417949 gpu 0
Q round616-s17 10 (48, 66, 20, 6) 25.62967465762879 gpu 1
Q round616-s17 11 (39, 5, 12, 25) 24.052556605421696 gpu 0
Q round616-s17 12 (24, 13, 44, 24) 25.87522421692427 gpu cache
Q round616-s17 13 (24, 66, 4, 46) 22.293046665510246 gpu 1
Q round616-s17 14 (51, 15, 5, 19) 182.36499071518483 gpu 0
Q round616-s17 15 (46, 61, 18, 6) 111.86488009931675 gpu 1
ROUND 616 n 9952 bestJ 15.477280283970245 best (64, 34, 68, 38) eligible 0 update 0 updates_total 42
Q round617-s17 0 (48, 50, 44, 22) 13.472548299289098 gpu 0
Q round617-s17 1 (65, 69, 28, 16) 22.465978453074285 gpu 1
Q round617-s17 2 (25, 53, 52, 56) 24.000107559655348 gpu 0
Q round617-s17 3 (25, 29, 20, 48) 23.112870599063385 gpu 1
Q round617-s17 4 (49, 45, 44, 64) 22.78038253953671 gpu 0
Q round617-s17 5 (25, 13, 44, 48) 24.31781889233322 gpu 1
Q round617-s17 6 (17, 29, 12, 32) 24.849030668699942 gpu 0
Q round617-s17 7 (1, 29, 12, 32) 25.595461034805385 gpu 1
Q round617-s17 8 (17, 5, 36, 56) 24.184136899250888 gpu 0
Q round617-s17 9 (17, 45, 60, 32) 24.739241603803336 gpu 1
Q round617-s17 10 (9, 53, 12, 63) 25.848638352517533 gpu 0
Q round617-s17 11 (38, 69, 4, 41) 24.183310267019152 gpu 1
Q round617-s17 12 (65, 69, 44, 8) 25.073600434829455 gpu 0
Q round617-s17 13 (49, 21, 52, 56) 25.19440362110375 gpu 1
Q round617-s17 14 (17, 47, 59, 5) 108.91950743247271 gpu 0
Q round617-s17 15 (50, 46, 24, 18) 70.1562945184485 gpu 1
ROUND 617 n 9968 bestJ 13.472548299289098 best (48, 50, 44, 22) eligible 0 update 0 updates_total 42
Q round618-s17 0 (48, 50, 44, 6) 15.344324713456345 gpu 0
Q round618-s17 1 (48, 50, 44, 46) 22.65435581690475 gpu 1
Q round618-s17 2 (48, 50, 20, 22) 20.14559983874099 gpu 0
Q round618-s17 3 (62, 5, 68, 0) 21.328542404971646 gpu cache
Q round618-s17 4 (48, 50, 12, 46) 14.68562639736761 gpu 1
Q round618-s17 5 (48, 50, 12, 22) 21.195501173870177 gpu 0
Q round618-s17 6 (48, 50, 68, 41) 31.744625384129773 gpu 1
Q round618-s17 7 (48, 50, 28, 41) 32.17125968668549 gpu 0
Q round618-s17 8 (48, 50, 44, 41) 35.314271011403726 gpu 1
Q round618-s17 9 (48, 50, 28, 30) 22.254484416672792 gpu 0
Q round618-s17 10 (48, 50, 20, 41) 38.235224572585054 gpu 1
Q round618-s17 11 (25, 29, 12, 39) 23.548617123320753 gpu 0
Q round618-s17 12 (48, 50, 28, 46) 22.0736980472505 gpu 1
Q round618-s17 13 (48, 50, 28, 22) 23.45173634436752 gpu 0
Q round618-s17 14 (71, 63, 18, 56) 168.79948439651122 gpu 1
Q round618-s17 15 (36, 54, 60, 5) 28.836689767812192 gpu 0
ROUND 618 n 9984 bestJ 13.472548299289098 best (48, 50, 44, 22) eligible 0 update 0 updates_total 42
Q round619-s17 0 (48, 50, 20, 46) 22.49348756324622 gpu 1
Q round619-s17 1 (48, 50, 12, 6) 20.310594948041917 gpu 0
Q round619-s17 2 (48, 50, 12, 41) 31.602632422361708 gpu 1
Q round619-s17 3 (48, 50, 28, 6) 23.055459948190695 gpu 0
Q round619-s17 4 (48, 50, 68, 6) 22.433223907200766 gpu 1
Q round619-s17 5 (17, 69, 44, 56) 26.033924022402296 gpu 0
Q round619-s17 6 (48, 66, 44, 46) 25.109183367522757 gpu 1
Q round619-s17 7 (48, 50, 68, 46) 20.86539280194411 gpu 0
Q round619-s17 8 (48, 50, 28, 54) 20.603377819913216 gpu 1
Q round619-s17 9 (48, 50, 68, 22) 23.179545157163904 gpu 0
Q round619-s17 10 (24, 50, 44, 6) 23.008087911556636 gpu 1
Q round619-s17 11 (49, 53, 44, 32) 25.01744378962373 gpu 0
Q round619-s17 12 (1, 45, 52, 32) 25.965490320583307 gpu 1
Q round619-s17 13 (62, 5, 68, 62) 24.611282715661247 gpu 0
Q round619-s17 14 (52, 35, 26, 15) 221.5562622449615 gpu 1
Q round619-s17 15 (3, 38, 42, 1) 144.0282830719725 gpu 0
ROUND 619 n 10000 bestJ 13.472548299289098 best (48, 50, 44, 22) eligible 0 update 0 updates_total 42
Q reference-posthoc 0 (0, 2, 4, 6) 11.906835229630682 gpu cache
OLMTA_FINAL {"best_J": 13.472548299289098, "best_state4": [48, 50, 44, 22], "updates_total_including_initial": 42, "J_over_ref": 1.1314969964279065, "elapsed_sec": 19045.665128946304}
